00000297
0e028293
30529073
b07342ad
62853002
88828293
3042b073
0c002fb7
000e7e13
000e0e13
01cf8023
01cf80a3
01cf8123
01cf81a3
0c000fb7
000e7e13
01cf8023
01cf80a3
01cf8123
01cf81a3
41014081
42014181
43014281
44014381
45014481
46014581
47014681
48014781
49014881
4a014981
4b014a81
4c014b81
4d014c81
4e014d81
4f014e81
e1974f81
81930000
85138221
e597e981
85930000
46010765
7463c110
051100b5
8513bfe5
85939d81
4601a141
7463c110
051100b5
0117bfe5
01131000
e217f1e1
02130000
72130892
006ffc02
a0014c30
00000000
00017119
00000013
c40ac206
c812c60e
cc1aca16
d022ce1e
d42ad226
d832d62e
dc3ada36
c0c2de3e
c4cac2c6
c8d2c6ce
ccdacad6
d0e2cede
d4ead2e6
d8f2d6ee
dcfadaf6
2573defe
25f33420
860a3410
0b8000ef
34151073
41224092
424241b2
436242d2
540243f2
55225492
564255b2
576256d2
480657f2
49264896
4a4649b6
4b664ad6
5c064bf6
5d265c96
5e465db6
5f665ed6
61095ff6
30200073
71790000
d422d606
2e231800
b517fca4
05130000
2a213965
fdc42703
800007b7
fff7c793
26238ff9
2583fef4
b517fec4
05130000
22813925
0000b517
3a050513
278320fd
853efec4
542250b2
80826145
ce061101
1000cc22
fea42623
feb42423
0000b517
39050513
a00120d9
d6067179
1800d422
fca42e23
fcb42c23
fe042623
fe042423
0000b517
38850513
2603204d
2583fd84
b517fdc4
05130000
285538e5
b5174591
05130000
20f13a25
242347fd
2783fef4
4705fe84
00f717b3
2783873e
8ff9fdc4
2503cb85
3f25fdc4
fea42623
0000b517
38c50513
871328ad
2783e981
078afec4
439c97ba
fd842583
fdc42503
a0159782
0000b517
38450513
87132899
2783ed81
078afdc4
439c97ba
fd842583
fdc42503
b5179782
05130000
280137e5
fd842783
50b2853e
61455422
715d8082
1800d622
fca42e23
c410c04c
c818c454
2c23c85c
2e230104
00010114
61615432
715d8082
1800d622
fca42e23
c410c04c
c818c454
2c23c85c
2e230104
00010114
61615432
715d8082
1800d622
fca42e23
c410c04c
c818c454
2c23c85c
2e230104
00010114
61615432
715d8082
1800d622
fca42e23
c410c04c
c818c454
2c23c85c
2e230104
00010114
61615432
715d8082
1800d622
fca42e23
c410c04c
c818c454
2c23c85c
2e230104
00010114
61615432
715d8082
d422d606
2e231800
c04cfca4
c454c410
c85cc818
01042c23
01142e23
02040793
fcf42c23
fd842783
26231791
2783fef4
85befec4
fdc42503
b5172a91
05130000
373528a5
7129a001
12112e23
12812c23
13212a23
13312823
13412623
13512423
13612223
13712023
24230280
2623eca4
2223ecb4
2e23ecc4
2c23fc04
2783fc04
8b3eec44
27034b81
2783ec84
865aecc4
853a86de
70ef85be
872a6b30
278387ae
078afdc4
fe040693
ac2397b6
2783eee7
893eec44
27834981
874eecc4
04e7e463
ecc42783
9763874e
278300e7
874aec84
02e7ea63
ec442783
4a818a3e
86d68652
ec842503
ecc42583
2fb070ef
87ae872a
ece42423
ecf42623
fdc42783
2e230785
bfb5fcf4
27830001
0785fdc4
fcf42e23
2783a091
078afdc4
fe040713
a70397ba
47a5ef87
00e7f763
05700793
fcf42c23
0793a029
2c230300
2783fcf4
078afdc4
fe040713
a70397ba
2783ef87
97bafd84
29c9853e
fdc42783
fff78713
fce42e23
faf049e3
00010001
13c12083
13812403
13412903
13012983
12c12a03
12812a83
12412b03
12012b83
80826131
ce86711d
caa6cca2
1080c8ca
faa42623
fab42423
00000793
fcf42c23
fa042823
fa042a23
fa042c23
fa042e23
fc042023
fc042223
fc042423
fc041623
8d63a811
85263804
27832991
0785fac4
faf42623
fac42783
0007c783
079384be
90e30250
2783fef4
0785fac4
faf42623
fac42783
fcf42a23
fe042223
fc042e23
fac42783
00178713
fae42623
0007c783
079384be
80630250
079332f4
cf630250
079330f4
cb630780
07933097
c7630630
879330f4
4755f9d4
30f76263
00279713
0000b797
09078793
439897ba
0000b797
08478793
878297ba
fe442783
22230785
4785fef4
fcf42e23
2783a4d5
8713fa84
24230047
439cfae4
264d853e
2783acc1
8713fa84
24230047
a903fae4
1a630007
b9170009
09130000
a0210369
2ebd8526
47830905
84be0009
a44df8f5
282347a9
2703fcf4
4785fe44
02e7d163
fa842783
9be1079d
00878713
fae42423
43dc4398
fee42423
fef42623
2703a83d
4785fe44
00f71f63
fa842783
00478713
fae42423
2423439c
87fdfef4
fef42623
2783a829
8713fa84
24230047
439cfae4
fef42423
262387fd
2703fef4
2783fe84
db63fec4
05130207
2cdd02d0
fe842503
fec42583
47814701
40a70633
38338832
86b30107
87b340b7
86be4106
87b68732
fee42423
fef42623
fd042783
2503863e
2583fe84
39f1fec4
2783a2e5
079dfa84
87139be1
24230087
4398fae4
853a43dc
a0ef85be
87aa5280
fcf42c23
fb040793
85be4619
fd842503
0d1000ef
fe042023
2783a025
0713fe04
97baff04
fc07c783
24bd853e
fe042703
c06347f5
278302e7
0785fe04
fef42023
fe042783
ff040713
c78397ba
f7f1fc07
0001aaa5
47a9aa95
fcf42823
fe442703
d1634785
278302e7
079dfa84
87139be1
24230087
4398fae4
242343dc
2623fee4
a81dfef4
fe442783
2783cf89
8713fa84
24230047
439cfae4
fef42423
fe042623
2783a821
8713fa84
24230047
439cfae4
fef42423
fe042623
fd042783
2503863e
2583fe84
3ed5fec4
47a1a201
fcf42823
fe442703
d1634785
278302e7
079dfa84
87139be1
24230087
4398fae4
242343dc
2623fee4
a81dfef4
fe442783
2783cf89
8713fa84
24230047
439cfae4
fef42423
fe042623
2783a821
8713fa84
24230047
439cfae4
fef42423
fe042623
fd042783
2503863e
2583fe84
3641fec4
47c1a071
fcf42823
fe442703
d1634785
278302e7
079dfa84
87139be1
24230087
4398fae4
242343dc
2623fee4
a81dfef4
fe442783
2783cf89
8713fa84
24230047
439cfae4
fef42423
fe042623
2783a821
8713fa84
24230047
439cfae4
fef42423
fe042623
fd042783
2503863e
2583fe84
3631fec4
8526a821
a80920d5
02500513
278328f1
2623fd44
0001faf4
fdc42783
2e23c781
b16dfc04
b9ad0001
40f60001
44d64466
61254946
715d8082
d422d606
2e231800
c04cfca4
c454c410
c85cc818
01042c23
01142e23
02040793
fcf42c23
fd842783
26231791
2783fef4
85befec4
fdc42503
478136c5
50b2853e
61615422
11018082
1000ce22
fe042623
2783a01d
8793fec4
07a21137
871386be
2783f181
078afec4
c39497ba
fec42783
26230785
2703fef4
4789fec4
fce7dbe3
00010001
61054472
11418082
0800c622
87930001
439cf181
00c7c783
dbf58b91
f1818793
479c439c
4432853e
80820141
ce221101
26231000
0001fea4
f1818793
c783439c
8b8900c7
8793fbf5
439cf181
fec42703
4781c3d8
4472853e
80826105
d6227179
2e231800
2c23fca4
2623fcb4
2783fe04
0792fd84
02faf737
08070713
02f757b3
fef42623
fec42783
01079713
27838341
9023fdc4
000100e7
61455432
11018082
1000ce22
fea42623
05a387ae
2783fef4
4703fec4
8c23feb4
000100e7
61054472
11018082
1000ce22
fea42623
05a387ae
0001fef4
fec42783
00c7c783
fbfd8b89
feb44703
fec42783
4781c3d8
4472853e
80826105
d6067179
1800d422
fca42e23
fcb42c23
fe042623
fec42783
00178713
fee42623
fd842703
c78397ba
05a30007
4783fef4
85befeb4
fdc42503
47833f59
fbf9feb4
853e4781
542250b2
80826145
d6227179
2e231800
2c23fca4
07a3fcb4
0001fe04
fdc42783
00c7c783
dbfd8b91
fdc42783
07a3479c
2783fef4
4703fd84
8023fef4
478500e7
5432853e
80826145
d6067179
1800d422
fca42e23
fcb42c23
fe042623
fe0405a3
27830001
c783fdc4
8b9100c7
2783dbfd
479cfdc4
fef405a3
fec42783
00178713
fee42623
fd842703
470397ba
8023feb4
478300e7
853efeb4
47033db1
47b5feb4
fcf710e3
fec42783
00178713
fee42623
fd842703
472997ba
00e78023
fec42783
00178713
fee42623
fd842703
802397ba
27830007
f793fec4
853e0ff7
542250b2
80826145
d6227179
2e231800
a031fca4
fdc42783
07a3479c
2783fef4
c783fdc4
8b9100c7
0001f7f5
54320001
80826145
c6221141
00010800
01414432
11418082
c422c606
b5170800
05130000
f0efada5
8793eecf
f717e981
0713ffff
c3986067
e9818793
fffff717
5f870713
8793c3d8
f717e981
0713ffff
c7985ea7
e9818793
fffff717
5dc70713
8793c7d8
f717e981
0713ffff
cb985ce7
e9818793
fffff717
5c070713
8793cbd8
f717e981
0713ffff
cf985b27
e9818793
00000717
70670713
8793cfd8
f717e981
0713ffff
d3985967
e9818793
fffff717
58870713
8793d3d8
f717e981
0713ffff
d79857a7
e9818793
00001717
87070713
8793d7d8
f717e981
0713ffff
db9855e7
e9818793
fffff717
55070713
8793dbd8
f717e981
0713ffff
df985427
e9818793
fffff717
53470713
8793dfd8
f717ed81
0713ffff
c3985267
ed818793
fffff717
51870713
8793c3d8
f717ed81
0713ffff
c79850a7
ed818793
fffff717
4fc70713
8793c7d8
f717ed81
0713ffff
cb984ee7
ed818793
fffff717
4e070713
8793cbd8
f717ed81
0713ffff
cf984d27
ed818793
fffff717
4c470713
8793cfd8
f717ed81
0713ffff
d3984b67
ed818793
fffff717
4a870713
8793d3d8
f717ed81
0713ffff
d79849a7
ed818793
fffff717
48c70713
8793d7d8
f717ed81
0713ffff
db9847e7
ed818793
fffff717
47070713
8793dbd8
f717ed81
0713ffff
df984627
ed818793
fffff717
45470713
b517dfd8
05130000
f0ef9265
0001d20f
442240b2
80820141
c6061141
0800c422
b5173ead
05130000
f0ef91a5
3501d00f
49e050ef
0000b517
91850513
ceeff0ef
40b20001
01414422
71798082
1800d622
fca42e23
fe042623
27830001
8713fec4
26230017
2703fee4
e8e3fdc4
0001fee7
54320001
80826145
d6227179
2e231800
2703fca4
0793fdc4
07b33e80
262302f7
a829fef4
3e800793
fef42423
27830001
8713fe84
2423fff7
fbf5fee4
fec42783
fff78713
fee42623
0001fff1
54320001
80826145
d6067179
1800d422
fca42e23
26234785
2423fef4
a831fe04
fec42703
078a87ba
078697ba
fef42623
fe842783
24230785
2703fef4
2783fe84
6fe3fdc4
2503fcf7
90effec4
87aa4590
50b2853e
61455422
71798082
1800d622
fca42e23
fcb42c23
fe042623
fd842783
242317fd
a899fef4
fec42783
fdc42703
c78397ba
03a30007
2783fef4
2703fe84
973efdc4
fec42783
fdc42683
470397b6
80230007
278300e7
2703fe84
97bafdc4
fe744703
00e78023
fec42783
26230785
2783fef4
17fdfe84
fef42423
fec42703
fe842783
faf742e3
00010001
61455432
71798082
d422d606
2e231800
2c23fca4
2a23fcb4
2623fcc4
a83dfe04
fdc42703
67b347a9
f71302f7
26830ff7
2783fd84
97b6fec4
03070713
0ff77713
00e78023
fec42783
26230785
2703fef4
47a9fdc4
02f747b3
fcf42e23
fdc42783
a839f3e1
fd842703
fec42783
071397ba
80230300
278300e7
0785fec4
fef42623
fec42703
fd442783
fcf76ee3
fec42783
250385be
35e5fd84
fd842703
fec42783
802397ba
27830007
853efec4
542250b2
80826145
c686715d
0880c4a2
faa42e23
fab42c23
fac42a23
fe042623
fc042023
fc042223
fc042423
fc042623
fc042823
fc042a23
fc042c23
fc041e23
fbc42503
371090ef
87ae872a
0000a697
6e868693
42d44290
85be853a
5dc070ef
87ae872a
85be853a
3e3090ef
2e2387aa
2503faf4
90effbc4
87aa18b0
fef42423
fe842503
1dd090ef
85be87aa
fbc42503
640090ef
222387aa
2023fef4
0593fe04
25030000
90effbc4
87aa3940
0007de63
fe042783
fb842703
071397ba
802302d0
478500e7
fef42023
fe842783
2783e385
2703fe04
97bafb84
03000713
00e78023
fe042783
20230785
a83dfef4
fe842783
0007d863
fe842783
40f007b3
fef42423
fc040793
85be4601
fe842503
262335b9
2783fea4
2703fe04
97bafb84
fc040713
853e85ba
531090ef
fec42703
fe042783
262397ba
2783fef4
cfadfb44
fec42783
fb842703
071397ba
802302e0
059300e7
25030000
90effe44
87aa2e40
0007da63
fe442703
800007b7
22238fb9
a039fef4
00000593
fe442503
1f4090ef
fb442503
87aa3301
250385be
90effe44
87aa3280
fef42223
fe442503
069090ef
278386aa
0785fec4
fb842703
260397ba
85befb44
33658536
40b60001
61614426
71798082
1800d622
fca42e23
fcb42c23
fd842783
fef42623
2783a829
2623fd84
0001fef4
fec42783
fff78713
fee42623
2783fbf5
8713fdc4
2e23fff7
fff1fce4
00010001
61455432
11018082
cc22ce06
26231000
2783fea4
439cfec4
2583863e
a517fec4
05130000
f0ef4fe5
2783908f
439cfec4
40f2853e
61054462
11018082
cc22ce06
26231000
2423fea4
2783feb4
2703fec4
c398fe84
fec42783
863e439c
fec42583
0000a517
4bc50513
8c6ff0ef
40f20001
61054462
11418082
0800c622
0200c7b7
439c17e1
4432853e
80820141
c6221141
c7b70800
17f10200
853e439c
01414432
11418082
c422c606
c04ec24a
37e10800
893e87aa
874a4981
853a87ce
40b285be
49124422
01414982
11018082
cc22ce06
24231000
2623fea4
a517feb4
05130000
f0ef4625
8793804f
439c95c1
43dc4398
96018693
0006a803
fe842503
fec42583
00a70633
b8b388b2
86b300e8
87b300b7
86be00d8
87b68732
00e82023
00f82223
96018793
4398439c
863a43dc
a51786be
05130000
e0ef42a5
8793fd5f
439c95c1
43dc4398
86be863a
0000a517
42850513
fbbfe0ef
0000a517
43050513
f8bfe0ef
40f20001
61054462
11018082
cc22ce06
26231000
2423fea4
a517feb4
05130000
e0ef4265
8793f65f
43949601
57fd577d
c2dcc298
96018793
4398439c
863a43dc
a51786be
05130000
e0ef41e5
c7b7f85f
17e10200
85be439c
0000a517
42050513
f6ffe0ef
0000a517
42850513
f1bfe0ef
40f20001
61054462
71798082
d422d606
2e231800
a517fca4
05130000
e0ef4225
07b7ef9f
07c10c01
fef42623
fec42783
fdc42703
8713c398
2783f241
0792fdc4
470997ba
8713c798
2783f241
0792fdc4
47dc97ba
00178713
f2418693
fdc42783
97b60792
8713c7d8
2783f241
0792fdc4
479c97ba
2583863e
a517fdc4
05130000
e0ef3de5
8713eddf
2783f241
0792fdc4
438c97ba
f2418713
fdc42783
97ba0792
87134790
2783f241
0792fdc4
43d497ba
f2418713
fdc42783
97ba0792
873e47dc
0000a517
3c050513
e97fe0ef
0000a517
40c50513
e43fe0ef
50b20001
61455422
11018082
cc22ce06
26231000
a517fe04
05130000
e0ef4065
07b7e21f
07c10c01
fef42623
fec42783
2423439c
2603fef4
2583fec4
a517fe84
05130000
e0ef4025
a517e41f
05130000
e0ef4225
2783dedf
853efe84
446240f2
80826105
d6067179
1800d422
fca42e23
fcb42c23
0000a517
41850513
dc3fe0ef
26233769
2583fea4
a517fec4
05130000
e0ef41e5
2783df5f
c791fec4
fec42703
fa6347f1
258300e7
a517fec4
05130000
e0ef41a5
8713e41f
2783f241
0792fec4
470597ba
8713c798
2783f241
0792fec4
479c97ba
2583863e
a517fec4
05130000
e0ef2a65
8713da5f
27830e41
078afec4
439c97ba
fec42503
25039782
3d15fec4
fec42583
0000a517
3f450513
d7bfe0ef
0000a517
40450513
d27fe0ef
50b20001
61455422
11018082
cc22ce06
26231000
a517fea4
05130000
e0ef3fe5
2783d05f
cb85fec4
fec42703
e4634799
471902e7
fec42783
40f707b3
25b1853e
eb9187aa
27834719
07b3fec4
059340f7
853e0800
258323d9
a517fec4
05130000
e0ef3d25
a517ce5f
05130000
e0ef3e25
0001cb5f
446240f2
80826105
d6067179
1800d422
fca42e23
fe0407a3
0000a517
3d450513
c8ffe0ef
fdc42583
0000a517
3e050513
cc7fe0ef
05b76609
a5170c00
05130000
e0ef3e25
2783cb5f
d713fdc4
27b70037
97ba0c00
fef42423
fe842783
0007c783
fef407a3
fef44783
2583863e
a517fe84
05130000
e0ef3e25
2783c81f
8b9dfdc4
17b34705
971300f7
87610187
fef40783
07e28fd9
03a387e1
2783fef4
4703fe84
8023fe74
478300e7
85befe74
0000a517
3d450513
c43fe0ef
0000a517
3e450513
beffe0ef
50b20001
61455422
71798082
d422d606
2e231800
2623fca4
05a3fe04
a517fe04
05130000
e0ef3d65
2583bc5f
a517fdc4
05130000
e0ef3165
2683bfdf
6609fdc4
0c0005b7
0000a517
3d050513
be7fe0ef
fdc42783
0037d713
0c0027b7
262397ba
2783fef4
c783fec4
05a30007
4783fef4
863efeb4
fec42583
0000a517
3e050513
bb3fe0ef
fdc42783
47058b9d
00f717b3
87e107e2
fff7c793
01879713
07838761
8ff9feb4
87e107e2
fef40523
fec42783
fea44703
00e78023
f2418713
fdc42783
97ba0792
0007a423
f2418713
fdc42783
97ba0792
863e479c
fdc42583
0000a517
05050513
b4ffe0ef
0000a517
3a450513
afbfe0ef
50b20001
61455422
71798082
d422d606
2e231800
a517fca4
05130000
e0ef39e5
2623ad9f
07b7fe04
26230c01
2783fef4
2703fec4
c398fdc4
fec42783
85be439c
0000a517
39850513
af7fe0ef
0000a517
3a850513
aa3fe0ef
50b20001
61455422
71798082
d422d606
2e231800
2c23fca4
2583fcb4
a517fdc4
05130000
e0ef39e5
2783a79f
9713fd84
07b70027
97ba0c00
fef42623
fec42583
0000a517
3a450513
a9ffe0ef
fec42783
85be439c
0000a517
3b450513
a8bfe0ef
fec42783
fdc42703
2783c398
439cfec4
a51785be
05130000
e0ef3ca5
a517a6df
05130000
e0ef3ee5
0001a19f
542250b2
80826145
d6067179
1800d422
fca42e23
0000a517
3ec50513
9f7fe0ef
000407b7
10078513
90bff0ef
fea42623
fec42583
0000a517
3f050513
a1ffe0ef
fdc42783
470517e5
00f717b3
fff7c793
2783873e
8ff9fec4
07b785be
85130004
f0ef1007
07b7905f
85130004
f0ef1007
87aa8c5f
a51785be
05130000
e0ef3d25
a5179ddf
05130000
e0ef3f65
0001989f
542250b2
80826145
ce061101
1000cc22
fe042623
0000a517
3f450513
967fe0ef
e9818793
00000717
b8470713
45add7d8
0000a517
3ec50513
993fe0ef
f2418793
0007a423
f2418793
0007a023
f2418793
0007a223
f2418793
0007a623
26234785
a0d1fef4
f2418713
fec42783
97ba0792
0007a423
f2418713
fec42783
97ba0792
fec42703
8713c398
2783f241
0792fec4
470997ba
8713c3d8
2783f241
0792fec4
a62397ba
a5170007
05130000
e0ef3a25
250391df
31f5fec4
0e418713
fec42783
97ba078a
00000717
ba670713
2583c398
4509fec4
87133d29
2783f241
0792fec4
438c97ba
f2418713
fec42783
97ba0792
87134790
2783f241
0792fec4
43d497ba
f2418713
fec42783
97ba0792
873e47dc
0000a517
36c50513
8b3fe0ef
fec42783
26230785
2703fef4
47edfec4
f2e7fce3
33954505
0000a517
3d850513
847fe0ef
40f20001
61054462
11018082
cc22ce06
26231000
a517fea4
05130000
e0ef3ca5
2703825f
4799fec4
00e7fa63
fec42703
e56347d5
250300e7
3bfdfec4
fec42503
a5173eb1
05130000
e0ef3be5
0001ff8f
446240f2
80826105
d6067179
1800d422
fca42e23
fcb42c23
fd842703
4d6367c1
67c100f7
fff78593
0000a517
3a850513
853fe0ef
a8254781
fdc42783
30078793
262307a2
2783fef4
9713fd84
87410107
fec42783
00e79023
fd842603
fdc42583
0000a517
3a450513
faefe0ef
853e4785
542250b2
80826145
d6067179
1800d422
fca42e23
fcb42c23
fd842703
4d6367c1
67c100f7
fff78593
0000a517
39c50513
fe2fe0ef
a82d4781
fdc42783
30078793
079107a2
fef42623
fd842783
01079713
27838741
9023fec4
260300e7
2583fd84
a517fdc4
05130000
e0ef3925
4785f3cf
50b2853e
61455422
71798082
d422d606
2e231800
2c23fca4
2703fcb4
0793fd84
dc630ff0
059300e7
a5170ff0
05130000
e0ef38a5
4781f70f
2783a825
8793fdc4
07a23007
262307a1
2783fef4
f713fd84
27830ff7
8023fec4
260300e7
2583fd84
a517fdc4
05130000
e0ef3865
4785eccf
50b2853e
61455422
71798082
d422d606
2e231800
2783fca4
8793fdc4
07a23007
262307a1
2783fef4
c783fec4
f7930007
8ba10ff7
fef42423
fe842783
85be878d
0000a517
36c50513
e7efe0ef
fe842783
4037d713
14634785
478500f7
4781a011
50b2853e
61455422
71798082
d422d606
2e231800
2c23fca4
2703fcb4
67c1fd84
00f74d63
859367c1
a517fff7
05130000
e0ef34a5
4781ea0f
2783a01d
8793fdc4
07a23007
262307b1
2783fef4
9713fd84
87410107
fec42783
00e79023
853e4785
542250b2
80826145
ce061101
1000cc22
fea42623
25034581
3bf9fec4
25034581
3599fec4
25034581
3d45fec4
25034581
3fa5fec4
fec42583
0000a517
31050513
dc6fe0ef
40f20001
61054462
11018082
cc22ce06
26231000
a809fe04
fec42503
27833765
0785fec4
fef42623
fec42703
d5e34791
a517fee7
05130000
e0ef2fe5
0001d88f
446240f2
80826105
d6067179
1800d422
fca42e23
fe042623
fdc42783
a517e79d
05130000
e0ef3025
2783d5cf
0789fec4
fef42623
fec42783
26230791
2783fef4
07c1fec4
fef42623
2703a0b9
4785fdc4
00f71e63
0000a517
2f050513
d26fe0ef
fec42783
26230791
a035fef4
fdc42703
12634789
a51702f7
05130000
e0ef2fe5
2783d04f
0791fec4
fef42623
fec42783
262307a1
2783fef4
853efec4
542250b2
80826145
d6067179
1800d422
fca42e23
fcb42c23
fd842503
26233f81
2583fea4
2503fec4
3b41fdc4
cb8987aa
fdc42583
0000a517
2d850513
caafe0ef
fec42583
fdc42503
87aa3b8d
2583eb89
a517fdc4
05130000
e0ef2e25
0001cf8f
542250b2
80826145
d6227179
2e231800
87aefca4
fcf40da3
fdc42783
30078793
07a107a2
fef42623
fdb44783
2783c799
0785fec4
fef42623
2783a809
c791fec4
fec42783
262317fd
0001fef4
61455432
11018082
cc22ce06
26231000
2423fea4
2583feb4
2503fe84
33c1fec4
e79987aa
0000a517
28850513
c7afe0ef
40f20001
61054462
11018082
cc22ce06
26231000
2423fea4
2583feb4
2503fe84
31a9fec4
e79987aa
0000a517
27850513
c46fe0ef
40f20001
61054462
11018082
cc22ce06
26231000
2423fea4
2583feb4
2503fe84
365dfec4
e79987aa
0000a517
26850513
c12fe0ef
40f20001
61054462
71798082
d422d606
26231800
2423fea4
2223feb4
2023fec4
87bafed4
fcf40fa3
fe442583
fec42503
2583375d
2503fe04
37a5fec4
fe842583
fec42503
4783372d
85befdf4
fec42503
25833dd1
a517fec4
05130000
e0ef22a5
0001b44f
542250b2
80826145
ce061101
1000cc22
fea42623
25034581
3ee5fec4
fec42583
0000a517
21c50513
b16fe0ef
40f20001
61054462
71798082
d422d606
2e231800
2783fca4
8793fdc4
07a23007
fef42623
fdc42783
30078793
079107a2
fef42423
fdc42783
30078793
07a107a2
fef42223
fdc42783
30078793
07b107a2
fef42023
fec42783
0007d783
83c107c2
a51785be
05130000
e0ef1d65
2783aa8f
d783fe84
07c20007
85be83c1
0000a517
1e050513
a8efe0ef
fe442783
0007c783
0ff7f793
a51785be
05130000
e0ef1ea5
2783a74f
d783fe04
07c20007
85be83c1
0000a517
1f850513
a5afe0ef
50b20001
61455422
11018082
1000ce22
fea42623
feb42423
fec42783
27834398
8ff9fe84
00f037b3
0ff7f793
4472853e
80826105
ce061101
1000cc22
fea42623
feb42423
000bf7b7
bc278513
220d20bd
40f20001
61054462
11018082
cc22ce06
24231000
2623fea4
8793feb4
0717e981
07130000
cfd8fc67
a517459d
05130000
e0ef1965
0293fd8f
a0730800
42a13042
3002a073
40f20001
61054462
11418082
0800c622
96018793
577d4394
c29857fd
0001c2dc
01414432
11018082
1000ce22
fea42623
95c18793
4398439c
268343dc
8836fec4
88b686fd
96018693
0633428c
85320107
00e53533
011786b3
00d507b3
873286be
c19887b6
0001c1dc
61054472
71798082
1800d622
0fa387aa
07a3fcf4
a039fe04
47830001
0785fef4
fef407a3
fef44703
fdf44783
fef766e3
54320001
80826145
ce221101
26231000
2783fea4
8b8dfec4
2703eb81
0793fec4
77b30640
eb8102f7
fec42703
19000793
02f777b3
4785e399
4781a011
4472853e
80826105
c6221141
87930800
c783a181
07850007
0ff7f713
a1818793
00e78023
44320001
80820141
d6227179
2e231800
2703fca4
0793fdc4
07b30320
262302f7
2423fef4
a039fe04
27830001
0785fe84
fef42423
fe842783
fec42703
fee7e6e3
00010001
61455432
71798082
1800d622
fca42e23
fdc42703
879367b1
07b33507
262302f7
2423fef4
a039fe04
27830001
0785fe84
fef42423
fe842783
fec42703
fee7e6e3
00010001
61455432
71798082
1800d622
fca42e23
fdc42783
fef42623
0793a829
242304b0
0001fef4
fe842783
fff78713
fee42423
2783fbf5
8713fec4
2623fff7
fff1fee4
00010001
61455432
11018082
1000ce22
fea42623
feb42423
fec42783
27834398
8f5dfe84
fec42783
0001c398
61054472
11018082
1000ce22
fea42623
feb42423
fec42783
27834398
c793fe84
8f7dfff7
fec42783
0001c398
61054472
11018082
1000ce22
fea42623
2783a031
17fdfec4
fef42623
fec42783
0001fbed
44720001
80826105
c6061141
0800c422
020005b7
000407b7
10878513
45053f8d
05b737c9
07b70200
85130004
37611087
3f454505
40b20001
01414422
11418082
0800c622
000407b7
10078793
07b74394
87930004
07371007
8f550100
07b7c398
87930004
43941087
000407b7
10878793
ff000737
8f75177d
07b7c398
87930004
43941007
000407b7
10078793
02000737
c3988f55
000407b7
10878793
07b74394
87930004
07371087
177dfe00
c3988f75
000407b7
10078793
07b74394
87930004
07371007
8f550400
07b7c398
87930004
43941087
000407b7
10878793
04000737
c3988f55
000407b7
10078793
07b74394
87930004
07371007
8f550800
07b7c398
87930004
43941087
000407b7
10878793
08000737
c3988f55
000407b7
10078793
07b74394
87930004
07371007
8f551000
07b7c398
87930004
43941087
000407b7
10878793
10000737
c3988f55
000407b7
10078793
07b74394
87930004
07371007
8f552000
07b7c398
87930004
43941087
000407b7
10878793
20000737
c3988f55
44320001
80820141
ce061101
1000cc22
07a387aa
0783fef4
d063fef4
07b70207
87930004
43941087
000407b7
10878793
20000737
c3988f55
07b7a839
87930004
43941087
000407b7
10878793
e0000737
8f75177d
4783c398
f793fef4
cf990407
000407b7
10878793
07b74394
87930004
07371087
8f551000
a839c398
000407b7
10878793
07b74394
87930004
07371087
177df000
c3988f75
fef44783
0207f793
07b7cf99
87930004
43941087
000407b7
10878793
08000737
c3988f55
07b7a839
87930004
43941087
000407b7
10878793
f8000737
8f75177d
4783c398
8bc1fef4
07b7cf99
87930004
43941087
000407b7
10878793
04000737
c3988f55
07b7a839
87930004
43941087
000407b7
10878793
fc000737
8f75177d
33bdc398
40f20001
61054462
11018082
cc22ce06
87aa1000
fef407a3
fef44783
cf998ba1
000407b7
10878793
07b74394
87930004
07371087
8f552000
a839c398
000407b7
10878793
07b74394
87930004
07371087
177de000
c3988f75
fef44783
cf998b91
000407b7
10878793
07b74394
87930004
07371087
8f551000
a839c398
000407b7
10878793
07b74394
87930004
07371087
177df000
c3988f75
fef44783
cf998b89
000407b7
10878793
07b74394
87930004
07371087
8f550800
a839c398
000407b7
10878793
07b74394
87930004
07371087
177df800
c3988f75
fef44783
cf998b85
000407b7
10878793
07b74394
87930004
07371087
8f550400
a839c398
000407b7
10878793
07b74394
87930004
07371087
177dfc00
c3988f75
00013991
446240f2
80826105
ce061101
1000cc22
07a387aa
4783fef4
8391fef4
0ff7f793
35f1853e
fef44783
35d1853e
3ef54579
40f20001
61054462
11018082
cc22ce06
87aa1000
fef407a3
020005b7
000407b7
10878513
05b7366d
07b70100
85130004
3e711087
fef44783
3f79853e
40f20001
61054462
11018082
cc22ce06
87aa1000
fef407a3
020005b7
000407b7
10878513
05b736bd
07b70100
85130004
3e251087
fef44783
378d853e
40f20001
61054462
11018082
cc22ce06
87aa1000
fef407a3
fef44783
3f45853e
40f20001
61054462
11018082
cc22ce06
26231000
a821fea4
fec42783
0007c783
37e1853e
fec42783
26230785
2783fef4
c783fec4
f3ed0007
00010001
446240f2
80826105
ce061101
1000cc22
fea42623
feb42423
0c800513
27033c8d
4785fec4
00f71d63
fe842783
0ff7f793
f8078793
0ff7f793
3df5853e
2703a005
4789fec4
00f71c63
fe842783
0ff7f793
fc078793
0ff7f793
3df1853e
40f20001
61054462
11418082
c422c606
45050800
450935d9
450535c9
00013c19
442240b2
80820141
c6061141
0800c422
000407b7
10878793
07b74394
87930004
07371087
177de000
c3988f75
000407b7
10878793
07b74394
87930004
07371087
177df000
c3988f75
000407b7
10878793
07b74394
87930004
07371087
8f550800
07b7c398
87930004
43941087
000407b7
10878793
04000737
c3988f55
45793c91
34b9342d
34154579
457934a1
07b73c39
87930004
43941087
000407b7
10878793
e0000737
8f75177d
07b7c398
87930004
43941087
000407b7
10878793
f0000737
8f75177d
07b7c398
87930004
43941087
000407b7
10878793
08000737
c3988f55
000407b7
10878793
07b74394
87930004
07371087
177dfc00
c3988f75
45793ad1
0001326d
442240b2
80820141
c6061141
0800c422
3f0005b7
000407b7
10078513
32d53a1d
35d135d5
03000513
05133379
33610280
33514539
33414505
3bb54519
3ba54505
3e800513
000130e9
442240b2
80820141
d6067179
1800d422
fea42623
feb42423
fec42223
fed42023
0fa387ba
4783fcf4
c391fdf4
25833d8d
2503fe84
3529fec4
fe442503
250333e9
3051fe04
50b20001
61455422
71798082
d422d606
26231800
2423fea4
2223feb4
2023fec4
2e23fed4
0da3fce4
4783fcf4
c391fdb4
2583352d
2503fe84
33c9fec4
fe042583
fe442503
25032831
3825fdc4
a0c18793
00000713
0001c398
542250b2
80826145
c686715d
0880c4a2
faa42e23
fab42c23
fe042623
00000593
fbc42503
173070ef
d66387aa
27830207
8713fec4
26230017
0713fee4
97baff04
02d00713
fce78e23
fbc42703
800007b7
2e238fb9
2503faf4
70effbc4
87aa7030
fef42223
fe442503
755070ef
85be87aa
fbc42503
3b9070ef
242387aa
2783fef4
0713fec4
97bafcc4
250385be
20c1fe44
2783872a
97bafec4
fef42623
fec42783
00178713
fee42623
ff040713
071397ba
8e2302e0
a0a5fce7
0000a797
31878793
2503438c
70effe84
87aa1490
fef42423
fe842503
689070ef
202387aa
2783fef4
f713fe04
27830ff7
8693fec4
26230017
0713fed4
77130307
06930ff7
97b6ff04
fce78e23
fe042503
6b5070ef
85be87aa
fe842503
319070ef
242387aa
2783fef4
8713fb84
2c23fff7
47e3fae4
2783f8f0
0713fec4
97baff04
fc078e23
fcc40793
3125853e
40b60001
61614426
71398082
0080de22
fca42623
fcb42423
fe042623
fe042423
fcc42783
2783efb9
8713fec4
26230017
873efee4
fc842783
071397ba
80230300
278300e7
a049fec4
fcc42703
67b347a9
f71302f7
27830ff7
8693fe84
24230017
0713fed4
77130307
06930ff7
97b6ff04
fee78623
fcc42703
47b347a9
262302f7
2783fcf4
41e3fcc4
a80dfcf0
fe842783
242317fd
2783fef4
8713fec4
26230017
873efee4
fc842783
270397ba
0693fe84
9736ff04
fec74703
00e78023
fe842783
fcf046e3
fec42783
5472853e
80826121
c6061141
0800c422
00009517
63450513
c47fd0ef
000bf7b7
bc278513
c9aff0ef
2cc18793
0007a023
8793a899
c703a181
47950007
02f71963
a1818793
00078023
2cc18793
c3984705
0000b797
44878793
c3984705
4f018793
0007a023
1c418793
c3984709
8793a829
47054f01
8793c398
a0231c41
87930007
a0232cc1
87930007
439c5d01
8793c799
43982cc1
1ee34785
f0eff8f7
8793c08f
a0232cc1
00010007
442240b2
80820141
d6067179
1800d422
fca42e23
fcb42c23
fe0407a3
000bf7b7
bc278513
bf2ff0ef
2cc18793
0007a023
8793a81d
c703a181
47950007
02f71163
a1818793
00078023
2cc18793
c3984705
00009517
56c50513
b5ffd0ef
8793a029
a0232cc1
27830007
c783fdc4
8b9100c7
8793e799
43982cc1
1ce34785
f0effaf7
8793b7cf
a0232cc1
27830007
479cfdc4
fef407a3
fd842783
fef44703
00e78023
853e4785
542250b2
80826145
c6061141
0800c422
0f000593
000407b7
10078513
d22ff0ef
400005b7
000407b7
10078513
ceaff0ef
400005b7
000407b7
10878513
d02ff0ef
00009517
4f850513
acbfd0ef
40b20001
01414422
71798082
1800d622
fca42e23
1d2387ae
57fdfcf4
fef41723
fe041623
5783a885
2703fec4
97bafdc4
0007c783
01079713
57838341
8fb9fee4
fef41723
fe041523
5783a825
8b85fee4
5783cf91
8385fee4
fef41723
fee45703
078577e9
17238fb9
a031fef4
fee45783
17238385
5783fef4
0785fea4
fef41523
fea45703
f2e3479d
5783fce7
0785fec4
fef41623
fec45703
fda45783
f8f765e3
fee45783
5432853e
80826145
d6067179
d24ad422
1800d04e
fca42e23
fdc42783
242383fd
2783fef4
87ddfdc4
0ff7f793
fef42223
fdc42703
008007b7
8ff917fd
fef42023
fe442703
0ff00793
02f71e63
fe042783
2783e395
c799fe84
0000a797
f3478793
a031439c
0000a797
f2c78793
2623439c
a8cdfef4
0000a797
f2078793
2623439c
a0cdfef4
fe442783
2783efa9
ef99fe04
fe842783
a797c799
87930000
439cf027
0793a019
26230000
a86dfef4
fe042503
2c5070ef
a797872a
87930000
438cee67
70ef853a
87aa1760
a797873e
87930000
438ced67
70ef853a
87aa4f00
fef42623
2503a051
70effe04
872a28f0
0000a797
eb078793
853a438c
140070ef
873e87aa
0000a797
ea478793
853a438c
619060ef
853e87aa
3b5070ef
89ae892a
fe442783
f8178793
60ef853e
862a5970
a79786ae
87930000
4398e7a7
853a43dc
30ef85be
872a6970
863a87ae
854a86be
60ef85ce
872a2ea0
853a87ae
70ef85be
87aa4050
fef42623
fe842783
2703cb81
07b7fec4
8fb98000
fef42623
fec42783
50b2853e
59125422
61455982
71798082
d422d606
1800d226
fca42e23
00000593
fdc42503
2e0070ef
e39987aa
a2194781
05934485
25030000
70effdc4
87aa3980
0007c363
f7934481
24230ff4
0593fef4
25030000
70effdc4
87aa37c0
0007d863
fdc42703
800007b7
a0198fb9
fdc42783
fcf42e23
fe042623
2783a015
0785fec4
fef42623
0000a797
db078793
2503438c
70effdc4
87aa02a0
fcf42e23
0000a797
d9878793
2503438c
70effdc4
87aa2b00
fc07d5e3
2783a839
17fdfec4
fef42623
fdc42783
853e85be
4e1060ef
2e2387aa
a797fcf4
87930000
438cd567
fdc42503
2f2070ef
c8e387aa
a797fc07
87930000
438cd367
fdc42503
352070ef
853e87aa
099070ef
07b7872a
17fd0080
22238ff9
2783fef4
9713fe84
278301f7
8793fec4
07de07f7
27838f5d
8fd9fe44
fef42023
fe042783
50b2853e
54925422
80826145
ce061101
1000cc22
07a387aa
4783fef4
85befef4
00009517
19850513
f4afd0ef
0000a797
cd878793
47834398
4685fef4
02e00613
853e45c1
6de000ef
0000a797
cc078793
47834398
4685fef4
03000613
853e45c1
a79725c9
87930000
4398c767
fef44783
06134685
45c10320
2565853e
0000a797
c7878793
47834398
4685fef4
03400613
853e45c1
a7972579
87930000
4398c5e7
fef44783
06134685
45c10360
2d95853e
0000a797
c4478793
47834398
4685fef4
03800613
853e45c1
a7972da9
87930000
4398c2a7
fef44783
06134685
45c10480
2581853e
06400513
759020ef
40f20001
61054462
11018082
cc22ce06
87aa1000
07a3872e
87bafef4
fef40723
87930001
c7033e81
47850007
fef70be3
fee44703
18634785
478302f7
85befef4
00009517
0b050513
e3efd0ef
0000a797
bd478793
47834398
4685fef4
03200613
853e45c1
47832bc9
e79dfee4
fef44783
951785be
05130000
d0ef0a65
a797e0cf
87930000
4398b6e7
fef44783
06134685
45c10320
2345853e
fee44703
0e634785
478300f7
cb91fee4
fef44783
951785be
05130000
d0ef0965
0513dd0f
20ef3e80
00016970
446240f2
80826105
ce86711d
caa6cca2
87931080
43985d01
10634785
95171af7
05130000
d0ef08a5
07a3d9cf
8793fe04
d7833e01
f7930007
07860ff7
0ff7f793
f7130795
87930ff7
80233e21
072300e7
2423fe04
478dfe04
fef401a3
fe0400a3
fe042423
8793a035
43d4f181
fee44783
00178713
fee40723
0793873e
97bafa44
853685be
27833a41
0785fe84
fef42423
3e218793
0007c783
2783873e
c4e3fe84
0723fce7
4785fe04
fef40123
fe042423
4783a845
0713fee4
97baff04
fb478783
fef40023
fee44783
07230785
2703fef4
4789fe84
08e7d163
3e218793
0007c783
270317f9
5863fe84
470306f7
4783fe04
078efe34
00f717b3
2783873e
8fd9fe44
fef42223
fe344783
fff78713
fee401a3
2683e3b9
4783fe44
8713fef4
07a30017
84befee4
34498536
871386aa
97935d41
97ba0024
8793c394
43985d41
a0c18793
2223c398
478dfe04
fef401a3
fe244783
01230785
2783fef4
0785fe84
fef42423
3e218793
0007c783
2783873e
c2e3fe84
8793f4e7
c7832d51
97130007
83410107
50118793
0007c783
853a85be
0b5000ef
f1818793
853e43dc
eccfd0ef
400005b7
000407b7
10878513
e1ffe0ef
0000b797
c5078793
0007a023
8793a80d
43985d01
14634789
059302f7
05130320
d0ef0320
8793ca5f
43dcf181
d0ef853e
b797e8af
87930000
a023c1e7
87930007
43dcf181
d0ef853e
8793e72f
a0235d01
b7970007
87930000
a023bfe7
00010007
446640f6
612544d6
711d8082
cca2ce86
87aa1080
07a38736
87aefaf4
faf40723
162387b2
87bafaf4
faf41523
1c418793
9563439c
00013207
0000b797
bb878793
47854398
fef70ae3
faf44783
951785be
05130000
d0efe5a5
8793b60f
47032ca1
8023faf4
879300e7
47033f01
8023fae4
578300e7
f713fac4
87930ff7
80232d51
172300e7
06a3fe04
5783fe04
f713faa4
87930ff7
80235011
578300e7
0786faa4
faf41523
3e018793
faa45703
00e79023
fed44783
00178713
fee406a3
faf40703
ff040693
802397b6
4783fce7
8713fed4
06a30017
0703fee4
0693fae4
97b6ff04
fce78023
fac45783
969383a1
82c10107
fed44783
00178713
fee406a3
01869713
06938761
97b6ff04
fce78023
fed44783
00178713
fee406a3
fac45703
87610762
ff040693
802397b6
5783fce7
83a1faa4
01079693
478382c1
8713fed4
06a30017
9713fee4
87610186
ff040693
802397b6
4783fce7
8713fed4
06a30017
5703fee4
0762faa4
06938761
97b6ff04
fce78023
fb040793
853e4599
f82ff0ef
172387aa
4783fef4
8713fed4
06a30017
5703fee4
0762fee4
06938761
97b6ff04
fce78023
fee45783
969383a1
82c10107
fed44783
00178713
fee406a3
01869713
06938761
97b6ff04
fce78023
fe0406a3
400005b7
000407b7
10878513
be3fe0ef
f1818793
478343d4
8713fed4
06a30017
0713fee4
97baff04
fc078783
0ff7f793
853685be
afefd0ef
f1818793
478343d4
8713fed4
06a30017
0713fee4
97baff04
fc078783
0ff7f793
853685be
ad6fd0ef
f1818793
478343d4
8713fed4
06a30017
0713fee4
97baff04
fc078783
0ff7f793
853685be
aaefd0ef
f1818793
478343d4
8713fed4
06a30017
0713fee4
97baff04
fc078783
0ff7f793
853685be
a86fd0ef
f1818793
478343d4
8713fed4
06a30017
0713fee4
97baff04
fc078783
0ff7f793
853685be
a5efd0ef
f1818793
478343d4
8713fed4
06a30017
0713fee4
97baff04
fc078783
0ff7f793
853685be
a36fd0ef
f1818793
478343d4
8713fed4
06a30017
0713fee4
97baff04
fc078783
0ff7f793
853685be
a0efd0ef
f1818793
478343d4
8713fed4
06a30017
0713fee4
97baff04
fc078783
0ff7f793
853685be
9e6fd0ef
fe0406a3
87930001
43dcf181
00c7c783
dbf58b85
400005b7
000407b7
10878513
aa7fe0ef
0000b797
8b078793
c3984705
5d018793
c3984705
c0cff0ef
297010ef
40f60001
61254466
71598082
d4a2d686
87aa1880
f8e42a23
f8f40fa3
0f2387ae
87b2f8f4
f8f41e23
1d2387b6
8793f8f4
439c1c41
48079d63
b7970001
87930000
439885a7
0ae34785
8793fef7
47032ca1
8023f9f4
879300e7
47033f01
8023f9e4
578300e7
f713f9c4
87930ff7
80232d51
172300e7
06a3fe04
5783fe04
f713f9a4
87930ff7
80235011
578300e7
0786f9a4
f8f41d23
3e018793
f9a45703
00e79023
fe040623
f9442503
f1aff0ef
fea42423
fed44783
00178713
fee406a3
f9f40703
ff040693
8e2397b6
4783fae7
8713fed4
06a30017
0703fee4
0693f9e4
97b6ff04
fae78e23
f9c45783
969383a1
82c10107
fed44783
00178713
fee406a3
01869713
06938761
97b6ff04
fae78e23
fed44783
00178713
fee406a3
f9c45703
87610762
ff040693
8e2397b6
5783fae7
83a1f9a4
01079693
478382c1
8713fed4
06a30017
9713fee4
87610186
ff040693
8e2397b6
4783fae7
8713fed4
06a30017
5703fee4
0762f9a4
06938761
97b6ff04
fae78e23
fed44783
00178713
fee406a3
ff040713
471197ba
fae78e23
fe842783
0187d693
fed44783
00178713
fee406a3
01869713
06938761
97b6ff04
fae78e23
fe842783
0107d693
fed44783
00178713
fee406a3
01869713
06938761
97b6ff04
fae78e23
fe842783
0087d693
fed44783
00178713
fee406a3
01869713
06938761
97b6ff04
fae78e23
fed44783
00178713
fee406a3
fe842703
87610762
ff040693
8e2397b6
0793fae7
45adfac4
f0ef853e
87aab84f
fef41723
fed44783
00178713
fee406a3
fee45703
87610762
ff040693
8e2397b6
5783fae7
83a1fee4
01079693
478382c1
8713fed4
06a30017
9713fee4
87610186
ff040693
8e2397b6
06a3fae7
05b7fe04
07b74000
85130004
e0ef1087
8793fe4f
43d4f181
fed44783
00178713
fee406a3
ff040713
878397ba
f793fbc7
85be0ff7
c0ef8536
8793f01f
43d4f181
fed44783
00178713
fee406a3
ff040713
878397ba
f793fbc7
85be0ff7
c0ef8536
8793ed9f
43d4f181
fed44783
00178713
fee406a3
ff040713
878397ba
f793fbc7
85be0ff7
c0ef8536
8793eb1f
43d4f181
fed44783
00178713
fee406a3
ff040713
878397ba
f793fbc7
85be0ff7
c0ef8536
8793e89f
43d4f181
fed44783
00178713
fee406a3
ff040713
878397ba
f793fbc7
85be0ff7
c0ef8536
8793e61f
43d4f181
fed44783
00178713
fee406a3
ff040713
878397ba
f793fbc7
85be0ff7
c0ef8536
8793e39f
43d4f181
fed44783
00178713
fee406a3
ff040713
878397ba
f793fbc7
85be0ff7
c0ef8536
8793e11f
43d4f181
fed44783
00178713
fee406a3
ff040713
878397ba
f793fbc7
85be0ff7
c0ef8536
8793de9f
43d4f181
fed44783
00178713
fee406a3
ff040713
878397ba
f793fbc7
85be0ff7
c0ef8536
8793dc1f
43d4f181
fed44783
00178713
fee406a3
ff040713
878397ba
f793fbc7
85be0ff7
c0ef8536
8793d99f
43d4f181
fed44783
00178713
fee406a3
ff040713
878397ba
f793fbc7
85be0ff7
c0ef8536
8793d71f
43d4f181
fed44783
00178713
fee406a3
ff040713
878397ba
f793fbc7
85be0ff7
c0ef8536
8793d49f
43d4f181
fed44783
00178713
fee406a3
ff040713
878397ba
f793fbc7
85be0ff7
c0ef8536
06a3d21f
0001fe04
f1818793
c78343dc
8b8500c7
05b7dbf5
07b74000
85130004
e0ef1087
8793de0f
43dcf181
c0ef853e
a797e4bf
87930000
47053de7
8793c398
47095d01
e0efc398
0001f3bf
542650b6
80826165
ce061101
1000cc22
872e87aa
fef41723
06a387ba
8793fef4
80231cc1
006f0007
57837b80
0713fee4
8f630cc0
071372e7
47630cc0
071378f7
8b630ca0
07136ce7
4f630ca0
071376f7
466304a0
c96302f7
07137607
656304a0
971376f7
87970027
87930000
97ba66e7
87974398
87930000
97ba6627
07138782
8f630c80
006f62e7
85937420
85179681
05130000
c0ef60e5
8793af5f
c7831cc1
87130007
76930017
87130ff7
00231cc1
871300d7
078a5d41
439c97ba
60ef853e
872a5730
863a87ae
851786be
05130000
c0ef5da5
5783ab9f
0789fee4
fef41723
6f40006f
97018593
00008517
5b450513
a9bfc0ef
1cc18793
0007c783
00178713
0ff77693
1cc18713
00d70023
5d418713
97ba078a
853e439c
519060ef
87ae872a
86be863a
00008517
58850513
a5ffc0ef
fee45783
17230789
006ffef4
859369a0
85179781
05130000
c0ef55a5
8793a41f
c7831cc1
87130007
76930017
87130ff7
00231cc1
871300d7
078a5d41
439c97ba
60ef853e
872a4bf0
863a87ae
851786be
05130000
c0ef52e5
5783a05f
0789fee4
fef41723
6400006f
a2418593
00008517
50050513
9e7fc0ef
1cc18793
0007c783
00178713
0ff77693
1cc18713
00d70023
5d418713
97ba078a
853e439c
465060ef
87ae872a
86be863a
00008517
4d450513
9abfc0ef
fee45783
17230789
a3ddfef4
a3018593
00008517
4a850513
98ffc0ef
1cc18793
0007c783
00178713
0ff77693
1cc18713
00d70023
5d418713
97ba078a
853e439c
40d060ef
87ae872a
86be863a
00008517
47c50513
953fc0ef
fee45783
17230789
a379fef4
a3c18593
00008517
45050513
937fc0ef
1cc18793
0007c783
00178713
0ff77693
1cc18713
00d70023
5d418713
97ba078a
853e439c
3b5060ef
87ae872a
86be863a
00008517
42450513
8fbfc0ef
fee45783
17230789
ab1dfef4
98018593
00008517
3f850513
8dffc0ef
1cc18793
0007c783
00178713
0ff77693
1cc18713
00d70023
5d418713
97ba078a
853e439c
35d060ef
87ae872a
86be863a
00008517
3cc50513
8a3fc0ef
fee45783
17230789
a9f9fef4
98818593
00008517
3a050513
887fc0ef
1cc18793
0007c783
00178713
0ff77693
1cc18713
00d70023
5d418713
97ba078a
853e439c
305060ef
87ae872a
86be863a
00008517
37450513
84bfc0ef
fee45783
17230789
a159fef4
99018593
00008517
34850513
82ffc0ef
1cc18793
0007c783
00178713
0ff77693
1cc18713
00d70023
5d418713
97ba078a
853e439c
2ad060ef
87ae872a
86be863a
00008517
31c50513
ff2fc0ef
fee45783
17230789
a13dfef4
99818593
00008517
2f050513
fd6fc0ef
1cc18793
0007c783
00178713
0ff77693
1cc18713
00d70023
5d418713
97ba078a
853e439c
255060ef
87ae872a
86be863a
00008517
2c450513
f9afc0ef
fee45783
17230789
aed9fef4
9a018593
00008517
29850513
f7efc0ef
1cc18793
0007c783
00178713
0ff77693
1cc18713
00d70023
5d418713
97ba078a
853e439c
1fd060ef
87ae872a
86be863a
00008517
26c50513
f42fc0ef
fee45783
17230789
aebdfef4
9a818593
00008517
24050513
f26fc0ef
1cc18793
0007c783
00178713
0ff77693
1cc18713
00d70023
5d418713
97ba078a
853e439c
1a5060ef
87ae872a
86be863a
00008517
21450513
eeafc0ef
fee45783
17230789
a61dfef4
a4818593
00008517
1e850513
ecefc0ef
1cc18793
0007c783
00178713
0ff77693
1cc18713
00d70023
5d418713
97ba078a
853e439c
14d060ef
87ae872a
86be863a
00008517
1bc50513
e92fc0ef
fee45783
17230789
a4f9fef4
9b018593
00008517
19050513
e76fc0ef
1cc18793
0007c783
00178713
0ff77693
1cc18713
00d70023
5d418713
97ba078a
853e439c
0f5060ef
87ae872a
86be863a
00008517
16450513
e3afc0ef
fee45783
17230789
ac9dfef4
9b418593
00008517
13850513
e1efc0ef
1cc18793
0007c783
00178713
0ff77693
1cc18713
00d70023
5d418713
97ba078a
853e439c
09d060ef
87ae872a
86be863a
00008517
10c50513
de2fc0ef
fee45783
17230789
ac39fef4
9b818593
00008517
0e050513
dc6fc0ef
1cc18793
0007c783
00178713
0ff77693
1cc18713
00d70023
5d418713
97ba078a
853e439c
045060ef
87ae872a
86be863a
00008517
0b450513
d8afc0ef
fee45783
17230789
a2d9fef4
a5418593
00008517
08850513
d6efc0ef
1cc18793
0007c783
00178713
0ff77693
1cc18713
00d70023
5d418713
97ba078a
853e439c
7ec060ef
87ae872a
86be863a
00008517
05c50513
d32fc0ef
fee45783
17230789
a2bdfef4
a6018593
00008517
03050513
d16fc0ef
1cc18793
0007c783
00178713
0ff77693
1cc18713
00d70023
5d418713
97ba078a
853e439c
794060ef
87ae872a
86be863a
00008517
00450513
cdafc0ef
fee45783
17230789
aa19fef4
9bc18593
00008517
fd850513
cbefc0ef
1cc18793
0007c783
00178713
0ff77693
1cc18713
00d70023
5d418713
97ba078a
853e439c
73c060ef
87ae872a
86be863a
00008517
fac50513
c82fc0ef
fee45783
17230789
a87dfef4
9c418593
00008517
f8050513
c66fc0ef
1cc18793
0007c783
00178713
0ff77693
1cc18713
00d70023
5d418713
97ba078a
853e439c
6e4060ef
87ae872a
86be863a
00008517
f5450513
c2afc0ef
fee45783
17230789
a09dfef4
9cc18593
00008517
f2850513
c0efc0ef
1cc18793
0007c783
00178713
0ff77693
1cc18713
00d70023
5d418713
97ba078a
853e439c
68c060ef
87ae872a
86be863a
00008517
efc50513
bd2fc0ef
fee45783
17230789
a039fef4
00008517
eec50513
bbafc0ef
fed44783
06a317fd
4783fef4
94e3fed4
00018407
40f20001
61054462
11018082
1000ce22
fe042623
2783a031
0785fec4
fef42623
fec42703
000317b7
d4078793
fee7d5e3
00010001
61054472
11018082
1000ce22
fe042623
2783a031
0785fec4
fef42623
fec42703
000ab7b7
e6078793
fee7d5e3
00010001
61054472
11418082
c422c606
85170800
05130000
c0effa65
8517b28f
05130000
288dfb25
1f400593
1f400513
bc3fc0ef
50418513
85172271
05130000
2899f9e5
03200593
03200513
ba7fc0ef
50418513
85172a85
05130000
282df865
03200593
03200513
b8bfc0ef
50418513
85172a91
05130000
2839f725
03200593
03200513
b6ffc0ef
50418513
00012a25
442240b2
80820141
ce061101
1000cc22
fea42623
8793a00d
4798f181
fec42783
0007c783
853a85be
bd2fc0ef
fec42783
26230785
2783fef4
c783fec4
ffe10007
f1818793
45b5479c
c0ef853e
8793bb0f
479cf181
853e45a9
ba2fc0ef
853e4781
446240f2
80826105
ce061101
1000cc22
fea42623
8793a00d
4798f181
fec42783
0007c783
853a85be
b72fc0ef
fec42783
26230785
2783fef4
c783fec4
ffe10007
f1818793
45b5479c
c0ef853e
8793b50f
479cf181
853e45a9
b42fc0ef
06400593
09600513
a9ffc0ef
853e4781
446240f2
80826105
ce061101
1000cc22
fea42623
8793a00d
43d8f181
fec42783
0007c783
853a85be
b06fc0ef
fec42783
26230785
2783fef4
c783fec4
ffe10007
f1818793
45b543dc
c0ef853e
8793ae4f
43dcf181
853e45a9
ad6fc0ef
853e4781
446240f2
80826105
d6067179
1800d422
fca42e23
fdc42783
fef42623
fdc42783
fef42223
fe042423
8793a841
479cf181
fe040713
853e85ba
b14fc0ef
fe042783
0ff7f713
fec42783
00e78023
fec42783
26230785
2783fef4
8023fec4
85970007
85930000
2503dd25
60effe44
87aa2030
2583cb99
8517fe44
05130000
c0efdbe5
4781908f
8597a899
85930000
2503dc65
60effe44
87aa1db0
2583cb99
8517fe44
05130000
c0efd965
47818e0f
2783a03d
0785fe84
fef42423
fe842703
0c500793
f6e7d5e3
fec42783
00078023
00008517
d8850513
8b2fc0ef
853e4785
542250b2
80826145
c6061141
0800c422
06934701
86170640
06130000
4581d726
e0ef4509
851798af
05130000
3d0dd125
00008517
d6c50513
872fc0ef
c0ef4505
2939d92f
29292931
85172921
05130000
3539cfa5
00008517
d5050513
84efc0ef
c0ef4505
2eedd6ef
06934701
86170640
06130000
4581d426
e0ef4509
8517932f
05130000
3be9d465
00008517
d4850513
81afc0ef
c0ef4505
26d9d3af
00008517
d4c50513
85173b75
05130000
b0efd525
4505ffdf
d1cfc0ef
47012665
06400693
00008617
d5060613
45094581
8e0fe0ef
00008517
d5450513
85173361
05130000
b0efd565
4505fc9f
ce8fc0ef
87932e95
a0231b81
06130007
45810fa0
3f418513
448060ef
0fa00613
85134581
60ef1d01
a84143a0
00008517
d2450513
05933391
05130c80
c0ef0c80
2311835f
3e418793
47854398
06f71763
3f418593
00008517
d2050513
f67fb0ef
00008597
d1858593
3f418513
03d060ef
c79187aa
1b818793
c3984709
8597a025
85930000
8513d025
60ef3f41
87aa01f0
8793c791
47091b81
a029c398
1b818793
c398470d
0fa00613
85134581
60ef3f41
87933b20
47093e41
8793c398
43981b81
15e34789
4701f6f7
86936785
86173887
06130000
4581cba6
d0ef4509
4701febf
06400693
00008617
cb860613
45094581
fd5fd0ef
40b20001
01414422
11018082
cc22ce06
26231000
8597fea4
85930000
2503ca65
60effec4
87aa7920
2583cb91
8517fec4
05130000
b0efc965
a825e99f
00008597
ca058593
fec42503
76c060ef
cb9187aa
fec42583
00008517
c9050513
e73fb0ef
2583a809
8517fec4
05130000
b0efc965
0001e61f
446240f2
80826105
c6221141
a2ed0800
a0018793
0007c783
8793873e
97ba2e01
0007c703
176347b5
879318f7
c783a001
07850007
0ff7f713
a0018793
00e78023
a0018793
0007c703
0fa00793
00e7f663
a0018793
00078023
a0118793
0007c783
f71317fd
87930ff7
8023a011
879300e7
c783a001
873e0007
2e018793
c70397ba
47a90007
0ef71563
a0018793
0007c783
f7130785
87930ff7
8023a001
879300e7
c703a001
07930007
f6630fa0
879300e7
8023a001
87930007
c783a011
17fd0007
0ff7f713
a0118793
00e78023
8793a0a5
c7839fd1
863e0007
9fe18793
0007c783
00178713
0ff77693
9fe18713
00d70023
879386be
97b22e01
0007c703
68c18793
802397b6
879300e7
c7839fd1
07850007
0ff7f713
9fd18793
00e78023
9fd18793
0007c703
0fa00793
00e7f663
9fd18793
00078023
9fd18793
0007c703
a0018793
0007c783
f8f715e3
9fe18793
0007c783
8793873e
97ba68c1
00078023
9fe18793
00078023
5cc18793
c3984705
8793a871
c783a001
07850007
0ff7f713
a0018793
00e78023
a0018793
0007c703
0fa00793
00e7f663
a0018793
00078023
a0118793
0007c783
f71317fd
87930ff7
8023a011
a09900e7
a0018793
0007c783
f7130785
87930ff7
8023a001
879300e7
c703a001
07930007
f6630fa0
879300e7
8023a001
87930007
c783a011
17fd0007
0ff7f713
a0118793
00e78023
a0118793
0007c703
e7e34785
0001e0e7
44320001
80820141
c6061141
0800c422
879322d9
43983e41
15634785
859302f7
85173f41
05130000
b0ef9e25
0613c29f
45810fa0
3f418513
0b8060ef
3e418793
c3984709
40b20001
01414422
11418082
c422c606
47010800
06400693
00008617
8d460613
45094581
cedfd0ef
00008517
87c50513
05132211
10ef0640
85174a60
05130000
28cd86e5
06400513
494010ef
00008517
a0c50513
051320c5
10ef0640
85174820
05130000
20f9a065
06400513
470010ef
00008517
a0850513
05132875
10ef0640
470145e0
06400693
00008617
88c60613
45094581
c7dfd0ef
06934701
86170640
06130000
45819e66
d0ef4509
8793c67f
479cf181
853e45e9
c9ffb0ef
06400513
41c010ef
67854701
fa078693
00008617
90860613
45094581
c39fd0ef
40b20001
01414422
11418082
c422c606
87930800
80239ff1
87930007
8023a001
87930007
8023a011
87930007
8023a021
06130007
45810fa0
68c18513
795050ef
0fa00613
85134581
50ef2e01
00017870
442240b2
80820141
ce061101
1000cc22
fea42623
8793a00d
4798f181
fec42783
0007c783
853a85be
c03fb0ef
fec42783
26230785
2783fef4
c783fec4
ffe10007
f1818793
45b5479c
b0ef853e
8793be1f
479cf181
853e45a9
bd3fb0ef
40f20001
61054462
11418082
0800c622
8793a2ed
c783a071
873e0007
1d018793
c70397ba
47b50007
18f71763
a0718793
0007c783
f7130785
87930ff7
8023a071
879300e7
c703a071
07930007
f6630fa0
879300e7
8023a071
87930007
c783a081
17fd0007
0ff7f713
a0818793
00e78023
a0718793
0007c783
8793873e
97ba1d01
0007c703
156347a9
87930ef7
c783a071
07850007
0ff7f713
a0718793
00e78023
a0718793
0007c703
0fa00793
00e7f663
a0718793
00078023
a0818793
0007c783
f71317fd
87930ff7
8023a081
a0a500e7
a0418793
0007c783
8793863e
c783a051
87130007
76930017
87130ff7
0023a051
86be00d7
1d018793
c70397b2
87930007
97b63f41
00e78023
a0418793
0007c783
f7130785
87930ff7
8023a041
879300e7
c703a041
07930007
f6630fa0
879300e7
8023a041
87930007
c703a041
87930007
c783a071
15e30007
8793f8f7
c783a051
873e0007
3f418793
802397ba
87930007
8023a051
87930007
47053e41
a871c398
a0718793
0007c783
f7130785
87930ff7
8023a071
879300e7
c703a071
07930007
f6630fa0
879300e7
8023a071
87930007
c783a081
17fd0007
0ff7f713
a0818793
00e78023
8793a099
c783a071
07850007
0ff7f713
a0718793
00e78023
a0718793
0007c703
0fa00793
00e7f663
a0718793
00078023
a0818793
0007c783
f71317fd
87930ff7
8023a081
879300e7
c703a081
47850007
e0e7e7e3
00010001
01414432
11418082
c422c606
45690800
a0bfc0ef
0e418793
ffffe717
2a870713
7517d7b8
05130000
b0ef6e25
42a1851f
3002a073
82936285
a0738002
27f33042
27f33000
27f33040
f0ef3440
8793c98f
43dcf181
853e4591
947fb0ef
40b20001
01414422
11418082
c422c606
456d0800
9abfc0ef
0e418793
00000717
04e70713
7517d7f8
05130000
b0ef6925
42a1ff0f
3002a073
82936285
a0738002
27f33042
27f33000
27f33040
f0ef3440
8793c38f
479cf181
853e4591
8e7fb0ef
40b20001
01414422
11418082
0800c622
8793a06d
479cf181
f713479c
87930ff7
80235021
879300e7
c783a061
86be0007
50218793
0007c703
1d018793
802397b6
879300e7
c783a061
07850007
0ff7f713
a0618793
00e78023
a0618793
0007c703
0fa00793
00e7f663
a0618793
00078023
a0818793
0007c783
f7130785
87930ff7
8023a081
879300e7
c703a081
07930007
fc630fa0
879300e7
5769a081
00e78023
50018793
80234705
879300e7
c703a081
87930007
8023a091
879300e7
479cf181
00c7c783
f7b18b91
00010001
01414432
71798082
d422d606
2e231800
07a3fca4
4783fe04
8713fef4
07a30017
873efee4
fdc42783
c78397ba
07230007
8793fef4
439c78c1
fee44703
00e78023
78c18793
8713439c
87930017
c39878c1
fee44783
8793f3e9
439c78c1
00078023
78c18793
8713439c
87930017
c39878c1
4f018793
e7cd439c
78818793
e7a1439c
00007517
52050513
c20ff0ef
06400593
06400513
f0ffb0ef
00009517
dcc50513
c08ff0ef
1f400593
06400513
ef7fb0ef
1c418793
0007a023
00009797
e7478793
0007a023
8793a8b1
43987881
19634785
751704f7
05130000
3e3d4de5
06400513
6e1000ef
00009517
d8050513
05133635
00ef0640
87936cf0
479cf181
853e45e9
f3afb0ef
06400513
6b9000ef
1c418793
0007a023
00009797
e1878793
0007a023
50b20001
61455422
11418082
c422c606
87930800
43985d41
78c18793
469d439c
4589863e
2811853a
03200513
675000ef
40b20001
01414422
71798082
d422d606
2e231800
2c23fca4
2a23fcb4
2823fcc4
2783fcd4
0713fd44
802303a0
278300e7
0785fd44
fcf42a23
00000593
fdc42503
08e050ef
d56387aa
27830207
0713fd44
802302d0
278300e7
0785fd44
fcf42a23
fdc42703
800007b7
2e238fb9
a821fcf4
fd442783
02b00713
00e78023
fd442783
2a230785
2503fcf4
50effdc4
87aa60a0
fef42223
fd042703
fd842783
40f707b3
863e17f9
fd442583
fe442503
270328f1
2783fd04
07b3fd84
17f940f7
fd442703
2a2397ba
2783fcf4
0713fd44
802302e0
278300e7
0785fd44
fcf42a23
fe442503
614050ef
85be87aa
fdc42503
278050ef
262387aa
2423fef4
a0bdfe04
00008797
a0c78793
2503438c
50effec4
87aa03c0
fef42623
fec42503
57c050ef
f79387aa
87930ff7
f7130307
27830ff7
8023fd44
250300e7
50effec4
87aa55e0
50ef853e
87aa5b60
250385be
50effec4
87aa21a0
fef42623
fd442783
2a230785
2783fcf4
0785fe84
fef42423
fe842703
fd842783
f8f746e3
78c18793
fd442703
0001c398
542250b2
80826145
d6227179
2e231800
2c23fca4
2a23fcb4
2783fcc4
17fdfd44
fef42623
2703a83d
47a9fdc4
02f767b3
0ff7f713
fec42783
fd842683
071397b6
77130307
80230ff7
270300e7
47a9fdc4
02f747b3
fcf42e23
fec42783
262317fd
2783fef4
d0e3fec4
0001fc07
54320001
80826145
c686715d
0880c4a2
1c818793
0007a023
fd040793
45814651
50ef853e
07930330
4651fbc4
853e4581
025050ef
78c18793
00009717
af070713
8793c398
439c78c1
02b00713
00e78023
78c18793
8713439c
87930017
c39878c1
78c18793
0713439c
80230520
879300e7
439c78c1
00178713
78c18793
8793c398
439c78c1
05300713
00e78023
78c18793
8713439c
87930017
c39878c1
78c18793
0713439c
80230500
879300e7
439c78c1
00178713
78c18793
8793c398
439c78c1
03a00713
00e78023
78c18793
8713439c
87930017
c39878c1
00007517
1b450513
ad6fb0ef
fe042623
fe042423
27830001
8713fe84
24230017
8713fee4
97ba3f41
0007c703
02400793
fef713e3
2703a03d
0793fe84
24230017
2783fef4
8693fec4
26230017
8693fed4
97363f41
00074703
ff040693
802397b6
8713fee7
27833f41
97bafe84
0007c703
03a00793
fcf711e3
fe842783
24230785
2783fef4
0785fec4
fef42623
fec42783
ff040713
802397ba
2623fe07
a03dfe04
fe842703
00170793
fef42423
fec42783
00178693
fed42623
3f418693
47039736
06930007
97b6ff04
fce78623
3f418713
fe842783
c78397ba
f3f90007
fe842783
24230785
2783fef4
0785fec4
fef42623
fec42783
ff040713
862397ba
2623fc07
4783fe04
8713fbd4
87bafd07
97ba078a
873e0786
fbe44783
fd078793
222397ba
4783fef4
0713fbc4
8c630340
07136ee7
45e30340
071310f7
87630330
07134ce7
4de30330
07130ef7
88630310
071300e7
80630320
006f26e7
87930e70
47053dc1
2703c398
0793fe44
0d630470
27031cf7
0793fe44
cb630470
270322e7
47cdfe44
00f70963
fe442703
04600793
14f70863
7517ac31
05130000
b0ef03a5
8793944f
07132d01
c3980770
2d018793
873e439c
78c18793
460d439c
853a85be
87933321
439c78c1
00378713
78c18793
4701c398
06400693
00007617
00c60613
45094581
a00fd0ef
46014685
45054591
d47fd0ef
46094685
45054591
d3bfd0ef
46114685
45054591
d2ffd0ef
46194685
45054591
d23fd0ef
46214685
45054591
d17fd0ef
46294685
45054591
d0bfd0ef
46314685
45054591
cfffd0ef
46394685
45054591
cf3fd0ef
46414685
45054591
ce7fd0ef
46614685
45054591
cdbfd0ef
46694685
45054591
ccffd0ef
46714685
45054591
cc3fd0ef
46794685
45054591
cb7fd0ef
06134685
45910200
d0ef4505
4685ca9f
02200613
45054591
c9bfd0ef
06134685
45910460
d0ef4505
4685c8df
04800613
45054591
c7ffd0ef
06134685
459104a0
d0ef4505
8597c71f
85930000
751778a5
05130000
b0eff265
a8d1808f
00007517
f2c50513
ffbfa0ef
2d018793
0aa00713
8793c398
439c2d01
8793873e
439c78c1
85be460d
3e7d853a
78c18793
8713439c
87930037
c39878c1
00007517
f0c50513
fbffa0ef
06934701
76170640
06130000
4581f0e6
d0ef4509
45818aaf
d0ef4505
a0b5925f
00007517
f0850513
f93fa0ef
2d018793
0ab00713
8793c398
439c2d01
8793873e
439c78c1
85be460d
3e99853a
78c18793
8713439c
87930037
c39878c1
00007517
ee450513
f57fa0ef
06934701
76170640
06130000
4581ee66
d0ef4509
4585842f
d0ef4505
a0118bdf
006f0001
87936900
47093dc1
2703c398
0793fe44
0d630470
27031cf7
0793fe44
cb630470
270322e7
47cdfe44
00f70963
fe442703
04600793
14f70863
7517ac31
05130000
a0efea25
8793eedf
07132d01
c3980db0
2d018793
873e439c
78c18793
460d439c
853a85be
87933c45
439c78c1
00378713
78c18793
4701c398
06400693
00007617
e7460613
45094581
fa9fc0ef
46014685
45094591
aeffd0ef
46094685
45094591
ae3fd0ef
46114685
45094591
ad7fd0ef
46194685
45094591
acbfd0ef
46214685
45094591
abffd0ef
46294685
45094591
ab3fd0ef
46314685
45094591
aa7fd0ef
46394685
45094591
a9bfd0ef
46414685
45094591
a8ffd0ef
46614685
45094591
a83fd0ef
46694685
45094591
a77fd0ef
46714685
45094591
a6bfd0ef
46794685
45094591
a5ffd0ef
06134685
45910200
d0ef4509
4685a51f
02200613
45094591
a43fd0ef
06134685
45910460
d0ef4509
4685a35f
04800613
45094591
a27fd0ef
06134685
459104a0
d0ef4509
8597a19f
85930000
75175325
05130000
a0efcce5
a8d1db1f
00007517
d8050513
da3fa0ef
2d018793
10e00713
8793c398
439c2d01
8793873e
439c78c1
85be460d
329d853a
78c18793
8713439c
87930037
c39878c1
00007517
d6050513
d67fa0ef
06934701
76170640
06130000
4581d626
c0ef4509
4581e53f
d0ef4509
a0b5eccf
00007517
d5c50513
d3bfa0ef
2d018793
10f00713
8793c398
439c2d01
8793873e
439c78c1
85be460d
38fd853a
78c18793
8713439c
87930037
c39878c1
00007517
d3850513
cfffa0ef
06934701
76170640
06130000
4581d3a6
c0ef4509
4585debf
d0ef4509
a011e64f
a9250001
3dc18793
c398470d
fe442703
04700793
1af70963
fe442703
04700793
1ee7cd63
fe442703
096347cd
270300f7
0793fe44
0e630460
a2c512f7
00007517
cf850513
c97fa0ef
2d018793
13f00713
8793c398
439c2d01
8793873e
439c78c1
85be460d
f0ef853a
879385bf
439c78c1
00378713
78c18793
4685c398
45914601
d0ef450d
46858adf
45914609
d0ef450d
46858a1f
45914611
d0ef450d
4685895f
45914619
d0ef450d
4685889f
45914621
d0ef450d
468587df
45914629
d0ef450d
4685871f
45914631
d0ef450d
4685865f
45914639
d0ef450d
4685859f
45914641
d0ef450d
468584df
45914661
d0ef450d
4685841f
45914669
d0ef450d
4685835f
45914671
d0ef450d
4685829f
45914679
d0ef450d
468581df
02000613
450d4591
80ffd0ef
06134685
45910220
d0ef450d
4685801f
04600613
450d4591
ff2fd0ef
06134685
45910480
d0ef450d
4685fe4f
04a00613
450d4591
fd6fd0ef
00008597
2f058593
00007517
a8c50513
b6ffa0ef
7517a075
05130000
a0efbd65
8793b61f
07132d01
c3981720
2d018793
873e439c
78c18793
460d439c
853a85be
f24ff0ef
78c18793
8713439c
87930037
c39878c1
00007517
bb450513
b23fa0ef
450d4581
c9efd0ef
7517a8a1
05130000
a0efbb25
8793b0df
07132d01
c3981730
2d018793
873e439c
78c18793
460d439c
853a85be
ed0ff0ef
78c18793
8713439c
87930037
c39878c1
00007517
b8c50513
acffa0ef
450d4585
c4afd0ef
0001a011
8793ac39
47113dc1
2703c398
0793fe44
09630470
27031af7
0793fe44
cd630470
27031ee7
47cdfe44
00f70963
fe442703
04600793
12f70e63
7517a2c5
05130000
a0efb4e5
8793a7df
07132d01
c3981a30
2d018793
873e439c
78c18793
460d439c
853a85be
e40ff0ef
78c18793
8713439c
87930037
c39878c1
46014685
45114591
e92fd0ef
46094685
45114591
e86fd0ef
46114685
45114591
e7afd0ef
46194685
45114591
e6efd0ef
46214685
45114591
e62fd0ef
46294685
45114591
e56fd0ef
46314685
45114591
e4afd0ef
46394685
45114591
e3efd0ef
46414685
45114591
e32fd0ef
46614685
45114591
e26fd0ef
46694685
45114591
e1afd0ef
46714685
45114591
e0efd0ef
46794685
45114591
e02fd0ef
06134685
45910200
d0ef4511
4685df4f
02200613
45114591
de6fd0ef
06134685
45910460
d0ef4511
4685dd8f
04800613
45114591
dcafd0ef
06134685
459104a0
d0ef4511
8597dbcf
85930000
75170d65
05130000
a0ef8725
a075955f
00007517
a2c50513
947fa0ef
2d018793
1d600713
8793c398
439c2d01
8793873e
439c78c1
85be460d
f0ef853a
8793d0af
439c78c1
00378713
78c18793
7517c398
05130000
a0efa0a5
4581909f
d0ef4511
a8a1a84f
00007517
a0850513
8f3fa0ef
2d018793
1d700713
8793c398
439c2d01
8793873e
439c78c1
85be460d
f0ef853a
8793cb6f
439c78c1
00378713
78c18793
7517c398
05130000
a0ef9e25
45858b5f
d0ef4511
a011a30f
a0110001
87930001
43984f01
1a634785
87930cf7
43982d01
07700793
02f70763
2d018793
07934398
00630db0
879302f7
43982d01
13f00793
00f70963
2d018793
07934398
1e631a30
879308f7
439c7881
7517eb95
05130000
e0ef98e5
0593e02f
05130640
b0ef0640
85178f0f
05130000
e0effae5
0593deaf
05131f40
b0ef0640
a0998d8f
78818793
47854398
02f71e63
00006517
6d450513
d35fe0ef
06400513
851728d1
05130000
e0eff765
0513d23f
20c90640
f1818793
45e9479c
a0ef853e
0513931f
207d0640
67854701
bb878693
00007617
92060613
45094581
8cdfc0ef
8793a0ad
439c4f01
8793e3ad
871778c1
07130000
c398f2a7
78c18793
8713439c
87930057
c39878c1
78c18793
4703439c
8023fbc4
879300e7
439c78c1
00178713
78c18793
7517c398
05130000
f0ef8de5
470188cf
86936789
76177107
06130000
45818ce6
c0ef4509
0613863f
45810c80
00008517
ec850513
3ed040ef
78c18793
00008717
eb870713
0001c398
442640b6
80826161
d6227179
2e231800
2783fca4
2623fdc4
a829fef4
12c00793
fef42423
27830001
8713fe84
2423fff7
fbf5fee4
fec42783
fff78713
fee42623
0001fff1
54320001
80826145
ce061101
1000cc22
fe042623
2703a0a1
47bdfec4
00e7ce63
46854705
00007617
84860613
fec42583
c0ef4505
a831fc6f
fec42783
470517c1
76174685
06130000
85be82a6
c0ef4509
2783faaf
0785fec4
fef42623
fec42703
dae347f9
0001fae7
40f20001
61054462
71798082
d422d606
87931800
439c9641
05500713
c0efc398
c0efb67f
3fadf26f
67854705
38878693
00006617
7d860613
45054581
f54fc0ef
02000593
000407b7
10878513
df3fb0ef
906387aa
47051407
06400693
00006617
7c060613
45054581
f28fc0ef
06934701
66170640
06130000
45817be6
c0ef4509
4505f12f
b31fa0ef
06934705
66170640
06130000
45817b66
c0ef4505
4701ef6f
06400693
00006617
7b460613
45094581
ee0fc0ef
02000593
000407b7
10878513
d7ffb0ef
e39d87aa
00006517
7a450513
dbefa0ef
06934701
66170640
06130000
458179e6
c0ef4505
b7e9eaaf
07b745c1
85130004
b0ef1087
87aad49f
6517e39d
05130000
a0ef78e5
4701d88f
06400693
00006617
78860613
45054581
e74fc0ef
0593bf51
07b70400
85130004
b0ef1087
87aad11f
6517e39d
05130000
a0ef7765
4701d50f
06400693
00006617
77060613
45054581
e3cfc0ef
0593bfb1
07b70800
85130004
b0ef1087
87aacd9f
6517f7a1
05130000
a0ef75e5
4701d18f
06400693
00006617
75860613
45054581
e04fc0ef
4705b715
06400693
00006617
2d060613
45054581
decfc0ef
000bf537
bc250513
b0ef4581
6517cddf
05130000
a0ef7365
0613cd0f
45810fa0
68c18513
161040ef
0fa00613
85134581
40ef2e01
a0ef1530
8793cf8f
43d8f181
85936789
853a5807
d80fa0ef
f1818793
67894798
58078593
a0ef853a
8793d6ef
43dcf181
a0ef853e
8793f22f
479cf181
a0ef853e
b0eff16f
8793ccef
80233e81
06130007
45810fa0
68c18513
0f9040ef
0fa00613
85134581
40ef2e01
06130eb0
45810fa0
1d018513
0dd040ef
0fa00613
85134581
40ef3f41
06130cf0
45810c80
00008517
b9850513
0bd040ef
78c18793
00008717
b8870713
4705c398
06400693
00006617
68460613
45054581
cfcfc0ef
a0ef4505
879391bf
a0231c41
87970007
87930000
a023c227
05930007
07b70400
85130004
b0ef1087
87aab81f
38079963
06934705
66170640
06130000
45816526
c0ef4505
4701cb6f
06400693
00006617
64860613
45094581
ca0fc0ef
4f018793
c3984705
00006517
63c50513
b8afa0ef
00006517
65c50513
b7efa0ef
b07fe0ef
c0ef4505
4509c0ff
c09fc0ef
45054585
cebfc0ef
fe042623
4685a8b1
45914631
c0ef4505
4705fa9f
06400693
00006617
64460613
45054581
c40fc0ef
06934701
66170640
06130000
458163e6
c0ef4509
8793c2af
4390a0c1
67054781
bb870713
45954689
c0ef4509
2783c58f
0785fec4
fef42623
fec42703
d0e347a5
4705fae7
06400693
00006617
60460613
45054581
be8fc0ef
06934701
66170640
06130000
45815e66
c0ef4509
4581bd2f
c0ef4505
2423c4df
a805fe04
46314685
45054591
f0bfc0ef
a0c18793
47814390
07136705
4689bb87
45094595
be6fc0ef
fe842783
24230785
2703fef4
47a5fe84
fce7d6e3
4f018793
e7a1439c
06934705
66170640
06130000
458159e6
c0ef4505
4701b6ef
7d000693
00006617
59860613
45094581
b58fc0ef
00006517
59850513
a4afa0ef
00006517
5b050513
a3efa0ef
6517a829
05130000
a0ef57e5
6517a30f
05130000
a0ef5aa5
8793a24f
a0231c41
87970007
87930000
a023a527
87930007
47054f01
4505c398
f28fa0ef
06934705
66170640
06130000
458158a6
c0ef4505
4701aeef
06400693
00006617
4ec60613
45094581
ad8fc0ef
45094585
b53fc0ef
fe042223
4685a8b1
45914631
c0ef4509
4705e11f
06400693
00006617
54460613
45054581
aa8fc0ef
06934701
66170640
06130000
45814a66
c0ef4509
8793a92f
4390a0c1
67054781
bb870713
45954689
c0ef4509
2783ac0f
0785fe44
fef42223
fe442703
d0e347a5
4705fae7
06400693
00006617
4fc60613
45054581
a50fc0ef
06934701
66170640
06130000
458144e6
c0ef4509
4581a3af
c0ef4509
2023ab5f
a8b1fe04
46314685
45094591
d73fc0ef
06934705
66170640
06130000
45814b66
c0ef4505
4701a0af
06400693
00006617
40860613
45094581
9f4fc0ef
a0c18793
47814390
07136705
4689bb87
45094595
a22fc0ef
fe042783
20230785
2703fef4
47a5fe04
fae7d0e3
4f018793
e7a1439c
06934705
66170640
06130000
458146a6
c0ef4505
47019aaf
06400693
00006617
3d460613
45094581
994fc0ef
00006517
45450513
886fa0ef
00006517
3ec50513
87afa0ef
6517a829
05130000
a0ef43a5
651786cf
05130000
a0ef3e65
8793860f
a0231c41
87970007
87930000
a02388e7
87930007
47054f01
4505c398
d64fa0ef
e0efb9c1
4705fc4f
06400693
00006617
41860613
45054581
924fc0ef
06934701
66170640
06130000
45814126
c0ef4509
450590ef
d2cfa0ef
08000593
000407b7
10878513
fa6fb0ef
cf9587aa
06934705
66170640
06130000
45813ee6
c0ef4505
65178def
05130000
90ef3f25
65a1fd1f
000407b7
10878513
f72fb0ef
78818793
c3984705
4705a82d
06400693
00006617
3dc60613
45054581
8a4fc0ef
00006517
3e050513
f97f90ef
07b765a1
85130004
b0ef1087
8793f38f
a0237881
47010007
06400693
00006617
c5460613
45094581
86cfc0ef
f52fe0ef
c0ef4505
4509ffaf
ff4fc0ef
78818793
eb91439c
eadfd0ef
0c800593
0c800513
ff2fa0ef
8793a829
43987881
18634785
e0ef00f7
0513b2cf
f0ef0c80
6517ff6f
05130000
90ef37a5
0513f1df
f0ef0c80
0613fe2f
45810fa0
68c18513
3a4040ef
0fa00613
85134581
40ef2e01
06133960
45810fa0
1d018513
388040ef
0fa00613
85134581
40ef3f41
061337a0
45810c80
00007517
64450513
368040ef
78c18793
00007717
63470713
4701c398
06400693
00006617
c8c60613
45094581
fa9fb0ef
879367a9
2e237c57
8793fcf4
439c7881
14079463
00006517
2fc50513
e87f90ef
c06fe0ef
3e418793
47854398
08f71063
00006517
30050513
e6bf90ef
3f418593
00006517
c1450513
e5bf90ef
00006597
2ec58593
3f418513
730040ef
c38587aa
a95fe0ef
f50ff0ef
06934705
66170640
06130000
45812626
b0ef4505
0613f2bf
45810fa0
3f418513
2b8040ef
3e418793
c3984709
06934701
66170640
06130000
4581be26
b0ef4509
a085efff
07b745c1
85130004
b0ef1087
87aad9cf
d0efeb91
0593d43f
05130c80
a0ef0c80
a835e88f
04000593
000407b7
10878513
d76fb0ef
e78587aa
00006517
25c50513
db7f90ef
ec4ff0ef
06934705
66170640
06130000
45811d66
b0ef4505
2783e9ff
ef9dfdc4
00006517
24c50513
b41fd0ef
0c800593
0c800513
e2efa0ef
00006517
24450513
b29fd0ef
0c800593
0c800513
e16fa0ef
879367a9
2e237c57
bdd9fcf4
fdc42783
2e2317fd
b5e9fcf4
78818793
47854398
2ef71463
00006517
21050513
d37f90ef
ab6fe0ef
3e418793
47854398
20f71a63
00006517
1b050513
d1bf90ef
3f418593
00006517
ac450513
d0bf90ef
00006597
9b058593
3f418513
5e0040ef
efad87aa
00006597
9b858593
3f418513
5cc040ef
e3bd87aa
00006597
1cc58593
3f418513
5b8040ef
cba987aa
fc042c23
8713a829
27833f41
97bafd84
0007c783
fd078713
62418793
2783c398
8713fd84
2c230017
8713fce4
97ba3f41
0007c703
02c00793
fcf717e3
00006517
18450513
9acfe0ef
03200513
d4cff0ef
00006597
11058593
3f418513
554040ef
cba987aa
00006517
16450513
c5ff90ef
3f418593
00006517
16050513
c4ff90ef
89dfe0ef
d58ff0ef
06934705
66170640
06130000
45810426
b0ef4505
6517d33f
05130000
e0efa825
051394af
f0ef0320
a8e1ceaf
00006597
12458593
3f418513
4f0040ef
cf8587aa
00006517
11850513
bfbf90ef
3f418593
00006517
0fc50513
bebf90ef
839fe0ef
00006517
a3850513
900fe0ef
03200513
ca0ff0ef
6597a079
85930000
85130ee5
40ef3f41
87aa4a60
6597efad
85930000
85130e65
40ef3f41
87aa4920
4701cb8d
86936785
66173887
06130000
45810d66
b0ef4509
4701c93f
06400693
00006617
96060613
45094581
c7dfb0ef
6597a81d
85930000
85130c25
40ef3f41
87aa44e0
6597e38d
85930000
85130ba5
40ef3f41
87aa43a0
6517c799
05130000
e0ef9b65
061386af
45810fa0
3f418513
7d5030ef
3e418793
c3984709
06934701
66170640
06130000
45818fe6
b0ef4509
b3cdc1bf
02000593
000407b7
10878513
ab6fb0ef
e7a587aa
00006517
96850513
81cfe0ef
06934701
56173e80
06130000
45817ca6
b0ef4509
4701be3f
3e800693
00005617
7dc60613
45094581
bcdfb0ef
06934701
66173e80
06130000
45818266
b0ef4509
4701bb7f
06400693
00006617
88460613
45094581
ba1fb0ef
0593b3a5
07b70400
85130004
b0ef1087
87aaa3cf
d4079ae3
00006517
f2050513
a7bf90ef
b88ff0ef
06934705
66170640
06130000
4581e726
b0ef4505
b32db63f
853e4781
542250b2
80826145
cc221101
c84aca26
c452c64e
ce06c256
892e89aa
843684b2
a703228d
57fda141
8a2e8aaa
04f70b63
85268626
85a286a2
67f020ef
864ee139
86ca854e
20ef85ca
e5496710
85ca854e
46814601
262020ef
8526e121
460185a2
20ef4681
cd352540
85a28526
56f000ef
8526c909
460185a2
20ef4681
4c6334c0
40f20a05
44d24462
49b24942
85d28556
4a224a92
80826105
85d28556
53f000ef
8556c921
460185d2
20ef4681
f97120c0
85ca854e
527000ef
8526d569
00ef85a2
d16151d0
62b030ef
02200793
4a81c11c
bf454a01
85a28526
46814601
1da020ef
d7b7f14d
aa838000
aa030b07
bf510b47
85ca854e
4e7000ef
8526d54d
00ef85a2
d1454dd0
85568656
85d286d2
5ab020ef
30efe939
06935dd0
c1140220
46814601
85ca854e
2a2020ef
02054163
8101aa83
8141aa03
30efb7b9
aa835b90
aa038081
079380c1
c11c0210
8526bf2d
00ef85a2
86264a70
20ef86a2
d9691600
8081aa83
80c1aa03
30efbf39
07935890
46010210
c11c4681
853285b6
3f9010ef
8a2e8aaa
07b7b709
71598000
fff7c793
fbb3c6de
d68600f6
d2a6d4a2
ceced0ca
cad6ccd2
c4e2c8da
c0eac2e6
e733de6e
c75500cb
00b7f9b3
7ff007b7
8a2e8b2a
8caa8c2e
0337db63
c01007b7
e7b397ce
4a810167
3ff005b7
50b6ebd1
54965426
49f65906
4b464a66
4c264bb6
4d064c96
85565df2
61654ad6
84368082
846384b2
c3e306f9
07b7fd77
81637ff0
49011cfb
080c4263
07b7ecd5
87637ff0
07b714fb
85633ff0
07b716fb
03e34000
07b714f4
1f633fe0
4d6308f4
5426080c
549650b6
49f65906
4bb64ad6
4c964c26
5df24d06
85d2855a
4a664b46
006f6165
4a811bb0
3ff005b7
e119bf9d
f979dfe3
50b65426
59065496
4a6649f6
4b464ad6
4c264bb6
4d064c96
d5375df2
05138000
61650705
35f0006f
434007b7
12fbdd63
3ff007b7
02fbc763
414bd793
c0178793
5ae34751
07130cf7
07b30340
d73340f7
17b300f4
966300f7
8b050097
09334909
d8a140e9
85d2855a
305000ef
88638aaa
5793040c
17fd01fa
00f96733
0e070763
41e00737
0f775863
43f00737
79775463
3ff007b7
0af9d663
08045163
8381a603
83c1a683
85b68532
15c020ef
b5c18aaa
85d2855a
2b9000ef
98638aaa
89630a0c
17930009
8389002a
3ff00737
fae793e3
06044b63
e80c5de3
c01007b7
e7b397ce
94e30127
86560807
855686ae
560020ef
86ae862a
215010ef
bd958aaa
c01007b7
e7b397ce
86e30167
07b7ee07
c3633ff0
85a26ef9
5ce34a81
4a81e404
bd814581
85d28ada
e40455e3
8000d7b7
0b07a503
0b47a583
86d2865a
1d1010ef
bd058aaa
f4804ee3
d737bfd9
87ae8000
0b072503
0b472583
86be8656
1b1010ef
bf9d8aaa
e40481e3
4909bbe5
865ab581
86d2855a
bfad85d2
7ff00737
01477a33
1f634501
a603000a
a6838701
85568741
20efc03e
47820760
89ae8aaa
fcb00513
001005b7
4149d613
fff58713
0003a6b7
00e9f9b3
c0160613
3ff00a37
88e68693
00a60733
0149ea33
6536d063
000bb6b7
67968693
7b36d563
8000dcb7
0b0ca803
0b4ca883
0a330705
4b0140ba
835a4b81
4c0183de
86c68642
85d28556
d61ed41a
d03ed23a
c246c042
448020ef
48924802
86428e2e
8daa86c6
855685d2
c84289f2
10efca46
862a2fa0
a50386ae
a5830b0c
4d010b4c
0d9010ef
86ae862a
c62ecc2a
85ce856e
10efc04e
56937c30
0637401a
8ed12000
00080e37
8e3396f2
8f2a0186
460186f2
89ae856a
c4728c7a
79d010ef
458286ae
856e862a
3d8020ef
48424e22
8f2e48d2
85f28642
8daa86c6
c07a4501
3c0020ef
86ae862a
85d28556
3b4020ef
86ce866a
765010ef
862a4f02
856e86ae
20ef85fa
4ee239e0
4d8142b2
86968676
749010ef
882e88aa
86ce8662
85ce8562
c442c046
735010ef
8781a603
87c1a683
8a2e8aaa
725010ef
8801a603
8841a683
22c010ef
86d28656
711010ef
8881a603
88c1a683
218010ef
86d28656
6fd010ef
8901a603
8941a683
204010ef
86d28656
6e9010ef
8981a603
89c1a683
1f0010ef
86d28656
6d5010ef
8a01a603
8a41a683
1dc010ef
882e88aa
86d28656
85d28556
8a428ac6
6b5010ef
86ae862a
85d28556
6a9010ef
8a2e8aaa
86ce866a
85ce8562
1ac010ef
46a24602
691010ef
86d28656
19c010ef
8aaa882e
86ce866a
85ce856a
10ef8a42
a6036770
a6838a81
ce2a8ac1
10efc82e
865617a0
c65286d2
170010ef
866e8a2e
856a86ae
10ef85ce
a60364f0
a6838a81
882e8ac1
85d28d2a
cc42856e
280020ef
4e4248f2
86f28646
274020ef
45b286ae
8556862a
268020ef
86ce8662
619010ef
89ae882a
45a24502
86d2866e
10ef8a42
862a6070
855286ae
10ef85ce
4de210e0
89ae8a2a
86ae862a
85ee856a
0fc010ef
8b01a603
8b41a683
8aae4501
5d9010ef
8c2a882e
86ee866a
450185d6
20ef8d42
862a20e0
855286ae
20ef85ce
a6032020
a6838b81
10ef8bc1
a6035af0
a6838c01
8a2a8c41
450189ae
10ef85d6
862a59b0
855286ae
10ef85ce
53220a20
861a53b2
10ef869e
57120960
8aae8daa
20ef853a
8a2a7fa0
86d689ae
85ea866e
c0568562
078010ef
865a86de
070010ef
86ce8652
068010ef
85424801
86ce8652
8aae8a42
18c020ef
865a86de
184020ef
866286ea
17c020ef
458286ae
856e862a
170020ef
8d2a5782
197d8bae
00f967b3
2e079f63
8301a903
8341a983
86624c01
852686a2
20ef85a2
865214a0
10ef86d6
87ae4fb0
86268b2a
85de86a2
84be856a
4e9010ef
86ae862a
85a6855a
7f1000ef
866287aa
8b2e86a2
85d68552
10ef8abe
862a4cb0
84aa86ae
85568a2e
00ef85da
07b77cf0
842e4090
8c2e8baa
22f5ce63
40f587b3
93638fc9
a6033e07
a6838c81
85568cc1
00ef85da
872a7a70
862687ae
86d2855e
8bba85a2
20ef843e
862a0c60
855e86ae
10ef85a2
49633270
57933aa0
f793414c
05377ff7
87930010
57b3c027
97e240f5
4147d713
7ff77713
fff50693
c0170713
40e6d5b3
fff5c593
4bd18dfd
8fc98ff5
40eb8733
86ae4601
40e7dbb3
000c5463
41700bb3
85d28526
064020ef
86ae862a
8a2e84aa
85da8556
721000ef
014b9d13
a603842e
a6838d81
4d818dc1
856e85a2
3f5010ef
8c2a87ae
86d28626
856e85a2
20ef84be
862a02a0
855686ae
20ef85da
a60301e0
a6838e01
10ef8e41
a6033cb0
a6838e81
87ae8ec1
85a28a2a
843e856e
3b5010ef
86ae862a
85a28552
6bd000ef
842e8b2a
86ae862a
85a68562
6ad000ef
86a68662
8a2e8aaa
7d5010ef
86ae862a
85a2855a
7c9010ef
8b2e8c2a
86d28656
85d28556
371010ef
8f01a603
8f41a683
842e84aa
361010ef
8f81a603
8fc1a683
79d010ef
86a28626
34d010ef
9001a603
9041a683
655000ef
86a28626
339010ef
9081a603
90c1a683
775010ef
86a28626
325010ef
9101a603
9141a683
62d000ef
86a28626
311010ef
86ae862a
85d28556
74d010ef
842e84aa
86ae862a
85d28556
2f5010ef
9181a603
91c1a683
87ae872a
85a28526
843e84ba
725010ef
86ae862a
85a28526
3d4010ef
842e84aa
86da8662
85d28556
2c1010ef
86da8662
5cd000ef
86ae862a
85a28526
6f5010ef
86d28656
6ed010ef
862a86ae
0b4ca583
0b0ca503
6dd010ef
00bd07b3
4147d693
5063872a
853a22d0
864a85be
10ef86ce
8aaa27b0
fdeff06f
00159793
4090d6b7
86938385
db63bff6
37b718f6
87933f6f
97ae4007
eb998fc9
86d28626
695010ef
86da8656
0f9010ef
dc054be3
8d01a603
8d41a683
85ce854a
231010ef
8d01a603
8d41a683
225010ef
f06f8aaa
a903f88f
a9830b0c
b3190b4c
920453e3
800005b7
8da14a81
f6eff06f
8000dcb7
0b0ca803
0b4ca883
9d7ff06f
3ff00737
ffe70693
8736dee3
933740e3
8000dcb7
0b0ca603
0b4ca683
c03e8556
619010ef
8401a603
8441a683
89ae8a2a
1c1010ef
8481a603
84c1a683
8aae8baa
85ce8552
1ad010ef
8501a603
8541a683
8c2a8b2e
855285ce
199010ef
86ae862a
8581a503
85c1a583
5d1010ef
86ce8652
181010ef
86ae862a
8601a503
8641a583
5b9010ef
872e882a
86ce8652
85ce8552
89ba8a42
15d010ef
86ae862a
85ce8552
151010ef
8681a603
86c1a683
145010ef
86ae862a
85da8562
581010ef
86ae862a
89ae8b2a
85d6855e
43d000ef
865e4801
854286d6
8aae8a42
561010ef
86ae862a
85ce855a
555010ef
8d2a4782
b6d58bae
855a865a
85d286d2
0f9010ef
f06f8aaa
9d63e5cf
07b3f804
d73340f7
17b340fb
892600f7
e9779563
49098b05
40e90933
e7eff06f
3fe00737
4b814d01
ccf751e3
b9b187d1
8381a603
83c1a683
85ce854a
0b1010ef
8381a603
83c1a683
0a5010ef
f06f8aaa
4785e08f
e0f91163
800007b7
f06f8dbd
ab03df8f
ab838181
a30381c1
a3838201
a8038241
a8838281
0c3782c1
dcb70004
f06f8000
865e857f
872a2ead
bbf187ae
07371141
c4227ff0
c606c226
00b77633
842a84ae
16e60563
576386aa
d6130eb0
87ae4145
10060263
00100737
fff70593
8fd98fed
c0160493
00179713
0014f613
01f6d793
971397ba
c6110016
0786837d
971397ba
84850026
4e0145d9
06374681
85330020
581300c6
15fd01f7
00a7c663
06b38f89
9e3200c5
97c20786
82050706
4301f1ed
02000513
80000637
8863a819
58130cd7
078601f7
97c2157d
82050706
0833c915
d4e300b6
05b3fef6
88b600c8
0a084163
36b38f95
8f950107
41070733
01f75813
157d0786
86c69332
070697c2
f9618205
efc98fd9
00135513
401e5793
3fe00737
001e7e13
056397ba
0737000e
8d598000
842a04d2
40b294be
44228522
449285a6
80820141
00159793
8fc98385
4601d7ed
d713e5d1
162d00b6
06d687ba
5593db7d
e9d10147
07864581
00b79713
0585852e
fe075be3
02000893
88b38836
873e40b8
00b696b3
011857b3
8fd98e09
c893bde1
d893fff5
98b601f8
6ae3bfa1
05b3f307
46e300c8
88befe08
b7b94781
026357fd
051304f3
81050013
862ab785
10ef86ae
86226da0
00ef86a6
842a1e70
852240b2
84ae4422
449285a6
80820141
86ae862a
301010ef
86ae862a
7b5000ef
84ae842a
0e05b799
8836b715
02000893
b759557d
81850586
95138082
81050015
801005b7
817d952e
a5038082
a5839201
80829241
4145d693
f6937179
d4227ff6
d226d606
ce4ed04a
c0168813
87ae464d
8eae872a
01f5d413
09064d63
0e084663
00100637
5633167d
8df14106
832a8dc9
c5bd8e3e
00165513
00f57f33
00ef6f33
020f0563
bee68613
00040eb7
00163613
fff54513
80000f37
40c00633
d8338fe9
7f33410e
eeb300cf
d6370107
18938000
06130034
98b2e706
0008a403
0048a483
86f6867a
85a68522
0f9000ef
c62ec42a
45b24522
86a68622
21d010ef
8e2e832a
542250b2
59025492
851a49f2
614585f2
08938082
df630330
06930108
832a4000
1fe38e2e
862afcd8
00ef86f6
832a0b70
b7f98e2e
bed68693
5633567d
75b300d6
832a00a6
ddcd8e3e
77b38205
8f2a00a6
0f37dfad
46134000
7733fff6
56b300a6
6f3340df
b79500d7
80000e37
fffe4493
00b4f6b3
832a8ec9
d2d98e2e
00c59793
e73383b1
07b300a7
8fd940e0
8000d737
00341693
e7070713
29039736
29830007
83b10047
0e377581
f5b30008
fe3301d5
6e3301c7
86f200be
85ce862a
00ef854a
c42a0230
4522c62e
864a45b2
10ef86ce
fe331470
189300b4
6e3301f4
832a011e
1141b705
4145d693
c606c422
96138432
ea250156
00159793
8fc98385
a683c7dd
a60392c1
10ef9281
76d14c60
cb068693
4963872e
d7930ed4
f7934145
87937ff7
97a2fca7
7fe00693
04f6cd63
0af04f63
fcb00693
08d7d663
879367b1
c2633507
a8030487
a8838d01
c9638d41
a6030c05
a6838d01
85428d41
10ef85c6
87aa4720
f793a081
06937ff6
872e7ff0
fad79be3
86ae862a
40b227b5
87aa4422
0141853e
a8038082
a8838381
c66383c1
a6030205
a6838381
854283c1
10ef85c6
87aa4320
442240b2
0141853e
40b28082
87aa4422
0141853e
a8038082
a8839301
bfc19341
801005b7
879315fd
8f6d0367
8fd907d2
9401a603
9441a683
10ef85be
40b23f20
87aa4422
0141853e
40b28082
05b74422
15fd8010
95938f6d
87aa0147
853e8dd9
80820141
8d01a603
8d41a683
3c0010ef
442240b2
853e87aa
80820141
9381a803
93c1a883
88aab72d
883287ae
83468536
20069963
8000d6b7
f7068693
0cc5f063
76636741
07130ae6
37330ff0
070e00c7
00e65533
c68396aa
05130006
97360200
40e506b3
00e50c63
00d797b3
00e8d733
00d61833
00f765b3
00d89333
01085893
0315d7b3
01081613
57138241
f6b30103
853e0315
02f605b3
8f5506c2
00b77c63
85139742
6763fff7
75630107
851300b7
9742ffe7
77b38f0d
03420317
01035313
03175733
e33307c2
06b30067
863a02e6
00d37b63
06139342
6663fff7
74630103
061300d3
0542ffe7
45818d51
0537a85d
47410100
f4a66ee3
bf994761
4705e601
02c75833
7f636741
071308e8
73630ff0
45210107
00a85733
c70396ba
06130006
972a0200
40e606b3
08e61563
410787b3
58934585
16130108
82410108
01035713
0317f6b3
0317d7b3
8f5506c2
02f60e33
7c63853e
974201c7
fff78513
01076763
01c77563
ffe78513
07339742
77b341c7
03420317
01035313
03175733
e33307c2
06b30067
863a02e6
00d37b63
06139342
6663fff7
74630103
061300d3
0542ffe7
80828d51
01000737
65e34541
4561f6e8
1833b795
d5b300d8
933300e7
97b300d8
d73300d7
589300e8
66330108
f73300f7
17930315
83c10108
01065513
0315d5b3
8f490742
02b786b3
7c63852e
974200d7
fff58513
01076763
00d77563
ffe58513
06b39742
f73340d7
06420316
d6b38241
07420316
02d788b3
00c767b3
fc638736
97c20117
fff68713
0107e763
0117f563
ffe68713
159397c2
87b30105
8dd94117
e263bdcd
674114d5
02e6ff63
0ff00713
00d735b3
d737058e
d5338000
071300b6
972af707
00074703
02000513
05b3972e
116340e5
450502e5
f2f6e5e3
00c8b533
00154513
0737bf39
45c10100
fce6e5e3
b7d145e1
00e65333
00b696b3
00d36333
01035513
00b61eb3
00e7d633
02a676b3
00b797b3
00e8d733
00f76833
01031793
571383c1
56330108
06c202a6
8f338f55
8e3202c7
01e77c63
0e13971a
6763fff6
75630067
0e1301e7
971affe6
41e70733
02a776b3
02a75733
863306c2
179302e7
83c10108
86ba8fd5
00c7fc63
0693979a
e763fff7
f5630067
069300c7
979affe7
010e1513
8d556e41
fffe0693
00d57833
f6b38f91
561300de
de930105
0333010e
06b302d8
571302d6
08330103
983603d8
06339742
736303d6
967200d7
01075693
e0639636
92e302c7
67c1d8c7
8f7d17fd
73330742
98b300f3
971a00b8
f2e34581
157de2e8
4581b39d
bd214501
873688b2
882e87aa
1c069863
8000d6b7
f7068693
0ac5f863
7e636341
03130866
73630ff0
472100c3
00e65333
ce03969a
9e3a0006
02000713
41c70333
01c70c63
006595b3
01c55e33
006618b3
00be6833
006517b3
0108d613
02c87733
01089513
d6938141
58330107
074202c8
08338ed9
f8630305
96c60106
0116e563
0106f363
86b396c6
f7334106
07c202c6
d6b383c1
06b302c6
151302d5
8fc90107
00d7f863
e56397c6
f3630117
97c600d7
d5338f95
45810067
03378082
47410100
f66666e3
b79d4761
4605e601
031658b3
f3636641
061308c8
73630ff0
47210116
00e8d633
ce0396b2
9e3a0006
02000713
41c70333
07c71963
411585b3
0108d713
01089513
d6138141
f6b30107
d5b302e5
06c202e5
05b38ed1
f86302b5
96c600b6
0116e563
00b6f363
85b396c6
f6b340b6
07c202e5
d5b383c1
05b302e5
951302b5
8fc90106
00b7f863
e56397c6
f3630117
97c600b7
bfb18f8d
01000637
e1e34741
4761f8c8
98b3bfb5
d7330068
17b301c5
5e330065
d51301c5
76b30108
95b302a7
6e330065
959300be
81c10108
010e5613
02a75733
8ed106c2
02e58733
00e6f863
e56396c6
f3630116
96c600e6
40e68633
02a676b3
5e130e42
5633010e
06c202a6
02c58633
01c6e5b3
00c5f863
e56395c6
f3630115
95c600c5
b70d8d91
ecd5eee3
f5636741
0e1304e6
37330ff0
070e00de
8000d8b7
00e6d333
f7088893
ce03989a
9e3a0008
02000713
41c70333
03c71763
00b6e463
00c56963
40c507b3
35338d95
883300f5
853e40a5
b57985c2
010008b7
efe34741
4761fb16
5733bf65
96b301c6
6f330066
d7b300d7
571301c5
f8b3010f
95b302e7
58330065
683301c5
159300b8
81c1010f
01085693
00661633
00651533
02e7d7b3
e6b308c2
8eb300d8
88be02f5
01d6fc63
889396fa
e763fff7
f56301e6
889301d6
96faffe7
41d686b3
02e6feb3
58130842
d6b30108
0ec202e6
010eeeb3
02d585b3
fc6387b6
9efa00be
fff68793
01eee763
00bef563
ffe68793
85b39efa
08c240be
e8b36ec1
879300f8
f833fffe
569300f8
d8930106
8ff10108
02f80733
02f887b3
02d80833
02d888b3
5693983e
96c20107
00f6f363
67c198f6
d81317fd
8efd0106
8f7d06c2
973698c2
0115e663
01159c63
00e57a63
40c70633
00c73733
88b3977a
873240e8
40e50733
00e53533
411585b3
97b38d89
573301c5
e5330067
d5b300e7
b38d0065
00100837
1101187d
00b877b3
0145d713
00d87833
0146d893
078ecc22
7ff77413
01d55713
8fd9ca26
01f5d493
01d65713
7ff8f893
01f6d593
ce06080e
c64ec84a
6733050e
060e0107
411406b3
22b49563
0ed05163
02089863
00c765b3
20058b63
fff68593
962ae989
00a63533
97aa97ba
44058532
0813a8b1
9d637ff0
04130106
aa717ff0
7ff00593
18b40b63
008005b7
85b68f4d
03800693
08b6c963
c06346fd
081306b6
08330200
16b340b8
58b30107
163300b6
e6b30106
36330116
8e5500c0
00b75733
973e962a
00a637b3
853297ba
00879713
14075563
07130405
05637ff0
06b748e4
16fdff80
55938efd
89050015
01f69793
8d5d8d4d
0016d793
8693a20d
0893fe05
56b30200
480100d7
01158863
04000813
40b805b3
00b71833
00c86633
00c03633
47018e55
8e59bf71
00c03633
cad5bfdd
408885b3
e6b3e40d
8c6300a7
86934006
e699fff5
97ba9532
00c53633
b70597b2
7ff00813
01059d63
853287ba
0693bf39
8be37ff0
06b7fed8
8fd50080
059386ae
c4630380
45fd06d5
02d5cb63
02000813
40d80833
00d55333
010795b3
01051533
0065e5b3
00a03533
d6b38d4d
953200d7
00e687b3
00c53633
844697b2
8593b705
0313fe06
d5b30200
480100b7
00668863
04000813
40d806b3
00d79833
00a86533
00a03533
46818d4d
8d5db7d9
00a03533
0693bfdd
f5930014
e1bd7fe6
00a7e6b3
8463e429
66b33606
c28500c7
97ba962a
00a63533
971397aa
85320087
00075763
ff800737
8ff9177d
77134405
05630075
77133407
469100f5
34d70063
00450693
00a6b533
853697aa
de99ae05
0ee38e59
4481e206
004007b7
04134501
ae297ff0
7ff00593
30b68663
973e962a
00a637b3
1513973e
820501f7
57938d51
84360017
5663b76d
91630cd0
65b30808
d9e500c7
fff68593
0633e991
353340c5
8f9900c5
85328f89
a0b14405
7ff00813
dd068fe3
03800693
08b6c963
c06346fd
081306b6
08330200
16b340b8
58b30107
163300b6
e6b30106
36330116
8e5500c0
00b75733
40c50633
40e78733
00c537b3
40f707b3
97138532
5ae30087
0937f207
197d0080
0127f933
a27589aa
7ff00593
f0b40fe3
008005b7
85b68f4d
8693bf61
0893fe05
56b30200
480100d7
01158863
04000813
40b805b3
00b71833
00c86633
00c03633
47018e55
8e59bf71
00c03633
c2f9bfdd
40888833
e6b3e815
8f6300a7
06932606
ea91fff8
40a60533
40f707b3
00a63633
84ae8f91
0313bf05
1f637ff0
87ba0068
04138532
a07d7ff0
7ff00693
fed889e3
008006b7
86c28fd5
03800813
06d84863
4e63487d
031302d8
03330200
5e3340d3
983300d5
15330067
68330065
353301c8
653300a0
d6b300a8
053300d7
07b340a6
363340d7
8f9100a6
84ae8446
8813bf19
0e13fe06
d8330200
43010107
01c68863
04000313
40d306b3
00d79333
00a36533
00a03533
00a86533
b7c14681
35338d5d
bfdd00a0
00140693
7fe6f693
e833e6b5
66b300a7
e43100c7
00081863
1a068a63
853287ba
bbd584ae
de0689e3
40c50833
010538b3
40e786b3
411686b3
00869893
0008da63
40a60533
40f707b3
00a63633
bfc98f91
00d86533
18050063
854287b6
1863bb6d
8b630008
87ba1606
84ae8532
84e3b129
b3f1c006
40c509b3
013536b3
40e78933
40d90933
00891693
0606d863
40a609b3
40f707b3
01363633
40c78933
036384ae
854a0609
286020ef
ff850713
c16347fd
069306e7
8e990200
00e917b3
00d9d6b3
95338edd
4e6300e9
8f010687
00170793
4563467d
071304f6
8f1d0200
00f555b3
00e69633
00e51533
35338e4d
8d5100a0
00f6d7b3
b3054401
0129e533
4781f14d
a0f94401
20ef854e
05132240
bf690205
fd850513
00a996b3
b7754501
05931705
d7330200
460100e6
00b78763
04000613
96338e1d
8d5100c6
00a03533
47818d59
07b7bf55
17fdff80
8ff58c19
87bab1e9
842e8532
87bab1c9
b9758532
7ff00413
45014781
00879713
00075b63
07130405
08637ff0
073706e4
177dff80
97138ff9
810d01d7
07138d59
838d7ff0
00e41963
47818d5d
07b7c509
45010008
17134481
06b70144
07b27ff0
446240f2
83b18f75
8fd904fe
0097e733
44d24942
85ba49b2
80826105
853287ba
bd998442
45014781
bf494481
bfed4781
44814501
004007b7
4781b19d
bf614501
d7937179
d2260145
cc52d04a
c462c85a
00c59493
d422d606
ca56ce4e
9713c65e
892a0157
8c368b32
da1380b1
c75101f5
7ff7fa93
7ff00793
0cfa8b63
01d55993
e4b3048e
09b70099
e9b30080
14130134
8a930035
4b81c01a
014c5793
00cc1513
01579713
00c55493
7ff7f593
01fc5c13
0793c371
8a637ff0
951310f5
57930034
8d5d01db
008004b7
1f938cc9
8513003b
4601c015
002b9793
17fd8fd1
46b34739
85b3018a
646340aa
d73710f7
078a8000
e8070713
439c97ba
e9b38782
826300a4
c89d0609
20ef8526
079307c0
4771ff55
02f74963
041349f5
89b3ff85
94b340f9
59b30084
e9b30139
14330099
05930089
8ab3c0d0
b78540a5
04a020ef
02050513
0493b7e9
19b3fd85
44010099
e9b3b7cd
8c6300a4
842a0009
0a9389a6
4b8d7ff0
4401bf25
4b854a81
4401bf05
7ff00a93
b71d4b89
0164efb3
060f8263
8526c89d
002020ef
879385aa
4771ff55
02f74963
8f9346f5
8e9dff85
01f49533
00db56b3
00a6e4b3
01fb1fb3
c0d00713
40b70533
855ab70d
7cf010ef
02050593
8513b7e9
14b3fd85
4f8100ab
efb3b7c5
8b630164
8fda000f
7ff00513
bded460d
45014481
bdcd4605
05134481
46097ff0
e663b5e5
96630134
64632a99
96132bf4
571301f9
17930014
d99301f4
64330019
951300e6
d8930084
e8b3018f
814100a8
02a9d833
01089e93
010ede93
01045713
008f9313
02a9f4b3
86338fc2
9993030e
67330104
7c630137
974600c7
fff80f93
01176763
00c77563
ffe80f93
8f119746
02a75e33
80410442
02a77733
88338672
074203ce
7c638f41
97460107
fffe0613
01176763
01077563
ffee0613
04339746
0fc24107
efb36841
0e1300cf
d613fff8
f733010f
5f1301cf
7e330103
03b301c3
04b302ee
073303c6
02b302ef
063303e6
d7130097
97320103
00977363
561392c2
96160107
12fd62c1
00577833
f3b30842
981e0053
00c46763
1e6384fe
fc6302c4
979a0307
0067b733
943a9746
ffff8493
0088e663
02889163
0067ef63
00c46663
00861b63
0107f963
b733979a
97460067
ffef8493
8833943a
8c114107
0107b7b3
5ffd8c1d
0e888763
02a45fb3
01085713
02a47433
87b3867e
044203fe
7c638c59
944600f4
ffff8613
01146763
00f47563
ffef8613
8c1d9446
02a45733
58130842
74330108
87ba02a4
02ee8eb3
64330442
7c630088
944601d4
fff70793
01146763
01d47563
ffe70793
06429446
17938e5d
83c10106
01065713
02ef0833
41d40433
02ff0f33
03c78eb3
03c70e33
010ed793
97fa9f72
01c7f463
983a6741
0107d713
68419742
f533187d
05420107
010efeb3
66639576
106300e4
8fb21ae4
9446c91d
fff60f93
03146163
00e46663
18e41463
00a37d63
00131793
0067b333
0f93989a
9446ffe6
1463833e
046300e4
ef930065
8793001f
5b633ff5
f7130af0
cf01007f
00fff713
08634611
861300c7
3fb3004f
94fe01f6
97138fb2
58630074
07b70007
17fdff00
87938cfd
07134005
42637fe0
df9306f7
9713003f
673301d4
d51301f7
07d20034
7ff00637
50b20532
8ff15422
8d5d8131
67b306fe
549200d5
49f25902
4ad24a62
4bb24b42
853a4c22
614585be
15fd8082
b3b54781
84ce86d2
865e8fa2
0b63478d
47850af6
0af60f63
12e34789
4501f6f6
07934701
b7657ff0
b7cd86e2
000804b7
46814f81
bfd9460d
8d1d4505
03800713
08a74963
4963477d
859304a7
97b341e5
d73300b4
95b300af
8fd900bf
00b035b3
d5338fcd
f71300a4
cf010077
00f7f713
08634611
871300c7
37b30047
953e00f7
171387ba
49630085
17130407
838d01d5
810d8f5d
bf254781
07b35705
061340f7
d7b30200
470100f4
00c50663
43e58593
00b49733
01f76fb3
01f03fb3
01f7e7b3
b7554501
00080537
07934701
46817ff0
4501bdfd
bf7d4701
47014501
bdc54785
8fb2867e
d713bd59
07b70145
17fd0010
0146d813
8eaa832a
7ff77713
7ff00513
00b7f8b3
8ff58f32
781381fd
82fd7ff8
00a71a63
0068ee33
14634505
0563000e
808200e8
00a81563
45058e5d
4505fa7d
ff0719e3
fef897e3
ffee95e3
00d58863
e533f36d
35330068
808200a0
80824501
00100737
d813177d
78b30145
87aa00b7
7813832a
d5137ff8
0e9301f5
d5937ff0
8f750146
f5938e32
82fd7ff5
01d81863
00f8eeb3
060e8463
80825579
01d59663
00c76eb3
fe0e9ae3
04081c63
00f8e7b3
0017b793
8e59e199
eb81ce0d
00d51463
0105d963
557dc50d
557d8082
8536c691
54638082
d96500b8
65e38082
9c63ff17
61e300e8
68e3fe6e
4501ffc3
45058082
ffe58082
e0e3bfc1
bfc5fee8
fb0582e3
4781fdd5
0737bf4d
177d0010
0145d813
00b778b3
832a87aa
7ff87813
01f5d513
7ff00e93
0146d593
8e328f75
7ff5f593
186382fd
eeb301d8
846300f8
4509060e
96638082
6eb301d5
9ae300c7
1c63fe0e
e7b30408
b79300f8
e1990017
ce0d8e59
1463eb81
d96300d5
c50d0105
8082557d
c691557d
80828536
00b85463
8082d965
ff1765e3
00e89c63
fe6e61e3
ffc368e3
80824501
80824505
bfc1ffe5
fee8e0e3
82e3bfc5
fdd5fb05
bf4d4781
d7937179
d4220145
ce4ed226
ca56cc52
00c59493
d04ad606
c65ec85a
01579713
89b2842a
80b18ab6
01f5da13
fb13c359
07937ff7
06637ff0
57930cfb
048e01d5
07b78cdd
8cdd0080
00351913
c01b0b13
d7934b81
9413014a
971300ca
80310157
7ff7f513
01fada93
0793cf5d
04637ff0
d79310f5
040e01d9
07b78c5d
8c5d0080
c0150513
00399793
96934701
8ed9002b
16fd955a
46334839
0593015a
6d630015
d5370ed8
068a8000
ebc50513
429496aa
e9338682
0f6300a4
c88d0409
10ef8526
07131890
47f1ff55
02e7c763
091347f5
8f99ff85
012494b3
00f457b3
19338cdd
0b130124
0b33c0d0
b79d40ab
15b010ef
02050513
0493b7f9
14b3fd85
49010094
e933b7cd
0b6300a4
892a0009
7ff00b13
b7814b8d
4b014481
bf254b85
0b134481
4b897ff0
67b3b73d
cfb10134
8522c80d
117010ef
ff550693
c86347f1
477502d7
ff850793
14338f15
d73300f4
8c5900e9
00f997b3
c0d00713
40a70533
854eb735
0e7010ef
02050513
0413b7f1
9433fd85
47810089
67b3b7c5
cb910134
051387ce
470d7ff0
4401b719
47054501
4401bdfd
7ff00513
bdd54709
07136f41
5693ffff
d3130109
79330107
8ff900e9
032308b3
02f90833
02f68fb3
01f88eb3
01085893
8e3398f6
f3630266
9e7a01f8
0108d293
00e8f8b3
00e87833
01045f13
8c7908c2
873398c2
08330286
09330289
0eb3032f
591300e9
99760108
03e686b3
00e97463
96ba6741
01095e93
66c19eb6
fff68f93
01f97933
01f87833
0104d713
f4b30942
83b301f4
99420297
083392ca
07b30293
0fb302f7
033302e3
d81300f8
981a0103
00f87363
57939fb6
66c10108
87939fbe
7833fff6
f7b300f8
03b300f3
08420294
0433983e
04b30287
0333029f
94a202ef
0103d713
f36394ba
93360084
17fd67c1
00f4f6b3
f7b306c2
9e1600f3
393396be
96f6012e
01268733
38339e42
0f33010e
02b301f7
b6b3010f
373301d6
8f550127
0102b833
3fb380c1
972601ff
010fe833
009e1793
971a9742
0117e7b3
37b30726
5e1300f0
d413017e
e7b30172
02a601c7
00771693
e7b38c59
da630057
d7130a06
8b850017
17138fd9
8fd901f4
86938005
50633ff5
f7130ad0
cf010077
00f7f713
08634511
871300a7
37b30047
943e00f7
171387ba
58630074
07370007
177dff00
86938c79
07134005
4e637fe0
d7130ed7
17930037
8fd901d4
9713800d
04320146
7ff006b7
80318f75
067e8c59
673350b2
542200c4
59025492
4a6249f2
4b424ad2
853e4bb2
614585ba
86528082
87ca8426
4689875e
0ad70963
0f63468d
468508d7
f6d717e3
47814401
8656a09d
85aab7dd
4505bfb9
07138d15
45e30380
477dfea7
04a74963
41e58593
00b41733
00a7d6b3
00b797b3
37b38f55
8fd900f0
00a45433
0077f713
f713cf01
469100f7
00d70863
00478713
00f737b3
87ba943e
00841713
04074863
01d41713
8fd9838d
4681800d
5705b7a9
08138f15
57330200
468100e4
01050663
43e58593
00b416b3
37b38fd5
8fd900f0
b76d4401
00080437
06934781
46017ff0
4401bf19
06934781
b7317ff0
47814401
b7114685
00100837
1101187d
00b877b3
0145d713
00d87833
0146d893
078ecc22
7ff77413
01d55713
8fd9ca26
01f5d493
01d65713
01f6d593
ce06080e
c64ec84a
7ff8f893
7ff00693
6733050e
060e0107
00d89563
00c766b3
c593e299
08330015
93634114
5c632295
95630f00
66b30408
c28d00c7
fff40813
00081a63
3533962a
97ba00a6
853297aa
a8954405
7ff00693
02d41963
00757713
4e070563
00f57713
00634691
06934ed7
b5330045
97aa00a6
a9c18536
7ff00693
fcd40ee3
008006b7
06938f55
c8630380
46fd0906
0706c063
02000593
410585b3
00b716b3
010658b3
00b61633
0116e6b3
00c03633
57338e55
962a0107
37b3973e
97ba00a6
97138532
59e30087
0405f807
7ff00713
46e40963
ff8006b7
8efd16fd
00155593
97938905
8d4d01f6
d7938d5d
b7ad0016
fe080693
02000893
00d756b3
08634581
05930118
88330400
15b34105
8e4d0107
00c03633
47018e55
8e59bf79
00c03633
0b63bfdd
85b30a08
e40d4088
00a7e6b3
40068063
fff58693
9532e699
363397ba
97b200c5
0813b721
9d637ff0
87ba0105
aced8532
7ff00693
fed88be3
008006b7
86ae8fd5
03800593
06d5c463
cb6345fd
081302d5
08330200
533340d8
95b300d5
15330107
e5b30105
35330065
8d4d00a0
00d7d6b3
87b39532
363300e6
97b200c5
b7058446
fe068593
02000313
00b7d5b3
88634801
08130066
06b30400
983340d8
653300d7
353300a8
8d4d00a0
b7d94681
35338d5d
bfdd00a0
00140693
7fe6f593
e6b3e5a9
e41d00a7
34068863
00c766b3
e60684e3
97ba962a
00a63533
971397aa
85320087
e4075ae3
ff800737
8ff9177d
b5994405
8e59de8d
22060a63
07b74481
45010040
7ff00413
0593ae39
88637ff0
962a30b6
37b3973e
973e00a6
01f71513
8d518205
00175793
b5398436
0d005663
08089363
00c766b3
e00680e3
fff40813
00081b63
40c50633
00c53533
8f898f99
44058532
0693a0b1
0fe37ff0
0693dcd4
c7630380
46fd0906
0506cf63
02000593
410585b3
00b716b3
010658b3
00b61633
0116e6b3
00c03633
57338e55
06330107
873340c5
37b340e7
07b300c5
853240f7
00879713
d8075ae3
00800937
f933197d
89aa0127
0693a275
0fe37ff0
06b7d6d4
8f550080
0693bf69
0893fe08
56b30200
458100d7
01180863
04000593
41058833
010715b3
36338e4d
8e5500c0
b7454701
36338e59
bfdd00c0
0c080463
40888833
e6b3e815
806300a7
06932806
ea91fff8
40a60533
40f707b3
00a63633
84ae8f91
0313bf0d
1f637ff0
87ba0068
04138532
a07d7ff0
7ff00693
fed889e3
008006b7
86c28fd5
03800813
06d84863
4e63487d
031302d8
03330200
5e3340d3
983300d5
15330067
68330065
353301c8
653300a0
d6b300a8
053300d7
07b340a6
363340d7
8f9100a6
84ae8446
8813bf21
0e13fe06
d8330200
43010107
01c68863
04000313
40d306b3
00d79333
00a36533
00a03533
00a86533
b7c14681
35338d5d
bfdd00a0
00140693
7fe6f693
e833e6bd
66b300a7
e43100c7
00081863
1a068b63
853287ba
b99984ae
c4068ae3
40c50833
010538b3
40e786b3
411686b3
00869893
0008da63
40a60533
40f707b3
00a63633
bfc98f91
00d86533
18050163
854287b6
1a63b931
8c630008
87ba1606
84ae8532
7ff00413
deedb121
09b3b3e1
36b340c5
89330135
093340e7
169340d9
d8630089
09b30606
07b340a6
363340f7
89330136
84ae40c7
06090363
10ef854a
07131400
47fdff85
06e7c163
02000693
17b38e99
d6b300e9
8edd00d9
00e99533
06874e63
07938f01
467d0017
04f64563
02000713
55b38f1d
963300f5
153300e6
8e4d00e5
00a03533
d7b38d51
440100f6
e533b641
f14d0129
44014781
854ea0f9
0de010ef
02050513
0513bf69
96b3fd85
450100a9
1705b775
02000593
00e6d733
87634601
061300b7
8e1d0400
00c69633
35338d51
8d5900a0
bf554781
ff8007b7
8c1917fd
b62d8ff5
853287ba
b60d842e
853287ba
0413be31
47817ff0
97134501
5b630087
04050007
7ff00713
06e40863
ff800737
8ff9177d
01d79713
8d59810d
7ff00713
1963838d
8d5d00e4
c5094781
000807b7
44814501
01441713
7ff006b7
40f207b2
8f754462
04fe83b1
e7338fd9
49420097
49b244d2
610585ba
87ba8082
84428532
4781bd91
44814501
4781bf49
4501bfed
07b74481
b18d0040
45014781
0737bf61
07930010
f733fff7
81d100b7
fff5c593
98138ff5
82d10155
7ff6f693
00081563
45058f49
0713eb09
45017ff0
00e69563
35338fd1
808200f0
c6061141
c226c422
5793cd29
c43341f5
8c1d00a7
01f55493
00ef8522
07137a90
47a941e0
c8638f09
47ad02a7
05558f89
00f457b3
00a41433
07b28526
83b10752
8fd9057e
e73340b2
852200a7
44924422
014185ba
15558082
00a417b3
44018526
4701bfe9
bfe54781
57131141
06370175
167d0080
7913c04a
d7130ff7
77b30175
c22600a6
77138e6d
c6060ff7
5493c422
81fd01f5
060e078e
40e906b3
12b49463
06d05a63
0c63e321
16fd2606
97b2e68d
9693874a
db630057
07050c06
0ff00693
26d70563
7e0006b7
0017f613
838516fd
8fd18ff5
0713a865
1c630ff0
071300e9
a06d0ff0
0ff00713
fee90be3
04000737
45ed8e59
cd634705
059300d5
57330200
86b300d6
163340d5
363300d6
8f5100c0
bf7997ba
05b3caa9
1d634127
cb890009
e19915fd
b77197b2
0ff00693
00d71b63
a8a987b2
0ff00693
fed70ce3
040006b7
456d8fd5
4d634685
069300b5
8e8d0200
00b7d533
00d797b3
00f037b3
00f566b3
00c687b3
0593b7b9
f7130019
e3390fe5
02091963
ca19dfd5
969397b2
d7630057
07370006
177dfc00
47058ff9
0077f693
18068e63
00f7f693
89634611
079118c6
8063a271
de051807
07b74481
07130200
aaad0ff0
0ff00713
16e58763
838597b2
b7e9872e
06d05463
874aeb21
16fdd261
8f91ee81
00579693
fa06dae3
04000437
8c7d147d
a8c5893a
0ff00593
0ff00713
f8b90ee3
470545ed
00d5cd63
02000593
00d65733
40d586b3
00d61633
00c03633
8f998f51
bf7d874a
0ff00593
0ff00713
f6b906e3
04000737
b7e98e59
0533cea1
10634127
cb990209
e509157d
40f607b3
bf4984ae
0ff00693
00d71c63
84ae87b2
0693bf35
0be30ff0
06b7fed7
8fd50400
4685486d
00a84d63
02000693
d8338e89
97b300a7
37b300d7
66b300f0
07b300f8
bf7d40d6
00190713
0fe77713
1463ef05
e7890209
4781fe45
a8494481
ee0608e3
40c786b3
00569513
40f607b3
fa0541e3
87b6d2fd
98e3bde1
07e3ee07
87b2ee06
bd3184ae
40c78433
00541713
02075e63
40f60433
852284ae
4eb000ef
ffb50713
00e41433
03274663
41270733
06930705
57b30200
873300e4
143340e6
343300e4
8fc10080
b5594701
4781f479
b7694701
fc0007b7
073317fd
8fe140e9
874abd85
87b2b5b5
0713bb6d
47810ff0
00579693
0006db63
06930705
0f630ff0
06b702d7
16fdfc00
06938ff5
838d0ff0
00d71663
07b7c781
44810040
442240b2
7f800537
07a6075e
83a58f69
01f49513
44928fd9
8d5d4902
80820141
b7f14781
ca261101
01755493
c64ec84a
1993c452
ce060095
c256cc22
0ff4f493
d9938a2e
59130099
c4a501f5
0ff00793
06f48e63
07b7098e
e9b30400
849300f9
4a81f814
017a5793
009a1413
0ff7f793
5a138025
c7ad01fa
0ff00713
06e78e63
0737040e
8c590400
f8178793
96134681
8e55002a
167d8c9d
453347b9
e6630149
d7b706c7
87938000
060aef87
421c963e
84638782
854e0209
3b3000ef
ffb50793
f8a00493
00f999b3
bf618c89
0ff00493
89e34a89
4a8df809
4481b771
b7594a85
8522c015
387000ef
ffb50793
00f41433
f8a00793
bf598f89
0ff00793
d8414689
b771468d
46854781
1593b759
fb630054
14fd0c89
d4134681
d8b30105
67c10289
8fed17fd
f73382c1
86460289
03178833
8f550742
01077c63
8613972e
6763fff8
756300b7
86130107
972effe8
41070733
02875833
02877733
030786b3
01071793
fc638742
97ae00d7
fff80713
00b7e763
00d7f563
ffe80713
141397ae
8f950106
37b38c59
8c5d00f0
07f48713
08e05863
00747793
7793c799
469100f4
00d78363
17930411
d8630044
07b70007
17fdf800
87138c7d
07930804
800d0fe0
04e7c563
07b7075e
04267f80
80258f7d
057e8c59
8d4140f2
44d24462
49b24942
4a924a22
80826105
01f99693
0019d993
854ab72d
86d6844e
8263478d
478506f6
06f68563
93e34789
4401f8f6
0ff00713
8552bf55
0437b7d5
45010040
bfe9468d
8f994785
4263476d
849304f7
57b309e4
143300f4
34330094
8c5d0080
00747793
7793c799
471100f4
00e78363
17930411
800d0054
0007dc63
47054401
0437b7a5
07130040
45010ff0
4401bfb1
bf994701
00800737
5693177d
78330175
d61300a7
57930175
f69301f5
05130ff6
8f6d0ff0
0ff67613
956381fd
450500a6
02081463
0ff00513
00a61463
ef094505
9b634505
196300c6
866300e8
e68900b7
01003533
45018082
56938082
07b70175
17fd0080
0175d713
0ff6f693
0ff00813
00a7f633
0ff77713
817d8fed
956381fd
c2390106
80825579
01071363
ee9dffe5
cb8de311
1463ca01
596300b5
c10d00d7
8082557d
c591557d
8082852e
00e6d463
8082d965
fec7e5e3
fef66ce3
80824501
80824505
bfe1de65
fcd702e3
dbe1f769
5693b7d9
07b70175
17fd0080
0175d713
0ff6f693
0ff00813
00a7f633
0ff77713
817d8fed
956381fd
c2390106
80824509
01071363
ee9dffe5
cb8de311
1463ca01
596300b5
c10d00d7
8082557d
c591557d
8082852e
00e6d463
8082d965
fec7e5e3
fef66ce3
80824501
80824505
bfe1de65
fcd702e3
dbe1f769
1101b7d9
5913c84a
ca260175
c452c64e
00951493
cc22ce06
7913c256
8a2e0ff9
599380a5
066301f5
07930609
0f630ff0
048e06f9
040007b7
09138cdd
4a81f819
017a5793
009a1413
0ff7f793
5a138025
c7b501fa
0ff00713
06e78f63
0737040e
8c590400
f8178793
96934701
8ed9002a
16fd97ca
c53345b9
86130149
e5630017
d7b706d5
87938000
068af347
429c96be
c09d8782
00ef8526
07930250
0913ffb5
94b3f8a0
093300f4
bf5140a9
0ff00913
d4d94a89
b7694a8d
4a854901
c015b751
00ef8522
07937f80
1433ffb5
079300f4
8f89f8a0
0793bf51
47090ff0
470dd459
4781b769
b7514705
08936741
d693fff7
55930104
f4b30104
74330114
08330114
84330294
86b30286
85b302b6
54930295
95a20108
f36394ae
96ba0084
0114f733
78330742
97420118
00671413
343380c1
83690080
8f4194b6
e433049a
971300e4
57630044
57930607
88050014
07138c5d
516307f6
779306e0
c7990074
00f47793
83634691
041100d7
00441793
0007d863
f80007b7
8c7d17fd
08060713
0fe00793
dd63800d
440106e7
0ff00713
854ea885
87568426
08e34789
478dfef7
04f70b63
16e34785
4401faf7
a8894701
b7dd8552
bf71863e
8f994785
46e3476d
0613fef7
57b309e6
143300f4
343300c4
8c5d0080
00747793
7793c799
471100f4
00e78363
17930411
800d0054
fc07d0e3
47054401
0437a031
07130040
45010ff0
07b7075e
04267f80
80258f7d
057e8c59
8d4140f2
44d24462
49b24942
4a924a22
80826105
008006b7
16fd1141
01755613
0175d893
00a6f7b3
8eedc226
7613c04a
54930ff6
f89301f5
c6060ff8
0513c422
89320ff0
8746078e
068e81fd
00a89363
c593e299
08330015
92634116
5d631295
92630700
8e630408
187d2606
02081663
873297b6
00579693
0c06dd63
06930705
06630ff0
06b726d7
f6137e00
16fd0017
8ff58385
a8758fd1
0ff00713
00e61c63
0ff00713
0713a07d
0be30ff0
0737fee6
8ed90400
470545ed
0105ce63
02000713
0106d5b3
41070833
010696b3
00d036b3
00d5e733
bf7197ba
04080a63
40c885b3
8263ee09
15fd2007
97b6e199
0613b761
9b630ff0
87b600c8
0613b765
8ce30ff0
0637fec8
8fd10400
4605456d
00b54d63
02000613
d5338e0d
97b300b7
37b300c7
663300f0
07b300f5
b7a900d6
00160593
0fe5f713
ea0def0d
1a078763
97b6ca99
00579693
0006d763
fc000737
8ff9177d
f6934705
8d630077
f6931806
461100f7
18c68863
a2690791
da9dd7d9
0713aa09
8c630ff0
97b616e5
872e8385
5763bfd9
9b630700
87320408
187dd6e9
00081d63
96938f95
dee30057
0437fa06
147d0400
893a8c7d
0593a8e5
07130ff0
02e30ff0
45edfab6
ce634705
07130105
d5b30200
08330106
96b34107
36b30106
e73300d0
8f9900d5
bf758732
0ff00593
0ff00713
f6b609e3
04000737
b7e18ed9
04080c63
40c88533
cfb9ee19
e509157d
40f687b3
bf4184ae
0ff00613
00c89c63
84ae87b6
0613bd41
8be30ff0
0637fec8
8fd10400
4605486d
00a84d63
02000613
d8338e09
97b300a7
37b300c7
663300f0
87b300f8
bf7d40c6
00160713
0fe77713
e60def1d
c285e781
a81987b6
ee068de3
40d78633
00561513
00055663
40f687b3
b5d584ae
4781e671
a8ad4481
ee0799e3
4481fac1
020007b7
0ff00713
8433a0a5
171340d7
5d630054
84330207
84ae40f6
29018522
ffb50713
00e41433
03274663
41270733
06930705
57b30200
873300e4
143340e6
343300e4
8fc10080
b5614701
4781f861
b74d4701
fc0007b7
073317fd
8fe140e9
8732bd8d
87b6b5bd
0713b5ad
47810ff0
00579693
0006db63
06930705
01630ff0
06b704d7
16fdfc00
06938ff5
838d0ff0
00d71663
07b7c781
44810040
442240b2
7f800537
07a6075e
83a58f69
01f49513
44928fd9
8d5d4902
80820141
bd1187b2
b7e14781
00800637
01755713
fff60793
0ff77713
07e00593
56938fe9
f16301f5
059304e5
f86309d0
053700e5
45138000
9536fff5
e5338082
079300c7
da630950
071300e7
1533f6a7
ce8100e5
40a00533
07938082
87330960
553340e7
b7f500e5
80824501
c6061141
c226c422
5793c555
c43341f5
8c1d00a7
01f55493
2cc58522
09e00793
8533872a
079340a7
c4630960
47a102a7
00e7d563
14331761
042600e4
8025055e
95138c49
40b201f4
44228d41
01414492
07938082
dd630990
479500a7
06938f99
57b301b7
143300f4
343300d4
8c5d0080
d6634795
079300e7
1433ffb7
07b700f4
17fdfc00
00747693
c6918fe1
4691883d
00d40363
96930791
da630057
06b70006
16fdfc00
09f00413
05338ff5
d41340e4
b7610037
44014481
1141b749
c606c422
4781842a
2491cd19
09e00793
07138f89
41630960
472102f7
00a75563
14331561
042600a4
95138025
40b20177
44228d41
80820141
09900713
00f75d63
01b50713
17334695
8e8900e4
00e03733
00d45433
47158c59
00a75663
ffb50713
00e41433
fc000737
7693177d
8f610074
883dc691
03634691
071100d4
00571693
0006d963
fc0007b7
8f7d17fd
09f00793
54138f89
bf410037
01755793
f7931141
c4220ff7
1413c226
54930095
851301f5
c6060017
0fe57513
c50d8025
38078513
00345793
07b20476
83b10552
95138fc9
40b201f4
00a7e733
44228522
85ba4492
80820141
d065eb95
22958522
cf6347a9
47ad00a7
07138f89
57b30155
143300f4
071300e4
05333890
bf7540a7
ff550793
00f417b3
b7f54401
c4194781
00345793
00080737
8fd90476
7ff00513
9613bf69
d81300c5
57930145
781301d5
82257ff8
07938e5d
f7930018
81fd7fe7
00351713
0693c3d1
0793c808
cb630fe0
426308d7
57a506d0
0cf6ca63
008007b7
8e5d4579
47fd8d15
02a7c363
c8280813
010717b3
00f037b3
01061633
00a75533
8fc98fd1
f7134681
c3250077
57f9a055
40d786b3
02000793
00d656b3
06634881
081300f5
18b3ca28
e7b30106
37b300e8
8fd500f0
051abfc1
00a03533
5793060e
8e4901d7
b7c18fd1
00e667b3
00081563
00f037b3
0693bf45
cb810ff0
07b7060e
b7cd0200
06934781
97130ff0
5b630057
06850007
0ff00713
04e68363
fc000737
8ff9177d
0ff00713
9663838d
c78100e6
004007b7
05374581
06de7f80
8ee907a6
8fd583a5
01f59513
80828d5d
46814785
00f7f713
0ae34611
0791fac7
4781b77d
67c1b7d1
02f57663
0ff00793
00a7b7b3
d737078e
06938000
8e9d0200
00f55533
f7070793
4503953e
85330005
808240a6
01000737
6ee347c1
47e1fce5
a503bfd9
80829d41
872a433d
02c37363
00f77793
e5adefbd
ff067693
96ba8a3d
c34cc30c
c74cc70c
6be30741
e211fed7
06b38082
068a40c3
00000297
80679696
072300a6
06a300b7
062300b7
05a300b7
052300b7
04a300b7
042300b7
03a300b7
032300b7
02a300b7
022300b7
01a300b7
012300b7
00a300b7
002300b7
808200b7
0ff5f593
00859693
96938dd5
8dd50105
9693b761
02970027
96960000
80e78286
8096fa86
8f1d17c1
74e3963e
b7a5f8c3
00b567b3
efb18b8d
86b74198
86937f7f
77b3f7f6
97b600d7
8fd58fd9
9b63567d
862a04c7
c218587d
059141d8
77b30611
97b600d7
8fd58fd9
ff0787e3
0005c783
0015c703
0025c683
00f60023
00a3c799
c70100e6
00d60123
8082e291
000601a3
87aa8082
0005c703
05850785
fee78fa3
8082fb75
b7d9862a
bb010113
44812423
44912223
43312e23
43812423
44112623
45212023
43412c23
43512a23
43612823
43712623
43912223
43a12023
41b12e23
89b64785
8c2e842a
f06384b2
46012ed7
46854d85
a8095cfd
41978db3
4685863e
00d607b3
0337f763
01948733
85b39736
c58300f4
47030005
efe30007
8663fce5
8cb214e5
06054685
00d607b3
ede34d85
4581fd37
46054805
4705557d
0833a809
85ba40a7
87334605
776300c5
87b30337
86b300c4
97aa00e4
0006c683
0007c783
fcd7efe3
10f68763
4605852e
87330585
480500c5
fd376de3
0c850505
01956463
8caa8dc2
0713081c
a0234101
07910137
fef71de3
fff98913
009985b3
86338726
8f630124
47830009
05130007
06b34101
078a40e6
070597aa
c0d7a023
fee595e3
85b38666
852601b4
15632665
6b851205
87934a05
8b93fffc
4b01800b
0a334d01
c63e419a
41b98ab3
0179ebb3
01a405b3
012587b3
0007c783
41010713
97ba078a
c007a783
0563cbbd
f363000b
87d601b7
4b019d3e
413c07b3
fda7fae3
01840533
29cd85de
07b39c2a
f1e3413c
4501fda7
44c12083
44812403
44412483
44012903
43c12983
43812a03
43412a83
43012b03
42c12b83
42812c03
42412c83
42012d03
41c12d83
45010113
8b638082
068514dd
0463bd41
06051506
8766b5f9
016cf363
7063875a
07b30327
883301a7
97a200e4
00084683
0007c783
04f69363
64e30705
4732ff27
66638866
a01d019b
03670d63
07b3872a
86b301a7
97a200e4
0006c683
0007c783
00170813
fff70513
fef680e3
001b0613
00c86e63
8b569d6e
9d52bf25
4b019d3a
885abf05
001b0613
fec876e3
bf3d852e
41998ab3
0b9aef63
4a056b05
800b0b13
4b810a85
419a0a33
eb335d7d
06330169
07b30174
c7830126
07130007
078a4101
a78397ba
cf85c007
07b39bbe
f0e3413c
0533ff77
85da0184
9c2a2ee1
413c07b3
ef77e5e3
01740633
012607b3
0007c783
41010713
97ba078a
c007a783
8766f7f1
012ce663
0705a015
03277063
017707b3
00e48833
468397a2
c7830008
84e30007
9bd2fef6
b7559bba
fffc8793
01a79563
8863a80d
873303a7
86b30177
972200f4
0006c683
00074703
84e317fd
9bd6fee6
8ae6bfad
95b2b791
b3614605
4685966e
8532bb35
4d85b5a5
bb5d4c81
cca2711d
ce86caa6
c6cec8ca
c2d6c4d2
c58384ae
842a0005
c683cddd
81630014
c7031206
c3710024
0034c603
10060d63
0044c783
8526cfe9
892a246d
20056593
26098522
0f256c63
0fe00793
1527e363
412509b3
04000613
00190593
99a2850a
b59ff0ef
02090563
0ff97613
05b38726
96260099
00074783
06b30088
f79340e6
97aa03f7
80230705
95e3fcd7
6a85fee5
800a8a93
07b3147d
c7830124
00980007
03f7f793
c50397ba
942afc07
0089f663
9452a0d1
0c89e063
012407b3
0007c783
85220098
03f7f793
864a97ba
ca0385a6
20f9fc07
40f6fd79
44668522
494644d6
4a2649b6
61254a96
05c28082
00054703
47818dd5
8436a011
8fd907c2
4703c321
06930014
98e30014
147dfef5
9793b7e9
05e20106
00054683
8fd18fcd
8fd90722
4701ce91
8363a019
852206e7
04050722
46838f55
fae50004
04e78a63
bf614401
842a284d
9793bf49
95930185
07220106
8fd98fcd
00054683
a0114701
8f558432
dee90722
00144683
00140613
fee798e3
b7951479
01298533
00054783
85d6d3e1
99aa22d1
f089f8e3
b7b14401
ffd50413
85aab799
852286ca
3e3d8626
bf25842a
f063478d
67b302c7
8b8d00b5
ef9d468d
419c4118
02f71c63
05111671
e9e30591
0693fec6
c20dfff6
96ae0685
8d63a019
478300d5
c7030005
05050005
88e30585
8533fee7
808240e7
80824501
fff60693
f693bfe1
77930ff5
cad10035
4783cb91
c7c10005
08d78463
77930505
fbe50035
0ff5f593
00859793
41188ddd
01059313
00b36333
feff0837
00e34633
eff80813
010607b3
010705b3
fff64613
fff74713
8f6d8ff1
808088b7
88938fd9
f7b30808
e39d0117
05114158
00674633
010707b3
010605b3
fff74713
fff64613
8e6d8ff9
f7b38fd1
dff90117
00054783
8163c799
478306f6
05050015
4501fbfd
cb818082
00054783
0505dfe5
00357793
4118fbf5
feff0637
eff60613
00c707b3
808086b7
fff74713
86938ff9
8ff50806
4158eb91
07b30511
471300c7
8ff9fff7
dbe58ff5
00054783
4783dfc5
05050015
8082ffed
77938082
872a0035
86b7ef95
86937f7f
55fdf7f6
07114310
00d677b3
8fd197b6
89e38fd5
4683feb7
4603ffc7
4783ffd7
8f09ffe7
c20dc68d
00f03533
1579953a
d6e18082
00074783
76930705
fbf50037
05138f09
8082fff7
ffd70513
05138082
8082ffc7
06b3862a
852e00b6
e58987b2
0785a811
00f68763
0007c703
8533fb7d
808240c7
00008082
7478650a
74636172
5f65695f
65646f63
746e6520
64657265
0000000a
65637865
6f697470
6f63206e
3d206564
0a782520
00000000
72747865
5f746361
635f6569
2065646f
74697865
000a6465
6665640a
746c7561
6e61685f
72656c64
746e6520
64657265
0000000a
6e61680a
5f656c64
70617274
746e6520
64657265
0000000a
6172540a
6d203a70
73756163
203d2065
202c7825
20637065
7825203d
0000000a
657a6973
7528666f
70746e69
20297274
25203d20
000a2064
72756f53
6f206563
72542066
203a7061
65746e49
70757272
00000a74
72756f53
6f206563
72542066
203a7061
74666f53
65726177
0000000a
646e6168
745f656c
20706172
74697865
000a6465
6170200a
2063696e
0000000a
6c756e28
0000296c
ffff4f9a
ffff4fdc
ffff526c
ffff5096
ffff526c
ffff526c
ffff526c
ffff526c
ffff526c
ffff4f88
ffff526c
ffff526c
ffff517e
ffff526c
ffff526c
ffff526c
ffff4fae
ffff526c
ffff510a
ffff526c
ffff526c
ffff51f2
70617274
696e695f
6e652074
65726574
200a2064
00000000
70617274
696e695f
78652074
64657469
00200a20
74696e69
746e6520
64657265
00200a20
74696e69
69786520
0a646574
00000000
00000000
72646461
25203d20
61642078
3d206174
0a782520
00000000
9abcaf48
3e7ad7f2
6e6f630a
75676966
635f6572
746e756f
65207265
7265746e
000a6465
6d69746d
706d6365
6c617620
3d206575
0a642520
00000000
6d69746d
61762065
2065756c
6425203d
0000000a
6e6f630a
75676966
635f6572
746e756f
65207265
65746978
00000a64
63616d0a
6c635f68
5f746e69
646e6168
2072656c
65746e65
0a646572
00000000
6d69746d
706d6365
6c617620
3d206575
0a782520
00000000
6d69746d
61762065
2065756c
7825203d
0000000a
6863616d
696c635f
685f746e
6c646e61
65207265
65746978
00000a64
746e690a
75727265
635f7470
6c706d6f
20657465
65746e65
0a646572
00000000
65746e69
70757272
64692074
2c642520
61747320
63206574
676e6168
74206465
6425206f
0000000a
65746e69
70757272
64692074
25203d20
200a2078
65736572
6f742074
66656420
746c7561
6c617620
20736575
74617473
203d2065
09207825
0a202009
69727020
7469726f
203d2079
200a7825
6e756f63
203d2074
000a7825
65746e69
70757272
6f635f74
656c706d
65206574
65746978
00000a64
746e690a
75727265
635f7470
6d69616c
7165725f
74736575
746e6520
64657265
0000000a
65746e69
70757272
64692074
78255b20
6c63205d
656d6961
61202064
64612074
73657264
78252073
0000000a
65746e69
70757272
6c635f74
5f6d6961
75716572
20747365
74697865
000a6465
63616d0a
6c705f68
685f6369
6c646e61
65207265
7265746e
000a6465
65746e69
70757272
64692074
616c6320
64656d69
25203d20
00000a78
61746146
7265206c
2c726f72
746e6920
75727265
69207470
255b2064
63205d78
6d69616c
69206465
72772073
0a676e6f
00000000
65746e69
70757272
64692074
20642520
706d6f63
6574656c
00000a20
63616d0a
6c705f68
685f6369
6c646e61
65207265
65746978
00000a64
7273690a
6665645f
746c7561
746e6520
64657265
0000000a
65746e69
70757272
255b2074
73205d64
69767265
0a646563
00000000
7273690a
6665645f
746c7561
69786520
0a646574
00000000
746e690a
75727265
655f7470
6c62616e
6e652065
65726574
000a2064
65746e69
70757272
64695f74
25203d20
00000a78
43494c50
53414220
44412045
53455244
203d2053
202c7825
43494c50
414e4520
20454c42
5346464f
3d205445
0a782520
00000000
65746e69
70757272
6e655f74
656c6261
6464615f
203d2072
63207825
65727275
765f746e
65756c61
25203d20
000a2078
756c6176
65722065
203a6461
5f77656e
756c6176
203d2065
000a7825
746e690a
75727265
655f7470
6c62616e
78652065
64657469
00000a20
746e690a
75727265
645f7470
62617369
6520656c
7265746e
0a206465
00000000
43494c50
53414220
44412045
53455244
203d2053
202c7825
43494c50
414e4520
20454c42
5346464f
3d205445
20782520
65746e69
70757272
64695f74
25203d20
00000a78
65746e69
70757272
69645f74
6c626173
64615f65
3d207264
20782520
72727563
5f746e65
756c6176
203d2065
0a207825
00000000
65746e69
70757272
69645f74
6c626173
78652065
64657469
0000000a
7465730a
746e6920
75727265
745f7470
73657268
646c6f68
746e6520
64657265
0000000a
63696c70
72687420
6f687365
7320646c
74207465
6425206f
0000000a
20746573
65746e69
70757272
68745f74
68736572
20646c6f
74697865
000a6465
6573200a
6e692074
72726574
20747075
6f697270
79746972
746e6520
64657265
0a782520
00000000
65746e69
70757272
72705f74
69726f69
615f7974
65726464
3d207373
0a782520
00000000
72727563
20746e65
61746164
20746120
65746e69
70757272
72705f74
69726f69
615f7974
65726464
3d207373
0a782520
00000000
77656e20
74616420
74612061
746e6920
75727265
705f7470
726f6972
5f797469
72646461
20737365
7825203d
0000000a
20746573
65746e69
70757272
72702074
69726f69
65207974
65746978
00000a64
6e6f630a
75676966
69206572
7265746e
74707572
6e697020
746e6520
64657265
0000000a
4f495047
52494420
49544345
52204e4f
53494745
20524554
554c4156
203d2045
000a7825
61746144
69727720
6e657474
206f7420
4f495047
52494420
49544345
43204e4f
204c5254
20474552
7825203d
0000000a
666e6f63
72756769
6e692065
72726574
20747075
206e6970
74697865
000a6465
696c700a
6e695f63
65207469
7265746e
000a6465
69737341
64656e67
63616d20
6c705f68
685f6369
6c646e61
74207265
7274206f
69207061
203a2064
000a6425
2a2a2a0a
2a2a2a2a
2a2a2a2a
2a2a2a2a
2a2a2a2a
2a2a2a2a
2a2a2a2a
2a2a2a2a
2a2a2a2a
2a2a2a2a
2a2a2a2a
2a2a2a2a
0000002a
746e690a
75727265
69207470
203d2064
0a207825
65736572
6f742074
66656420
746c7561
6c617620
20736575
74617473
203d2065
09207825
20200909
6972700a
7469726f
203d2079
630a7825
746e756f
25203d20
09200a78
20200909
2a2a2a0a
2a2a2a2a
2a2a2a2a
2a2a2a2a
2a2a2a2a
2a2a2a2a
2a2a2a2a
2a2a2a2a
2a2a2a2a
2a2a2a2a
2a2a2a2a
2a2a2a2a
00002a2a
63696c70
696e695f
78652074
64657469
00000a20
6e6f630a
75676966
695f6572
7265746e
74707572
746e6520
64657265
00000a20
666e6f63
72756769
6e695f65
72726574
20747075
74697865
0a206465
00000000
7265500a
20646f69
69676552
72657473
6c615620
68206575
65686769
68742072
6d206e61
76207861
65756c61
78252820
00000029
6550200a
646f6972
67655220
65747369
666f2072
646f6d20
20656c75
626d756e
25207265
65732064
6f742074
00782520
7475440a
65522079
74736967
56207265
65756c61
67696820
20726568
6e616874
78616d20
6c617620
28206575
00297825
7544200a
52207974
73696765
20726574
6d20666f
6c75646f
756e2065
7265626d
20642520
20746573
25206f74
00000078
6e6f430a
6c6f7274
67655220
65747369
61562072
2065756c
68676968
74207265
206e6168
2078616d
756c6176
25282065
00002978
6f43200a
6f72746e
6552206c
74736967
6f207265
6f6d2066
656c7564
6d756e20
20726562
73206425
74207465
7825206f
00000000
7552200a
6e696e6e
6e692067
6e6f6320
756e6974
2073756f
65646f6d
302f3128
25203a29
00000064
6f6c430a
52206b63
73696765
20726574
756c6156
69682065
72656867
61687420
616d206e
61762078
2065756c
29782528
00000000
6c41200a
6572206c
74736967
20737265
6d20666f
6c75646f
756e2065
7265626d
20642520
61656c63
00646572
6c41200a
6552206c
74736967
76207265
65756c61
666f2073
6c6c6120
646f6d20
73656c75
656c6320
64657261
00000000
7543200a
6e657272
6f4d2074
656c7564
20736920
20746573
50206f74
6d204d57
0065646f
7543200a
6e657272
6f4d2074
656c7564
20736920
20746573
74206f74
72656d69
636e6f20
6e6f2065
6d20796c
0065646f
7543200a
6e657272
6f4d2074
656c7564
20736920
20746573
74206f74
72656d69
6e6f6320
756e6974
2073756f
65646f6d
00000000
5750200a
6f6d204d
656c7564
6d756e20
20726562
68206425
62207361
206e6565
65746e65
00646572
5750200a
6f6d204d
656c7564
6d756e20
20726562
6e206425
6520746f
7265746e
00006465
7245200a
20726f72
73206e69
69747465
6320676e
6b636f6c
67657220
65747369
00000072
7245200a
20726f72
73206e69
69747465
6420676e
20797475
69676572
72657473
00000000
7245200a
20726f72
73206e69
69747465
7020676e
6f697265
65722064
74736967
00007265
4d57500a
20642520
63637573
75667365
20796c6c
666e6f63
72756769
00006465
5750200a
6f6d204d
656c7564
6d756e20
20726562
68206425
62207361
206e6565
706f7473
00646570
6568540a
6c617620
6f206575
65702066
646f6972
67657220
65747369
73692072
00782520
6568540a
6c617620
6f206575
75642066
72207974
73696765
20726574
25207369
00000078
6568540a
6c617620
6f206575
6f632066
6f72746e
6572206c
74736967
69207265
78252073
00000000
6568540a
6c617620
6f206575
6c632066
206b636f
69676572
72657473
20736920
00007825
69737341
64656e67
73756320
5f6d6f74
6e696c63
61685f74
656c646e
6f742072
61727420
64692070
25203a20
00000a64
63656843
676e696b
20666920
38347372
69742035
6f64656d
0a3f7475
00000000
656d6954
2074756f
6d6f7266
61657220
676e6964
6e756620
6f697463
00000a6e
38345352
70612035
63696c70
6f697461
6f6d206e
656c7564
696e6920
00000a74
2d2d2d2d
74654d2d
49207265
64252064
494e493a
20262054
2d46464f
2d2d2d2d
0000000a
2d2d2d2d
2d2d2d2d
74654d2d
49207265
64252064
4c45523a
4f205941
2d2d2d4e
2d2d2d2d
000a2d2d
2d2d2d2d
2d2d2d2d
74654d2d
49207265
64252064
4c45523a
4f205941
2d2d4646
2d2d2d2d
0a2d2d2d
00000000
2d2d2d2d
2d2d2d2d
6574654d
64492072
3a642520
414c4552
72452059
2d726f72
2d2d2d2d
000a2d2d
20525349
6c6c6163
000a6465
2d2d2d2d
64616552
20676e69
6574654d
64492072
2064253a
2d2d2d2d
0000000a
3d207325
00000020
20666c25
0000000a
0a666c25
00000000
656d614e
20666f20
61726170
6574656d
6f6e2072
6f662074
20646e75
0000000a
ffff79b6
ffff80f4
ffff7a10
ffff80f4
ffff7a6a
ffff80f4
ffff7ac4
ffff80f4
ffff7b1c
ffff80f4
ffff7b74
ffff80f4
ffff7bcc
ffff80f4
ffff7c24
ffff80f4
ffff7c7c
ffff80f4
ffff80f4
ffff80f4
ffff80f4
ffff80f4
ffff80f4
ffff80f4
ffff7cd4
ffff80f4
ffff7d2c
ffff80f4
ffff7d84
ffff80f4
ffff7e34
ffff80f4
ffff7e8c
ffff80f4
ffff7ee4
ffff80f4
ffff80f4
ffff80f4
ffff80f4
ffff80f4
ffff80f4
ffff80f4
ffff80f4
ffff80f4
ffff80f4
ffff80f4
ffff80f4
ffff80f4
ffff80f4
ffff80f4
ffff80f4
ffff80f4
ffff80f4
ffff80f4
ffff80f4
ffff80f4
ffff80f4
ffff80f4
ffff80f4
ffff80f4
ffff80f4
ffff80f4
ffff80f4
ffff80f4
ffff80f4
ffff80f4
ffff80f4
ffff80f4
ffff80f4
ffff80f4
ffff7ddc
ffff80f4
ffff7f3c
ffff80f4
ffff7f94
63656843
6f6d206b
656c7564
65727020
746e6573
0000000a
522b5441
00005453
00005441
30455441
00000000
472b5441
0000524d
00004b4f
64616572
6f726620
7365206d
36323870
73252036
0000000a
4f525245
00000052
64616572
65786520
65747563
000a2064
6e6e6f43
69746365
202e676e
20202020
00000000
45534552
00000a54
4f484345
46464f20
0000000a
6e6e6f43
69746365
2e2e676e
20202020
00000000
532b5441
5045454c
0000303d
45454c53
4f4d2050
44204544
42415349
0a44454c
00000000
432b5441
54554157
4e4f434f
00313d4e
4f545541
4e4f4320
5443454e
414e4520
44454c42
0000000a
6e6e6f43
69746365
2e2e676e
2020202e
00000000
432b5441
554d5049
00303d58
0a58554d
00000000
432b5441
54535049
3d545241
50435422
31222c22
312e3239
342e3836
2c22312e
00003038
00007325
4e4e4f43
00000000
45524c41
00594441
6e6e6f43
65746365
20202164
20202020
00000000
20202020
20202020
20202020
20202020
00000000
4450492b
0000302c
61746144
6f726620
6c63206d
746e6569
203a3020
000a7325
4450492b
0000312c
61746144
6f726620
6c63206d
746e6569
203a3120
000a7325
6e6b6e55
206e776f
61746164
756f7320
3a656372
0a732520
00000000
432b5441
3d46474d
00000031
432b5441
4144474d
4c45443d
4c4c4120
00000000
432b5441
3d474552
00000031
6e6e6f43
69746365
2e2e676e
2020202e
00000020
54524155
53492031
6e692052
000a7469
5241550a
49203254
69205253
0a74696e
00000000
432b5441
45535049
313d444e
00000030
432b5441
3d53474d
37393022
39313436
38363836
00000022
20525349
61746164
6e6f6320
6e696174
4d432073
00000a44
44414552
2031304d
204c4c41
41524150
0000000a
64616552
20676e69
2020314d
20202020
00000000
6e69460a
46206c61
656d6172
0a73253d
00000000
4554454d
31302052
4c455220
4f205941
43204646
0a455341
00000000
6e727554
66664f20
20314d20
67697274
0000000a
63736944
656e6e6f
4d207463
20202031
00000000
4554454d
31302052
4c455220
4f205941
4143204e
000a4553
6e727554
206e4f20
7420314d
0a676972
00000000
6e6e6f43
20746365
2020314d
20202020
00000000
44414552
2032304d
204c4c41
41524150
0000000a
64616552
20676e69
2020324d
20202020
00000000
4554454d
32302052
4c455220
4f205941
43204646
0a455341
00000000
6e727554
66664f20
20324d20
67697274
0000000a
63736944
656e6e6f
4d207463
20202032
00000000
4554454d
32302052
4c455220
4f205941
4143204e
000a4553
6e727554
206e4f20
7420324d
0a676972
00000000
6e6e6f43
20746365
2020324d
20202020
00000000
44414552
2033304d
204c4c41
41524150
0000000a
4554454d
33302052
4c455220
4f205941
43204646
0a455341
00000000
6e727554
66664f20
20334d20
67697274
0000000a
4554454d
33302052
4c455220
4f205941
4143204e
000a4553
6e727554
206e4f20
7420334d
0a676972
00000000
44414552
2034304d
204c4c41
41524150
0000000a
4554454d
34302052
4c455220
4f205941
43204646
0a455341
00000000
6e727554
66664f20
20344d20
67697274
0000000a
4554454d
34302052
4c455220
4f205941
4143204e
000a4553
6e727554
206e4f20
7420344d
0a676972
00000000
432b5441
45535049
313d444e
00003435
61746144
6e657320
20202174
20202020
00000000
00003130
656d6954
2074756f
6f727265
20202172
00000000
00002020
20202020
48534e41
4e414d55
20202020
00000000
2d545345
6b616853
74206974
20747365
00000000
65646f6d
696e6920
74616974
20216465
00000000
65725020
73207373
63746977
20736568
00000000
20345320
20335320
20325320
20315320
00000000
70203153
73736572
000a6465
20202020
20202020
20202020
204b4f20
00000000
70203253
73736572
000a6465
20202020
20202020
204b4f20
20202020
00000000
70203353
73736572
000a6465
20202020
204b4f20
20202020
20202020
00000000
70203453
73736572
000a6465
204b4f20
20202020
20202020
20202020
00000000
3d3d3d0a
443d3d3d
20617461
4c4c4f43
4f544345
3d3d3d52
0a3d3d3d
00000000
74696157
202e2e2e
20202020
20202020
00000000
6574654d
65742072
00007473
74696e69
65746169
00002164
0a0a0a0a
3e3d3d3d
656e4520
20796772
6574656d
65742072
6d207473
2065646f
656c6573
0a217463
00000000
74736554
20676e69
6574656d
6f662072
44492072
2031303a
796c6e6f
0a0a0a21
00000000
74736554
74654d20
31207265
004e4f2f
54544157
0000003d
74736554
74654d20
31207265
46464f2f
00000000
20202020
74654d20
31207265
00000000
444f4d20
20535542
4c494146
00214445
540a0a0a
20747365
65646e65
666f2064
74656d20
77207265
20687469
303a4449
00000a31
75736552
203a746c
4c494146
0a214445
00000000
75736552
203a746c
53534150
0a214445
00000000
74736554
74654d20
32207265
004e4f2f
74736554
74654d20
32207265
46464f2f
00000000
20202020
74654d20
32207265
00000000
540a0a0a
20747365
65646e65
666f2064
74656d20
77207265
20687469
303a4449
00000a32
72502020
2f737365
656c6552
00657361
573d3453
2f696669
004d5347
44202020
20422d43
4d534728
20202029
00000000
204d5347
65646f6d
6c657320
65746365
00000a64
44202020
20412d43
46695728
20202969
00000000
69466957
646f6d20
65732065
7463656c
000a6465
7461440a
6f632061
63656c6c
20726f74
64616572
000a2179
2d2d2d2d
2d2d2d2d
412d4344
69572820
2d296946
2d2d2d2d
0a2d2d2d
00000000
54524155
00000a32
444d4324
00000000
70203353
73736572
72206465
74657365
20676e69
2064636c
0000000a
432b5441
45535049
363d444e
00000000
20202020
00000000
2d2d2d2d
2d2d2d2d
422d4344
53472820
2d2d294d
2d2d2d2d
000a2d2d
544d432b
00003a49
432b5441
004c474d
6d6d6f43
2d646e61
0000003e
000a7325
50535224
00000000
70736552
65736e6f
00003e2d
4552432b
30203a47
00000000
4552432b
31203a47
00000000
6e6e6f43
65746365
20202064
20202020
00000000
4552432b
32203a47
00000000
4552432b
33203a47
00000000
41200000
ff800000
7f800000
7fc00000
80000000
4b000000
00800000
3f800000
00000000
40000000
40000000
43000000
42100000
42aa0000
00000000
43300000
00000000
c3300000
8000906a
8000911e
80009074
8000911e
80009110
8000911e
80009074
8000906a
8000906a
80009110
80009074
80009050
80009050
80009050
80009078
8000966a
8000966a
80009682
80009664
80009664
80009710
80009682
80009664
80009710
80009664
80009682
80009662
80009662
80009662
80009710
8000a2ca
8000a32a
8000a2d2
8000a32a
8000a31e
8000a32a
8000a2d2
8000a2ca
8000a2ca
8000a31e
8000a2d2
8000a2b2
8000a2b2
8000a2b2
8000a2d6
8000a608
8000a608
8000a620
8000a604
8000a604
8000a666
8000a620
8000a604
8000a666
8000a604
8000a620
8000a602
8000a602
8000a602
8000a666
02020100
03030303
04040404
04040404
05050505
05050505
05050505
05050505
06060606
06060606
06060606
06060606
06060606
06060606
06060606
06060606
07070707
07070707
07070707
07070707
07070707
07070707
07070707
07070707
07070707
07070707
07070707
07070707
07070707
07070707
07070707
07070707
08080808
08080808
08080808
08080808
08080808
08080808
08080808
08080808
08080808
08080808
08080808
08080808
08080808
08080808
08080808
08080808
08080808
08080808
08080808
08080808
08080808
08080808
08080808
08080808
08080808
08080808
08080808
08080808
08080808
08080808
08080808
08080808
00000000
00000010
00000000
00527a03
01017c01
00020d1b
00000010
00000018
ffffaeb2
00000366
00000000
00000010
0000002c
ffffb204
00000354
00000000
00000000
3ff00000
00000000
fff00000
00000000
7ff00000
40000000
3fe2b803
43cfd006
3e4cfdeb
00000000
3ff80000
00000000
bff00000
8800759c
7e37e43c
60000000
3ff71547
f85ddf44
3e54ae0b
00000000
3fd00000
55555555
3fd55555
00000000
3fe00000
652b82fe
3ff71547
00000000
43400000
4a454eef
3fca7e28
93c9db65
3fcd864a
a91d4101
3fd17460
518f264d
3fd55555
db6fabff
3fdb6db6
33333303
3fe33333
00000000
40080000
e0000000
3feec709
dc3a03fd
3feec709
145b01f5
be3e2fe0
652b82fe
3c971547
c2f8f359
01a56e1f
00000000
3fe62e43
fefa39ef
3fe62e42
0ca86c39
be205c61
72bea4d0
3e663769
c5d26bf1
3ebbbd41
af25de2c
3f11566a
16bebd93
3f66c16c
5555553e
3fc55555
00000000
40000000
00000000
7ff80000
00000000
43500000
8800759c
fe37e43c
c2f8f359
81a56e1f
00000000
3c900000
8000d320
8fffffe0
8800707a
8000e114
8800707a
0200bff8
02004000
00041510
544c4f56
00000031
544c4f56
00000032
544c4f56
00000033
54544157
00000031
54544157
00000032
54544157
00000033
31524156
00000000
32524156
00000000
33524156
00000000
00314650
00324650
00334650
31204c56
0000322d
32204c56
0000332d
33204c56
0000312d
8000d320
00000000
00000000
00000000
00000000
00000000
00000000
00000000
00000000
00000000
00000000
00000000
00000000
00000000
00000000
00000000
00000000
01000000
00000001
000007e8
52525543
31544e45
00000000
52525543
32544e45
00000000
52525543
33544e45
00000000
71657246
636e6575
00000079
49206857
726f706d
00000074
45206857
726f7078
00000074
00000000
00000000
8000d60c
8000d674
8000d6dc
00000000
00000000
00000000
00000000
00000000
00000000
00000000
00000000
00000000
00000000
00000000
00000000
00000000
00000000
00000000
00000000
00000000
00000000
00000000
00000000
00000000
00000000
00000000
00000000
00000000
00000000
00000000
00000000
00000000
00000000
00000000
00000000
00000000
00000000
00000000
00000000
00000000
00000000
00000001
00000000
abcd330e
e66d1234
0005deec
0000000b
00000000
00000000
00000000
00000000
00000000
00000000
00000000
00000000
00000000
00000000
00000000
00000000
00000000
00000000
00000000
00000000
00000000
00000000
00000000
00000000
00000000
00000000
00000000
00000000
00000000
00000000
00000000
00000000
00000000
00000000
00000000
00000000
00000000
00000000
00000000
00000000
00000000
00000000
00000000
00000000
00000000
00000000
00000000
00000000
00000000
00000000
00000000
00000000
00000000
00000000
00000000
00000000
00000000
00000000
00000000
00000000
00000000
00000000
00000000
00000000
00000000
00000000
00000000
00000000
00000000
00000000
00000000
00000000
00000000
00000000
00000000
00000000
00000000
00000000
00000000
00000000
00000000
00000000
00000000
00000000
00000000
00000000
00000000
00000000
00000000
00000000
00000000
00000000
00000000
00000000
00000000
00000000
00000000
00000000
00000000
00000000
00000000
00000000
00000000
00000000
00000000
00000000
00000000
00000000
00000000
00000000
00000000
00000000
00000000
00000000
00000000
00000000
00000000
00000000
00000000
00000000
00000000
00000000
00000000
00000000
00000000
00000000
00000000
00000000
00000000
00000000
00000000
00000000
00000000
00000000
00000000
00000000
00000000
00000000
00000000
00000000
00000000
00000000
00000000
00000000
00000000
00000000
00000000
00000000
00000000
00000000
00000000
00000000
00000000
00000000
00000000
00000000
00000000
00000000
00000000
00000000
00000000
00000000
00000000
00000000
00000000
00000000
00000000
00000000
00000000
00000000
00000000
00000000
00000000
00000000
00000000
00000000
00000000
00000000
00000000
00000000
00000000
00000000
00000000
00000000
00000000
00000000
00000000
00000000
00000000
00000000
00000000
00000000
00000000
00000000
00000000
00000000
00000000
00000000
00000000
00000000
00000000
00000000
00000000
00000000
00000000
00000000
00000000
00000000
00000000
00000000
00000000
00000000
00000000
00000000
00000000
00000000
00000000
00000000
00000000
00000000
00000000
00000000
00000000
00000000
00000000
00000000
00000000
00000000
00000000
00000000
00000000
00000000
00000000
00000000
00000000
00000000
00000000
00000000
00000000
00000000
00000000
00000000
00000000
00000000
00000000
00000000
00000000
00000000
00000000
00000000
00000000
00000000
00000000
00000000
00000000
00000000
00000000
00000000
00000000
00000000
00000000
00000000
00000000
00000000
00000000
00000000
00000000
00000000
00000000
00000000
00000000
00000000
00000000
00000000
00000000
00000000
00000000
00000000
00000000
00000000
00000000
00000000
00000000
00000000
00000000
00000000
00000000
00000000
00000000
00000000
00000000
00000000
00000000
00000000
00000000
00000000
00000000
00000000
00000000
00000000
00000000
00000000
00000000
00000000
00000000
00000000
00000000
00000000
00000000
00000000
00000000
00000000
00000000
00000000
00000000
00000000
00000000
00000000
00000000
00000000
00000000
00000000
00000000
00000000
00000000
00000000
00000000
00000000
00000000
00000000
00000000
00000000
00000000
00000000
00000000
00000000
00000000
00000000
00000000
00000000
00000000
00000000
00000000
00000000
00000000
00000000
00000000
00000000
00000000
00000000
00000000
00000000
00000000
00000000
00000000
00000000
00000000
00000000
00000000
00000000
00000000
00000000
00000000
00000000
00000000
00000000
00000000
00000000
00000000
00000000
00000000
00000000
00000000
00000000
00000000
00000000
00000000
00000000
00000000
00000000
00000000
00000000
00000000
00000000
00000000
00000000
00000000
00000000
00000000
00000000
00000000
00000000
00000000
00000000
00000000
00000000
00000000
00000000
00000000
00000000
00000000
00000000
00000000
00000000
00000000
00000000
00000000
00000000
00000000
00000000
00000000
00000000
00000000
00000000
00000000
00000000
00000000
00000000
00000000
00000000
00000000
00000000
00000000
00000000
00000000
00000000
00000000
00000000
00000000
00000000
00000000
00000000
00000000
00000000
00000000
00000000
00000000
00000000
00000000
00000000
00000000
00000000
00000000
00000000
00000000
00000000
00000000
00000000
00000000
00000000
00000000
00000000
00000000
00000000
00000000
00000000
00000000
00000000
00000000
00000000
00000000
00000000
00000000
00000000
00000000
00000000
00000000
00000000
00000000
00000000
00000000
00000000
00000000
00000000
00000000
00000000
00000000
00000000
00000000
00000000
00000000
00000000
00000000
00000000
00000000
00000000
00000000
00000000
00000000
00000000
00000000
00000000
00000000
00000000
00000000
00000000
00000000
00000000
00000000
00000000
00000000
00000000
00000000
00000000
00000000
00000000
00000000
00000000
00000000
00000000
00000000
00000000
00000000
00000000
00000000
00000000
00000000
00000000
00000000
00000000
00000000
00000000
00000000
00000000
00000000
00000000
00000000
00000000
00000000
00000000
00000000
00000000
00000000
00000000
00000000
00000000
00000000
00000000
00000000
00000000
00000000
00000000
00000000
00000000
00000000
00000000
00000000
00000000
00000000
00000000
00000000
00000000
00000000
00000000
00000000
00000000
00000000
00000000
00000000
00000000
00000000
00000000
00000000
00000000
00000000
00000000
00000000
00000000
00000000
00000000
00000000
00000000
00000000
00000000
00000000
00000000
00000000
00000000
00000000
00000000
00000000
00000000
00000000
00000000
00000000
00000000
00000000
00000000
00000000
00000000
00000000
00000000
00000000
00000000
00000000
00000000
00000000
00000000
00000000
00000000
00000000
00000000
00000000
00000000
00000000
00000000
00000000
00000000
00000000
00000000
00000000
00000000
00000000
00000000
00000000
00000000
00000000
00000000
00000000
00000000
00000000
00000000
00000000
00000000
00000000
00000000
00000000
00000000
00000000
00000000
00000000
00000000
00000000
00000000
00000000
00000000
00000000
00000000
00000000
00000000
00000000
00000000
00000000
00000000
00000000
00000000
00000000
00000000
00000000
00000000
00000000
00000000
00000000
00000000
00000000
00000000
00000000
00000000
00000000
00000000
00000000
00000000
00000000
00000000
00000000
00000000
00000000
00000000
00000000
00000000
00000000
00000000
00000000
00000000
00000000
00000000
00000000
00000000
00000000
00000000
00000000
00000000
00000000
00000000
00000000
00000000
00000000
00000000
00000000
00000000
00000000
00000000
00000000
00000000
00000000
00000000
00000000
00000000
00000000
00000000
00000000
00000000
00000000
00000000
00000000
00000000
00000000
00000000
00000000
00000000
00000000
00000000
00000000
00000000
00000000
00000000
00000000
00000000
00000000
00000000
00000000
00000000
00000000
00000000
00000000
00000000
00000000
00000000
00000000
00000000
00000000
00000000
00000000
00000000
00000000
00000000
00000000
00000000
00000000
00000000
00000000
00000000
00000000
00000000
00000000
00000000
00000000
00000000
00000000
00000000
00000000
00000000
00000000
00000000
00000000
00000000
00000000
00000000
00000000
00000000
00000000
00000000
00000000
00000000
00000000
00000000
00000000
00000000
00000000
00000000
00000000
00000000
00000000
00000000
00000000
00000000
00000000
00000000
00000000
00000000
00000000
00000000
00000000
00000000
00000000
00000000
00000000
00000000
00000000
00000000
00000000
00000000
00000000
00000000
00000000
00000000
00000000
00000000
00000000
00000000
00000000
00000000
00000000
00000000
00000000
00000000
00000000
00000000
00000000
00000000
00000000
00000000
00000000
00000000
00000000
00000000
00000000
00000000
00000000
00000000
00000000
00000000
00000000
00000000
00000000
00000000
00000000
00000000
00000000
00000000
00000000
00000000
00000000
00000000
00000000
00000000
00000000
00000000
00000000
00000000
00000000
00000000
00000000
00000000
00000000
00000000
00000000
00000000
00000000
00000000
00000000
00000000
00000000
00000000
00000000
00000000
00000000
00000000
00000000
00000000
00000000
00000000
00000000
00000000
00000000
00000000
00000000
00000000
00000000
00000000
00000000
00000000
00000000
00000000
00000000
00000000
00000000
00000000
00000000
00000000
00000000
00000000
00000000
00000000
00000000
00000000
00000000
00000000
00000000
00000000
00000000
00000000
00000000
00000000
00000000
00000000
00000000
00000000
00000000
00000000
00000000
00000000
00000000
00000000
00000000
00000000
00000000
00000000
00000000
00000000
00000000
00000000
00000000
00000000
00000000
00000000
00000000
00000000
00000000
00000000
00000000
00000000
00000000
00000000
00000000
00000000
00000000
00000000
00000000
00000000
00000000
00000000
00000000
00000000
00000000
00000000
00000000
00000000
00000000
00000000
00000000
00000000
00000000
00000000
00000000
00000000
00000000
00000000
00000000
00000000
00000000
00000000
00000000
00000000
00000000
00000000
00000000
00000000
00000000
00000000
00000000
00000000
00000000
00000000
00000000
00000000
00000000
00000000
00000000
00000000
00000000
00000000
00000000
00000000
00000000
00000000
00000000
00000000
00000000
00000000
00000000
00000000
00000000
00000000
00000000
00000000
00000000
00000000
00000000
00000000
00000000
00000000
00000000
00000000
00000000
00000000
00000000
00000000
00000000
00000000
00000000
00000000
00000000
00000000
00000000
00000000
00000000
00000000
00000000
00000000
00000000
00000000
00000000
00000000
00000000
00000000
00000000
00000000
00000000
00000000
00000000
00000000
00000000
00000000
00000000
00000000
00000000
00000000
00000000
00000000
00000000
00000000
00000000
00000000
00000000
00000000
00000000
00000000
00000000
00000000
00000000
00000000
00000000
00000000
00000000
00000000
00000000
00000000
00000000
00000000
00000000
00000000
00000000
00000000
00000000
00000000
00000000
00000000
00000000
00000000
00000000
00000000
00000000
00000000
00000000
00000000
00000000
00000000
00000000
00000000
00000000
00000000
00000000
00000000
00000000
00000000
00000000
00000000
00000000
00000000
00000000
00000000
00000000
00000000
00000000
00000000
00000000
00000000
00000000
00000000
00000000
00000000
00000000
00000000
00000000
00000000
00000000
00000000
00000000
00000000
00000000
00000000
00000000
00000000
00000000
00000000
00000000
00000000
00000000
00000000
00000000
00000000
00000000
00000000
00000000
00000000
00000000
00000000
00000000
00000000
00000000
00000000
00000000
00000000
00000000
00000000
00000000
00000000
00000000
00000000
00000000
00000000
00000000
00000000
00000000
00000000
00000000
00000000
00000000
00000000
00000000
00000000
00000000
00000000
00000000
00000000
00000000
00000000
00000000
00000000
00000000
00000000
00000000
00000000
00000000
00000000
00000000
00000000
00000000
00000000
00000000
00000000
00000000
00000000
00000000
00000000
00000000
00000000
00000000
00000000
00000000
00000000
00000000
00000000
00000000
00000000
00000000
00000000
00000000
00000000
00000000
00000000
00000000
00000000
00000000
00000000
00000000
00000000
00000000
00000000
00000000
00000000
00000000
00000000
00000000
00000000
00000000
00000000
00000000
00000000
00000000
00000000
00000000
00000000
00000000
00000000
00000000
00000000
00000000
00000000
00000000
00000000
00000000
00000000
00000000
00000000
00000000
00000000
00000000
00000000
00000000
00000000
00000000
00000000
00000000
00000000
00000000
00000000
00000000
00000000
00000000
00000000
00000000
00000000
00000000
00000000
00000000
00000000
00000000
00000000
00000000
00000000
00000000
00000000
00000000
00000000
00000000
00000000
00000000
00000000
00000000
00000000
00000000
00000000
00000000
00000000
00000000
00000000
00000000
00000000
00000000
00000000
00000000
00000000
00000000
00000000
00000000
00000000
00000000
00000000
00000000
00000000
00000000
00000000
00000000
00000000
00000000
00000000
00000000
00000000
00000000
00000000
00000000
00000000
00000000
00000000
00000000
00000000
00000000
00000000
00000000
00000000
00000000
00000000
00000000
00000000
00000000
00000000
00000000
00000000
00000000
00000000
00000000
00000000
00000000
00000000
00000000
00000000
00000000
00000000
00000000
00000000
00000000
00000000
00000000
00000000
00000000
00000000
00000000
00000000
00000000
00000000
00000000
00000000
00000000
00000000
00000000
00000000
00000000
00000000
00000000
00000000
00000000
00000000
00000000
00000000
00000000
00000000
00000000
00000000
00000000
00000000
00000000
00000000
00000000
00000000
00000000
00000000
00000000
00000000
00000000
00000000
00000000
00000000
00000000
00000000
00000000
00000000
00000000
00000000
00000000
00000000
00000000
00000000
00000000
00000000
00000000
00000000
00000000
00000000
00000000
00000000
00000000
00000000
00000000
00000000
00000000
00000000
00000000
00000000
00000000
00000000
00000000
00000000
00000000
00000000
00000000
00000000
00000000
00000000
00000000
00000000
00000000
00000000
00000000
00000000
00000000
00000000
00000000
00000000
00000000
00000000
00000000
00000000
00000000
00000000
00000000
00000000
00000000
00000000
00000000
00000000
00000000
00000000
00000000
00000000
00000000
00000000
00000000
00000000
00000000
00000000
00000000
00000000
00000000
00000000
00000000
00000000
00000000
00000000
00000000
00000000
00000000
00000000
00000000
00000000
00000000
00000000
00000000
00000000
00000000
00000000
00000000
00000000
00000000
00000000
00000000
00000000
00000000
00000000
00000000
00000000
00000000
00000000
00000000
00000000
00000000
00000000
00000000
00000000
00000000
00000000
00000000
00000000
00000000
00000000
00000000
00000000
00000000
00000000
00000000
00000000
00000000
00000000
00000000
00000000
00000000
00000000
00000000
00000000
00000000
00000000
00000000
00000000
00000000
00000000
00000000
00000000
00000000
00000000
00000000
00000000
00000000
00000000
00000000
00000000
00000000
00000000
00000000
00000000
00000000
00000000
00000000
00000000
00000000
00000000
00000000
00000000
00000000
00000000
00000000
00000000
00000000
00000000
00000000
00000000
00000000
00000000
00000000
00000000
00000000
00000000
00000000
00000000
00000000
00000000
00000000
00000000
00000000
00000000
00000000
00000000
00000000
00000000
00000000
00000000
00000000
00000000
00000000
00000000
00000000
00000000
00000000
00000000
00000000
00000000
00000000
00000000
00000000
00000000
00000000
00000000
00000000
00000000
00000000
00000000
00000000
00000000
00000000
00000000
00000000
00000000
00000000
00000000
00000000
00000000
00000000
00000000
00000000
00000000
00000000
00000000
00000000
00000000
00000000
00000000
00000000
00000000
00000000
00000000
00000000
00000000
00000000
00000000
00000000
00000000
00000000
00000000
00000000
00000000
00000000
00000000
00000000
00000000
00000000
00000000
00000000
00000000
00000000
00000000
00000000
00000000
00000000
00000000
00000000
00000000
00000000
00000000
00000000
00000000
00000000
00000000
00000000
00000000
00000000
00000000
00000000
00000000
00000000
00000000
00000000
00000000
00000000
00000000
00000000
00000000
00000000
00000000
00000000
00000000
00000000
00000000
00000000
00000000
00000000
00000000
00000000
00000000
00000000
00000000
00000000
00000000
00000000
00000000
00000000
00000000
00000000
00000000
00000000
00000000
00000000
00000000
00000000
00000000
00000000
00000000
00000000
00000000
00000000
00000000
00000000
00000000
00000000
00000000
00000000
00000000
00000000
00000000
00000000
00000000
00000000
00000000
00000000
00000000
00000000
00000000
00000000
00000000
00000000
00000000
00000000
00000000
00000000
00000000
00000000
00000000
00000000
00000000
00000000
00000000
00000000
00000000
00000000
00000000
00000000
00000000
00000000
00000000
00000000
00000000
00000000
00000000
00000000
00000000
00000000
00000000
00000000
00000000
00000000
00000000
00000000
00000000
00000000
00000000
00000000
00000000
00000000
00000000
00000000
00000000
00000000
00000000
00000000
00000000
00000000
00000000
00000000
00000000
00000000
00000000
00000000
00000000
00000000
00000000
00000000
00000000
00000000
00000000
00000000
00000000
00000000
00000000
00000000
00000000
00000000
00000000
00000000
00000000
00000000
00000000
00000000
00000000
00000000
00000000
00000000
00000000
00000000
00000000
00000000
00000000
00000000
00000000
00000000
00000000
00000000
00000000
00000000
00000000
00000000
00000000
00000000
00000000
00000000
00000000
00000000
00000000
00000000
00000000
00000000
00000000
00000000
00000000
00000000
00000000
00000000
00000000
00000000
00000000
00000000
00000000
00000000
00000000
00000000
00000000
00000000
00000000
00000000
00000000
00000000
00000000
00000000
00000000
00000000
00000000
00000000
00000000
00000000
00000000
00000000
00000000
00000000
00000000
00000000
00000000
00000000
00000000
00000000
00000000
00000000
00000000
00000000
00000000
00000000
00000000
00000000
00000000
00000000
00000000
00000000
00000000
00000000
00000000
00000000
00000000
00000000
00000000
00000000
00000000
00000000
00000000
00000000
00000000
00000000
00000000
00000000
00000000
00000000
00000000
00000000
00000000
00000000
00000000
00000000
00000000
00000000
00000000
00000000
00000000
00000000
00000000
00000000
00000000
00000000
00000000
00000000
00000000
00000000
00000000
00000000
00000000
00000000
00000000
00000000
00000000
00000000
00000000
00000000
00000000
00000000
00000000
00000000
00000000
00000000
00000000
00000000
00000000
00000000
00000000
00000000
00000000
00000000
00000000
00000000
00000000
00000000
00000000
00000000
00000000
00000000
00000000
00000000
00000000
00000000
00000000
00000000
00000000
00000000
00000000
00000000
00000000
00000000
00000000
00000000
00000000
00000000
00000000
00000000
00000000
00000000
00000000
00000000
00000000
00000000
00000000
00000000
00000000
00000000
00000000
00000000
00000000
00000000
00000000
00000000
00000000
00000000
00000000
00000000
00000000
00000000
00000000
00000000
00000000
00000000
00000000
00000000
00000000
00000000
00000000
00000000
00000000
00000000
00000000
00000000
00000000
00000000
00000000
00000000
00000000
00000000
00000000
00000000
00000000
00000000
00000000
00000000
00000000
00000000
00000000
00000000
00000000
00000000
00000000
00000000
00000000
00000000
00000000
00000000
00000000
00000000
00000000
00000000
00000000
00000000
00000000
00000000
00000000
00000000
00000000
00000000
00000000
00000000
00000000
00000000
00000000
00000000
00000000
00000000
00000000
00000000
00000000
00000000
00000000
00000000
00000000
00000000
00000000
00000000
00000000
00000000
00000000
00000000
00000000
00000000
00000000
00000000
00000000
00000000
00000000
00000000
00000000
00000000
00000000
00000000
00000000
00000000
00000000
00000000
00000000
00000000
00000000
00000000
00000000
00000000
00000000
00000000
00000000
00000000
00000000
00000000
00000000
00000000
00000000
00000000
00000000
00000000
00000000
00000000
00000000
00000000
00000000
00000000
00000000
00000000
00000000
00000000
00000000
00000000
00000000
00000000
00000000
00000000
00000000
00000000
00000000
00000000
00000000
00000000
00000000
00000000
00000000
00000000
00000000
00000000
00000000
00000000
00000000
00000000
00000000
00000000
00000000
00000000
00000000
00000000
00000000
00000000
00000000
00000000
00000000
00000000
00000000
00000000
00000000
00000000
00000000
00000000
00000000
00000000
00000000
00000000
00000000
00000000
00000000
00000000
00000000
00000000
00000000
00000000
00000000
00000000
00000000
00000000
00000000
00000000
00000000
00000000
00000000
00000000
00000000
00000000
00000000
00000000
00000000
00000000
00000000
00000000
00000000
00000000
00000000
00000000
00000000
00000000
00000000
00000000
00000000
00000000
00000000
00000000
00000000
00000000
00000000
00000000
00000000
00000000
00000000
00000000
00000000
00000000
00000000
00000000
00000000
00000000
00000000
00000000
00000000
00000000
00000000
00000000
00000000
00000000
00000000
00000000
00000000
00000000
00000000
00000000
00000000
00000000
00000000
00000000
00000000
00000000
00000000
00000000
00000000
00000000
00000000
00000000
00000000
00000000
00000000
00000000
00000000
00000000
00000000
00000000
00000000
00000000
00000000
00000000
00000000
00000000
00000000
00000000
00000000
00000000
00000000
00000000
00000000
00000000
00000000
00000000
00000000
00000000
00000000
00000000
00000000
00000000
00000000
00000000
00000000
00000000
00000000
00000000
00000000
00000000
00000000
00000000
00000000
00000000
00000000
00000000
00000000
00000000
00000000
00000000
00000000
00000000
00000000
00000000
00000000
00000000
00000000
00000000
00000000
00000000
00000000
00000000
00000000
00000000
00000000
00000000
00000000
00000000
00000000
00000000
00000000
00000000
00000000
00000000
00000000
00000000
00000000
00000000
00000000
00000000
00000000
00000000
00000000
00000000
00000000
00000000
00000000
00000000
00000000
00000000
00000000
00000000
00000000
00000000
00000000
00000000
00000000
00000000
00000000
00000000
00000000
00000000
00000000
00000000
00000000
00000000
00000000
00000000
00000000
00000000
00000000
00000000
00000000
00000000
00000000
00000000
00000000
00000000
00000000
00000000
00000000
00000000
00000000
00000000
00000000
00000000
00000000
00000000
00000000
00000000
00000000
00000000
00000000
00000000
00000000
00000000
00000000
00000000
00000000
00000000
00000000
00000000
00000000
00000000
00000000
00000000
00000000
00000000
00000000
00000000
00000000
00000000
00000000
00000000
00000000
00000000
00000000
00000000
00000000
00000000
00000000
00000000
00000000
00000000
00000000
00000000
00000000
00000000
00000000
00000000
00000000
00000000
00000000
00000000
00000000
00000000
00000000
00000000
00000000
00000000
00000000
00000000
00000000
00000000
00000000
00000000
00000000
00000000
00000000
00000000
00000000
00000000
00000000
00000000
00000000
00000000
00000000
00000000
00000000
00000000
00000000
00000000
00000000
00000000
00000000
00000000
00000000
00000000
00000000
00000000
00000000
00000000
00000000
00000000
00000000
00000000
00000000
00000000
00000000
00000000
00000000
00000000
00000000
00000000
00000000
00000000
00000000
00000000
00000000
00000000
00000000
00000000
00000000
00000000
00000000
00000000
00000000
00000000
00000000
00000000
00000000
00000000
00000000
00000000
00000000
00000000
00000000
00000000
00000000
00000000
00000000
00000000
00000000
00000000
00000000
00000000
00000000
00000000
00000000
00000000
00000000
00000000
00000000
00000000
00000000
00000000
00000000
00000000
00000000
00000000
00000000
00000000
00000000
00000000
00000000
00000000
00000000
00000000
00000000
00000000
00000000
00000000
00000000
00000000
00000000
00000000
00000000
00000000
00000000
00000000
00000000
00000000
00000000
00000000
00000000
00000000
00000000
00000000
00000000
00000000
00000000
00000000
00000000
00000000
00000000
00000000
00000000
00000000
00000000
00000000
00000000
00000000
00000000
00000000
00000000
00000000
00000000
00000000
00000000
00000000
00000000
00000000
00000000
00000000
00000000
00000000
00000000
00000000
00000000
00000000
00000000
00000000
00000000
00000000
00000000
00000000
00000000
00000000
00000000
00000000
00000000
00000000
00000000
00000000
00000000
00000000
00000000
00000000
00000000
00000000
00000000
00000000
00000000
00000000
00000000
00000000
00000000
00000000
00000000
00000000
00000000
00000000
00000000
00000000
00000000
00000000
00000000
00000000
00000000
00000000
00000000
00000000
00000000
00000000
00000000
00000000
00000000
00000000
00000000
00000000
00000000
00000000
00000000
00000000
00000000
00000000
00000000
00000000
00000000
00000000
00000000
00000000
00000000
00000000
00000000
00000000
00000000
00000000
00000000
00000000
00000000
00000000
00000000
00000000
00000000
00000000
00000000
00000000
00000000
00000000
00000000
00000000
00000000
00000000
00000000
00000000
00000000
00000000
00000000
00000000
00000000
00000000
00000000
00000000
00000000
00000000
00000000
00000000
00000000
00000000
00000000
00000000
00000000
00000000
00000000
00000000
00000000
00000000
00000000
00000000
00000000
00000000
00000000
00000000
00000000
00000000
00000000
00000000
00000000
00000000
00000000
00000000
00000000
00000000
00000000
00000000
00000000
00000000
00000000
00000000
00000000
00000000
00000000
00000000
00000000
00000000
00000000
00000000
00000000
00000000
00000000
00000000
00000000
00000000
00000000
00000000
00000000
00000000
00000000
00000000
00000000
00000000
00000000
00000000
00000000
00000000
00000000
00000000
00000000
00000000
00000000
00000000
00000000
00000000
00000000
00000000
00000000
00000000
00000000
00000000
00000000
00000000
00000000
00000000
00000000
00000000
00000000
00000000
00000000
00000000
00000000
00000000
00000000
00000000
00000000
00000000
00000000
00000000
00000000
00000000
00000000
00000000
00000000
00000000
00000000
00000000
00000000
00000000
00000000
00000000
00000000
00000000
00000000
00000000
00000000
00000000
00000000
00000000
00000000
00000000
00000000
00000000
00000000
00000000
00000000
00000000
00000000
00000000
00000000
00000000
00000000
00000000
00000000
00000000
00000000
00000000
00000000
00000000
00000000
00000000
00000000
00000000
00000000
00000000
00000000
00000000
00000000
00000000
00000000
00000000
00000000
00000000
00000000
00000000
00000000
00000000
00000000
00000000
00000000
00000000
00000000
00000000
00000000
00000000
00000000
00000000
00000000
00000000
00000000
00000000
00000000
00000000
00000000
00000000
00000000
00000000
00000000
00000000
00000000
00000000
00000000
00000000
00000000
00000000
00000000
00000000
00000000
00000000
00000000
00000000
00000000
00000000
00000000
00000000
00000000
00000000
00000000
00000000
00000000
00000000
00000000
00000000
00000000
00000000
00000000
00000000
00000000
00000000
00000000
00000000
00000000
00000000
00000000
00000000
00000000
00000000
00000000
00000000
00000000
00000000
00000000
00000000
00000000
00000000
00000000
00000000
00000000
00000000
00000000
00000000
00000000
00000000
00000000
