:0200000480007A
:10000000971200009382028673905230AD4273B013
:10001000023085629382828873B04230B72F000C21
:10002000137E0E00130E0E002380CF01A380CF019C
:100030002381CF01A381CF01B70F000C137E0E00E7
:100040002380CF01A380CF012381CF01A381CF01E2
:100050008140014181410142814201438143014488
:100060008144014581450146814601478147014858
:10007000814801498149014A814A014B814B014C28
:10008000814C014D814D014E814E014F814F975161
:1000900000009381E16F175501001305A5F59755F1
:1000A00001009385A520014610C16374B5001105B8
:1000B000E5BF138541849385C185014610C16374F2
:1000C000B5001105E5BF170100101301A1F117528A
:1000D00001001302D221137202FC6F10701401A0F0
:1000E000011106CE22CC0010B707B0002326F4FE83
:1000F000232004FE232204FE0145F5283524EF00C9
:10010000606C1305800CEF00807F1745000013051D
:1001100065EEEF10403B0D260325C4FEEF00A06402
:10012000EF006066174500001305C5EDEF10A0391C
:10013000975700009387C7EB9C43BE850325C4FEF9
:10014000D1298327C4FE91072326F4FE174500001A
:10015000130585ECEF102037232404FE81A8130536
:10016000800CEF00C079832784FE850717570000B5
:10017000130707E88A07BA979C43BE850325C4FE88
:1001800051298327C4FE91072326F4FE832784FE8A
:1001900093F7F71F99E7174500001305A5E8EF103F
:1001A0008032832784FE85072324F4FE97570000BE
:1001B000938707E49843832784FEE3E2E7FA174531
:1001C0000000130565E6EF10003017450000130529
:1001D000E5E6EF10402F02900100F2406244056115
:1001E0008280411106C622C40008DD3D0100B240F4
:1001F000224441018280011122CE00102326A4FE58
:100200000327C4FEB7070200BA973E87975700003E
:10021000938707D898C30327C4FEB7070200910746
:10022000BA973E87975700009387C7D698C303278E
:10023000C4FEB7070200A107BA973E879387818063
:1002400098C30327C4FEB7070200B107BA973E87D9
:100250009387C18098C30327C4FEB7070200C10774
:10026000BA973E879387018198C30327C4FEB707D7
:100270000200D107BA973E879387418198C303272D
:10028000C4FEB7070200E107BA973E8793878181D2
:1002900098C30327C4FEB7070200F107BA973E8749
:1002A0009387C18198C30327C4FEB70702009387D1
:1002B0000702BA973E879387018298C30327C4FE3B
:1002C000B707020093874702BA973E879387418218
:1002D00098C30327C4FEB707020093878702BA9723
:1002E0003E879387818298C30100724405618280B2
:1002F000011122CE00102326A4FE2324B4FE83275E
:10030000C4FE032784FE98C3010072440561828005
:10031000011122CE00102326A4FE8327C4FE9C4395
:100320003E85724405618280411106C622C40008E0
:10033000975700009387C7C59C439305B0033E853C
:10034000453F0100B240224441018280411106C66E
:1003500022C40008975700009387C7C39C43C16518
:100360003E8579370100B24022444101828041112B
:1003700006C622C40008975700009387A7C19C4374
:10038000A1653E85B5370100B2402244410182801B
:10039000011122CE00102326A4FE2324B4FE232222
:1003A000C4FE832784FE0547B317F7001387F7FFC2
:1003B000832744FEFD178326C4FEB3D7F640F98F8A
:1003C0003E85724405618280011106CE22CC001068
:1003D000232604FE19A81305400615239387818060
:1003E0009C433E8535372326A4FE8327C4FE858B98
:1003F000FDD385473E85F24062440561828001114C
:1004000006CE22CC0010930700082326F4FE11A884
:100410002945F521938781809C433E85D53D232640
:10042000A4FE8327C4FE93F70708FDF385473E85A6
:10043000F240624405618280411106C622C4000870
:100440009387C1809C43B70500063E855535938749
:10045000C1819C4399453E85613D97570000938734
:1004600027B39843B70708009385B7073A854935FE
:10047000793785473E85B24022444101828041114F
:1004800006C622C400089387C1809C43B70500308C
:100490003E85B93D9387C1819C43930500033E850A
:1004A000813D975700009387A7AE9843B707080090
:1004B0009385B7073A852D3D993785473E85B240EC
:1004C000224441018280797106D622D40018232E5D
:1004D000A4FC232CB4FC2546E145032584FD4D3DB9
:1004E0002326A4FE0546A145032584FD5535232476
:1004F000A4FE0327C4FD8327C4FED98F2322F4FE64
:10050000832784FEE2072324F4FE9387C1809C4363
:10051000832544FE3E85E93B938701819C438325E7
:1005200084FE3E85F1339387C1819C4381453E859E
:10053000C133975700009387A7A59843B7072800B2
:100540009385B7073A856D335145552E4D3D854707
:100550003E85B250225445618280797106D622D4FC
:100560000018232EA4FC232CB4FC232AC4FC8327CC
:1005700084FD13D787008327C4FDD98F2326F4FE7B
:10058000832784FDE2073E87832744FDA183D98F1B
:100590002324F4FE832744FDE2072322F4FE83266E
:1005A00044FE032684FE8325C4FE17450000130580
:1005B000E5A9EF0050139387C1809C438325C4FEB7
:1005C0003E853D33938701819C43832584FE3E8590
:1005D0000533938741819C43832544FE3E85093B37
:1005E0009387C1819C4381453E851933975700000D
:1005F0009387079A9843B70748009385B7073A85CA
:10060000C5395145ED2CE53BBD2A0100B2502254BD
:1006100045618280011106CE22CC00102326A4FE63
:100620002324B4FE113D032684FE8325C4FE370532
:1006300000122537892A0100F24062440561828058
:10064000797106D622D40018232EA4FC232CB4FCE6
:100650000546A145032584FD253B2324A4FE8327CD
:1006600084FEE2072324F4FE9387C180944383270A
:1006700084FD13D787008327C4FDD98FBE853685B7
:100680008539938701819843832784FDE207BE85DE
:100690003A85B9399387C1819C4381453E85893923
:1006A0007531975700009387A78E9843B70730207E
:1006B0009385B7073A852D391305007D89242933A1
:1006C000AA8799C79387C1819C439C432326F4FE44
:1006D0008327C4FE3E85B2502254456182807971E1
:1006E00006D622D40018232EA4FC8325C4FD37058A
:1006F000000CB9372326A4FE8327C4FE3E85B250E2
:10070000225445618280797106D622D40018232EA6
:10071000A4FC9387C1809C438325C4FD3E85C93ECC
:100720009387C1819C438325C4FD3E85D1363939E9
:10073000975700009387C7859843B707082093858C
:10074000B7073A8575364931AA8799C79387C1811A
:100750009C439C432326F4FE8327C4FE3E85B2506F
:10076000225445618280011106CE22CC001023263E
:10077000A4FE8325C4FE370500DCB1330100F2403E
:10078000624405618280011106CE22CC00108D47A3
:100790002326F4FE31A837050005B5372326A4FE2D
:1007A0008325C4FE174500001305058CEF00A073D8
:1007B0008327C4FE8D8BE5F381473E85F24062447A
:1007C00005618280011106CE22CC0010B5319387DD
:1007D000C1809C43B705009F3E85193E9387C18128
:1007E0009C43B705009F3E8521368D369747000014
:1007F0009387077A9843B70708189385B7073A8510
:10080000C53CD936AA8799C79387C1819C439C432D
:100810002326F4FE4546A1450325C4FE953E232428
:10082000A4FE0546C1450325C4FE9D362322A4FE31
:10083000832584FE1745000013050585EF00A06A97
:10084000832544FE1745000013050585EF00A069C8
:1008500085473E85F24062440561828000000000C9
:10086000197101001300000006C20AC40EC612C8A6
:1008700016CA1ACC1ECE22D026D22AD42ED632D8D0
:1008800036DA3ADC3EDEC2C0C6C2CAC4CEC6D2C860
:10089000D6CADACCDECEE2D0E6D2EAD4EED6F2D8B0
:1008A000F6DAFADCFEDE73252034F32510340A86EE
:1008B000EF0040527310153492402241B24142423F
:1008C000D2426243F243025492542255B2554256E8
:1008D000D2566257F257064896482649B649464AC4
:1008E000D64A664BF64B065C965C265DB65D465E68
:1008F000D65E665FF65F0961730020300000797193
:1009000022D60018232EA4FC232604FE01008327F0
:10091000C4FE138717002326E4FE0327C4FDE3E883
:10092000E7FE01000100325445618280797122D6D0
:100930000018232EA4FC0327C4FD9307803EB307B1
:10094000F7022326F4FE29A89307803E2324F4FE11
:100950000100832784FE1387F7FF2324E4FEF5FBC1
:100960008327C4FE1387F7FF2326E4FEF1FF01006F
:100970000100325445618280797106D622D4001874
:10098000232EA4FC85472326F4FE232404FE31A84D
:100990000327C4FEBA878A07BA9786072326F4FE80
:1009A000832784FE85072324F4FE032784FE832700
:1009B000C4FDE36FF7FC0325C4FEEF30C032AA8705
:1009C0003E85B250225445618280797122D600184A
:1009D000232EA4FC232CB4FC232604FE832784FDB1
:1009E000FD172324F4FE99A88327C4FE0327C4FD22
:1009F000BA9783C70700A303F4FE832784FE032767
:100A0000C4FD3E978327C4FE8326C4FDB6970347E3
:100A100007002380E700832784FE0327C4FDBA97DD
:100A2000034774FE2380E7008327C4FE850723263F
:100A3000F4FE832784FEFD172324F4FE0327C4FE5F
:100A4000832784FEE342F7FA010001003254456136
:100A50008280797106D622D40018232EA4FC232C80
:100A6000B4FC232AC4FC232604FE3DA80327C4FDAE
:100A7000A947B367F70213F7F70F832684FD83278F
:100A8000C4FEB697130707031377F70F2380E70019
:100A90008327C4FE85072326F4FE0327C4FDA94748
:100AA000B347F702232EF4FC8327C4FDE1F339A8F2
:100AB000032784FD8327C4FEBA971307000323800E
:100AC000E7008327C4FE85072326F4FE0327C4FE20
:100AD000832744FDE36EF7FC8327C4FEBE85032510
:100AE00084FDE535032784FD8327C4FEBA97238060
:100AF00007008327C4FE3E85B250225445618280A0
:100B00005D7186C6A2C48008232EA4FA232CB4FAF1
:100B1000232AC4FA232604FE232004FC232204FCF7
:100B2000232404FC232604FC232804FC232A04FC9D
:100B3000232C04FC231E04FC0325C4FBEF304024BB
:100B40002A87AE8797360000938646589042D44253
:100B50003A85BE85EF20C0462A87AE873A85BE8596
:100B6000EF30602BAA87232EF4FA0325C4FBEF3065
:100B7000E005AA872324F4FE032584FEEF30000B52
:100B8000AA87BE850325C4FBEF205051AA872322E4
:100B9000F4FE232004FE930500000325C4FBEF2090
:100BA0009026AA8763DE0700832704FE032784FBC1
:100BB000BA971307D0022380E70085472320F4FE6D
:100BC000832784FE85E3832704FE032784FBBA97EB
:100BD000130700032380E700832704FE85072320F3
:100BE000F4FE3DA8832784FE63D80700832784FE94
:100BF000B307F0402324F4FE930704FC0146BE85AE
:100C0000032584FEB9352326A4FE832704FE03278B
:100C100084FBBA97130704FCBA853E85EF30603534
:100C20000327C4FE832704FEBA972326F4FE8327F6
:100C300044FBADCF8327C4FE032784FBBA97130779
:100C4000E0022380E70093050000032544FEEF2027
:100C5000901BAA8763DA0700032744FEB7070080CA
:100C6000B98F2322F4FE39A093050000032544FE2A
:100C7000EF201014032544FB0133AA87BE8503250A
:100C800044FEEF20D01FAA872322F4FE032544FE52
:100C9000EF20D073AA868327C4FE8507032784FB31
:100CA000BA97032644FBBE85368565330100B640FE
:100CB000264461618280797122D60018232EA4FC1B
:100CC000232CB4FC832784FD2326F4FE29A8832744
:100CD00084FD2326F4FE01008327C4FE1387F7FF5B
:100CE0002326E4FEF5FB8327C4FD1387F7FF232E9D
:100CF000E4FCF1FF010001003254456182800111E2
:100D000006CE22CC00102326A4FE8327C4FE9C43DB
:100D10003E868325C4FE173500001305A539E12260
:100D20008327C4FE9C433E85F24062440561828075
:100D3000011106CE22CC00102326A4FE2324B4FEEB
:100D40008327C4FE032784FE98C38327C4FE9C43E5
:100D50003E868325C4FE173500001305A5356122A4
:100D60000100F240624405618280797106D622D486
:100D70000018232EA4FC173500001305A535052205
:100D80000327C4FDB707008093C7F7FFF98F232619
:100D9000F4FE8325C4FE1735000013056535A12236
:100DA0001735000013054536DD288327C4FE3E8530
:100DB000B250225445618280011106CE22CC00102F
:100DC0002326A4FE2324B4FE173500001305453561
:100DD000F92001A0797106D622D40018232EA4FC94
:100DE000232CB4FC232604FE232404FE1735000024
:100DF0001305C5346D20032684FD8325C4FD1735F6
:100E00000000130525357528914517350000130599
:100E10006536D128FD472324F4FE832784FE054749
:100E2000B317F7003E878327C4FDF98F95CB0325C1
:100E3000C4FD253F2326A4FE173500001305053504
:100E40004920174701001307E71A8327C4FE8A07C2
:100E5000BA979C43832584FD0325C4FD829725A072
:100E60001735000013054534A9281747010013075B
:100E7000671C8327C4FD8A07BA979C43832584FD9A
:100E80000325C4FD8297173500001305A5330128FB
:100E9000832784FD3E85B2502254456182805D7176
:100EA00022D60018232EA4FC4CC010C454C418C869
:100EB0005CC8232C0401232E14010100325461610B
:100EC00082805D7122D60018232EA4FC4CC010C471
:100ED00054C418C85CC8232C0401232E140101003B
:100EE0003254616182805D7122D60018232EA4FCE9
:100EF0004CC010C454C418C85CC8232C0401232E51
:100F0000140101003254616182805D7122D60018A3
:100F1000232EA4FC4CC010C454C418C85CC8232C95
:100F20000401232E140101003254616182805D713D
:100F300022D60018232EA4FC4CC010C454C418C8D8
:100F40005CC8232C0401232E14010100325461617A
:100F500082805D7106D622D40018232EA4FC4CC0DA
:100F600010C454C418C85CC8232C0401232E1401D7
:100F700093070402232CF4FC832784FD9117232676
:100F8000F4FE8327C4FEBE850325C4FD912A1735D0
:100F9000000013056524353701A02971232E111295
:100FA000232C8112232A21132328311323264113B2
:100FB000232451132322611323207113800223243D
:100FC000A4EC2326B4EC2322C4EC232E04FC232C13
:100FD00004FC832744EC3E8B814B032784EC83275E
:100FE000C4EC5A86DE863A85BE85EF1030482A87E3
:100FF000AE878327C4FD8A07930604FEB69723AC09
:10100000E7EE832744EC3E8981498327C4EC4E8771
:1010100063E4E7048327C4EC4E876397E7008327E4
:1010200084EC4A8763EAE702832744EC3E8A814ADC
:101030005286D686032584EC8325C4ECEF10B00CD1
:101040002A87AE872324E4EC2326F4EC8327C4FD0F
:101050008507232EF4FCB5BF01008327C4FD850757
:10106000232EF4FC91A08327C4FD8A07130704FEF6
:10107000BA9703A787EFA54763F7E70093077005C3
:10108000232CF4FC29A093070003232CF4FC8327D2
:10109000C4FD8A07130704FEBA9703A787EF8327C7
:1010A00084FDBA973E85F9298327C4FD1387F7FF8E
:1010B000232EE4FCE349F0FA010001008320C11370
:1010C000032481130329411383290113032AC11225
:1010D000832A8112032B4112832B011231618280FA
:1010E0001D7186CEA2CCA6CACAC880102326A4FA37
:1010F0002324B4FA93070000232CF4FC232804FAD9
:10110000232A04FA232C04FA232E04FA232004FCB5
:10111000232204FC232404FC231604FC11A8638D61
:101120000438268585218327C4FA85072326F4FA07
:101130008327C4FA83C70700BE8493075002E39055
:10114000F4FE8327C4FA85072326F4FA8327C4FA1A
:10115000232AF4FC232204FE232E04FC8327C4FA52
:10116000138717002326E4FA83C70700BE8493077A
:1011700050026380F4329307500263CFF430930738
:10118000800763CB97309307300663C7F4309387AB
:10119000D4F955476362F73013972700973700005B
:1011A0009387C704BA97984397370000938707043B
:1011B000BA978287832744FE85072322F4FE85475A
:1011C000232EF4FCD5A4832784FA13874700232415
:1011D000E4FA9C433E857D26C1AC832784FA1387BD
:1011E00047002324E4FA03A90700631A090017390A
:1011F0000000130929FF21A02685692605098347D8
:101200000900BE84F5F84DA4A9472328F4FC032760
:1012100044FE854763D1E702832784FA9D07E19B5B
:10122000138787002324E4FA9843DC432324E4FE55
:101230002326F4FE3DA8032744FE8547631FF700DD
:10124000832784FA138747002324E4FA9C4323244A
:10125000F4FEFD872326F4FE29A8832784FA13874A
:1012600047002324E4FA9C432324F4FEFD8723262D
:10127000F4FE032784FE8327C4FE63DB0702130505
:10128000D0020926032584FE8325C4FE0147814739
:101290003306A740328833380701B386B740B38797
:1012A0000641BE863287B6872324E4FE2326F4FE59
:1012B000832704FD3E86032584FE8325C4FEF13981
:1012C000E5A2832784FA9D07E19B138787002324E7
:1012D000E4FA9843DC433A85BE85EF20D033AA87F1
:1012E000232CF4FC930704FB1946BE85032584FDDB
:1012F000EFF01F81232004FE25A0832704FE13079F
:1013000004FFBA9783C707FC3E85AD2C032704FE74
:10131000F54763C0E702832704FE85072320F4FE18
:10132000832704FE130704FFBA9783C707FCF1F76E
:10133000A5AA010095AAA9472328F4FC032744FE87
:10134000854763D1E702832784FA9D07E19B1387D2
:1013500087002324E4FA9843DC432324E4FE232675
:10136000F4FE1DA8832744FE89CF832784FA1387C0
:1013700047002324E4FA9C432324F4FE232604FE9E
:1013800021A8832784FA138747002324E4FA9C4387
:101390002324F4FE232604FE832704FD3E86032532
:1013A00084FE8325C4FED53E01A2A1472328F4FC78
:1013B000032744FE854763D1E702832784FA9D070C
:1013C000E19B138787002324E4FA9843DC4323241A
:1013D000E4FE2326F4FE1DA8832744FE89CF83273D
:1013E00084FA138747002324E4FA9C432324F4FE61
:1013F000232604FE21A8832784FA13874700232489
:10140000E4FA9C432324F4FE232604FE832704FDF0
:101410003E86032584FE8325C4FE413671A0C14764
:101420002328F4FC032744FE854763D1E702832782
:1014300084FA9D07E19B138787002324E4FA9843ED
:10144000DC432324E4FE2326F4FE1DA8832744FE68
:1014500089CF832784FA138747002324E4FA9C4327
:101460002324F4FE232604FE21A8832784FA13876D
:1014700047002324E4FA9C432324F4FE232604FE9D
:10148000832704FD3E86032584FE8325C4FE313672
:1014900021A82685C52809A813055002E520832721
:1014A00044FD2326F4FA01008327C4FD81C7232EBF
:1014B00004FC6DB10100ADB90100F6406644D644AC
:1014C0004649256182805D7106D622D40018232EFC
:1014D000A4FC4CC010C454C418C85CC8232C04011C
:1014E000232E140193070402232CF4FC832784FD8C
:1014F00091172326F4FE8327C4FEBE850325C4FD71
:10150000C53681473E85B250225461618280011107
:1015100022CE0010232604FE2DA08327C4FE93872D
:101520003711A207BE86174701001307A7B4832708
:10153000C4FE8A07BA9794C38327C4FE850723266F
:10154000F4FE0327C4FE8947E3D9E7FC010001004C
:10155000724405618280411122C60008010097474C
:101560000100938727B19C4383C7C700918BE5DBBC
:1015700097470100938707B09C439C473E853244C0
:1015800041018280011122CE00102326A4FE010019
:1015900097470100938707AE9C4383C7C700898B99
:1015A000E5FB974701009387E7AC9C430327C4FE04
:1015B000D8C381473E85724405618280797122D605
:1015C0000018232EA4FC232CB4FC232604FE83271E
:1015D00084FD920737F7FA0213070708B357F7029B
:1015E0002326F4FE8327C4FE139707014183832734
:1015F000C4FD2390E700010032544561828001114F
:1016000022CE00102326A4FEAE87A305F4FE832776
:10161000C4FE0347B4FE238CE70001007244056159
:101620008280011122CE00102326A4FEAE87A305DE
:10163000F4FE01008327C4FE83C7C700898BFDFB2E
:101640000347B4FE8327C4FED8C381473E85724456
:1016500005618280797106D622D40018232EA4FC5D
:10166000232CB4FC232604FE8327C4FE1387170013
:101670002326E4FE032784FDBA9783C70700A3054A
:10168000F4FE8347B4FEBE850325C4FD593F83475E
:10169000B4FEF9FB81473E85B250225445618280F9
:1016A000797122D60018232EA4FC232CB4FCA307A6
:1016B00004FE01008327C4FD83C7C700918BFDDBB7
:1016C0008327C4FD9C47A307F4FE832784FD0347BB
:1016D000F4FE2380E70085473E85325445618280D1
:1016E000797106D622D40018232EA4FC232CB4FC36
:1016F000232604FEA30504FE01008327C4FD83C73F
:10170000C700918BFDDB8327C4FD9C47A305F4FE36
:101710008327C4FE138717002326E4FE032784FDD6
:10172000BA970347B4FE2380E7008347B4FE3E85A3
:10173000913D0347B4FEB547E310F7FC8327C4FE91
:10174000138717002326E4FE032784FDBA97294751
:101750002380E7008327C4FE138717002326E4FEB7
:10176000032784FDBA97238007008327C4FE93F7DD
:10177000F70F3E85B250225445618280797122D69E
:101780000018232EA4FC31A08327C4FD9C47A30787
:10179000F4FE8327C4FD83C7C700918BF5F70100D2
:1017A0000100325445618280411122C600080100C7
:1017B000324441018280411106C622C40008173517
:1017C0000000130525A8EFF08FED974701009387E0
:1017D000678217F7FFFF1307675E98C397470100FB
:1017E0009387478117F7FFFF1307475DD8C39747D4
:1017F00001009387278017F7FFFF1307275C98C71F
:10180000973701009387077F17F7FFFF1307075BE1
:10181000D8C7973701009387E77D17F7FFFF1307B6
:10182000E75998CB973701009387C77C17F7FFFFDD
:101830001307C758D8CB973701009387A77B17F7B3
:10184000FFFF1307A75798CF973701009387877A31
:10185000170700001307672FD8CF9737010093872A
:10186000677917F7FFFF1307675598D3973701007C
:101870009387477817F7FFFF13074754D8D3973755
:1018800001009387277717F7FFFF1307275398D790
:10189000973701009387077617070000130707475C
:1018A000D8D7973701009387E77417F7FFFF13071F
:1018B000E75098DB973701009387C77317F7FFFF4F
:1018C0001307C74FD8DB973701009387A77217F725
:1018D000FFFF1307A74E98DF9737010093878771A3
:1018E00017F7FFFF1307874DD8DF9737010093875E
:1018F000677417F7FFFF1307674C98C3973701000A
:101900009387477317F7FFFF1307474BD8C39737E2
:1019100001009387277217F7FFFF1307274A98C71D
:10192000973701009387077117F7FFFF13070749E0
:10193000D8C7973701009387E76F17F7FFFF1307A3
:10194000E74798CB973701009387C76E17F7FFFFDC
:101950001307C746D8CB973701009387A76D17F7B2
:10196000FFFF1307A74598CF973701009387876C30
:1019700017F7FFFF13078744D8CF973701009387E6
:10198000676B17F7FFFF1307674398D3973701007B
:101990009387476A17F7FFFF13074742D8D3973754
:1019A00001009387276917F7FFFF1307274198D78F
:1019B000973701009387076817F7FFFF1307074062
:1019C000D8D7973701009387E76617F7FFFF13070C
:1019D000E73E98DB973701009387C76517F7FFFF4E
:1019E0001307C73DD8DB973701009387A76417F724
:1019F000FFFF1307A73C98DF9737010093878763A2
:101A000017F7FFFF1307873BD8DF173500001305D3
:101A1000E584EFF0CFC80100B2402244410182804A
:101A2000411106C622C40008DD3417350000130535
:101A30002584EFF0CFC64133EFE0AFFA1735000051
:101A400013050584EFF0AFC50100B2402244410107
:101A50008280411122C60008B7C70002E1179C43EB
:101A60003E85324441018280411122C60008B7C739
:101A70000002F1179C433E853244410182804111AE
:101A800006C622C44AC24EC00008E137AA873E8972
:101A900081494A87CE873A85BE85B24022441249A1
:101AA000824941018280011106CE22CC00102324FC
:101AB000A4FE2326B4FE172500001305657DEFF074
:101AC0000FBE9387C1839C439843DC439386018474
:101AD00003A80600032584FE8325C4FE3306A70061
:101AE000B288B3B8E800B386B700B387D800BE8623
:101AF0003287B6872320E8002322F80093870184E9
:101B00009C439843DC433A86BE86172500001305A4
:101B1000E579EFF00FBB9387C1839C439843DC4387
:101B20003A86BE86172500001305C579EFF06FB918
:101B3000172500001305457AEFF06FB60100F2405B
:101B4000624405618280011106CE22CC001023265A
:101B5000A4FE2324B4FE172500001305A579EFF099
:101B60000FB49387018494437D57FD5798C2DCC21C
:101B7000938701849C439843DC433A86BE861725AD
:101B8000000013052579EFF00FB6B7C70002E11783
:101B90009C43BE851725000013054579EFF0AFB4CF
:101BA000172500001305C579EFF06FAF0100F24073
:101BB000624405618280797106D622D40018232EF2
:101BC000A4FC1725000013056579EFF04FADB707AA
:101BD000010CC1072326F4FE8327C4FE0327C4FD9E
:101BE00098C3173701001307A7498327C4FD92073D
:101BF000BA97094798C71737010013076748832723
:101C0000C4FD9207BA97DC47138717009736010087
:101C1000938606478327C4FD9207B697D8C7173720
:101C200001001307E7458327C4FD9207BA979C4735
:101C30003E868325C4FD1725000013052574EFF0AB
:101C40008FAA173701001307A7438327C4FD920704
:101C5000BA978C4317370100130787428327C4FDC7
:101C60009207BA97904717370100130767418327F8
:101C7000C4FD9207BA97D4431737010013074740B2
:101C80008327C4FD9207BA97DC473E8717250000DB
:101C900013054571EFF02FA51725000013050576F4
:101CA000EFF0EF9F0100B250225445618280011194
:101CB00006CE22CC0010232604FE172500001305B3
:101CC000A575EFF0CF9DB707010CC1072326F4FEE1
:101CD0008327C4FE9C432324F4FE0326C4FE8325ED
:101CE00084FE1725000013056575EFF0CF9F1725BB
:101CF000000013056577EFF08F9A832784FE3E85F9
:101D0000F240624405618280797106D622D40018BF
:101D1000232EA4FC232CB4FC172500001305C57644
:101D2000EFF0EF9769372326A4FE8325C4FE17251D
:101D3000000013052577EFF00F9B8327C4FE91C7A2
:101D40000327C4FEF14763FAE7008325C4FE172585
:101D500000001305E576EFF0CF9F1737010013075A
:101D600027328327C4FE9207BA97054798C71737CB
:101D700001001307E7308327C4FE9207BA979C47F8
:101D80003E868325C4FE172500001305255FEFF06E
:101D90008F95173701001307A74A8327C4FE8A07C8
:101DA000BA979C430325C4FE82970325C4FE2135C0
:101DB0008325C4FE172500001305C573EFF0AF920D
:101DC000172500001305C574EFF06F8D0100B250A8
:101DD000225445618280011106CE22CC00102326B8
:101DE000A4FE1725000013056574EFF04F8B8327C1
:101DF000C4FE85CB0327C4FE994763E4E702194775
:101E00008327C4FEB307F7403E857125AA8791EB6F
:101E100019478327C4FEB307F740930500083E85A2
:101E200019258325C4FE172500001305A571EFF0C1
:101E30004F89172500001305A572EFF04F860100AA
:101E4000F240624405618280797106D622D400187E
:101E5000232EA4FCA30704FE172500001305C5715B
:101E6000EFF0EF838325C4FD17250000130585726D
:101E7000EFF06F870966B705000C17250000130502
:101E8000A572EFF04F868327C4FD13D73700B7271D
:101E9000000CBA972324F4FE832784FE83C707002F
:101EA000A307F4FE8347F4FE3E86832584FE1725B0
:101EB00000001305A572EFF00F838327C4FD9D8BEF
:101EC0000547B317F7001397870161878307F4FE6F
:101ED000D98FE207E187A303F4FE832784FE03473B
:101EE00074FE2380E700834774FEBE85172500003B
:101EF0001305C571EFE03FFF172500001305C572FC
:101F0000EFE0FFF90100B2502254456182807971FF
:101F100006D622D40018232EA4FC232604FEA305F3
:101F200004FE172500001305E571EFE05FF7832538
:101F3000C4FD172500001305E565EFE0DFFA8326F1
:101F4000C4FD0966B705000C17250000130585714F
:101F5000EFE07FF98327C4FD13D73700B727000CC4
:101F6000BA972326F4FE8327C4FE83C70700A30580
:101F7000F4FE8347B4FE3E868325C4FE1725000089
:101F800013058572EFE03FF68327C4FD9D8B05475F
:101F9000B317F700E207E18793C7F7FF13978701AD
:101FA00061878307B4FEF98FE207E1872305F4FE1A
:101FB0008327C4FE0347A4FE2380E70017370100F0
:101FC0001307070C8327C4FD9207BA9723A40700C1
:101FD000173701001307C70A8327C4FD9207BA9772
:101FE0009C473E868325C4FD17250000130505394F
:101FF000EFE07FEF172500001305456EEFE03FEAA5
:102000000100B250225445618280797106D622D4F3
:102010000018232EA4FC172500001305E56DEFE042
:102020001FE8232604FEB707010C2326F4FE8327AE
:10203000C4FE0327C4FD98C38327C4FE9C43BE850A
:10204000172500001305856DEFE0FFE91725000057
:102050001305856EEFE0BFE40100B25022544561E4
:102060008280797106D622D40018232EA4FC232C5A
:10207000B4FC8325C4FD172500001305E56DEFE0D2
:102080001FE2832784FD13972700B707000CBA9738
:102090002326F4FE8325C4FE172500001305456E94
:1020A000EFE07FE48327C4FE9C43BE851725000034
:1020B0001305456FEFE03FE38327C4FE0327C4FD0C
:1020C00098C38327C4FE9C43BE85172500001305D3
:1020D000A570EFE05FE1172500001305E572EFE062
:1020E0001FDC0100B250225445618280797106D60E
:1020F00022D40018232EA4FC172500001305C57256
:10210000EFE0FFD9B707040013850710EFE03FBFEA
:102110002326A4FE8325C4FE17250000130505739E
:10212000EFE07FDC8327C4FDE5170547B317F70011
:1021300093C7F7FF3E878327C4FEF98FBE85B70795
:10214000040013850710EFE0BFBEB7070400138536
:102150000710EFE0DFBAAA87BE8517250000130538
:102160002571EFE05FD81725000013056573EFE0D8
:102170001FD30100B250225445618280011106CE66
:1021800022CC0010232604FE1725000013054573FA
:10219000EFE0FFD0973701009387C7E517070000EE
:1021A0001307C7B6D8D7AD451725000013058572AC
:1021B000EFE07FD397370100938787EC23A40700D4
:1021C000973701009387C7EB23A0070097370100DB
:1021D000938707EB23A2070097370100938747EA0D
:1021E00023A6070085472326F4FEE5A01737010044
:1021F000130707E98327C4FE9207BA9723A40700B1
:10220000173701001307C7E78327C4FE9207BA9761
:102210000327C4FE98C317370100130767E6832717
:10222000C4FE9207BA970947D8C3173701001307AE
:1022300027E58327C4FE9207BA9723A60700172530
:1022400000001305E56BEFE01FCA0325C4FEC13192
:10225000173701001307C7FE8327C4FE8A07BA9702
:1022600017070000130767B798C38325C4FE094505
:10227000CD3B173701001307A7E08327C4FE920761
:10228000BA978C4317370100130787DF8327C4FEF3
:102290009207BA97904717370100130767DE832725
:1022A000C4FE9207BA97D44317370100130747DDDE
:1022B0008327C4FE9207BA97DC473E8717250000A4
:1022C00013054567EFE03FC28327C4FE8507232639
:1022D000F4FE0327C4FEED47E3FAE7F00545353386
:1022E000172500001305056EEFE07FBB0100F240EB
:1022F000624405618280011106CE22CC00102326A3
:10230000A4FE172500001305256DEFE05FB9032734
:10231000C4FE994763FAE7000327C4FED54763E587
:10232000E7000325C4FED9330325C4FE313E17253B
:1023300000001305656CEFE09FB60100F2406244B7
:1023400005618280797106D622D40018232EA4FC60
:10235000232CB4FC032784FDC167634DF700C167DC
:102360009385F7FF172500001305056BEFE03FBCD1
:10237000814725A88327C4FD93870730A20723261A
:10238000F4FE832784FD1397070141878327C4FE4A
:102390002390E700032684FD8325C4FD1725000054
:1023A0001305C56AEFE0FFB185473E85B250225460
:1023B00045618280797106D622D40018232EA4FCB0
:1023C000232CB4FC032784FDC167634DF700C1676C
:1023D0009385F7FF172500001305456AEFE03FB529
:1023E00081472DA88327C4FD93870730A207910753
:1023F0002326F4FE832784FD139707014187832753
:10240000C4FE2390E700032684FD8325C4FD172521
:1024100000001305A569EFE0DFAA85473E85B250AD
:10242000225445618280797106D622D40018232E69
:10243000A4FC232CB4FC032784FD9307F00F63DC7A
:10244000E7009305F00F1725000013052569EFE05D
:102450001FAE814725A88327C4FD93870730A207B5
:10246000A1072326F4FE832784FD13F7F70F8327A4
:10247000C4FE2380E700032684FD8325C4FD1725C1
:1024800000001305E568EFE0DFA385473E85B25005
:10249000225445618280797106D622D40018232EF9
:1024A000A4FC8327C4FD93870730A207A107232636
:1024B000F4FE8327C4FE83C7070093F7F70FA18BB1
:1024C0002324F4FE832784FE8D87BE851725000014
:1024D00013054567EFE0FF9E832784FE13D737403F
:1024E00085476314F700854711A081473E85B250A8
:1024F000225445618280797106D622D40018232E99
:10250000A4FC232CB4FC032784FDC167634DF700B2
:10251000C1679385F7FF1725000013052565EFE0D8
:102520001FA181471DA08327C4FD93870730A20701
:10253000B1072326F4FE832784FD13970701418703
:102540008327C4FE2390E70085473E85B25022547E
:1025500045618280011106CE22CC00102326A4FE04
:1025600081450325C4FEF93B81450325C4FE993509
:1025700081450325C4FE453D81450325C4FEA53F95
:102580008325C4FE1725000013058561EFE07F93C6
:102590000100F240624405618280011106CE22CC26
:1025A0000010232604FE09A80325C4FE65378327EF
:1025B000C4FE85072326F4FE0327C4FE9147E3D516
:1025C000E7FE1725000013056560EFE09F8F01000F
:1025D000F240624405618280797106D622D40018E7
:1025E000232EA4FC232604FE8327C4FD9DE7172584
:1025F00000001305A560EFE0DF8C8327C4FE890788
:102600002326F4FE8327C4FE91072326F4FE8327A6
:10261000C4FEC1072326F4FEB9A00327C4FD8547E5
:10262000631EF700172500001305855FEFE07F8923
:102630008327C4FE91072326F4FE35A00327C4FD9B
:1026400089476312F7021725000013056560EFE064
:102650005F878327C4FE91072326F4FE8327C4FEE9
:10266000A1072326F4FE8327C4FE3E85B2502254E0
:1026700045618280797106D622D40018232EA4FCED
:10268000232CB4FC032584FD813F2326A4FE83254F
:10269000C4FE0325C4FD413BAA8789CB8325C4FD25
:1026A000172500001305055EEFE0BF818325C4FEFA
:1026B0000325C4FD8D3BAA8789EB8325C4FD17251F
:1026C00000001305A55EEFE09F860100B250225482
:1026D00045618280797122D60018232EA4FCAE8732
:1026E000A30DF4FC8327C4FD93870730A207A1073D
:1026F0002326F4FE8347B4FD99C78327C4FE8507CC
:102700002326F4FE09A88327C4FE91C78327C4FEAD
:10271000FD172326F4FE0100325445618280011129
:1027200006CE22CC00102326A4FE2324B4FE83254B
:1027300084FE0325C4FEC133AA8799E7172500004C
:1027400013050559EFE0AFFE0100F2406244056158
:102750008280011106CE22CC00102326A4FE232461
:10276000B4FE832584FE0325C4FEA931AA8799E718
:102770001725000013050558EFE06FFB0100F2403C
:10278000624405618280011106CE22CC001023260E
:10279000A4FE2324B4FE832584FE0325C4FE5D36F7
:1027A000AA8799E71725000013050557EFE02FF8D2
:1027B0000100F240624405618280797106D622D41C
:1027C00000182326A4FE2324B4FE2322C4FE2320C3
:1027D000D4FEBA87A30FF4FC832544FE0325C4FE70
:1027E0005D37832504FE0325C4FEA537832584FEBB
:1027F0000325C4FE2D378347F4FDBE850325C4FEA3
:10280000D13D8325C4FE1725000013052553EFE0B5
:102810004FEB0100B250225445618280011106CE77
:1028200022CC00102326A4FE81450325C4FEE53EEC
:102830008325C4FE1725000013054552EFE06FE81D
:102840000100F240624405618280797106D622D48B
:102850000018232EA4FC8327C4FD93870730A2070A
:102860002326F4FE8327C4FD93870730A207910730
:102870002324F4FE8327C4FD93870730A207A10712
:102880002322F4FE8327C4FD93870730A207B107F4
:102890002320F4FE8327C4FE83D70700C207C18329
:1028A000BE85172500001305E54DEFE08FE1832776
:1028B00084FE83D70700C207C183BE8517250000A9
:1028C0001305854EEFE0EFDF832744FE83C7070043
:1028D00093F7F70FBE85172500001305254FEFE08E
:1028E0004FDE832704FE83D70700C207C183BE855E
:1028F0001725000013050550EFE0AFDC0100B250D2
:10290000225445618280AA88AE8732883685468304
:1029100063990620B7560080938606E563F0C50CE0
:1029200041676376E60A1307F00F3337C7000E07D7
:102930003355E600AA9683C60600130500023697B3
:10294000B306E540630CE500B397D70033D7E80042
:102950003318D600B365F7003393D80093580801B5
:10296000B3D7150313160801418213570301B3F6B9
:1029700015033E85B305F602C206558F637CB7008A
:1029800042971385F7FF636707016375B7001385E7
:10299000E7FF42970D8FB3771703420313530301E9
:1029A00033571703C20733E36700B306E6023A86DC
:1029B000637BD30042931306F7FF636603016374DE
:1029C000D3001306E7FF4205518D81455DA8370509
:1029D00000014147E36EA6F4614799BF01E6054750
:1029E0003358C7024167637FE8081307F00F63732A
:1029F000070121453357A800BA9603C706001306FE
:102A000000022A97B306E6406315E608B38707413C
:102A10008545935808011316080141821357030195
:102A2000B3F61703B3D71703C206558F330EF6025A
:102A30003E85637CC70142971385F7FF63670701F3
:102A40006375C7011385E7FF42973307C741B37723
:102A5000170342031353030133571703C20733E32A
:102A60006700B306E6023A86637BD30042931306FF
:102A7000F7FF636603016374D3001306E7FF4205A3
:102A8000518D8280370700014145E365E8F66145D5
:102A900095B73318D800B3D5E7003393D800B39770
:102AA000D70033D7E800935808013366F70033F7AF
:102AB000150393170801C18313550601B3D51503F8
:102AC0004207498FB386B7022E85637CD7004297B1
:102AD0001385F5FF636707016375D7001385E5FF6D
:102AE0004297B306D74033F7160342064182B3D666
:102AF00016034207B388D702B367C700368763FC63
:102B00001701C2971387F6FF63E7070163F5170103
:102B10001387E6FFC29793150501B3871741D98D37
:102B2000CDBD63E2D514416763FFE6021307F00FE2
:102B3000B335D7008E053757008033D5B60013075D
:102B400007E52A9703470700130500022E97B305F0
:102B5000E5406311E5020545E3E5F6F233B5C8004B
:102B60001345150039BF37070001C145E3E5E6FC11
:102B7000E145D1B73353E600B396B6003363D300D3
:102B800013550301B31EB60033D6E700B376A60291
:102B9000B397B70033D7E8003368F7009317030102
:102BA000C183135708013356A602C206558F338FCF
:102BB000C702328E637CE7011A97130EF6FF636734
:102BC00067006375E701130EE6FF1A973307E741C5
:102BD000B376A7023357A702C2063386E7029317DC
:102BE0000801C183D58FBA8663FCC7009A97930604
:102BF000F7FF63E7670063F5C7009306E7FF9A975F
:102C000013150E01416E558D9306FEFF3378D500E6
:102C1000918FB3F6DE001356050193DE0E013303E8
:102C2000D802B306D602135703013308D8033698E7
:102C300042973306D6036373D70072969356070103
:102C4000369663E0C702E392C7D8C167FD177D8F50
:102C500042073373F300B398B8001A978145E3F243
:102C6000E8E27D159DB38145014521BDB2883687D7
:102C7000AA872E886398061CB7560080938606E5BF
:102C800063F8C50A4163637E66081303F00F63733C
:102C9000C30021473353E6009A9603CE06003A9EBE
:102CA000130700023303C741630CC701B3956500E6
:102CB000335EC501B31866003368BE00B317650004
:102CC00013D608013377C80213950801418193D6C2
:102CD00007013358C8024207D98E3308050363F849
:102CE0000601C69663E5160163F30601C696B38630
:102CF000064133F7C602C207C183B3D6C602B30684
:102D0000D50213150701C98F63F8D700C69763E58D
:102D1000170163F3D700C697958F33D567008145B8
:102D20008280370300014147E36666F661479DB73D
:102D300001E60546B3581603416663F3C808130657
:102D4000F00F63731601214733D6E800B29603CE25
:102D500006003A9E130700023303C7416319C707F1
:102D6000B385154113D7080113950801418113D686
:102D70000701B3F6E502B3D5E502C206D18EB3056D
:102D8000B50263F8B600C69663E5160163F3B600B4
:102D9000C696B385B640B3F6E502C207C183B3D584
:102DA000E502B305B50213950601C98F63F8B700B4
:102DB000C69763E5170163F3B700C6978D8FB1BF60
:102DC000370600014147E3E1C8F86147B5BFB39852
:102DD000680033D7C501B3176500335EC50113D54D
:102DE0000801B376A702B3956500336EBE009395D4
:102DF0000801C18113560E013357A702C206D18EB6
:102E00003387E50263F8E600C69663E5160163F3CF
:102E1000E600C6963386E640B376A602420E135EFF
:102E20000E013356A602C2063386C502B3E5C601BB
:102E300063F8C500C69563E5150163F3C500C69543
:102E4000918D0DB7E3EED5EC416763F5E604130E03
:102E5000F00F3337DE000E07B758008033D3E6009B
:102E6000938808E59A9803CE08003A9E130700025B
:102E70003303C7416317C70363E4B6006369C50042
:102E8000B307C540958D3335F5003388A5403E85A1
:102E9000C28579B5B70800014147E3EF16FB6147EA
:102EA00065BF3357C601B3966600336FD700B3D7FB
:102EB000C50113570F01B3F8E702B3956500335806
:102EC000C5013368B80093150F01C18193560801FD
:102ED0003316660033156500B3D7E702C208B3E6C0
:102EE000D800B38EF502BE8863FCD601FA969388AB
:102EF000F7FF63E7E60163F5D6019388E7FFFA96EB
:102F0000B386D641B3FEE602420813580801B3D691
:102F1000E602C20EB3EE0E01B385D502B68763FC9E
:102F2000BE00FA9E9387F6FF63E7EE0163F5BE00ED
:102F30009387E6FFFA9EB385BE40C208C16EB3E830
:102F4000F8009387FEFF33F8F8009356060193D8F4
:102F50000801F18F3307F802B387F8023308D8026B
:102F6000B388D8023E9893560701C29663F3F600E1
:102F7000F698C167FD1713D80601FD8EC2067D8F36
:102F8000C298369763E61501639C1501637AE500E4
:102F90003306C7403337C7007A97B388E840328793
:102FA0003307E5403335E500B3851541898DB39787
:102FB000C5013357670033E5E700B3D565008DB32E
:102FC000370810007D180111B377B80013D74501F9
:102FD0003378D80093D8460122CC8E071374F77F3C
:102FE0001357D50126CAD98F93D4F5011357D601AB
:102FF00093F8F87F93D5F6010E0806CE4AC84EC660
:103000000E05336707010E06B30614416395B4221B
:103010006351D00E63980802B365C700638B052027
:103020009385F6FF89E92A963335A600BA97AA97C1
:1030300032850544B1A81308F07F639D060113048F
:10304000F07F71AA9305F07F630BB418B705800079
:103050004D8FB6859306800363C9B608FD4663C0ED
:10306000B606130800023308B840B3160701B35878
:10307000B60033160601B3E616013336C000558E8E
:103080003357B7002A963E97B337A600BA973285D2
:10309000139787006355071405041307F07F630532
:1030A000E448B70680FFFD16FD8E9355150005898F
:1030B0009397F6014D8D5D8D93D716000DA29386E3
:1030C00005FE93080002B356D70001486388150136
:1030D00013080004B305B8403318B7003366C800BE
:1030E0003336C000558E014771BF598E3336C0004C
:1030F000DDBFD5CAB38588400DE4B3E6A700638C75
:1031000006409386F5FF99E63295BA973336C500A7
:10311000B29705B71308F07F639D0501BA87328522
:1031200039BF9306F07FE38BD8FEB7068000D58FBA
:10313000AE869305800363C4D506FD4563CBD502F7
:10314000130800023308D8403353D500B395070164
:1031500033150501B3E565003335A0004D8DB3D6B9
:10316000D7003295B387E6003336C500B297468460
:1031700005B7938506FE13030002B3D5B7000148D7
:103180006388660013080004B306D8403398D7005C
:103190003365A8003335A0004D8D8146D9B75D8DCC
:1031A0003335A000DDBF9306140093F5E67FBDE143
:1031B000B3E6A70029E463840636B366C70085C278
:1031C0002A96BA973335A600AA97139787003285B7
:1031D00063570700370780FF7D17F98F0544137782
:1031E0007500630507341377F50091466300D73403
:1031F0009306450033B5A600AA97368505AE99DE3D
:10320000598EE30E06E28144B707400001451304DE
:10321000F07F29AE9305F07F6386B6302A963E97FD
:10322000B337A6003E971315F7010582518D9357CA
:10323000170036846DB76356D00C63910808B365E8
:10324000C700E5D99385F6FF91E93306C5403335CC
:10325000C500998F898F32850544B1A01308F07F8E
:10326000E38F06DD9306800363C9B608FD4663C09D
:10327000B606130800023308B840B3160701B35866
:10328000B60033160601B3E616013336C000558E7C
:103290003357B7003306C5403387E740B337C5001F
:1032A000B307F740328513978700E35A07F23709CF
:1032B00080007D1933F92701AA8975A29305F07F53
:1032C000E30FB4F0B70580004D8FB68561BF9386DC
:1032D00005FE93080002B356D70001486388150124
:1032E00013080004B305B8403318B7003366C800AC
:1032F0003336C000558E014771BF598E3336C0003A
:10330000DDBFF9C23388884015E8B3E6A700638FB4
:1033100006269306F8FF91EA3305A640B307F74067
:103320003336A600918FAE8405BF1303F07F631F71
:103330006800BA8732851304F07F7DA09306F07F82
:10334000E389D8FEB7068000D58FC28613088003B4
:103350006348D8067D48634ED80213030002330346
:10336000D340335ED500339867003315650033686A
:10337000C8013335A0003365A800B3D6D7003305A4
:10338000A640B307D7403336A600918F4684AE845B
:1033900019BF138806FE130E000233D8070101433C
:1033A0006388C60113030004B306D3403393D700E8
:1033B0003365A3003335A0003365A8008146C1B74B
:1033C0005D8D3335A000DDBF9306140093F6E67FD4
:1033D000B5E633E8A700B366C70031E46318080018
:1033E000638A061ABA873285AE84D5BBE38906DEC6
:1033F0003308C540B3380501B386E740B3861641AC
:103400009398860063DA08003305A640B307F740B7
:103410003336A600918FC9BF3365D8006300051805
:10342000B68742856DBB63180800638B0616BA87A2
:103430003285AE8429B1E38406C0F1B3B309C54037
:10344000B33635013389E7403309D94093168900F3
:1034500063D80606B309A640B307F74033363601F2
:103460003389C740AE84630309064A85EF00B02C58
:10347000130785FFFD4763C1E70693060002998E97
:10348000B317E900B3D6D900DD8E3395E900634E5A
:103490008706018F930717007D466345F6041307DF
:1034A00000021D8FB355F5003396E6003315E50095
:1034B0004D8E3335A000518DB3D7F600014405B3CE
:1034C00033E529014DF181470144F9A04E85EF0014
:1034D00090261305050269BF130585FDB396A90063
:1034E000014575B705179305000233D7E60001467D
:1034F0006387B700130600041D8E3396C600518DF6
:103500003335A000598D814755BFB70780FFFD17A0
:10351000198CF58FE9B1BA8732852E84C9B1BA8783
:10352000328575B91304F07F8147014513978700F1
:10353000635B070005041307F07F6308E4063707A1
:1035400080FF7D17F98F1397D7010D81598D1307D0
:10355000F07F8D836319E4005D8D814709C5B7074E
:1035600008000145814413174401B706F07FB207F4
:10357000F2406244758FB183FE04D98F33E7970020
:103580004249D244B249BA8505618280BA87328500
:10359000428499BD81470145814449BF8147EDBFC0
:1035A00001458144B70740009DB18147014561BF96
:1035B000370780007D17935675013378A70013D61F
:1035C00075019357F50193F6F60F1305F00F6D8F04
:1035D0001376F60FFD816395A60005456314080276
:1035E0001305F00F6314A600054509EF0545639B1D
:1035F000C6006319E8006386B70089E63335000129
:1036000082800145828093567501B7078000FD17BF
:1036100013D7750193F6F60F1308F00F33F6A700D2
:103620001377F70FED8F7D81FD816395060139C218
:103630000945828063130701E5FF9DEE11E38DCB01
:1036400001CA6314B5006359D7000DC17D5582804E
:103650007D5591C52E85828063D4E60065D9828030
:10366000E3E5C7FEE36CF6FE0145828005458280F6
:1036700065DEE1BFE302D7FC69F7E1DBD9B70111F1
:103680004AC81359750126CA4EC652C493149500F0
:1036900006CE22CC56C21379F90F2E8AA5809359F3
:1036A000F501630609069307F00F630FF9068E0410
:1036B000B7070004DD8C130919F8814A93577A0182
:1036C00013149A0093F7F70F2580135AFA01B5C720
:1036D0001307F00F638FE7060E0437070004598CB9
:1036E000938717F8014793962A00D98ECA97FD163B
:1036F000B94533C549011386170063E5D506B757A9
:103700000080938747E18A06BE969C4282879DC0CF
:103710002685EF0050029307B5FF1309A0F8B39474
:10372000F4003309A94051BF1309F00F894AD9D4D5
:103730008D4A69B70149854A51B715C02285EF0006
:10374000807F9307B5FF3314F4009307A0F8898FA7
:1037500051BF9307F00F094759D40D4769B7814707
:10376000054751B741679308F7FF93D60401935576
:103770000401B3F414013374140133089402338444
:103780008602B386B602B385950293540801A295CA
:10379000AE9463F38400BA9633F71401420733788A
:1037A0001801429713146700C18033348000698385
:1037B000B694418F9A0433E4E400139744006357AE
:1037C00007069357140005885D8C1307F6076351AD
:1037D000E0069377740099C79377F400914663836A
:1037E000D70011049317440063D80700B70700F807
:1037F000FD177D8C130706089307E00F0D8063DD2E
:10380000E70601441307F00F85A84E8526845687E6
:103810008947E308F7FE8D47630BF7048547E316F6
:10382000F7FA0144014789A85285DDB73E8671BF8A
:103830008547998F6D47E346F7FE1306E609B357B0
:10384000F4003314C400333480005D8C937774002B
:1038500099C79377F40011476383E7001104931726
:1038600054000D80E3D007FC0144054731A0370424
:1038700040001307F00F01455E07B707807F26045D
:103880007D8F2580598C7E05F240418D6244D24463
:103890004249B249224A924A05618280B7068000B5
:1038A0004111FD161356750193D87501B3F7A600A3
:1038B00026C2ED8E4AC01376F60F9354F50193F8A5
:1038C000F80F06C622C41305F00F32898E0746870B
:1038D000FD818E066393A80099E293C51500330815
:1038E000164163929512635D000763920804638E2C
:1038F00006267D1863160802B697328793965700FE
:1039000063DD060C05079306F00F6306D726B7069E
:10391000007E13F61700FD168583F58FD18F75A8ED
:103920001307F00F631CE6001307F00F7DA01307C9
:10393000F00FE30BE6FE37070004D98EED4505478F
:1039400063CE050113070002B3D506013308074112
:10395000B3960601B336D00033E7D500BA9771BFEE
:10396000630A0804B385C84009EE63820720FD1589
:1039700099E1B69761B71306F00F639BC800B6874D
:1039800065B71306F00FE38CC8FE37060004D18F2D
:103990006D450546634DB500130600020D8E33D507
:1039A000B700B397C700B337F0003366F500B3072D
:1039B000D600A9B79305160013F7E50F0DEF0DEA32
:1039C0006387071A99CAB6979396570063D706007C
:1039D000370700FC7D17F98F054793F67700638D55
:1039E000061893F6F70011466388C618910769A276
:1039F000D9D79DDA09AA1307F00F638CE516B6979D
:103A000085832E87D9BF63570007639B08043287DD
:103A1000E9D67D18631D0800958F93965700E3DE65
:103A200006FA370400047D147D8C3A89E5A89305D5
:103A3000F00F1307F00FE302B6FAED45054763CE2A
:103A4000050113070002B3D5060133080741B396F9
:103A50000601B336D00033E7D500998F328775BFA2
:103A60009305F00F1307F00FE309B6F637070004CC
:103A7000D98EE1B7630C08043385C84019EEB9CF7D
:103A80007D1509E5B387F640AE8441BF1306F00FFC
:103A9000639CC800B687AE8441BD1306F00FE38B6C
:103AA000C8FE37060004D18F6D480546634DA80057
:103AB00013060002098E33D8A700B397C700B337A7
:103AC000F0003366F800B387C6407DBF13071600C9
:103AD0001377E70F1DEF0DE681E785C2B68719A8BA
:103AE000E38D06EE3386D740131556006356050066
:103AF000B387F640AE84D5B571E681478144ADA861
:103B0000E39907EEC1FA8144B70700021307F00FEB
:103B1000A5A03384D74013175400635D0702338494
:103B2000F640AE84228501291307B5FF3314E40063
:103B30006346270333072741050793060002B3575F
:103B4000E4003387E6403314E40033348000C18F4F
:103B5000014761B561F8814701474DB7B70700FCE0
:103B6000FD173307E940E18F8DBD3287BDB5B687BC
:103B7000ADB51307F00F81479396570063DB06003E
:103B800005079306F00F6301D704B70600FCFD1686
:103B9000F58F9306F00F8D836316D70081C7B707A3
:103BA00040008144B24022443705807F5E07A6076B
:103BB000698FA5831395F401D98F924402495D8DD5
:103BC00041018280B28711BD8147E1B7370680008D
:103BD000135775019307F6FF1377F70F9305E00767
:103BE000E98F9356F50163F1E5049305D00963F875
:103BF000E500370500801345F5FF3695828033E5F3
:103C0000C7009307500963DAE7001307A7F63315D7
:103C1000E50081CE3305A040828093076009338799
:103C2000E7403355E500F5B701458280411106C6EE
:103C300022C426C255C59357F54133C4A7001D8C35
:103C40009354F5012285C52C9307E0092A87338513
:103C5000A7409307600963C4A702A14763D5E700A3
:103C600061173314E40026045E052580498C139502
:103C7000F401B240418D2244924441018280930775
:103C8000900963DDA7009547998F9306B701B35755
:103C9000F4003314D400333480005D8C954763D630
:103CA000E7009307B7FF3314F400B70700FCFD17D4
:103CB00093767400E18F91C63D8891466303D400EA
:103CC00091079396570063DA0600B70600FCFD16CD
:103CD0001304F009F58F3305E44013D4370061B7BE
:103CE0008144014449B7411122C406C62A84814750
:103CF00019CD91249307E009898F13076009634167
:103D0000F70221476355A70061153314A400260468
:103D1000258013957701B240418D22444101828074
:103D200013079009635DF7001307B5019546331734
:103D3000E400898E3337E0003354D400598C1547A2
:103D40006356A7001307B5FF3314E400370700FCE0
:103D50007D1793767400618F91C63D889146630309
:103D6000D40011079316570063D90600B70700FC6B
:103D7000FD177D8F9307F009898F1354370041BFDA
:103D800093577501411193F7F70F22C426C21314FC
:103D900095009354F5011385170006C61375E50FBA
:103DA00025800DC513850738935734007604B20774
:103DB0005205B183C98F1395F401B24033E7A700D0
:103DC000228522449244BA854101828095EB65D0D8
:103DD00022859522A94763CFA700AD47898F130796
:103DE0005501B357F4003314E4001307903833053A
:103DF000A74075BF930755FFB317F4000144F5B70B
:103E0000814719C493573400370708007604D98FC7
:103E10001305F07F69BF1396C50013D8450193576A
:103E2000D5011378F87F25825D8E9307180093F7EC
:103E3000E77FFD8113173500D1C3930608C89307A8
:103E4000E00F63CBD7086342D006A55763CAF60CD0
:103E5000B707800079455D8E158DFD4763C3A702C6
:103E6000130828C8B3170701B337F000331606014B
:103E70003355A700D18FC98F814613F7770025C32B
:103E800055A0F957B386D74093070002B356D60022
:103E900081486306F500130828CAB3180601B3E782
:103EA000E800B337F000D58FC1BF1A053335A00045
:103EB0000E069357D701498ED18FC1B7B367E6007D
:103EC00063150800B337F00045BF9306F00F81CBB0
:103ED0000E06B7070002CDB781479306F00F139780
:103EE0005700635B070085061307F00F6383E60442
:103EF000370700FC7D17F98F1307F00F8D8363964A
:103F0000E60081C7B707400081453705807FDE06A0
:103F1000A607E98EA583D58F1395F5015D8D828067
:103F20008547814613F7F7001146E30AC7FA910760
:103F30007DB78147D1B7C1676376F5029307F00F6C
:103F4000B3B7A7008E0737570080930600029D8EF7
:103F50003355F500930707E53E9503450500338586
:103F6000A640828037070001C147E36EE5FCE147C8
:103F7000D9BFB367B5008D8BB1EF9841B7867F7F0E
:103F80009386F6F7B377D700B697D98FD58F7D563E
:103F9000639BC7042A867D5818C2D8419105110633
:103FA000B377D700B697D98FD58FE38707FF83C73D
:103FB000050003C7150083C625002300F60099C736
:103FC000A300E60001C72301D60091E28280A3018D
:103FD00006008280AA8703C7050085078505A38F91
:0A3FE000E7FE75FB82802A86D9B740
:103FF0000A45726173696E672E2E2E0A000000005A
:104000000A457261736520636F6D706C6574652E0F
:104010000A0000000A57726974696E672E2E2E001E
:104020002E0000000A0A577269746520636F6D7074
:104030006C6574652E0A00000A506C65617365201A
:1040400072657365742E0A000A20636D643A202538
:10405000783B64313A2025783B2064323A20257839
:1040600000000000666C617368207374617475737E
:104070002072656769737465722076616C2025789B
:104080000A0000004465766963652049442025786C
:10409000200A000065787472616374656420646549
:1040A00076696365206964202578200A0000000095
:1040B00061646472203D2025782064617461203D34
:1040C0002025780A0000000048AFBC9AF2D77A3E5B
:1040D0000A657874726163745F69655F636F6465B4
:1040E00020656E74657265640A000000657863651A
:1040F0007074696F6E20636F6465203D2025780AB7
:1041000000000000657874726163745F69655F63C5
:104110006F6465206578697465640A000A64656681
:1041200061756C745F68616E646C657220656E7435
:10413000657265640A0000000A68616E646C655F00
:104140007472617020656E74657265640A000000A7
:104150000A547261703A206D6361757365203D2069
:1041600025782C20657063203D2025780A0000000A
:1041700073697A656F662875696E74707472292028
:10418000203D202564200A00536F75726365206FFF
:104190006620547261703A20496E7465727275704F
:1041A000740A0000536F75726365206F6620547245
:1041B00061703A20536F6674776172650A0000007F
:1041C00068616E646C655F74726170206578697493
:1041D00065640A000A2070616E6963200A000000AD
:1041E000286E756C6C290000DECFFFFF20D0FFFF2A
:1041F000B0D2FFFFDAD0FFFFB0D2FFFFB0D2FFFF97
:10420000B0D2FFFFB0D2FFFFB0D2FFFFCCCFFFFF95
:10421000B0D2FFFFB0D2FFFFC2D1FFFFB0D2FFFF8D
:10422000B0D2FFFFB0D2FFFFF2CFFFFFB0D2FFFF4F
:104230004ED1FFFFB0D2FFFFB0D2FFFF36D2FFFF5B
:10424000747261705F696E697420656E7465726501
:1042500064200A2000000000747261705F696E695A
:104260007420657869746564200A2000696E697439
:1042700020656E7465726564200A2000696E697439
:10428000206578697465640A000000000A636F6E37
:104290006669677572655F636F756E7465722065B8
:1042A0006E74657265640A006D74696D65636D7026
:1042B0002076616C7565203D2025640A00000000B1
:1042C0006D74696D652076616C7565203D2025648F
:1042D0000A0000000A636F6E6669677572655F6346
:1042E0006F756E746572206578697465640A000084
:1042F0000A6D6163685F636C696E745F68616E64A8
:104300006C657220656E74657265640A0000000059
:104310006D74696D65636D702076616C7565203DA7
:104320002025780A000000006D74696D65207661B3
:104330006C7565203D2025780A0000006D6163687A
:104340005F636C696E745F68616E646C6572206532
:1043500078697465640A00000A696E746572727522
:1043600070745F636F6D706C65746520656E7465E5
:104370007265640A00000000696E7465727275707F
:10438000742069642025642C207374617465206333
:1043900068616E67656420746F2025640A00000000
:1043A000696E74657272757074206964203D202591
:1043B00078200A20726573657420746F20646566C6
:1043C00061756C742076616C7565732073746174AB
:1043D00065203D20257820090920200A2070726977
:1043E0006F72697479203D2025780A20636F756E9D
:1043F00074203D2025780A00696E746572727570AC
:10440000745F636F6D706C65746520657869746541
:10441000640A00000A696E746572727570745F6375
:104420006C61696D5F7265717565737420656E741A
:10443000657265640A000000696E74657272757059
:1044400074206964205B25785D20636C61696D650B
:104450006420206174206164647265737320257820
:104460000A000000696E746572727570745F636C27
:1044700061696D5F726571756573742065786974C3
:1044800065640A000A6D6163685F706C69635F68E8
:10449000616E646C657220656E74657265640A0095
:1044A000696E7465727275707420696420636C61E2
:1044B000696D6564203D2025780A000046617461BD
:1044C0006C206572726F722C20696E7465727275E1
:1044D0007074206964205B25785D20636C61696D70
:1044E00065642069732077726F6E670A00000000B0
:1044F000696E746572727570742069642025642019
:10450000636F6D706C657465200A00000A6D6163ED
:10451000685F706C69635F68616E646C657220656A
:1045200078697465640A00000A6973725F6465667D
:1045300061756C7420656E74657265640A000000B4
:10454000696E74657272757074205B25645D20738A
:10455000657276696365640A000000000A69737217
:104560005F64656661756C74206578697465640A5A
:10457000000000000A696E746572727570745F6580
:104580006E61626C6520656E7465726564200A00F8
:10459000696E746572727570745F6964203D202560
:1045A000780A0000504C4943204241534520414481
:1045B0004452455353203D2025782C20504C4943EC
:1045C00020454E41424C45204F4646534554203DE0
:1045D0002025780A00000000696E7465727275709B
:1045E000745F656E61626C655F61646472203D201A
:1045F00025782063757272656E745F76616C75657F
:10460000203D202578200A0076616C756520726552
:1046100061643A206E65775F76616C7565203D2038
:1046200025780A000A696E746572727570745F6528
:104630006E61626C6520657869746564200A0000AB
:104640000A696E746572727570745F646973616211
:104650006C6520656E7465726564200A0000000058
:10466000504C494320424153452041444452455314
:1046700053203D2025782C20504C494320454E4165
:10468000424C45204F4646534554203D2025782036
:10469000696E746572727570745F6964203D20255F
:1046A000780A0000696E746572727570745F64696F
:1046B0007361626C655F61646472203D20257820BF
:1046C00063757272656E745F76616C7565203D20EE
:1046D0002578200A00000000696E7465727275709A
:1046E000745F64697361626C652065786974656480
:1046F0000A0000000A73657420696E746572727531
:1047000070745F7468726573686F6C6420656E7432
:10471000657265640A000000706C696320746872D9
:104720006573686F6C642073657420746F202564F2
:104730000A00000073657420696E7465727275708A
:10474000745F7468726573686F6C642065786974EF
:1047500065640A000A2073657420696E746572725C
:10476000757074207072696F7269747920656E74E7
:10477000657265642025780A00000000696E746522
:1047800072727570745F7072696F726974795F614B
:10479000646472657373203D2025780A0000000070
:1047A00063757272656E7420646174612061742037
:1047B000696E746572727570745F7072696F726918
:1047C00074795F61646472657373203D2025780A93
:1047D00000000000206E65772064617461206174C0
:1047E00020696E746572727570745F7072696F7231
:1047F0006974795F61646472657373203D20257804
:104800000A00000073657420696E746572727570B9
:1048100074207072696F7269747920657869746543
:10482000640A00000A636F6E6669677572652069C5
:104830006E746572727570742070696E20656E7426
:10484000657265640A0000004750494F2044495290
:10485000454354494F4E20524547495354455220F1
:1048600056414C5545203D2025780A00446174612D
:10487000207772697474656E20746F204750494FB9
:1048800020444952454354494F4E204354524C20F2
:10489000524547203D2025780A000000636F6E6670
:1048A000696775726520696E7465727275707420BF
:1048B00070696E206578697465640A000A706C69B5
:1048C000635F696E697420656E74657265640A0061
:1048D00041737369676E6564206D6163685F706CB6
:1048E00069635F68616E646C657220746F207472B6
:1048F0006170206964203A2025640A000A2A2A2A65
:104900002A2A2A2A2A2A2A2A2A2A2A2A2A2A2A2A07
:104910002A2A2A2A2A2A2A2A2A2A2A2A2A2A2A2AF7
:104920002A2A2A2A2A2A2A2A2A2A2A2A2A00000065
:104930000A696E74657272757074206964203D2016
:104940002578200A726573657420746F206465662B
:1049500061756C742076616C756573207374617415
:1049600065203D2025782009090920200A707269F8
:104970006F72697479203D2025780A636F756E74B3
:10498000203D2025780A2009090920200A2A2A2A00
:104990002A2A2A2A2A2A2A2A2A2A2A2A2A2A2A2A77
:1049A0002A2A2A2A2A2A2A2A2A2A2A2A2A2A2A2A67
:1049B0002A2A2A2A2A2A2A2A2A2A2A2A2A2A0000AB
:1049C000706C69635F696E69742065786974656489
:1049D000200A00000A636F6E6669677572655F6919
:1049E0006E7465727275707420656E74657265643C
:1049F000200A0000636F6E6669677572655F696E95
:104A00007465727275707420657869746564200AC3
:104A1000000000000A506572696F64205265676982
:104A2000737465722056616C756520686967686586
:104A300072207468616E206D61782076616C756596
:104A400020282578290000000A20506572696F64CB
:104A5000205265676973746572206F66206D6F649C
:104A6000756C65206E756D626572202564207365B6
:104A70007420746F202578000A447574792052657B
:104A80006769737465722056616C75652068696723
:104A9000686572207468616E206D61782076616C43
:104AA00075652028257829000A20447574792052DC
:104AB00065676973746572206F66206D6F64756CCD
:104AC00065206E756D6265722025642073657420A3
:104AD000746F2025780000000A436F6E74726F6C4B
:104AE0002052656769737465722056616C75652024
:104AF000686967686572207468616E206D617820EE
:104B000076616C7565202825782900000A20436F9E
:104B10006E74726F6C205265676973746572206F72
:104B200066206D6F64756C65206E756D62657220B0
:104B300025642073657420746F20257800000000C0
:104B40000A2052756E6E696E6720696E20636F6E03
:104B500074696E756F7573206D6F646528312F30C1
:104B6000293A2025640000000A436C6F636B2052D1
:104B7000656769737465722056616C756520686934
:104B800067686572207468616E206D617820766157
:104B90006C75652028257829000000000A20416CEA
:104BA0006C20726567697374657273206F66206D1F
:104BB0006F64756C65206E756D626572202564206A
:104BC000636C6561726564000A20416C6C205265FB
:104BD0006769737465722076616C756573206F66A2
:104BE00020616C6C206D6F64756C657320636C65FF
:104BF00061726564000000000A2043757272656E80
:104C000074204D6F64756C65206973207365742022
:104C1000746F2050574D206D6F6465000A204375F6
:104C20007272656E74204D6F64756C6520697320B7
:104C300073657420746F2074696D6572206F6E6384
:104C400065206F6E6C79206D6F6465000A20437576
:104C50007272656E74204D6F64756C652069732087
:104C600073657420746F2074696D657220636F6E54
:104C700074696E756F7573206D6F64650000000058
:104C80000A2050574D206D6F64756C65206E756DF0
:104C900062657220256420686173206265656E20FC
:104CA000656E7465726564000A2050574D206D6F03
:104CB00064756C65206E756D626572202564206E6A
:104CC0006F7420656E746572656400000A20457219
:104CD000726F7220696E2073657474696E672063E9
:104CE0006C6F636B20726567697374657200000096
:104CF0000A204572726F7220696E20736574746940
:104D00006E67206475747920726567697374657263
:104D1000000000000A204572726F7220696E2073D5
:104D2000657474696E6720706572696F642072655E
:104D300067697374657200000A50574D202564201E
:104D400073756363657366756C6C7920636F6E66EB
:104D500069677572656400000A2050574D206D6FB9
:104D600064756C65206E756D6265722025642068BF
:104D70006173206265656E2073746F707065640086
:104D80000A5468652076616C7565206F66207065D1
:104D900072696F64207265676973746572206973E4
:104DA000202578000A5468652076616C7565206F4F
:104DB0006620647574792072656769737465722002
:104DC00069732025780000000A5468652076616CBC
:104DD0007565206F6620636F6E74726F6C207265EC
:104DE000676973746572206973202578000000007C
:104DF0000A5468652076616C7565206F6620636C67
:104E00006F636B20726567697374657220697320C4
:104E10002578000010380080103800802838008085
:104E20000C3800800C3800806E38008028380080F4
:104E30000C3800806E3800800C38008028380080E4
:104E40000A3800800A3800800A3800806E380080F6
:104E50000001020203030303040404040404040421
:104E600005050505050505050505050505050505F2
:104E700006060606060606060606060606060606D2
:104E800006060606060606060606060606060606C2
:104E900007070707070707070707070707070707A2
:104EA0000707070707070707070707070707070792
:104EB0000707070707070707070707070707070782
:104EC0000707070707070707070707070707070772
:104ED0000808080808080808080808080808080852
:104EE0000808080808080808080808080808080842
:104EF0000808080808080808080808080808080832
:104F00000808080808080808080808080808080821
:104F10000808080808080808080808080808080811
:104F20000808080808080808080808080808080801
:104F300008080808080808080808080808080808F1
:104F400008080808080808080808080808080808E1
:104F50001000000000000000037A5200017C0101F3
:104F60001B0D020010000000180000009AD9FFFF7E
:104F70006603000000000000100000002C0000008C
:0C4F8000ECDCFFFF540300000000000008
:104F8C000000020004000200080002000C000200F5
:104F9C001000020014000200180002001C000200A5
:104FAC00200002002400020028000200E0FFFF8F16
:104FBC0046A90088AC52018046A90088F8BF0002BF
:044FCC00004000029F
:104FEC0000400000970200009382020E7390523032
:104FFC00AD4273B0023085629382828873B04230C6
:10500C00B72F000C137E0E00130E0E002380CF0161
:10501C00A380CF012381CF01A381CF01B70F000C57
:10502C00137E0E002380CF01A380CF012381CF01FB
:10503C00A381CF0181400141814101428142014361
:10504C008143014481440145814501468146014724
:10505C0081470148814801498149014A814A014BF4
:10506C00814B014C814C014D814D014E814E014FC4
:10507C00814F97E1000093812182138581E997E5A7
:10508C00000093856507014610C16374B5001105D6
:10509C00E5BF1385819D938541A1014610C16374C1
:1050AC00B5001105E5BF170100101301E1F117E27E
:1050BC00000013029208137202FC6F00304C01A026
:1050CC0000000000197101001300000006C20AC4A0
:1050DC000EC612C816CA1ACC1ECE22D026D22AD47C
:1050EC002ED632D836DA3ADC3EDEC2C0C6C2CAC4CC
:1050FC00CEC6D2C8D6CADACCDECEE2D0E6D2EAD45C
:10510C00EED6F2D8F6DAFADCFEDE73252034F3257F
:10511C0010340A86EF00800B731015349240224134
:10512C00B2414242D2426243F2430254925422555B
:10513C00B2554256D2566257F257064896482649FF
:10514C00B649464AD64A664BF64B065C965C265DDB
:10515C00B65D465ED65E665FF65F09617300203011
:10516C000000797106D622D40018232EA4FC17B5A2
:10517C00000013056539212A0327C4FDB7070080F9
:10518C0093C7F7FFF98F2326F4FE8325C4FE17B5CA
:10519C00000013052539812217B500001305053AC7
:1051AC00FD208327C4FE3E85B25022544561828087
:1051BC00011106CE22CC00102326A4FE2324B4FE1B
:1051CC0017B5000013050539D92001A0797106D651
:1051DC0022D40018232EA4FC232CB4FC232604FE7A
:1051EC00232404FE17B50000130585384D20032633
:1051FC0084FD8325C4FD17B500001305E53855283B
:10520C00914517B500001305253AF120FD472324DD
:10521C00F4FE832784FE0547B317F7003E878327E8
:10522C00C4FDF98F85CB0325C4FD253F2326A4FEA1
:10523C0017B500001305C538AD28138781E98327FE
:10524C00C4FE8A07BA979C43832584FD0325C4FDBD
:10525C00829715A017B500001305453899281387B8
:10526C0081ED8327C4FD8A07BA979C43832584FD6F
:10527C000325C4FD829717B500001305E5370128F7
:10528C00832784FD3E85B2502254456182805D7136
:10529C0022D60018232EA4FC4CC010C454C418C829
:1052AC005CC8232C0401232E1401010032546161CB
:1052BC0082805D7122D60018232EA4FC4CC010C431
:1052CC0054C418C85CC8232C0401232E14010100FB
:1052DC003254616182805D7122D60018232EA4FCA9
:1052EC004CC010C454C418C85CC8232C0401232E11
:1052FC00140101003254616182805D7122D6001864
:10530C00232EA4FC4CC010C454C418C85CC8232C55
:10531C000401232E140101003254616182805D71FD
:10532C0022D60018232EA4FC4CC010C454C418C898
:10533C005CC8232C0401232E14010100325461613A
:10534C0082805D7106D622D40018232EA4FC4CC09A
:10535C0010C454C418C85CC8232C0401232E140197
:10536C0093070402232CF4FC832784FD9117232636
:10537C00F4FE8327C4FEBE850325C4FD912A17B510
:10538C0000001305A528353701A02971232E111211
:10539C00232C8112232A2113232831132326411372
:1053AC0023245113232261132320711380022324FD
:1053BC00A4EC2326B4EC2322C4EC232E04FC232CD3
:1053CC0004FC832744EC3E8B814B032784EC83271E
:1053DC00C4EC5A86DE863A85BE85EF70306B2A8720
:1053EC00AE878327C4FD8A07930604FEB69723ACC9
:1053FC00E7EE832744EC3E8981498327C4EC4E8732
:10540C0063E4E7048327C4EC4E876397E7008327A4
:10541C0084EC4A8763EAE702832744EC3E8A814A9C
:10542C005286D686032584EC8325C4ECEF70B02F0E
:10543C002A87AE872324E4EC2326F4EC8327C4FDCF
:10544C008507232EF4FCB5BF01008327C4FD850717
:10545C00232EF4FC91A08327C4FD8A07130704FEB6
:10546C00BA9703A787EFA54763F7E7009307700583
:10547C00232CF4FC29A093070003232CF4FC832792
:10548C00C4FD8A07130704FEBA9703A787EF832787
:10549C0084FDBA973E85C9298327C4FD1387F7FF7E
:1054AC00232EE4FCE349F0FA010001008320C11330
:1054BC00032481130329411383290113032AC112E5
:1054CC00832A8112032B4112832B011231618280BA
:1054DC001D7186CEA2CCA6CACAC880102326A4FAF7
:1054EC002324B4FA93070000232CF4FC232804FA99
:1054FC00232A04FA232C04FA232E04FA232004FC76
:10550C00232204FC232404FC231604FC11A8638D21
:10551C000438268591298327C4FA85072326F4FAB3
:10552C008327C4FA83C70700BE8493075002E39015
:10553C00F4FE8327C4FA85072326F4FA8327C4FADA
:10554C00232AF4FC232204FE232E04FC8327C4FA12
:10555C00138717002326E4FA83C70700BE8493073A
:10556C0050026380F4329307500263CFF4309307F8
:10557C00800763CB97309307300663C7F43093876B
:10558C00D4F955476362F7301397270097B700009B
:10559C0093870709BA97984397B7000093874708F2
:1055AC00BA978287832744FE85072322F4FE85471A
:1055BC00232EF4FCD5A4832784FA138747002324D5
:1055CC00E4FA9C433E854D26C1AC832784FA1387AD
:1055DC0047002324E4FA03A90700631A090017B94A
:1055EC0000001309690321A02685BD2E05098347F8
:1055FC000900BE84F5F84DA4A9472328F4FC032721
:10560C0044FE854763D1E702832784FA9D07E19B1B
:10561C00138787002324E4FA9843DC432324E4FE15
:10562C002326F4FE3DA8032744FE8547631FF7009D
:10563C00832784FA138747002324E4FA9C4323240A
:10564C00F4FEFD872326F4FE29A8832784FA13870A
:10565C0047002324E4FA9C432324F4FEFD872326ED
:10566C00F4FE032784FE8327C4FE63DB07021305C5
:10567C00D002DD2C032584FE8325C4FE014781471F
:10568C003306A740328833380701B386B740B38757
:10569C000641BE863287B6872324E4FE2326F4FE19
:1056AC00832704FD3E86032584FE8325C4FEF13941
:1056BC00E5A2832784FA9D07E19B138787002324A7
:1056CC00E4FA9843DC433A85BE85EFA08052AA8762
:1056DC00232CF4FC930704FB1946BE85032584FD9B
:1056EC00EF00100D232004FE25A0832704FE1307D2
:1056FC0004FFBA9783C707FC3E85BD24032704FE2D
:10570C00F54763C0E702832704FE85072320F4FED8
:10571C00832704FE130704FFBA9783C707FCF1F72E
:10572C00A5AA010095AAA9472328F4FC032744FE47
:10573C00854763D1E702832784FA9D07E19B138792
:10574C0087002324E4FA9843DC432324E4FE232635
:10575C00F4FE1DA8832744FE89CF832784FA138780
:10576C0047002324E4FA9C432324F4FE232604FE5E
:10577C0021A8832784FA138747002324E4FA9C4347
:10578C002324F4FE232604FE832704FD3E860325F2
:10579C0084FE8325C4FED53E01A2A1472328F4FC38
:1057AC00032744FE854763D1E702832784FA9D07CC
:1057BC00E19B138787002324E4FA9843DC432324DA
:1057CC00E4FE2326F4FE1DA8832744FE89CF8327FD
:1057DC0084FA138747002324E4FA9C432324F4FE21
:1057EC00232604FE21A8832784FA13874700232449
:1057FC00E4FA9C432324F4FE232604FE832704FDB1
:10580C003E86032584FE8325C4FE413671A0C14724
:10581C002328F4FC032744FE854763D1E702832742
:10582C0084FA9D07E19B138787002324E4FA9843AD
:10583C00DC432324E4FE2326F4FE1DA8832744FE28
:10584C0089CF832784FA138747002324E4FA9C43E7
:10585C002324F4FE232604FE21A8832784FA13872D
:10586C0047002324E4FA9C432324F4FE232604FE5D
:10587C00832704FD3E86032584FE8325C4FE313632
:10588C0021A82685D52009A813055002F1288327C5
:10589C0044FD2326F4FA01008327C4FD81C7232E7F
:1058AC0004FC6DB10100ADB90100F6406644D6446C
:1058BC004649256182805D7106D622D40018232EBC
:1058CC00A4FC4CC010C454C418C85CC8232C0401DC
:1058DC00232E140193070402232CF4FC832784FD4C
:1058EC0091172326F4FE8327C4FEBE850325C4FD31
:1058FC00C53681473E85B2502254616182800111C8
:10590C0022CE0010232604FE1DA08327C4FE9387FD
:10591C003711A207BE86138781F18327C4FE8A073D
:10592C00BA9794C38327C4FE85072326F4FE032766
:10593C00C4FE8947E3DBE7FC01000100724405610A
:10594C008280411122C600080100938781F19C439B
:10595C0083C7C700918BF5DB938781F19C439C47F0
:10596C003E85324441018280011122CE0010232653
:10597C00A4FE0100938781F19C4383C7C700898BE8
:10598C00F5FB938781F19C430327C4FED8C3814761
:10599C003E85724405618280797122D60018232ECF
:1059AC00A4FC232CB4FC232604FE832784FD92073D
:1059BC0037F7FA0213070708B357F7022326F4FE4A
:1059CC008327C4FE1397070141838327C4FD2390CB
:1059DC00E7000100325445618280011122CE001093
:1059EC002326A4FEAE87A305F4FE8327C4FE03473B
:1059FC00B4FE238CE7000100724405618280011122
:105A0C0022CE00102326A4FEAE87A305F4FE0100CF
:105A1C008327C4FE83C7C700898BFDFB0347B4FEF5
:105A2C008327C4FED8C381473E85724405618280BA
:105A3C00797106D622D40018232EA4FC232CB4FC96
:105A4C00232604FE8327C4FE138717002326E4FEB7
:105A5C00032784FDBA9783C70700A305F4FE834789
:105A6C00B4FEBE850325C4FD593F8347B4FEF9FB44
:105A7C0081473E85B250225445618280797122D68D
:105A8C000018232EA4FC232CB4FCA30704FE010055
:105A9C008327C4FD83C7C700918BFDDB8327C4FD1F
:105AAC009C47A307F4FE832784FD0347F4FE238061
:105ABC00E70085473E85325445618280797106D670
:105ACC0022D40018232EA4FC232CB4FC232604FE81
:105ADC00A30504FE01008327C4FD83C7C700918B77
:105AEC00FDDB8327C4FD9C47A305F4FE8327C4FE7E
:105AFC00138717002326E4FE032784FDBA97034778
:105B0C00B4FE2380E7008347B4FE3E85B13D0347D6
:105B1C00B4FEB547E310F7FC8327C4FE13871700C8
:105B2C002326E4FE032784FDBA9729472380E70048
:105B3C008327C4FE138717002326E4FE032784FD66
:105B4C00BA97238007008327C4FE93F7F70F3E858F
:105B5C00B250225445618280797122D60018232ECE
:105B6C00A4FC31A08327C4FD9C47A307F4FE832724
:105B7C00C4FD83C7C700918BF5F7010001003254B7
:105B8C0045618280411122C6000801003244410166
:105B9C008280411106C622C4000817B50000130507
:105BAC00A5ADEFF0CFEE938781E917F7FFFF130751
:105BBC00676098C3938781E917F7FFFF1307875F27
:105BCC00D8C3938781E917F7FFFF1307A75E98C720
:105BDC00938781E917F7FFFF1307C75DD8C7938732
:105BEC0081E917F7FFFF1307E75C98CB938781E9EF
:105BFC0017F7FFFF1307075CD8CB938781E917F7DB
:105C0C00FFFF1307275B98CF938781E917070000E5
:105C1C0013076770D8CF938781E917F7FFFF130736
:105C2C00675998D3938781E917F7FFFF13078758B4
:105C3C00D8D3938781E917F7FFFF1307A75798D796
:105C4C00938781E91717000013070787D8D7938725
:105C5C0081E917F7FFFF1307E75598DB938781E975
:105C6C0017F7FFFF13070755D8DB938781E917F761
:105C7C00FFFF1307275498DF938781E917F7FFFF7E
:105C8C0013074753D8DF938781ED17F7FFFF1307EF
:105C9C00675298C3938781ED17F7FFFF130787515E
:105CAC00D8C3938781ED17F7FFFF1307A75098C749
:105CBC00938781ED17F7FFFF1307C74FD8C793875B
:105CCC0081ED17F7FFFF1307E74E98CB938781ED14
:105CDC0017F7FFFF1307074ED8CB938781ED17F704
:105CEC00FFFF1307274D98CF938781ED17F7FFFF21
:105CFC001307474CD8CF938781ED17F7FFFF130796
:105D0C00674B98D3938781ED17F7FFFF1307874AEB
:105D1C00D8D3938781ED17F7FFFF1307A74998D7BF
:105D2C00938781ED17F7FFFF1307C748D8D79387E1
:105D3C0081ED17F7FFFF1307E74798DB938781ED9A
:105D4C0017F7FFFF13070747D8DB938781ED17F78A
:105D5C00FFFF1307274698DF938781ED17F7FFFFA7
:105D6C0013074745D8DF17B5000013056592EFF010
:105D7C000FD20100B240224441018280411106C67B
:105D8C0022C40008AD3E17B500001305A591EFF035
:105D9C000FD00135EF50E04917B500001305859180
:105DAC00EFF0EFCE0100B2402244410182807971C4
:105DBC0022D60018232EA4FC232604FE01008327E0
:105DCC00C4FE138717002326E4FE0327C4FDE3E873
:105DDC00E7FE01000100325445618280797122D6C0
:105DEC000018232EA4FC0327C4FD9307803EB307A1
:105DFC00F7022326F4FE29A89307803E2324F4FE01
:105E0C000100832784FE1387F7FF2324E4FEF5FBB0
:105E1C008327C4FE1387F7FF2326E4FEF1FF01005E
:105E2C000100325445618280797106D622D4001863
:105E3C00232EA4FC85472326F4FE232404FE31A83C
:105E4C000327C4FEBA878A07BA9786072326F4FE6F
:105E5C00832784FE85072324F4FE032784FE8327EF
:105E6C00C4FDE36FF7FC0325C4FEEF909045AA87B1
:105E7C003E85B250225445618280797122D6001839
:105E8C00232EA4FC232CB4FC232604FE832784FDA0
:105E9C00FD172324F4FE99A88327C4FE0327C4FD11
:105EAC00BA9783C70700A303F4FE832784FE032756
:105EBC00C4FD3E978327C4FE8326C4FDB6970347D3
:105ECC0007002380E700832784FE0327C4FDBA97CD
:105EDC00034774FE2380E7008327C4FE850723262F
:105EEC00F4FE832784FEFD172324F4FE0327C4FE4F
:105EFC00832784FEE342F7FA010001003254456126
:105F0C008280797106D622D40018232EA4FC232C6F
:105F1C00B4FC232AC4FC232604FE3DA80327C4FD9D
:105F2C00A947B367F70213F7F70F832684FD83277E
:105F3C00C4FEB697130707031377F70F2380E70008
:105F4C008327C4FE85072326F4FE0327C4FDA94737
:105F5C00B347F702232EF4FC8327C4FDE1F339A8E1
:105F6C00032784FD8327C4FEBA97130700032380FD
:105F7C00E7008327C4FE85072326F4FE0327C4FE0F
:105F8C00832744FDE36EF7FC8327C4FEBE850325FF
:105F9C0084FDE535032784FD8327C4FEBA9723804F
:105FAC0007008327C4FE3E85B2502254456182808F
:105FBC005D7186C6A2C48008232EA4FA232CB4FAE1
:105FCC00232AC4FA232604FE232004FC232204FCE7
:105FDC00232404FC232604FC232804FC232A04FC8D
:105FEC00232C04FC231E04FC0325C4FBEF90103768
:105FFC002A87AE8797A600009386866E9042D4427D
:10600C003A85BE85EF70C05D2A87AE873A85BE851E
:10601C00EF90303EAA87232EF4FA0325C4FBEF90B1
:10602C00B018AA872324F4FE032584FEEF90D01D1C
:10603C00AA87BE850325C4FBEF900064AA872322A0
:10604C00F4FE232004FE930500000325C4FBEF900F
:10605C004039AA8763DE0700832704FE032784FBED
:10606C00BA971307D0022380E70085472320F4FE5C
:10607C00832784FE85E3832704FE032784FBBA97DA
:10608C00130700032380E700832704FE85072320E2
:10609C00F4FE3DA8832784FE63D80700832784FE83
:1060AC00B307F0402324F4FE930704FC0146BE859D
:1060BC00032584FEB9352326A4FE832704FE03277B
:1060CC0084FBBA97130704FCBA853E85EF901053F6
:1060DC000327C4FE832704FEBA972326F4FE8327E6
:1060EC0044FBADCF8327C4FE032784FBBA97130769
:1060FC00E0022380E70093050000032544FEEF90A7
:10610C00402EAA8763DA0700032744FEB7070080F6
:10611C00B98F2322F4FE39A093050000032544FE19
:10612C00EF90401F032544FB0133AA87BE8503254E
:10613C0044FEEF908032AA872322F4FE032544FE0E
:10614C00EF909006AA868327C4FE8507032784FB5D
:10615C00BA97032644FBBE85368565330100B640ED
:10616C00264461618280797122D60018232EA4FC0A
:10617C00232CB4FC832784FD2326F4FE29A8832733
:10618C0084FD2326F4FE01008327C4FE1387F7FF4A
:10619C002326E4FEF5FB8327C4FD1387F7FF232E8C
:1061AC00E4FCF1FF010001003254456182800111D1
:1061BC0006CE22CC00102326A4FE8327C4FE9C43CB
:1061CC003E868325C4FE17A500001305E54FEFF0AE
:1061DC008F908327C4FE9C433E85F2406244056148
:1061EC008280011106CE22CC00102326A4FE23248B
:1061FC00B4FE8327C4FE032784FE98C38327C4FE02
:10620C009C433E868325C4FE17A500001305C54B91
:10621C00EFF06F8C0100F240624405618280411105
:10622C0022C60008B7C70002E1179C433E853244E2
:10623C0041018280411122C60008B7C70002F11744
:10624C009C433E85324441018280411106C622C4E2
:10625C004AC24EC00008E137AA873E8981494A8765
:10626C00CE873A85BE85B24022441249824941010B
:10627C008280011106CE22CC00102324A4FE2326FA
:10628C00B4FE17A5000013052546EFF04F80938749
:10629C00C1959C439843DC439386019603A8060062
:1062AC00032584FE8325C4FE3306A700B288B3B849
:1062BC00E800B386B700B387D800BE863287B687AE
:1062CC002320E8002322F800938701969C439843EF
:1062DC00DC433A86BE8617A500001305A542EFE005
:1062EC005FFD9387C1959C439843DC433A86BE86F9
:1062FC0017A5000013058542EFE0BFFB17A50000B2
:10630C0013050543EFE0BFF80100F240624405615C
:10631C008280011106CE22CC00102326A4FE232459
:10632C00B4FE17A5000013056542EFE05FF69387F6
:10633C00019694437D57FD5798C2DCC29387019612
:10634C009C439843DC433A86BE8617A50000130590
:10635C00E541EFE05FF8B7C70002E1179C43BE854B
:10636C0017A5000013050542EFE0FFF617A5000086
:10637C0013058542EFE0BFF10100F2406244056174
:10638C008280797106D622D40018232EA4FC17A57E
:10639C00000013052542EFE09FEFB707010CC10782
:1063AC002326F4FE8327C4FE0327C4FD98C313875A
:1063BC0041F28327C4FD9207BA97094798C7138700
:1063CC0041F28327C4FD9207BA97DC471387170065
:1063DC00938641F28327C4FD9207B697D8C71387DB
:1063EC0041F28327C4FD9207BA979C473E868325CA
:1063FC00C4FD17A500001305E53DEFE0DFED1387A5
:10640C0041F28327C4FD9207BA978C43138741F25C
:10641C008327C4FD9207BA979047138741F28327CD
:10642C00C4FD9207BA97D443138741F28327C4FD66
:10643C009207BA97DC473E8717A500001305053C69
:10644C00EFE07FE917A500001305C540EFE03FE43E
:10645C000100B250225445618280011106CE22CC3B
:10646C000010232604FE17A5000013056540EFE07D
:10647C001FE2B707010CC1072326F4FE8327C4FED5
:10648C009C432324F4FE0326C4FE832584FE17A517
:10649C00000013052540EFE01FE417A500001305CD
:1064AC002542EFE0DFDE832784FE3E85F240624426
:1064BC0005618280797106D622D40018232EA4FCA3
:1064CC00232CB4FC17A5000013058541EFE03FDC3D
:1064DC0069372326A4FE8325C4FE17A500001305E7
:1064EC00E541EFE05FDF8327C4FE91C70327C4FEBD
:1064FC00F14763FAE7008325C4FE17A500001305D6
:10650C00A541EFE01FE4138741F28327C4FE9207F5
:10651C00BA97054798C7138741F28327C4FE9207A1
:10652C00BA979C473E868325C4FE17A50000130529
:10653C00652AEFE05FDA1387410E8327C4FE8A07D2
:10654C00BA979C430325C4FE82970325C4FE153DD0
:10655C008325C4FE17A500001305453FEFE0BFD708
:10656C0017A5000013054540EFE07FD20100B250A3
:10657C00225445618280011106CE22CC00102326C4
:10658C00A4FE17A500001305E53FEFE05FD08327BD
:10659C00C4FE85CB0327C4FE994763E4E702194781
:1065AC008327C4FEB307F7403E85B125AA8791EB3C
:1065BC0019478327C4FEB307F740930500083E85AF
:1065CC00D9238325C4FE17A500001305253DEFE054
:1065DC005FCE17A500001305253EEFE05FCB010051
:1065EC00F240624405618280797106D622D400188B
:1065FC00232EA4FCA30704FE17A500001305453D9C
:10660C00EFE0FFC88325C4FD17A500001305053E68
:10661C00EFE07FCC0966B705000C17A50000130549
:10662C00253EEFE05FCB8327C4FD13D73700B72798
:10663C00000CBA972324F4FE832784FE83C707003B
:10664C00A307F4FE8347F4FE3E86832584FE17A53C
:10665C0000001305253EEFE01FC88327C4FD9D8B6A
:10666C000547B317F7001397870161878307F4FE7B
:10667C00D98FE207E187A303F4FE832784FE034747
:10668C0074FE2380E700834774FEBE8517A50000C7
:10669C001305453DEFE03FC417A500001305453E2B
:1066AC00EFE0FFBE0100B250225445618280797147
:1066BC0006D622D40018232EA4FC232604FEA30500
:1066CC0004FE17A500001305653DEFE05FBC8325B4
:1066DC00C4FD17A5000013056531EFE0DFBF83266D
:1066EC00C4FD0966B705000C17A500001305053D90
:1066FC00EFE07FBE8327C4FD13D73700B727000C0C
:10670C00BA972326F4FE8327C4FE83C70700A3058C
:10671C00F4FE8347B4FE3E868325C4FE17A5000015
:10672C001305053EEFE03FBB8327C4FD9D8B05475A
:10673C00B317F700E207E18793C7F7FF13978701B9
:10674C0061878307B4FEF98FE207E1872305F4FE26
:10675C008327C4FE0347A4FE2380E700138741F27E
:10676C008327C4FD9207BA9723A40700138741F22D
:10677C008327C4FD9207BA979C473E868325C4FDA8
:10678C0017A5000013050505EFE0FFB417A50000E1
:10679C001305453AEFE0BFAF0100B25022544561FA
:1067AC008280797106D622D40018232EA4FC17A55A
:1067BC0000001305E539EFE09FAD232604FEB70773
:1067CC00010C2326F4FE8327C4FE0327C4FD98C3C3
:1067DC008327C4FE9C43BE8517A50000130585398D
:1067EC00EFE07FAF17A500001305853AEFE03FAA55
:1067FC000100B250225445618280797106D622D4B0
:10680C000018232EA4FC232CB4FC8325C4FD17A54F
:10681C0000001305E539EFE09FA7832784FD13974C
:10682C002700B707000CBA972326F4FE8325C4FE75
:10683C0017A500001305453AEFE0FFA98327C4FE16
:10684C009C43BE8517A500001305453BEFE0BFA890
:10685C008327C4FE0327C4FD98C38327C4FE9C432F
:10686C00BE8517A500001305A53CEFE0DFA617A514
:10687C0000001305E53EEFE09FA10100B250225449
:10688C0045618280797106D622D40018232EA4FC8F
:10689C0017A500001305C53EEFE07F9FB707040066
:1068AC0013850710EFF0BF902326A4FE8325C4FEAA
:1068BC0017A500001305053FEFE0FFA18327C4FDDA
:1068CC00E5170547B317F70093C7F7FF3E878327F4
:1068DC00C4FEF98FBE85B707040013850710EFF0CF
:1068EC005F90B707040013850710EFF05F8CAA8741
:1068FC00BE8517A500001305253DEFE0DF9D17A50C
:10690C0000001305653FEFE09F980100B250225440
:10691C0045618280011106CE22CC0010232604FE94
:10692C0017A500001305453FEFE07F96938781E99B
:10693C0017070000130747B8D8D7AD4517A50000B7
:10694C001305C53EEFE03F99938741F223A407005E
:10695C00938741F223A00700938741F223A20700FB
:10696C00938741F223A6070085472326F4FED1A086
:10697C00138741F28327C4FE9207BA9723A407001A
:10698C00138741F28327C4FE9207BA970327C4FEEC
:10699C0098C3138741F28327C4FE9207BA9709471D
:1069AC00D8C3138741F28327C4FE9207BA9723A654
:1069BC00070017A500001305253AEFE0DF9103252A
:1069CC00C4FEF5311387410E8327C4FE8A07BA979C
:1069DC0017070000130767BA98C38325C4FE09453F
:1069EC00293D138741F28327C4FE9207BA978C4343
:1069FC00138741F28327C4FE9207BA9790471387F7
:106A0C0041F28327C4FE9207BA97D443138741F20D
:106A1C008327C4FE9207BA97DC473E8717A5000070
:106A2C001305C536EFE03F8B8327C4FE850723266D
:106A3C00F4FE0327C4FEED47E3FCE7F2054595336E
:106A4C0017A500001305853DEFE07F840100F2409F
:106A5C00624405618280011106CE22CC00102326EF
:106A6C00A4FE17A500001305A53CEFE05F820327E9
:106A7C00C4FE994763FAE7000327C4FED54763E5D4
:106A8C00E7000325C4FEFD3B0325C4FEB13E17A55C
:106A9C0000001305E53BEFE08FFF0100F24062447C
:106AAC0005618280797106D622D40018232EA4FCAD
:106ABC00232CB4FC032784FDC167634DF700C16729
:106ACC009385F7FF17A500001305853AEFE03F8586
:106ADC00814725A88327C4FD93870730A207232667
:106AEC00F4FE832784FD1397070141878327C4FE97
:106AFC002390E700032684FD8325C4FD17A5000021
:106B0C001305453AEFE0EFFA85473E85B250225423
:106B1C0045618280797106D622D40018232EA4FCFC
:106B2C00232CB4FC032784FDC167634DF700C167B8
:106B3C009385F7FF17A500001305C539EFE02FFE6D
:106B4C0081472DA88327C4FD93870730A20791079F
:106B5C002326F4FE832784FD13970701418783279F
:106B6C00C4FE2390E700032684FD8325C4FD17A5EE
:106B7C00000013052539EFE0CFF385473E85B25071
:106B8C00225445618280797106D622D40018232EB6
:106B9C00A4FC232CB4FC032784FD9307F00F63DCC7
:106BAC00E7009305F00F17A500001305A538EFE0DB
:106BBC000FF7814725A88327C4FD93870730A207C9
:106BCC00A1072326F4FE832784FD13F7F70F8327F1
:106BDC00C4FE2380E700032684FD8325C4FD17A58E
:106BEC00000013056538EFE0CFEC85473E85B250C9
:106BFC00225445618280797106D622D40018232E46
:106C0C00A4FC8327C4FD93870730A207A107232682
:106C1C00F4FE8327C4FE83C7070093F7F70FA18BFD
:106C2C002324F4FE832784FE8D87BE8517A50000E0
:106C3C001305C536EFE0EFE7832784FE13D7374003
:106C4C0085476314F700854711A081473E85B250F4
:106C5C00225445618280797106D622D40018232EE5
:106C6C00A4FC232CB4FC032784FDC167634DF700FF
:106C7C00C1679385F7FF17A500001305A534EFE056
:106C8C000FEA81471DA08327C4FD93870730A20715
:106C9C00B1072326F4FE832784FD13970701418750
:106CAC008327C4FE2390E70085473E85B2502254CB
:106CBC0045618280011106CE22CC00102326A4FE51
:106CCC0081450325C4FEF93B81450325C4FE993556
:106CDC0081450325C4FE453D81450325C4FEA53FE2
:106CEC008325C4FE17A5000013050531EFE06FDC0A
:106CFC000100F240624405618280011106CE22CC73
:106D0C000010232604FE09A80325C4FE653783273B
:106D1C00C4FE85072326F4FE0327C4FE9147E3D562
:106D2C00E7FE17A500001305E52FEFE08FD8010053
:106D3C00F240624405618280797106D622D4001833
:106D4C00232EA4FC232604FE8327C4FD9DE717A550
:106D5C00000013052530EFE0CFD58327C4FE89074B
:106D6C002326F4FE8327C4FE91072326F4FE8327F3
:106D7C00C4FEC1072326F4FEB9A00327C4FD854732
:106D8C00631EF70017A500001305052FEFE06FD267
:106D9C008327C4FE91072326F4FE35A00327C4FDE8
:106DAC0089476312F70217A500001305E52FEFE0E2
:106DBC004FD08327C4FE91072326F4FE8327C4FEFD
:106DCC00A1072326F4FE8327C4FE3E85B25022542D
:106DDC0045618280797106D622D40018232EA4FC3A
:106DEC00232CB4FC032584FD813F2326A4FE83259C
:106DFC00C4FE0325C4FD413BAA8789CB8325C4FD72
:106E0C0017A500001305852DEFE0AFCA8325C4FE3E
:106E1C000325C4FD8D3BAA8789EB8325C4FD17A5EB
:106E2C0000001305252EEFE08FCF0100B250225445
:106E3C0045618280797122D60018232EA4FCAE877E
:106E4C00A30DF4FC8327C4FD93870730A207A10789
:106E5C002326F4FE8347B4FD99C78327C4FE850718
:106E6C002326F4FE09A88327C4FE91C78327C4FEFA
:106E7C00FD172326F4FE0100325445618280011176
:106E8C0006CE22CC00102326A4FE2324B4FE832598
:106E9C0084FE0325C4FEC133AA8799E717A5000019
:106EAC0013058528EFE0AFC70100F240624405618D
:106EBC008280011106CE22CC00102326A4FE2324AE
:106ECC00B4FE832584FE0325C4FEA931AA8799E765
:106EDC0017A5000013058527EFE06FC40100F240F1
:106EEC00624405618280011106CE22CC001023265B
:106EFC00A4FE2324B4FE832584FE0325C4FE5D3644
:106F0C00AA8799E717A5000013058526EFE02FC186
:106F1C000100F240624405618280797106D622D468
:106F2C0000182326A4FE2324B4FE2322C4FE23200F
:106F3C00D4FEBA87A30FF4FC832544FE0325C4FEBC
:106F4C005D37832504FE0325C4FEA537832584FE07
:106F5C000325C4FE2D378347F4FDBE850325C4FEEF
:106F6C00D13D8325C4FE17A500001305A522EFE033
:106F7C004FB40100B250225445618280011106CEFB
:106F8C0022CC00102326A4FE81450325C4FEE53E39
:106F9C008325C4FE17A500001305C521EFE06FB1D2
:106FAC000100F240624405618280797106D622D4D8
:106FBC000018232EA4FC8327C4FD93870730A20757
:106FCC002326F4FE8327C4FD93870730A20791077D
:106FDC002324F4FE8327C4FD93870730A207A1075F
:106FEC002322F4FE8327C4FD93870730A207B10741
:106FFC002320F4FE8327C4FE83D70700C207C18376
:10700C00BE8517A500001305651DEFE08FAA832729
:10701C0084FE83D70700C207C183BE8517A5000075
:10702C001305051EEFE0EFA8832744FE83C7070076
:10703C0093F7F70FBE8517A500001305A51EEFE00B
:10704C004FA7832704FE83D70700C207C183BE85E1
:10705C0017A500001305851FEFE0AFA50100B25086
:10706C00225445618280011122CE00102326A4FEF9
:10707C002324B4FE8327C4FE9843832784FEF98F10
:10708C00B337F00093F7F70F3E85724405618280A9
:10709C00011106CE22CC00102326A4FE2324B4FE1C
:1070AC00B7F70B00138527BCBD200D220100F24061
:1070BC00624405618280011106CE22CC001023248B
:1070CC00A4FE2326B4FE938781E91707000013075B
:1070DC0067FCD8CF9D4517A5000013056519EFE097
:1070EC008FFD9302000873A04230A14273A00230BE
:1070FC000100F240624405618280411122C6000801
:10710C009387019694437D57FD5798C2DCC20100CA
:10711C00324441018280011122CE00102326A4FEAC
:10712C009387C1959C439843DC438326C4FE3688E1
:10713C00FD86B688938601968C423306070132850C
:10714C003335E500B3861701B307D500BE86328709
:10715C00B68798C1DCC101007244056182807971E7
:10716C0022D60018AA87A30FF4FCA30704FE39A0AB
:10717C0001008347F4FE8507A307F4FE0347F4FEE2
:10718C008347F4FDE366F7FE0100325445618280CB
:10719C00011122CE00102326A4FE8327C4FE8D8B62
:1071AC0081EB0327C4FE93074006B377F70281EB0C
:1071BC000327C4FE93070019B377F70299E38547B9
:1071CC0011A081473E85724405618280411122C61F
:1071DC000008938781A183C70700850713F7F70F72
:1071EC00938781A12380E700010032444101828012
:1071FC00797122D60018232EA4FC0327C4FD930713
:10720C002003B307F7022326F4FE232404FE39A03F
:10721C000100832784FE85072324F4FE832784FE44
:10722C000327C4FEE3E6E7FE01000100325445618A
:10723C008280797122D60018232EA4FC0327C4FD6A
:10724C00B16793870735B307F7022326F4FE23248F
:10725C0004FE39A00100832784FE85072324F4FE55
:10726C00832784FE0327C4FEE3E6E7FE010001004A
:10727C00325445618280797122D60018232EA4FCE9
:10728C008327C4FD2326F4FE29A89307B0042324E6
:10729C00F4FE0100832784FE1387F7FF2324E4FE0A
:1072AC00F5FB8327C4FE1387F7FF2326E4FEF1FFCB
:1072BC0001000100325445618280011122CE001080
:1072CC002326A4FE2324B4FE8327C4FE98438327DD
:1072DC0084FE5D8F8327C4FE98C301007244056150
:1072EC008280011122CE00102326A4FE2324B4FE9A
:1072FC008327C4FE9843832784FE93C7F7FF7D8FB3
:10730C008327C4FE98C30100724405618280011179
:10731C0022CE00102326A4FE31A08327C4FEFD1725
:10732C002326F4FE8327C4FEEDFB0100010072440A
:10733C0005618280411106C622C40008B70500020F
:10734C00B7070400138587108D3F0545C937B7056E
:10735C000002B70704001385871061370545453FC8
:10736C000100B240224441018280411122C6000832
:10737C00B7070400938707109443B707040093875B
:10738C00071037070001558F98C3B7070400938780
:10739C0087109443B707040093878710370700FFC3
:1073AC007D17758F98C3B707040093870710944314
:1073BC00B70704009387071037070002558F98C34F
:1073CC00B7070400938787109443B707040093878B
:1073DC008710370700FE7D17758F98C3B707040019
:1073EC00938707109443B707040093870710370758
:1073FC000004558F98C3B7070400938787109443F4
:10740C00B70704009387871037070004558F98C37C
:10741C00B7070400938707109443B70704009387BA
:10742C00071037070008558F98C3B70704009387D8
:10743C0087109443B7070400938787103707000819
:10744C00558F98C3B7070400938707109443B70769
:10745C0004009387071037070010558F98C3B707A0
:10746C000400938787109443B70704009387871011
:10747C0037070010558F98C3B70704009387071080
:10748C009443B70704009387071037070020558FE4
:10749C0098C3B7070400938787109443B707040079
:1074AC009387871037070020558F98C3010032440B
:1074BC0041018280011106CE22CC0010AA87A307BD
:1074CC00F4FE8307F4FE63D00702B707040093872A
:1074DC0087109443B7070400938787103707002061
:1074EC00558F98C339A8B707040093878710944326
:1074FC00B707040093878710370700E07D17758F57
:10750C0098C38347F4FE93F7070499CFB707040099
:10751C00938787109443B707040093878710370726
:10752C000010558F98C339A8B707040093878710AC
:10753C009443B707040093878710370700F07D1733
:10754C00758F98C38347F4FE93F7070299CFB7075B
:10755C000400938787109443B70704009387871020
:10756C0037070008558F98C339A8B70704009387CD
:10757C0087109443B707040093878710370700F8E8
:10758C007D17758F98C38347F4FEC18B99CFB707CE
:10759C000400938787109443B707040093878710E0
:1075AC0037070004558F98C339A8B7070400938791
:1075BC0087109443B707040093878710370700FCA4
:1075CC007D17758F98C3BD330100F240624405618D
:1075DC008280011106CE22CC0010AA87A307F4FEEC
:1075EC008347F4FEA18B99CFB707040093878710CC
:1075FC009443B70704009387871037070020558FF3
:10760C0098C339A8B7070400938787109443B7072A
:10761C00040093878710370700E07D17758F98C398
:10762C008347F4FE918B99CFB7070400938787109B
:10763C009443B70704009387871037070010558FC2
:10764C0098C339A8B7070400938787109443B707EA
:10765C00040093878710370700F07D17758F98C348
:10766C008347F4FE898B99CFB70704009387871063
:10767C009443B70704009387871037070008558F8A
:10768C0098C339A8B7070400938787109443B707AA
:10769C00040093878710370700F87D17758F98C300
:1076AC008347F4FE858B99CFB70704009387871027
:1076BC009443B70704009387871037070004558F4E
:1076CC0098C339A8B7070400938787109443B7076A
:1076DC00040093878710370700FC7D17758F98C3BC
:1076EC0091390100F240624405618280011106CE9D
:1076FC0022CC0010AA87A307F4FE8347F4FE9183E3
:10770C0093F7F70F3E85F1358347F4FE3E85D1356F
:10771C007945F53E0100F240624405618280011119
:10772C0006CE22CC0010AA87A307F4FEB7050002F0
:10773C00B7070400138587106D36B7050001B7072E
:10774C00040013858710713E8347F4FE3E85793F14
:10775C000100F240624405618280011106CE22CC08
:10776C000010AA87A307F4FEB7050002B7070400B0
:10777C0013858710BD36B7050001B70704001385C4
:10778C008710253E8347F4FE3E858D370100F2407D
:10779C00624405618280011106CE22CC0010AA87BA
:1077AC00A307F4FE8347F4FE3E85453F0100F240FB
:1077BC00624405618280011106CE22CC0010232682
:1077CC00A4FE21A88327C4FE83C707003E85E137AA
:1077DC008327C4FE85072326F4FE8327C4FE83C7B4
:1077EC000700EDF301000100F24062440561828064
:1077FC00011106CE22CC00102326A4FE2324B4FEB5
:10780C001305800C8D3C0327C4FE8547631DF700D0
:10781C00832784FE93F7F70F938707F893F7F70FF7
:10782C003E85F53D05A00327C4FE8947631CF70080
:10783C00832784FE93F7F70F938707FC93F7F70FD3
:10784C003E85F13D0100F2406244056182804111A8
:10785C0006C622C400080545D9350945C935054574
:10786C00193C0100B240224441018280411106C6FC
:10787C0022C40008B7070400938787109443B70706
:10788C00040093878710370700E07D17758F98C326
:10789C00B7070400938787109443B70704009387B6
:1078AC008710370700F07D17758F98C3B707040052
:1078BC00938787109443B707040093878710370783
:1078CC000008558F98C3B70704009387871094431B
:1078DC00B70704009387871037070004558F98C3A8
:1078EC00913C79452D34B93479451534A134794519
:1078FC00393CB7070400938787109443B7070400FB
:10790C0093878710370700E07D17758F98C3B707EB
:10791C000400938787109443B7070400938787105C
:10792C00370700F07D17758F98C3B707040093874E
:10793C0087109443B7070400938787103707000814
:10794C00558F98C3B7070400938787109443B707E4
:10795C00040093878710370700FC7D17758F98C339
:10796C00D13A79456D320100B24022444101828006
:10797C00411106C622C40008B705003FB707040032
:10798C00138507101D3AD532D535D13513050003B3
:10799C007933130580026133394551330545413341
:1079AC001945B53B0545A53B1305803EE930010063
:1079BC00B240224441018280797106D622D400184B
:1079CC002326A4FE2324B4FE2322C4FE2320D4FEAB
:1079DC00BA87A30FF4FC8347F4FD91C38D3D832537
:1079EC0084FE0325C4FE2935032544FEE933032513
:1079FC0004FE51300100B2502254456182807971ED
:107A0C0006D622D400182326A4FE2324B4FE232257
:107A1C00C4FE2320D4FE232EE4FCA30DF4FC8347E8
:107A2C00B4FD91C32D35832584FE0325C4FEC933D3
:107A3C00832504FE032544FE31280325C4FD253887
:107A4C009387C1A01307000098C30100B2502254C1
:107A5C00456182805D7186C6A2C48008232EA4FA7B
:107A6C00232CB4FA232604FE930500000325C4FB43
:107A7C00EF703017AA8763D607028327C4FE1387DB
:107A8C0017002326E4FE130704FFBA971307D0024E
:107A9C00238EE7FC0327C4FBB7070080B98F232E86
:107AAC00F4FA0325C4FBEF703070AA872322F4FE8E
:107ABC00032544FEEF705075AA87BE850325C4FBD1
:107ACC00EF70903BAA872324F4FE8327C4FE130790
:107ADC00C4FCBA97BE85032544FEC1202A878327A0
:107AEC00C4FEBA972326F4FE8327C4FE138717001F
:107AFC002326E4FE130704FFBA971307E002238E34
:107B0C00E7FCA5A097A70000938787318C4303253A
:107B1C0084FEEF709014AA872324F4FE032584FEC0
:107B2C00EF709068AA872320F4FE832704FE13F7D6
:107B3C00F70F8327C4FE938617002326D4FE130762
:107B4C0007031377F70F930604FFB697238EE7FC12
:107B5C00032504FEEF70506BAA87BE85032584FEB7
:107B6C00EF709031AA872324F4FE832784FB1387BC
:107B7C00F7FF232CE4FAE347F0F88327C4FE13073E
:107B8C0004FFBA97238E07FC9307C4FC3E8525316E
:107B9C000100B640264461618280397122DE80008A
:107BAC002326A4FC2324B4FC232604FE232404FE55
:107BBC008327C4FCB9EF8327C4FE13871700232641
:107BCC00E4FE3E87832784FCBA97130700032380C7
:107BDC00E7008327C4FE49A00327C4FCA947B36769
:107BEC00F70213F7F70F832784FE938617002324DD
:107BFC00D4FE130707031377F70F930604FFB6970A
:107C0C002386E7FE0327C4FCA947B347F7022326C4
:107C1C00F4FC8327C4FCE341F0FC0DA8832784FE0D
:107C2C00FD172324F4FE8327C4FE13871700232695
:107C3C00E4FE3E87832784FCBA97032784FE9306D1
:107C4C0004FF36970347C7FE2380E700832784FE93
:107C5C00E346F0FC8327C4FE3E857254216182808A
:107C6C00411106C622C40008179500001305456390
:107C7C00EFD07FC4B7F70B00138527BCEFF0AFC96B
:107C8C009387C12C23A0070099A8938781A103C7D0
:107C9C00070095476319F702938781A1238007009A
:107CAC009387C12C054798C397B7000093878744E7
:107CBC00054798C39387014F23A007009387411C66
:107CCC00094798C329A89387014F054798C3938701
:107CDC00411C23A007009387C12C23A00700938786
:107CEC00015D9C4399C79387C12C98438547E31E3C
:107CFC00F7F8EFF08FC09387C12C23A00700010089
:107D0C00B240224441018280797106D622D40018F7
:107D1C00232EA4FC232CB4FCA30704FEB7F70B0002
:107D2C00138527BCEFF02FBF9387C12C23A007002E
:107D3C001DA8938781A103C7070095476311F7021C
:107D4C00938781A1238007009387C12C054798C393
:107D5C00179500001305C556EFD0FFB529A09387E2
:107D6C00C12C23A007008327C4FD83C7C700918BB8
:107D7C0099E79387C12C98438547E31CF7FAEFF0FA
:107D8C00CFB79387C12C23A007008327C4FD9C4742
:107D9C00A307F4FE832784FD0347F4FE2380E7004A
:107DAC0085473E85B250225445618280411106C6FA
:107DBC0022C400089305000FB707040013850710B1
:107DCC00EFF02FD2B7050040B7070400138507105A
:107DDC00EFF0AFCEB7050040B7070400138587104E
:107DEC00EFF02FD0179500001305854FEFD0BFACE7
:107DFC000100B240224441018280797122D60018E0
:107E0C00232EA4FCAE87231DF4FCFD572317F4FE90
:107E1C00231604FE85A88357C4FE0327C4FDBA9716
:107E2C0083C707001397070141838357E4FEB98F7B
:107E3C002317F4FE231504FE25A88357E4FE858B37
:107E4C0091CF8357E4FE85832317F4FE0357E4FE9A
:107E5C00E9778507B98F2317F4FE31A08357E4FE29
:107E6C0085832317F4FE8357A4FE85072315F4FEA0
:107E7C000357A4FE9D47E3F2E7FC8357C4FE850736
:107E8C002316F4FE0357C4FE8357A4FDE365F7F8ED
:107E9C008357E4FE3E85325445618280797106D663
:107EAC0022D44AD24ED00018232EA4FC8327C4FD22
:107EBC00FD832324F4FE8327C4FDDD8793F7F70F9E
:107ECC002322F4FE0327C4FDB7078000FD17F98FAA
:107EDC002320F4FE032744FE9307F00F631EF702E2
:107EEC00832704FE95E3832784FE99C797A7000098
:107EFC00938747F39C4331A097A700009387C7F261
:107F0C009C432326F4FECDA897A70000938707F285
:107F1C009C432326F4FECDA0832744FEA9EF8327A0
:107F2C0004FE99EF832784FE99C797A700009387D7
:107F3C0027F09C4319A0930700002326F4FE6DA89C
:107F4C00032504FEEF70502C2A8797A70000938717
:107F5C0067EE8C433A85EF706017AA873E8797A728
:107F6C000000938767ED8C433A85EF70004FAA872A
:107F7C002326F4FE51A0032504FEEF70F0282A8777
:107F8C0097A70000938707EB8C433A85EF7000149A
:107F9C00AA873E8797A70000938747EA8C433A85C8
:107FAC00EF609061AA873E85EF70503B2A89AE89BD
:107FBC00832744FE938717F83E85EF6070592A8615
:107FCC00AE8697A700009387A7E79843DC433A85D2
:107FDC00BE85EF3070692A87AE873A86BE864A85A1
:107FEC00CE85EF60A02E2A87AE873A85BE85EF70CE
:107FFC005040AA872326F4FE832784FE81CB0327D7
:10800C00C4FEB7070080B98F2326F4FE8327C4FE75
:10801C003E85B25022541259825945618280797141
:10802C0006D622D426D20018232EA4FC93050000D9
:10803C000325C4FDEF70002EAA8799E3814719A28E
:10804C008544930500000325C4FDEF708039AA8791
:10805C0063C30700814493F7F40F2324F4FE9305C4
:10806C0000000325C4FDEF70C037AA8763D8070052
:10807C000327C4FDB7070080B98F19A08327C4FD5F
:10808C00232EF4FC232604FE15A08327C4FE8507AB
:10809C002326F4FE97A70000938707DB8C43032568
:1080AC00C4FDEF70A002AA87232EF4FC97A7000052
:1080BC00938787D98C430325C4FDEF70002BAA87C7
:1080CC00E3D507FC39A88327C4FEFD172326F4FE4D
:1080DC008327C4FDBE853E85EF60104EAA87232EF4
:1080EC00F4FC97A70000938767D58C430325C4FD48
:1080FC00EF70202FAA87E3C807FC97A7000093878F
:10810C0067D38C430325C4FDEF702035AA873E85C9
:10811C00EF7090092A87B7078000FD17F98F23228B
:10812C00F4FE832784FE1397F7018327C4FE9387FD
:10813C00F707DE075D8F832744FED98F2320F4FEDB
:10814C00832704FE3E85B2502254925445618280AE
:10815C00011106CE22CC0010AA87A307F4FE834798
:10816C00F4FEBE851795000013058519EFD0AFF40A
:10817C0097A70000938787CD98438347F4FE8546E5
:10818C001306E002C1453E85EF00E06D97A70000A5
:10819C00938707CC98438347F4FE85461306000368
:1081AC00C1453E85C92597A70000938767C79843AB
:1081BC008347F4FE854613062003C1453E8565259D
:1081CC0097A70000938787C798438347F4FE85469B
:1081DC0013064003C1453E85792597A70000938778
:1081EC00E7C598438347F4FE854613066003C145F3
:1081FC003E85952D97A70000938747C498438347E6
:10820C00F4FE854613068003C1453E85A92D97A72C
:10821C0000009387A7C298438347F4FE8546130654
:10822C008004C1453E85812513054006EF209075DD
:10823C000100F240624405618280011106CE22CC1D
:10824C000010AA872E87A307F4FEBA872307F4FE33
:10825C0001009387813E03C707008547E30BF7FEB8
:10826C000347E4FE85476318F7028347F4FEBE8597
:10827C00179500001305050BEFD0EFE397A700004F
:10828C00938747BD98438347F4FE85461306200326
:10829C00C1453E85C92B8347E4FE9DE78347F4FE29
:1082AC00BE85179500001305650AEFD0CFE097A7A0
:1082BC0000009387E7B698438347F4FE8546130680
:1082CC002003C1453E8545230347E4FE8547630EE5
:1082DC00F7008347E4FE91CB8347F4FEBE851795E8
:1082EC00000013056509EFD00FDD1305803EEF206C
:1082FC0070690100F2406244056182801D7186CE76
:10830C00A2CCA6CA80109387015D98438547631061
:10831C00F71A179500001305A508EFD0CFD9A307BE
:10832C0004FE9387013E83D7070093F7F70F860768
:10833C0093F7F70F950713F7F70F9387213E2380D9
:10834C00E700230704FE232404FE8D47A301F4FE5B
:10835C00A30004FE232404FE35A0938781F1D443AB
:10836C008347E4FE138717002307E4FE3E87930739
:10837C0044FABA97BE853685413A832784FE850731
:10838C002324F4FE9387213E83C707003E8783276F
:10839C0084FEE3C4E7FC230704FE85472301F4FEB7
:1083AC00232404FE45A88347E4FE130704FFBA9771
:1083BC00838747FB2300F4FE8347E4FE85072307EE
:1083CC00F4FE032784FE894763D1E7089387213E97
:1083DC0083C70700F917032784FE6358F706034782
:1083EC0004FE834734FE8E07B317F7003E878327BE
:1083FC0044FED98F2322F4FE834734FE1387F7FF04
:10840C00A301E4FEB9E3832644FE8347F4FE1387FD
:10841C001700A307E4FEBE8436854934AA86138769
:10842C00415D93972400BA9794C39387415D984319
:10843C009387C1A098C3232204FE8D47A301F4FEA9
:10844C00834724FE85072301F4FE832784FE8507DA
:10845C002324F4FE9387213E83C707003E8783279E
:10846C0084FEE3C2E7F49387512D83C7070013976B
:10847C00070141839387115083C70700BE853A8556
:10848C00EF00500B938781F1DC433E85EFD0CFECAE
:10849C00B7050040B707040013858710EFE0FFE134
:1084AC0097B70000938707C523A007000DA89387F3
:1084BC00015D984389476314F70293052003130564
:1084CC002003EFD05FCA938781F1DC433E85EFD068
:1084DC00AFE897B700009387E7C123A00700938705
:1084EC0081F1DC433E85EFD02FE79387015D23A01C
:1084FC00070097B700009387E7BF23A00700010090
:10850C00F6406644D644256182801D7186CEA2CC8D
:10851C008010AA873687A307F4FAAE872307F4FAEC
:10852C00B2872316F4FABA872315F4FA9387411C01
:10853C009C4363950732010097B70000938787BB74
:10854C0098438547E30AF7FE8347F4FABE851795EF
:10855C0000001305A5E5EFD00FB69387A12C0347B8
:10856C00F4FA2380E7009387013F0347E4FA238062
:10857C00E7008357C4FA13F7F70F9387512D238025
:10858C00E700231704FEA30604FE8357A4FA13F78F
:10859C00F70F938711502380E7008357A4FA8607BF
:1085AC002315F4FA9387013E0357A4FA2390E700AE
:1085BC008347D4FE13871700A306E4FE0307F4FADF
:1085CC00930604FFB6972380E7FC8347D4FE1387FA
:1085DC001700A306E4FE0307E4FA930604FFB6971C
:1085EC002380E7FC8357C4FAA18393960701C182C9
:1085FC008347D4FE13871700A306E4FE1397860166
:10860C006187930604FFB6972380E7FC8347D4FE6B
:10861C0013871700A306E4FE0357C4FA62076187A9
:10862C00930604FFB6972380E7FC8357A4FAA18333
:10863C0093960701C1828347D4FE13871700A306C4
:10864C00E4FE139786016187930604FFB697238097
:10865C00E7FC8347D4FE13871700A306E4FE0357F9
:10866C00A4FA62076187930604FFB6972380E7FCA0
:10867C00930704FB99453E85EFF02FF8AA87231743
:10868C00F4FE8347D4FE13871700A306E4FE0357BA
:10869C00E4FE62076187930604FFB6972380E7FC2C
:1086AC008357E4FEA18393960701C1828347D4FECE
:1086BC0013871700A306E4FE1397860161879306C0
:1086CC0004FFB6972380E7FCA30604FEB705004021
:1086DC00B707040013858710EFE03FBE938781F145
:1086EC00D4438347D4FE13871700A306E4FE130775
:1086FC0004FFBA97838707FC93F7F70FBE8536857F
:10870C00EFD0EFAF938781F1D4438347D4FE138727
:10871C001700A306E4FE130704FFBA97838707FC30
:10872C0093F7F70FBE853685EFD06FAD938781F148
:10873C00D4438347D4FE13871700A306E4FE130724
:10874C0004FFBA97838707FC93F7F70FBE8536852E
:10875C00EFD0EFAA938781F1D4438347D4FE1387DC
:10876C001700A306E4FE130704FFBA97838707FCE0
:10877C0093F7F70FBE853685EFD06FA8938781F1FD
:10878C00D4438347D4FE13871700A306E4FE1307D4
:10879C0004FFBA97838707FC93F7F70FBE853685DE
:1087AC00EFD0EFA5938781F1D4438347D4FE138791
:1087BC001700A306E4FE130704FFBA97838707FC90
:1087CC0093F7F70FBE853685EFD06FA3938781F1B2
:1087DC00D4438347D4FE13871700A306E4FE130784
:1087EC0004FFBA97838707FC93F7F70FBE8536858E
:1087FC00EFD0EFA0938781F1D4438347D4FE138746
:10880C001700A306E4FE130704FFBA97838707FC3F
:10881C0093F7F70FBE853685EFD06F9EA30604FE47
:10882C000100938781F1DC4383C7C700858BF5DB9F
:10883C00B7050040B707040013858710EFE07FAA47
:10884C0097B700009387078B054798C39387015D03
:10885C00054798C3EFF0CFC0EF1070290100F64028
:10886C00664425618280597186D6A2D48018AA8765
:10887C00232AE4F8A30FF4F8AE87230FF4F8B28799
:10888C00231EF4F8B687231DF4F89387411C9C43F0
:10889C00639D0748010097B700009387A78598430D
:1088AC008547E30AF7FE9387A12C0347F4F923804D
:1088BC00E7009387013F0347E4F92380E7008357E0
:1088CC00C4F913F7F70F9387512D2380E700231773
:1088DC0004FEA30604FE8357A4F913F7F70F93873E
:1088EC0011502380E7008357A4F98607231DF4F861
:1088FC009387013E0357A4F92390E700230604FE57
:10890C00032544F9EFF0AFF12324A4FE8347D4FEF2
:10891C0013871700A306E4FE0307F4F9930604FF7C
:10892C00B697238EE7FA8347D4FE13871700A30666
:10893C00E4FE0307E4F9930604FFB697238EE7FAE7
:10894C008357C4F9A18393960701C1828347D4FE50
:10895C0013871700A306E4FE13978601618793061D
:10896C0004FFB697238EE7FA8347D4FE13871700CC
:10897C00A306E4FE0357C4F962076187930604FF5C
:10898C00B697238EE7FA8357A4F9A1839396070130
:10899C00C1828347D4FE13871700A306E4FE139706
:1089AC0086016187930604FFB697238EE7FA834707
:1089BC00D4FE13871700A306E4FE0357A4F962073D
:1089CC006187930604FFB697238EE7FA8347D4FE9C
:1089DC0013871700A306E4FE130704FFBA97114789
:1089EC00238EE7FA832784FE93D687018347D4FE30
:1089FC0013871700A306E4FE13978601618793067D
:108A0C0004FFB697238EE7FA832784FE93D60701DB
:108A1C008347D4FE13871700A306E4FE1397860141
:108A2C006187930604FFB697238EE7FA832784FEAB
:108A3C0093D687008347D4FE13871700A306E4FE62
:108A4C00139786016187930604FFB697238EE7FA86
:108A5C008347D4FE13871700A306E4FE032784FE86
:108A6C0062076187930604FFB697238EE7FA930794
:108A7C00C4FAAD453E85EFF04FB8AA872317F4FE34
:108A8C008347D4FE13871700A306E4FE0357E4FEC6
:108A9C0062076187930604FFB697238EE7FA835724
:108AAC00E4FEA18393960701C1828347D4FE13870A
:108ABC001700A306E4FE139786016187930604FF53
:108ACC00B697238EE7FAA30604FEB7050040B70756
:108ADC00040013858710EFE04FFE938781F1D44398
:108AEC008347D4FE13871700A306E4FE130704FF85
:108AFC00BA978387C7FB93F7F70FBE853685EFC010
:108B0C001FF0938781F1D4438347D4FE138717005A
:108B1C00A306E4FE130704FFBA978387C7FB93F7FA
:108B2C00F70FBE853685EFC09FED938781F1D44357
:108B3C008347D4FE13871700A306E4FE130704FF34
:108B4C00BA978387C7FB93F7F70FBE853685EFC0BF
:108B5C001FEB938781F1D4438347D4FE138717000F
:108B6C00A306E4FE130704FFBA978387C7FB93F7AA
:108B7C00F70FBE853685EFC09FE8938781F1D4430C
:108B8C008347D4FE13871700A306E4FE130704FFE4
:108B9C00BA978387C7FB93F7F70FBE853685EFC06F
:108BAC001FE6938781F1D4438347D4FE13871700C4
:108BBC00A306E4FE130704FFBA978387C7FB93F75A
:108BCC00F70FBE853685EFC09FE3938781F1D443C1
:108BDC008347D4FE13871700A306E4FE130704FF94
:108BEC00BA978387C7FB93F7F70FBE853685EFC01F
:108BFC001FE1938781F1D4438347D4FE1387170079
:108C0C00A306E4FE130704FFBA978387C7FB93F709
:108C1C00F70FBE853685EFC09FDE938781F1D44375
:108C2C008347D4FE13871700A306E4FE130704FF43
:108C3C00BA978387C7FB93F7F70FBE853685EFC0CE
:108C4C001FDC938781F1D4438347D4FE138717002D
:108C5C00A306E4FE130704FFBA978387C7FB93F7B9
:108C6C00F70FBE853685EFC09FD9938781F1D4432A
:108C7C008347D4FE13871700A306E4FE130704FFF3
:108C8C00BA978387C7FB93F7F70FBE853685EFC07E
:108C9C001FD7938781F1D4438347D4FE13871700E2
:108CAC00A306E4FE130704FFBA978387C7FB93F769
:108CBC00F70FBE853685EFC09FD4938781F1D443DF
:108CCC008347D4FE13871700A306E4FE130704FFA3
:108CDC00BA978387C7FB93F7F70FBE853685EFC02E
:108CEC001FD2A30604FE0100938781F1DC4383C7E6
:108CFC00C700858BF5DBB7050040B707040013856B
:108D0C008710EFE00FDE938781F1DC433E85EFC0E7
:108D1C00BFE497A700009387E73D054798C3938767
:108D2C00015D094798C3EFE0BFF30100B65026542C
:108D3C0065618280011106CE22CC0010AA872E8795
:108D4C002317F4FEBA87A306F4FE9387C11C238075
:108D5C0007006F00807B8357E4FE1307C00C638F02
:108D6C00E7721307C00C6347F7781307A00C638BEB
:108D7C00E76C1307A00C634FF7761307A004634648
:108D8C00F70263C907761307A0046365F776139798
:108D9C002700978700009387E766BA9798439787D1
:108DAC00000093872766BA9782871307800C638F1E
:108DBC00E7626F0020749385819617850000130578
:108DCC00E560EFC05FAF9387C11C83C707001387B3
:108DDC0017009376F70F1387C11C2300D700138756
:108DEC00415D8A07BA979C433E85EF6030572A87CE
:108DFC00AE873A86BE86178500001305A55DEFC0C9
:108E0C009FAB8357E4FE89072317F4FE6F00406F76
:108E1C0093850197178500001305455BEFC0BFA92B
:108E2C009387C11C83C70700138717009376F70F2E
:108E3C001387C11C2300D7001387415D8A07BA979B
:108E4C009C433E85EF6090512A87AE873A86BE865A
:108E5C001785000013058558EFC0FFA58357E4FE66
:108E6C0089072317F4FE6F00A069938581971785F6
:108E7C0000001305A555EFC01FA49387C11C83C721
:108E8C000700138717009376F70F1387C11C230075
:108E9C00D7001387415D8A07BA979C433E85EF60E4
:108EAC00F04B2A87AE873A86BE86178500001305DD
:108EBC00E552EFC05FA08357E4FE89072317F4FE49
:108ECC006F000064938541A21785000013050550BF
:108EDC00EFC07F9E9387C11C83C7070013871700C1
:108EEC009376F70F1387C11C2300D7001387415DBE
:108EFC008A07BA979C433E85EF6050462A87AE8717
:108F0C003A86BE86178500001305454DEFC0BF9A03
:108F1C008357E4FE89072317F4FEDDA3938501A391
:108F2C00178500001305854AEFC0FF989387C11C75
:108F3C0083C70700138717009376F70F1387C11C9D
:108F4C002300D7001387415D8A07BA979C433E855F
:108F5C00EF60D0402A87AE873A86BE861785000020
:108F6C001305C547EFC03F958357E4FE89072317C8
:108F7C00F4FE79A39385C1A317850000130505455D
:108F8C00EFC07F939387C11C83C70700138717001B
:108F9C009376F70F1387C11C2300D7001387415D0D
:108FAC008A07BA979C433E85EF60503B2A87AE8771
:108FBC003A86BE861785000013054542EFC0BF8F69
:108FCC008357E4FE89072317F4FE1DAB93850198A4
:108FDC00178500001305853FEFC0FF8D9387C11CDB
:108FEC0083C70700138717009376F70F1387C11CED
:108FFC002300D7001387415D8A07BA979C433E85AF
:10900C00EF60D0352A87AE873A86BE86178500007A
:10901C001305C53CEFC03F8A8357E4FE890723172D
:10902C00F4FEF9A993858198178500001305053A7C
:10903C00EFC07F889387C11C83C707001387170075
:10904C009376F70F1387C11C2300D7001387415D5C
:10905C008A07BA979C433E85EF6050302A87AE87CB
:10906C003A86BE861785000013054537EFC0BF84CE
:10907C008357E4FE89072317F4FE59A193850199C0
:10908C001785000013058534EFC0FF829387C11C40
:10909C0083C70700138717009376F70F1387C11C3C
:1090AC002300D7001387415D8A07BA979C433E85FE
:1090BC00EF60D02A2A87AE873A86BE8617850000D5
:1090CC001305C531EFC02FFF8357E4FE8907231723
:1090DC00F4FE3DA193858199178500001305052F9A
:1090EC00EFC06FFD9387C11C83C707001387170060
:1090FC009376F70F1387C11C2300D7001387415DAC
:10910C008A07BA979C433E85EF6050252A87AE8725
:10911C003A86BE86178500001305452CEFC0AFF9C3
:10912C008357E4FE89072317F4FED9AE9385019A81
:10913C001785000013058529EFC0EFF79387C11C35
:10914C0083C70700138717009376F70F1387C11C8B
:10915C002300D7001387415D8A07BA979C433E854D
:10916C00EF60D01F2A87AE873A86BE86178500002F
:10917C001305C526EFC02FF48357E4FE8907231788
:10918C00F4FEBDAE9385819A178500001305052466
:10919C00EFC06FF29387C11C83C7070013871700BA
:1091AC009376F70F1387C11C2300D7001387415DFB
:1091BC008A07BA979C433E85EF60501A2A87AE8780
:1091CC003A86BE861785000013054521EFC0AFEE29
:1091DC008357E4FE89072317F4FE1DA6938581A40B
:1091EC00178500001305851EEFC0EFEC9387C11C9B
:1091FC0083C70700138717009376F70F1387C11CDB
:10920C002300D7001387415D8A07BA979C433E859C
:10921C00EF60D0142A87AE873A86BE861785000089
:10922C001305C51BEFC02FE98357E4FE89072317ED
:10923C00F4FEF9A49385019B17850000130505190D
:10924C00EFC06FE79387C11C83C707001387170014
:10925C009376F70F1387C11C2300D7001387415D4A
:10926C008A07BA979C433E85EF60500F2A87AE87DA
:10927C003A86BE861785000013054516EFC0AFE38E
:10928C008357E4FE89072317F4FE9DAC9385419B1D
:10929C001785000013058513EFC0EFE19387C11C00
:1092AC0083C70700138717009376F70F1387C11C2A
:1092BC002300D7001387415D8A07BA979C433E85EC
:1092CC00EF60D0092A87AE873A86BE8617850000E4
:1092DC001305C510EFC02FDE8357E4FE8907231753
:1092EC00F4FE39AC9385819B178500001305050EA0
:1092FC00EFC06FDC9387C11C83C70700138717006F
:10930C009376F70F1387C11C2300D7001387415D99
:10931C008A07BA979C433E85EF6050042A87AE8734
:10932C003A86BE86178500001305450BEFC0AFD8F3
:10933C008357E4FE89072317F4FED9A2938541A530
:10934C001785000013058508EFC0EFD69387C11C65
:10935C0083C70700138717009376F70F1387C11C79
:10936C002300D7001387415D8A07BA979C433E853B
:10937C00EF60C07E2A87AE873A86BE8617850000CE
:10938C001305C505EFC02FD38357E4FE89072317B8
:10939C00F4FEBDA2938501A61785000013050503F5
:1093AC00EFC06FD19387C11C83C7070013871700C9
:1093BC009376F70F1387C11C2300D7001387415DE9
:1093CC008A07BA979C433E85EF6040792A87AE871F
:1093DC003A86BE861785000013054500EFC0AFCD59
:1093EC008357E4FE89072317F4FE19AA9385C19BC2
:1093FC0017850000130585FDEFC0EFCB9387C11CCB
:10940C0083C70700138717009376F70F1387C11CC8
:10941C002300D7001387415D8A07BA979C433E858A
:10942C00EF60C0732A87AE873A86BE861785000028
:10943C001305C5FAEFC02FC88357E4FE890723171D
:10944C00F4FE7DA89385419C17850000130505F853
:10945C00EFC06FC69387C11C83C707001387170023
:10946C009376F70F1387C11C2300D7001387415D38
:10947C008A07BA979C433E85EF60406E2A87AE8779
:10948C003A86BE8617850000130545F5EFC0AFC2BE
:10949C008357E4FE89072317F4FE9DA09385C19C96
:1094AC0017850000130585F2EFC0EFC09387C11C30
:1094BC0083C70700138717009376F70F1387C11C18
:1094CC002300D7001387415D8A07BA979C433E85DA
:1094DC00EF60C0682A87AE873A86BE861785000083
:1094EC001305C5EFEFC02FBD8357E4FE8907231783
:1094FC00F4FE39A0178500001305C5EEEFC0AFBB15
:10950C008347D4FEFD17A306F4FE8347D4FEE394F1
:10951C00078401000100F240624405618280011160
:10952C0022CE0010232604FE31A08327C4FE85071B
:10953C002326F4FE0327C4FEB7170300938707D432
:10954C00E3D5E7FE01000100724405618280011140
:10955C0022CE0010232604FE31A08327C4FE8507EB
:10956C002326F4FE0327C4FEB7B70A00938707E649
:10957C00E3D5E7FE010001007244056182804111D0
:10958C0006C622C4000817850000130565FAEFC053
:10959C008FB217850000130525FB8D289305401FFE
:1095AC001305401FEFC03FBC138541507122178536
:1095BC0000001305E5F999289305200313052003F2
:1095CC00EFC07FBA13854150852A1785000013051B
:1095DC0065F82D289305200313052003EFC0BFB8B1
:1095EC0013854150912A17850000130525F739285A
:1095FC009305200313052003EFC0FFB613854150DC
:10960C00252A0100B240224441018280011106CE7C
:10961C0022CC00102326A4FE0DA0938781F198473D
:10962C008327C4FE83C70700BE853A85EFC02FBDD4
:10963C008327C4FE85072326F4FE8327C4FE83C735
:10964C000700E1FF938781F19C47B5453E85EFC04C
:10965C000FBB938781F19C47A9453E85EFC02FBA7C
:10966C0081473E85F240624405618280011106CE3D
:10967C0022CC00102326A4FE0DA0938781F19847DD
:10968C008327C4FE83C70700BE853A85EFC02FB77A
:10969C008327C4FE85072326F4FE8327C4FE83C7D5
:1096AC000700E1FF938781F19C47B5453E85EFC0EC
:1096BC000FB5938781F19C47A9453E85EFC02FB428
:1096CC009305400613056009EFC0FFA981473E854D
:1096DC00F240624405618280011106CE22CC00105A
:1096EC002326A4FE0DA0938781F1D8438327C4FEC3
:1096FC0083C70700BE853A85EFC06FB08327C4FED1
:10970C0085072326F4FE8327C4FE83C70700E1FFE9
:10971C00938781F1DC43B5453E85EFC04FAE93870F
:10972C0081F1DC43A9453E85EFC06FAD81473E8595
:10973C00F240624405618280797106D622D4001809
:10974C00232EA4FC8327C4FD2326F4FE8327C4FD0B
:10975C002322F4FE232404FE41A8938781F19C4725
:10976C00130704FEBA853E85EFC04FB1832704FE74
:10977C0013F7F70F8327C4FE2380E7008327C4FE6B
:10978C0085072326F4FE8327C4FE238007009785D4
:10979C000000938525DD032544FEEF603020AA8769
:1097AC0099CB832544FE178500001305E5DBEFC03C
:1097BC008F90814799A897850000938565DC0325D8
:1097CC0044FEEF60B01DAA8799CB832544FE178514
:1097DC000000130565D9EFC00F8E81473DA083278C
:1097EC0084FE85072324F4FE032784FE9307500C84
:1097FC00E3D5E7F68327C4FE238007001785000016
:10980C00130585D8EFC02F8B85473E85B250225467
:10981C0045618280411106C622C4000801479306A7
:10982C00400617860000130626D781450945EFE050
:10983C00AF9817850000130525D10D3D1785000045
:10984C001305C5D6EFC02F870545EFC02FD9392991
:10985C00312929292129178500001305A5CF393570
:10986C0017850000130505D5EFC0EF840545EFC043
:10987C00EFD6ED2E0147930640061786000013061F
:10988C0026D481450945EFE02F9317850000130579
:10989C0065D4E93B17850000130585D4EFC0AF8173
:1098AC000545EFC0AFD3D926178500001305C5D4E5
:1098BC00753B17850000130525D5EFB0DFFF054577
:1098CC00EFC0CFD1652601479306400617860000EE
:1098DC00130606D581450945EFE00F8E178500006C
:1098EC00130545D5613317850000130565D5EFB019
:1098FC009FFC0545EFC08FCE952E9387811B23A02F
:10990C0007001306A00F81451385413FEF6080448B
:10991C001306A00F81451385011DEF60A04341A8DC
:10992C0017850000130545D291339305800C130560
:10993C00800CEFC05F8311239387413E984385478A
:10994C006317F7069385413F17850000130505D271
:10995C00EFB07FF697850000938585D11385413F45
:10996C00EF60D003AA8791C79387811B094798C3DF
:10997C0025A097850000938525D01385413FEF6086
:10998C00F001AA8791C79387811B094798C329A027
:10999C009387811B0D4798C31306A00F8145138530
:1099AC00413FEF60203B9387413E094798C3938723
:1099BC00811B98438947E315F7F601478567938622
:1099CC008738178600001306A6CB81450945EFD0D2
:1099DC00BFFE01479306400617860000130686CB90
:1099EC0081450945EFD05FFD0100B24022444101A1
:1099FC008280011106CE22CC00102326A4FE97856E
:109A0C000000938565CA0325C4FEEF602079AA8700
:109A1C0091CB8325C4FE17850000130565C9EFB0F3
:109A2C009FE925A897850000938505CA0325C4FEE8
:109A3C00EF60C076AA8791CB8325C4FE1785000002
:109A4C00130505C9EFB03FE709A88325C4FE1785A8
:109A5C000000130565C9EFB01FE60100F240624437
:109A6C0005618280411122C60008EDA2938701A0F6
:109A7C0083C707003E879387012EBA9703C7070059
:109A8C00B5476317F718938701A083C707008507AD
:109A9C0013F7F70F938701A02380E700938701A0AA
:109AAC0003C707009307A00F63F6E700938701A095
:109ABC0023800700938711A083C70700FD1713F7B6
:109ACC00F70F938711A02380E700938701A083C72A
:109ADC0007003E879387012EBA9703C70700A94753
:109AEC006315F70E938701A083C70700850713F74B
:109AFC00F70F938701A02380E700938701A003C78A
:109B0C0007009307A00F63F6E700938701A023805B
:109B1C000700938711A083C70700FD1713F7F70FF2
:109B2C00938711A02380E700A5A09387D19F83C7BB
:109B3C0007003E869387E19F83C7070013871700B2
:109B4C009376F70F1387E19F2300D700BE86938788
:109B5C00012EB29703C707009387C168B69723807D
:109B6C00E7009387D19F83C70700850713F7F70F8B
:109B7C009387D19F2380E7009387D19F03C707006A
:109B8C009307A00F63F6E7009387D19F238007000C
:109B9C009387D19F03C70700938701A083C7070052
:109BAC00E315F7F89387E19F83C707003E879387F8
:109BBC00C168BA97238007009387E19F2380070031
:109BCC009387C15C054798C371A8938701A083C78D
:109BDC000700850713F7F70F938701A02380E70091
:109BEC00938701A003C707009307A00F63F6E70054
:109BFC00938701A023800700938711A083C70700D8
:109C0C00FD1713F7F70F938711A02380E70099A096
:109C1C00938701A083C70700850713F7F70F938776
:109C2C0001A02380E700938701A003C707009307D7
:109C3C00A00F63F6E700938701A0238007009387AA
:109C4C0011A083C70700FD1713F7F70F938711A017
:109C5C002380E700938711A003C707008547E3E73C
:109C6C00E7E001000100324441018280411106C647
:109C7C0022C40008D9229387413E98438547631537
:109C8C00F7029385413F178500001305259EEFB021
:109C9C009FC21306A00F81451385413FEF60800BD7
:109CAC009387413E094798C30100B24022444101C9
:109CBC008280411106C622C4000801479306400663
:109CCC00178600001306468D81450945EFD0DFCE7F
:109CDC00178500001305C587112213054006EF10E8
:109CEC00604A178500001305E586CD28130540064C
:109CFC00EF104049178500001305C5A0C5201305BA
:109D0C004006EF10204817850000130565A0F920C8
:109D1C0013054006EF10004717850000130585A0BA
:109D2C00752813054006EF10E045014793064006E1
:109D3C00178600001306C68881450945EFD0DFC79A
:109D4C00014793064006178600001306669E814560
:109D5C000945EFD07FC6938781F19C47E9453E8545
:109D6C00EFB0FFC913054006EF10C04101478567EE
:109D7C00938607FA178600001306869081450945DD
:109D8C00EFD09FC30100B2402244410182804111B7
:109D9C0006C622C400089387F19F2380070093878F
:109DAC0001A023800700938711A0238007009387CD
:109DBC0021A0238007001306A00F81451385C168DD
:109DCC00EF5050791306A00F81451385012EEF50EB
:109DDC0070780100B240224441018280011106CE0C
:109DEC0022CC00102326A4FE0DA0938781F1984766
:109DFC008327C4FE83C70700BE853A85EFB03FC0FA
:109E0C008327C4FE85072326F4FE8327C4FE83C75D
:109E1C000700E1FF938781F19C47B5453E85EFB084
:109E2C001FBE938781F19C47A9453E85EFB03FBD8E
:109E3C000100F240624405618280411122C6000893
:109E4C00EDA2938771A083C707003E879387011DFE
:109E5C00BA9703C70700B5476317F718938771A024
:109E6C0083C70700850713F7F70F938771A023802B
:109E7C00E700938771A003C707009307A00F63F651
:109E8C00E700938771A023800700938781A083C785
:109E9C000700FD1713F7F70F938781A02380E700C6
:109EAC00938771A083C707003E879387011DBA97DC
:109EBC0003C70700A9476315F70E938771A083C7E3
:109ECC000700850713F7F70F938771A02380E7002E
:109EDC00938771A003C707009307A00F63F6E700F1
:109EEC00938771A023800700938781A083C7070005
:109EFC00FD1713F7F70F938781A02380E700A5A028
:109F0C00938741A083C707003E86938751A083C7E0
:109F1C000700138717009376F70F138751A02300C0
:109F2C00D700BE869387011DB29703C7070093879E
:109F3C00413FB6972380E700938741A083C7070072
:109F4C00850713F7F70F938741A02380E7009387CA
:109F5C0041A003C707009307A00F63F6E7009387A0
:109F6C0041A023800700938741A003C70700938774
:109F7C0071A083C70700E315F7F8938751A083C737
:109F8C0007003E879387413FBA972380070093874A
:109F9C0051A0238007009387413E054798C371A8C1
:109FAC00938771A083C70700850713F7F70F938773
:109FBC0071A02380E700938771A003C70700930764
:109FCC00A00F63F6E700938771A0238007009387A7
:109FDC0081A083C70700FD1713F7F70F938781A0A4
:109FEC002380E70099A0938771A083C7070085079A
:109FFC0013F7F70F938771A02380E700938771A065
:10A00C0003C707009307A00F63F6E700938771A0BF
:10A01C0023800700938781A083C70700FD1713F7E0
:10A02C00F70F938781A02380E700938781A003C754
:10A03C0007008547E3E7E7E00100010032444101F6
:10A04C008280411106C622C400086945EFC0BFA03A
:10A05C009387410E17E7FFFF1307872AB8D71775A9
:10A06C0000001305256EEFB01F85A14273A00230CE
:10A07C0085629382028073A04230F3270030F3276D
:10A08C004030F3274034EFF08FC9938781F1DC43E4
:10A09C0091453E85EFB07F940100B24022444101CE
:10A0AC008280411106C622C400086D45EFC0BF9ADC
:10A0BC009387410E170700001307E704F8D71775AD
:10A0CC00000013052569EFB00FFFA14273A0023009
:10A0DC0085629382028073A04230F3270030F3270D
:10A0EC004030F3274034EFF08FC3938781F19C47C6
:10A0FC0091453E85EFB07F8E0100B2402244410174
:10A10C008280411122C600086DA0938781F19C4783
:10A11C009C4713F7F70F938721502380E700938711
:10A12C0061A083C70700BE869387215003C7070031
:10A13C009387011DB6972380E700938761A083C79F
:10A14C000700850713F7F70F938761A02380E700BB
:10A15C00938761A003C707009307A00F63F6E7007E
:10A16C00938761A023800700938781A083C7070092
:10A17C00850713F7F70F938781A02380E700938758
:10A18C0081A003C707009307A00F63FCE700938728
:10A19C0081A069572380E7009387015005472380EE
:10A1AC00E700938781A003C70700938791A02380C2
:10A1BC00E700938781F19C4783C7C700918BB1F768
:10A1CC0001000100324441018280797106D622D40B
:10A1DC000018232EA4FCA30704FE8347F4FE138768
:10A1EC001700A307E4FE3E878327C4FDBA9783C7F5
:10A1FC0007002307F4FE9387C1789C430347E4FED2
:10A20C002380E7009387C1789C43138717009387BB
:10A21C00C17898C38347E4FEE9F39387C1789C43E4
:10A22C00238007009387C1789C431387170093877B
:10A23C00C17898C39387014F9C43CDE7938781786E
:10A24C009C43A1E71775000013050552EFF00FC2F0
:10A25C009305400613054006EFB0FFF0179500007C
:10A26C001305C5DCEFF08FC09305401F13054006A6
:10A27C00EFB07FEF9387411C23A007009797000056
:10A28C00938747E723A00700B1A893878178984369
:10A29C0085476319F704177500001305E54D3D3E1E
:10A2AC0013054006EF00106E17950000130505D836
:10A2BC00353613054006EF00F06C938781F19C470F
:10A2CC00E9453E85EFB0AFF313054006EF00906B08
:10A2DC009387411C23A0070097970000938787E181
:10A2EC0023A007000100B250225445618280411125
:10A2FC0006C622C400089387415D98439387C178B2
:10A30C009C439D463E8689453A85112813052003BA
:10A31C00EF0050670100B240224441018280797104
:10A32C0006D622D40018232EA4FC232CB4FC232AFA
:10A33C00C4FC2328D4FC832744FD1307A0032380EB
:10A34C00E700832744FD8507232AF4FC93050000CE
:10A35C000325C4FDEF50E008AA8763D507028327C5
:10A36C0044FD1307D0022380E700832744FD8507B3
:10A37C00232AF4FC0327C4FDB7070080B98F232ED2
:10A38C00F4FC21A8832744FD1307B0022380E700C7
:10A39C00832744FD8507232AF4FC0325C4FDEF50D5
:10A3AC00A060AA872322F4FE032704FD832784FDE3
:10A3BC00B307F740F9173E86832544FD032544FE79
:10A3CC00F128032704FD832784FDB307F740F91711
:10A3DC00032744FDBA97232AF4FC832744FD130773
:10A3EC00E0022380E700832744FD8507232AF4FC41
:10A3FC00032544FEEF504061AA87BE850325C4FDAA
:10A40C00EF508027AA872326F4FE232404FEBDA048
:10A41C00978700009387C7A08C430325C4FEEF5099
:10A42C00C003AA872326F4FE0325C4FEEF50C057B1
:10A43C00AA8793F7F70F9387070313F7F70F832771
:10A44C0044FD2380E7000325C4FEEF50E055AA87A6
:10A45C003E85EF50605BAA87BE850325C4FEEF5096
:10A46C00A021AA872326F4FE832744FD8507232AEF
:10A47C00F4FC832784FE85072324F4FE032784FE43
:10A48C00832784FDE346F7F89387C178032744FDBF
:10A49C0098C30100B250225445618280797122D652
:10A4AC000018232EA4FC232CB4FC232AC4FC8327E1
:10A4BC0044FDFD172326F4FE3DA80327C4FDA94740
:10A4CC00B367F70213F7F70F8327C4FE832684FDC7
:10A4DC00B697130707031377F70F2380E7000327BB
:10A4EC00C4FDA947B347F702232EF4FC8327C4FE0F
:10A4FC00FD172326F4FE8327C4FEE3D007FC0100DE
:10A50C0001003254456182805D7186C6A2C4800808
:10A51C009387811C23A00700930704FD51468145B6
:10A52C003E85EF5030039307C4FB514681453E8571
:10A53C00EF5050029387C17817970000130707AFAD
:10A54C0098C39387C1789C431307B0022380E7001C
:10A55C009387C1789C43138717009387C17898C35E
:10A56C009387C1789C43130720052380E7009387CA
:10A57C00C1789C43138717009387C17898C393873E
:10A58C00C1789C43130730052380E7009387C1787B
:10A59C009C43138717009387C17898C39387C1781E
:10A5AC009C43130700052380E7009387C1789C43E5
:10A5BC00138717009387C17898C39387C1789C43FE
:10A5CC001307A0032380E7009387C1789C4313876C
:10A5DC0017009387C17898C3177500001305451BA6
:10A5EC00EFB06FAD232604FE232404FE0100832765
:10A5FC0084FE138717002324E4FE1387413FBA9788
:10A60C0003C7070093074002E313F7FE3DA003279F
:10A61C0084FE930717002324F4FE8327C4FE93863D
:10A62C0017002326D4FE9386413F36970347070035
:10A63C00930604FFB6972380E7FE1387413F8327D9
:10A64C0084FEBA9703C707009307A003E311F7FC36
:10A65C00832784FE85072324F4FE8327C4FE850705
:10A66C002326F4FE8327C4FE130704FFBA97238026
:10A67C0007FE232604FE3DA0032784FE9307170044
:10A68C002324F4FE8327C4FE938617002326D4FECE
:10A69C009386413F369703470700930604FFB6970E
:10A6AC002386E7FC1387413F832784FEBA9783C731
:10A6BC000700F9F3832784FE85072324F4FE832700
:10A6CC00C4FE85072326F4FE8327C4FE130704FF6C
:10A6DC00BA97238607FC232604FE8347D4FB1387F3
:10A6EC0007FDBA878A07BA9786073E878347E4FB3C
:10A6FC00938707FDBA972322F4FE8347C4FB130705
:10A70C004003638CE76E13074003E345F710130710
:10A71C0030036387E74C13073003E34DF70E130741
:10A72C0010036388E700130720036380E7266F009C
:10A73C00700E9387C13D054798C3032744FE9307CA
:10A74C007004630DF71C032744FE9307700463CB5E
:10A75C00E722032744FECD476309F700032744FE95
:10A76C00930760046308F71431AC177500001305E8
:10A77C00A503EFB04F949387012D1307700798C36F
:10A78C009387012D9C433E879387C1789C430D464C
:10A79C00BE853A8521339387C1789C431387370054
:10A7AC009387C17898C3014793064006177600003B
:10A7BC001306C60081450945EFD00FA0854601461A
:10A7CC0091450545EFD07FD4854609469145054511
:10A7DC00EFD0BFD38546114691450545EFD0FFD24A
:10A7EC008546194691450545EFD03FD28546214611
:10A7FC0091450545EFD07FD18546294691450545C4
:10A80C00EFD0BFD08546314691450545EFD0FFCFFF
:10A81C008546394691450545EFD03FCF85464146A3
:10A82C0091450545EFD07FCE85466146914505455E
:10A83C00EFD0BFCD8546694691450545EFD0FFCC9D
:10A84C008546714691450545EFD03FCC8546794606
:10A85C0091450545EFD07FCB854613060002914507
:10A86C000545EFD09FCA8546130620029145054544
:10A87C00EFD0BFC985461306600491450545EFD05E
:10A88C00DFC885461306800491450545EFD0FFC708
:10A89C0085461306A00491450545EFD01FC7978543
:10A8AC0000009385A57817750000130565F2EFB0CD
:10A8BC008F80D1A8177500001305C5F2EFA0BFFF5C
:10A8CC009387012D1307A00A98C39387012D9C43EE
:10A8DC003E879387C1789C430D46BE853A857D3E65
:10A8EC009387C1789C43138737009387C17898C3AB
:10A8FC00177500001305C5F0EFA0FFFB0147930689
:10A90C004006177600001306E6F081450945EFD0A6
:10A91C00AF8A81450545EFD05F92B5A01775000051
:10A92C00130585F0EFA03FF99387012D1307B00AAB
:10A93C0098C39387012D9C433E879387C1789C4392
:10A94C000D46BE853A85993E9387C1789C43138703
:10A95C0037009387C17898C317750000130545EE2F
:10A96C00EFA07FF50147930640061776000013060B
:10A97C0066EE81450945EFD02F8485450545EFD01E
:10A98C00DF8B11A001006F0000699387C13D09475F
:10A99C0098C3032744FE93077004630DF71C032729
:10A9AC0044FE9307700463CBE722032744FECD4794
:10A9BC006309F700032744FE930760046308F71448
:10A9CC0031AC17750000130525EAEFA0DFEE938775
:10A9DC00012D1307B00D98C39387012D9C433E871F
:10A9EC009387C1789C430D46BE853A85453C938739
:10A9FC00C1789C43138737009387C17898C301476C
:10AA0C009306400617760000130646E78145094574
:10AA1C00EFC09FFA8546014691450945EFD0FFAE40
:10AA2C008546094691450945EFD03FAE854611460E
:10AA3C0091450945EFD07FAD8546194691450945AD
:10AA4C00EFD0BFAC8546214691450945EFD0FFAB11
:10AA5C008546294691450945EFD03FAB85463146A1
:10AA6C0091450945EFD07FAA854639469145094560
:10AA7C00EFD0BFA98546414691450945EFD0FFA8C7
:10AA8C008546614691450945EFD03FA88546694604
:10AA9C0091450945EFD07FA78546714691450945FB
:10AAAC00EFD0BFA68546794691450945EFD0FFA565
:10AABC0085461306000291450945EFD01FA5854632
:10AACC001306200291450945EFD03FA48546130695
:10AADC00600491450945EFD05FA3854613068004B9
:10AAEC0091450945EFD07FA285461306A0049145F8
:10AAFC000945EFD09FA197850000938525531775C5
:10AB0C0000001305E5CCEFA01FDBD1A817750000E2
:10AB1C00130505D8EFA03FDA9387012D1307E0103A
:10AB2C0098C39387012D9C433E879387C1789C43A0
:10AB3C000D46BE853A859D329387C1789C43138719
:10AB4C0037009387C17898C317750000130505D695
:10AB5C00EFA07FD601479306400617760000130638
:10AB6C0026D681450945EFC03FE581450945EFD023
:10AB7C00CFECB5A0177500001305C5D5EFA0BFD35A
:10AB8C009387012D1307F01098C39387012D9C43D5
:10AB9C003E879387C1789C430D46BE853A85FD3828
:10ABAC009387C1789C43138737009387C17898C3E8
:10ABBC0017750000130585D3EFA0FFCF014793064F
:10ABCC004006177600001306A6D381450945EFC051
:10ABDC00BFDE85450945EFD04FE611A0010025A940
:10ABEC009387C13D0D4798C3032744FE9307700418
:10ABFC006309F71A032744FE9307700463CDE71E1D
:10AC0C00032744FECD476309F700032744FE93074F
:10AC1C006004630EF712C5A217750000130585CFEB
:10AC2C00EFA07FC99387012D1307F01398C3938767
:10AC3C00012D9C433E879387C1789C430D46BE856E
:10AC4C003A85EFF0BF859387C1789C431387370013
:10AC5C009387C17898C38546014691450D45EFD041
:10AC6C00DF8A8546094691450D45EFD01F8A8546FA
:10AC7C00114691450D45EFD05F89854619469145A2
:10AC8C000D45EFD09F888546214691450D45EFD067
:10AC9C00DF878546294691450D45EFD01F878546B0
:10ACAC00314691450D45EFD05F8685463946914535
:10ACBC000D45EFD09F858546414691450D45EFD01A
:10ACCC00DF848546614691450D45EFD01F8485464E
:10ACDC00694691450D45EFD05F8385467146914598
:10ACEC000D45EFD09F828546794691450D45EFD0B5
:10ACFC00DF8185461306000291450D45EFD0FF809C
:10AD0C0085461306200291450D45EFD01F808546E0
:10AD1C001306600491450D45EFD02FFF85461306B1
:10AD2C00800491450D45EFD04FFE85461306A004D7
:10AD3C0091450D45EFD06FFD978500009385052F4C
:10AD4C00177500001305C5A8EFA0FFB675A0177501
:10AD5C000000130565BDEFA01FB69387012D1307E7
:10AD6C00201798C39387012D9C433E879387C17806
:10AD7C009C430D46BE853A85EFF04FF29387C17820
:10AD8C009C43138737009387C17898C317750000CD
:10AD9C00130545BBEFA03FB281450D45EFD0EFC980
:10ADAC00A1A817750000130525BBEFA0DFB0938792
:10ADBC00012D1307301798C39387012D9C433E87B1
:10ADCC009387C1789C430D46BE853A85EFF00FED15
:10ADDC009387C1789C43138737009387C17898C3B6
:10ADEC00177500001305C5B8EFA0FFAC85450D45E0
:10ADFC00EFD0AFC411A0010039AC9387C13D11470E
:10AE0C0098C3032744FE930770046309F71A0327BA
:10AE1C0044FE9307700463CDE71E032744FECD4721
:10AE2C006309F700032744FE93076004630EF712CF
:10AE3C00C5A2177500001305E5B4EFA0DFA7938733
:10AE4C00012D1307301A98C39387012D9C433E871D
:10AE5C009387C1789C430D46BE853A85EFF00FE48D
:10AE6C009387C1789C43138737009387C17898C325
:10AE7C008546014691451145EFD02FE98546094697
:10AE8C0091451145EFD06FE8854611469145114526
:10AE9C00EFD0AFE78546194691451145EFD0EFE667
:10AEAC008546214691451145EFD02FE6854629462A
:10AEBC0091451145EFD06FE58546314691451145D9
:10AECC00EFD0AFE48546394691451145EFD0EFE31D
:10AEDC008546414691451145EFD02FE385466146A5
:10AEEC0091451145EFD06FE2854669469145114574
:10AEFC00EFD0AFE18546714691451145EFD0EFE0BB
:10AF0C008546794691451145EFD02FE085461306CD
:10AF1C00000291451145EFD04FDF85461306200204
:10AF2C0091451145EFD06FDE8546130660049145BF
:10AF3C001145EFD08FDD85461306800491451145F0
:10AF4C00EFD0AFDC85461306A00491451145EFD038
:10AF5C00CFDB978500009385650D177500001305F1
:10AF6C002587EFA05F9575A0177500001305C5A286
:10AF7C00EFA07F949387012D1307601D98C39387CF
:10AF8C00012D9C433E879387C1789C430D46BE851B
:10AF9C003A85EFF0AFD09387C1789C431387370085
:10AFAC009387C17898C3177500001305A5A0EFA06F
:10AFBC009F9081451145EFD04FA8A1A817750000AF
:10AFCC00130585A0EFA03F8F9387012D1307701DEC
:10AFDC0098C39387012D9C433E879387C1789C43EC
:10AFEC000D46BE853A85EFF06FCB9387C1789C43B5
:10AFFC00138737009387C17898C317750000130522
:10B00C00259EEFA05F8B85451145EFD00FA311A0B6
:10B01C00010011A001009387014F98438547631AE3
:10B02C00F70C9387012D9843930770076307F7027A
:10B03C009387012D98439307B00D6300F702938714
:10B04C00012D98439307F0136309F7009387012DA3
:10B05C0098439307301A631EF708938781789C43B3
:10B06C0095EB177500001305E598EFE02FE09305BD
:10B07C00400613054006EFB00F8F1785000013052F
:10B08C00E5FAEFE0AFDE9305401F13054006EFB085
:10B09C008F8D99A09387817898438547631EF7021B
:10B0AC00176500001305456DEFE05FD313054006EF
:10B0BC00D12817850000130565F7EFE03FD2130583
:10B0CC004006C920938781F19C47E9453E85EFA056
:10B0DC001F93130540067D2001478567938687BB28
:10B0EC00177600001306069281450945EFC0DF8CE8
:10B0FC00ADA09387014F9C43ADE39387C17817872D
:10B10C0000001307A7F298C39387C1789C43138759
:10B11C0057009387C17898C39387C1789C430347A2
:10B12C00C4FB2380E7009387C1789C4313871700E7
:10B13C009387C17898C3177500001305E58DEFF060
:10B14C00CF8801478967938607711776000013062D
:10B15C00E68C81450945EFC03F861306800C81457E
:10B16C0017850000130585ECEF40D03E9387C1781E
:10B17C0017870000130787EB98C30100B6402644DD
:10B18C0061618280797122D60018232EA4FC83275A
:10B19C00C4FD2326F4FE29A89307C0122324F4FE31
:10B1AC000100832784FE1387F7FF2324E4FEF5FBBD
:10B1BC008327C4FE1387F7FF2326E4FEF1FF01006B
:10B1CC000100325445618280011106CE22CC001060
:10B1DC00232604FEA1A00327C4FEBD4763CEE700CF
:10B1EC000547854617760000130686848325C4FE22
:10B1FC000545EFC06FFC31A88327C4FEC117054776
:10B20C008546177600001306A682BE850945EFC059
:10B21C00AFFA8327C4FE85072326F4FE0327C4FE5A
:10B22C00F947E3DAE7FA01000100F24062440561F4
:10B23C008280797106D622D40018938741969C435C
:10B24C001307500598C3EFC07FB6EFC06FF2AD3F48
:10B25C000547856793868738176600001306867D39
:10B26C0081450545EFC04FF593050002B707040073
:10B27C0013858710EFB03FDFAA876390071405474B
:10B28C0093064006176600001306067C81450545AB
:10B29C00EFC08FF2014793064006176600001306B5
:10B2AC00E67B81450945EFC02FF10545EFA01FB3A3
:10B2BC00054793064006176600001306667B81451A
:10B2CC000545EFC06FEF0147930640061766000077
:10B2DC001306467B81450945EFC00FEE930500022E
:10B2EC00B707040013858710EFB0FFD7AA879DE33B
:10B2FC00176500001305457AEFA0EFDB01479306B5
:10B30C004006176600001306E67981450545EFC037
:10B31C00AFEAE9B7C145B707040013858710EFB052
:10B32C009FD4AA879DE3176500001305E578EFA06D
:10B33C008FD80147930640061766000013068678DF
:10B34C0081450545EFC04FE751BF93050004B70792
:10B35C00040013858710EFB01FD1AA879DE31765F2
:10B36C00000013056577EFA00FD501479306400643
:10B37C00176600001306067781450545EFC0CFE33D
:10B38C00B1BF93050008B707040013858710EFB011
:10B39C009FCDAA87A1F7176500001305E575EFA0EF
:10B3AC008FD1014793064006176600001306867579
:10B3BC0081450545EFC04FE015B70547930640069C
:10B3CC00176600001306062D81450545EFC0CFDE3C
:10B3DC0037F50B00130525BC8145EFB0DFCD1765A4
:10B3EC00000013056573EFA00FCD1306A00F814568
:10B3FC001385C168EF4010161306A00F8145138505
:10B40C00012EEF403015EFA08FCF938781F1D843F9
:10B41C008967938507583A85EFA00FD8938781F1F8
:10B42C0098478967938507583A85EFA0EFD693879D
:10B43C0081F1DC433E85EFA02FF2938781F19C478D
:10B44C003E85EFA06FF1EFB0EFCC9387813E238068
:10B45C0007001306A00F81451385C168EF40900FBC
:10B46C001306A00F81451385012EEF40B00E130675
:10B47C00A00F81451385011DEF40D00D1306A00FC1
:10B48C0081451385413FEF40F00C1306800C81453C
:10B49C0017850000130585B9EF40D00B9387C17851
:10B4AC0017870000130787B898C305479306400613
:10B4BC00176600001306466881450545EFC0CFCFDF
:10B4CC000545EFA0BF919387411C23A007009787E8
:10B4DC000000938727C223A0070093050004B70739
:10B4EC00040013858710EFB01FB8AA87639907383B
:10B4FC00054793064006176600001306266581452E
:10B50C000545EFC06FCB0147930640061766000058
:10B51C001306866481450945EFC00FCA9387014F16
:10B52C00054798C3176500001305C563EFA0AFB8B6
:10B53C00176500001305C565EFA0EFB7EFE07FB00E
:10B54C000545EFC0FFC00945EFC09FC085450545C7
:10B55C00EFC0BFCE232604FEB1A8854631469145E7
:10B56C000545EFC09FFA0547930640061766000095
:10B57C001306466481450545EFC00FC40147930689
:10B58C004006176600001306E66381450945EFC0C7
:10B59C00AFC29387C1A0904381470567130787BB50
:10B5AC00894695450945EFC08FC58327C4FE85079D
:10B5BC002326F4FE0327C4FEA547E3D0E7FA05478C
:10B5CC009306400617660000130646608145054544
:10B5DC00EFC08FBE014793064006176600001306A6
:10B5EC00665E81450945EFC02FBD81450545EFC01D
:10B5FC00DFC4232404FE05A8854631469145054544
:10B60C00EFC0BFF09387C1A0904381470567130734
:10B61C0087BB894695450945EFC06FBE832784FEDD
:10B62C0085072324F4FE032784FEA547E3D6E7FC15
:10B63C009387014F9C43A1E7054793064006176685
:10B64C0000001306E65981450545EFC0EFB60147EA
:10B65C009306007D1766000013068659814509453F
:10B66C00EFC08FB51765000013058559EFA0AFA487
:10B67C00176500001305055BEFA0EFA329A817655C
:10B68C0000001305E557EFA00FA317650000130585
:10B69C00A55AEFA04FA29387411C23A007009787C0
:10B6AC000000938727A523A007009387014F054728
:10B6BC0098C30545EFA08FF2054793064006176621
:10B6CC0000001306A65881450545EFC0EFAE0147B3
:10B6DC0093064006176600001306C64E81450945C1
:10B6EC00EFC08FAD85450945EFC03FB5232204FE61
:10B6FC00B1A88546314691450945EFC01FE1054784
:10B70C00930640061766000013064654814505450E
:10B71C00EFC08FAA01479306400617660000130678
:10B72C00664A81450945EFC02FA99387C1A0904374
:10B73C0081470567130787BB894695450945EFC0C7
:10B74C000FAC832744FE85072322F4FE032744FE17
:10B75C00A547E3D0E7FA05479306400617660000B5
:10B76C001306C64F81450545EFC00FA5014793064B
:10B77C004006176600001306E64481450945EFC0F4
:10B78C00AFA381450945EFC05FAB232004FEB1A8F0
:10B79C008546314691450945EFC03FD7054793068D
:10B7AC004006176600001306664B81450545EFC041
:10B7BC00AFA00147930640061766000013068640AB
:10B7CC0081450945EFC04F9F9387C1A090438147A6
:10B7DC000567130787BB894695450945EFC02FA21E
:10B7EC00832704FE85072320F4FE032704FEA547C8
:10B7FC00E3D0E7FA9387014F9C43A1E705479306F3
:10B80C004006176600001306A64681450545EFC0A5
:10B81C00AF9A014793064006176600001306463D93
:10B82C0081450945EFC04F99176500001305454543
:10B83C00EFA06F88176500001305C53EEFA0AF871A
:10B84C0029A8176500001305A543EFA0CF8617653F
:10B85C0000001305653EEFA00F869387411C23A0C3
:10B86C000700978700009387E78823A0070093873A
:10B87C00014F054798C30545EFA04FD6C1B9EFE07E
:10B88C004FFC0547930640061766000013068641D9
:10B89C0081450545EFC04F92014793064006176658
:10B8AC0000001306264181450945EFC0EF90054580
:10B8BC00EFA0CFD293050008B707040013858710BB
:10B8CC00EFB06FFAAA8795CF054793064006176627
:10B8DC0000001306E63E81450545EFC0EF8D176568
:10B8EC0000001305253FEF901FFDA165B70704006D
:10B8FC0013858710EFB02FF793878178054798C38E
:10B90C002DA8054793064006176600001306C63D92
:10B91C0081450545EFC04F8A176500001305053EAC
:10B92C00EF907FF9A165B707040013858710EFB07E
:10B93C008FF39387817823A0070001479306400675
:10B94C0017660000130646C581450945EFC0CF8632
:10B95C00EFE02FF50545EFC0AFFF0945EFC04FFFF6
:10B96C00938781789C4391EBEFD0DFEA9305800CB1
:10B97C001305800CEFA02FFF29A89387817898439B
:10B98C0085476318F700EFE0CFB21305800CEFF09A
:10B99C006FFF176500001305A537EF90DFF1130556
:10B9AC00800CEFF02FFE1306A00F81451385C168A4
:10B9BC00EF40403A1306A00F81451385012EEF404E
:10B9CC0060391306A00F81451385011DEF408038A7
:10B9DC001306A00F81451385413FEF40A037130696
:10B9EC00800C81451775000013054564EF408036C7
:10B9FC009387C178177700001307476398C30147F3
:10BA0C0093064006176600001306C6C88145094513
:10BA1C00EFB09FFAA9679387577C232EF4FC93878A
:10BA2C0081789C4363940714176500001305C52F98
:10BA3C00EF907FE8EFE06FC09387413E98438547D6
:10BA4C006310F7081765000013050530EF90BFE68B
:10BA5C009385413F17650000130545C1EF90BFE585
:10BA6C00976500009385C52E1385413FEF40007309
:10BA7C00AA8785C3EFE05FA9EFF00FF505479306A2
:10BA8C004006176600001306262681450545EFB0D3
:10BA9C00BFF21306A00F81451385413FEF40802B69
:10BAAC009387413E094798C30147930640061766A2
:10BABC000000130626BE81450945EFB0FFEF85A0B7
:10BACC00C145B707040013858710EFB0CFD9AA87FB
:10BADC0091EBEFD03FD49305800C1305800CEFA0B5
:10BAEC008FE835A893050004B70704001385871069
:10BAFC00EFB06FD7AA8785E7176500001305C5253A
:10BB0C00EF907FDBEFF04FEC05479306400617668E
:10BB1C0000001306661D81450545EFB0FFE983273C
:10BB2C00C4FD9DEF176500001305C524EFD01FB4AD
:10BB3C009305800C1305800CEFA0EFE21765000055
:10BB4C0013054524EFD09FB29305800C1305800C90
:10BB5C00EFA06FE1A9679387577C232EF4FCD9BD26
:10BB6C008327C4FDFD17232EF4FCE9B59387817858
:10BB7C00984385476314F72E1765000013050521BC
:10BB8C00EF907FD3EFE06FAB9387413E98438547AF
:10BB9C00631AF720176500001305051BEF90BFD142
:10BBAC009385413F17650000130545ACEF90BFD05E
:10BBBC00976500009385059B1385413FEF40005E20
:10BBCC00AA87ADEF976500009385859B1385413F50
:10BBDC00EF40C05CAA87BDE3976500009385C51C48
:10BBEC001385413FEF40805BAA87A9CB232C04FC33
:10BBFC0029A81387413F832784FDBA9783C7070081
:10BC0C00138707FD9387416298C3832784FD1387AD
:10BC1C001700232CE4FC1387413FBA9703C7070096
:10BC2C009307C002E317F7FC1765000013054518CE
:10BC3C00EFE0CF9A13052003EFF0CFD49765000007
:10BC4C00938505111385413FEF404055AA87A9CB39
:10BC5C001765000013054516EF90FFC59385413F0E
:10BC6C001765000013050516EF90FFC4EFE0DF89A0
:10BC7C00EFF08FD5054793064006176600001306B4
:10BC8C00260481450545EFB03FD317650000130529
:10BC9C0025A8EFE0AF9413052003EFF0AFCEE1A899
:10BCAC0097650000938545121385413FEF40004F87
:10BCBC00AA8785CF1765000013058511EF90BFBFCC
:10BCCC009385413F176500001305C50FEF90BFBE6C
:10BCDC00EFE09F8317650000130585A3EFE00F903D
:10BCEC0013052003EFF00FCA79A097650000938528
:10BCFC00E50E1385413FEF40604AAA87ADEF97658B
:10BD0C0000009385650E1385413FEF402049AA87BB
:10BD1C008DCB01478567938687381766000013061D
:10BD2C00660D81450945EFB03FC9014793064006B2
:10BD3C00176600001306069681450945EFB0DFC76C
:10BD4C001DA8976500009385250C1385413FEF4096
:10BD5C00E044AA878DE3976500009385A50B1385B6
:10BD6C00413FEF40A043AA8799C717650000130510
:10BD7C00659BEFE0AF861306A00F81451385413F0D
:10BD8C00EF30507D9387413E094798C30147930696
:10BD9C004006176600001306E68F81450945EFB093
:10BDAC00BFC1CDB393050002B707040013858710FC
:10BDBC00EFB06FABAA87A5E7176500001305859652
:10BDCC00EFE0CF8101479306803E17560000130623
:10BDDC00A67C81450945EFB03FBE01479306803EE6
:10BDEC00175600001306C67D81450945EFB0DFBC30
:10BDFC0001479306803E1766000013066682814554
:10BE0C000945EFB07FBB014793064006176600005B
:10BE1C001306468881450945EFB01FBAA5B39305B3
:10BE2C000004B707040013858710EFB0CFA3AA87CF
:10BE3C00E39A07D417650000130505F2EF90BFA72E
:10BE4C00EFF08FB8054793064006176600001306FF
:10BE5C0026E781450545EFB03FB62DB381473E85BA
:10BE6C00B250225445618280011122CC26CA4AC8A4
:10BE7C004EC652C456C206CEAA892E89B2843684C6
:10BE8C008D2203A741A1FD57AA8A2E8A630BF704C2
:10BE9C0026862685A286A285EF20F06739E14E869C
:10BEAC004E85CA86CA85EF20106749E54E85CA853E
:10BEBC0001468146EF20202621E12685A2850146F8
:10BECC008146EF20402535CD2685A285EF00F05622
:10BEDC0009C92685A28501468146EF20C034634CF2
:10BEEC00050AF2406244D2444249B2495685D28591
:10BEFC00924A224A056182805685D285EF00F05322
:10BF0C0021C95685D28501468146EF20C02071F9A2
:10BF1C004E85CA85EF00705269D52685A285EF0043
:10BF2C00D05161D1EF30B062930720021CC1814A1D
:10BF3C00014A45BF2685A28501468146EF20A01DFA
:10BF4C004DF1B7D7008083AA070B03AA470B51BF4B
:10BF5C004E85CA85EF00704E4DD52685A285EF0023
:10BF6C00D04D45D156865685D286D285EF20B05A13
:10BF7C0039E9EF30D05D9306200214C101468146A9
:10BF8C004E85CA85EF20202A6341050283AA0181D0
:10BF9C0003AA4181B9B7EF30905B83AA818003AAD1
:10BFAC00C180930710021CC12DBF2685A285EF000E
:10BFBC00704A2686A286EF20001669D983AA818052
:10BFCC0003AAC18039BFEF30905893071002014685
:10BFDC0081461CC1B6853285EF10903FAA8A2E8A05
:10BFEC0009B7B7070080597193C7F7FFDEC6B3FBDB
:10BFFC00F60086D6A2D4A6D2CAD0CECED2CCD6CA81
:10C00C00DAC8E2C4E6C2EAC06EDE33E7CB0055C73D
:10C01C00B3F9B700B707F07F2A8B2E8A2E8CAA8C27
:10C02C0063DB3703B70710C0CE97B3E76701814ACC
:10C03C00B705F03FD1EBB650265496540659F64945
:10C04C00664A464BB64B264C964C064DF25D5685D1
:10C05C00D64A656182803684B2846384F906E3C370
:10C06C0077FDB707F07F6381FB1C014963420C0825
:10C07C00D5ECB707F07F6387FB14B707F03F6385F8
:10C08C00FB16B7070040E303F414B707E03F631F48
:10C09C00F408634D0C082654B65096540659F649CC
:10C0AC00D64AB64B264C964C064DF25D5A85D28537
:10C0BC00464B664A65616F00B01B814AB705F03F7D
:10C0CC009DBF19E1E3DF79F92654B6509654065911
:10C0DC00F649664AD64A464BB64B264C964C064D0C
:10C0EC00F25D37D500801305050765616F00F035EB
:10C0FC00B707404363DDFB12B707F03F63C7FB0292
:10C10C0093D74B41938717C05147E35AF70C13074A
:10C11C004003B307F74033D7F400B317F700639627
:10C12C009700058B09493309E940A1D85A85D28576
:10C13C00EF005030AA8A63880C049357FA01FD175C
:10C14C003367F9006307070E3707E0416358770F31
:10C15C003707F04363547779B707F03F63D6F90A92
:10C16C006351040803A6818383A6C1833285B685F7
:10C17C00EF20C015AA8AC1B55A85D285EF00902B45
:10C18C00AA8A63980C0A6389090093172A00898389
:10C19C003707F03FE393E7FA634B0406E35D0CE8E3
:10C1AC00B70710C0CE97B3E72701E394070856866C
:10C1BC00AE865685EF2000562A86AE86EF105021AB
:10C1CC00AA8A95BDB70710C0CE97B3E76701E3867F
:10C1DC0007EEB707F03F63C3F96EA285814AE35CB3
:10C1EC0004E4814A814581BDDA8AD285E35504E4B1
:10C1FC00B7D7008003A5070B83A5470B5A86D286B9
:10C20C00EF10101DAA8A05BDE34E80F4D9BF37D7B5
:10C21C000080AE870325070B8325470B5686BE8609
:10C22C00EF10101BAA8A9DBFE38104E4E5BB09490A
:10C23C0081B55A865A85D286D285ADBF3707F07F35
:10C24C00337A47010145631F0A0003A6018783A6C1
:10C25C00418756853EC0EF2060078247AA8AAE8987
:10C26C001305B0FCB705100013D649411387F5FF31
:10C27C00B7A60300B3F9E900130616C0370AF03F5E
:10C28C009386E6883307A60033EA490163D0366506
:10C29C00B7B60B009386966763D5367BB7DC008008
:10C2AC0003A80C0B83A84C0B0507330ABA40014BAF
:10C2BC00814B5A83DE83014C4286C6865685D285D5
:10C2CC001AD41ED63AD23ED042C046C2EF20804489
:10C2DC00024892482E8E4286C686AA8DD2855685F5
:10C2EC00F28942C846CAEF10A02F2A86AE8603A553
:10C2FC000C0B83A54C0B014DEF10900D2A86AE86CE
:10C30C002ACC2EC66E85CE854EC0EF10307C93564F
:10C31C001A4037060020D18E370E0800F296338E65
:10C32C0086012A8FF28601466A85AE897A8C72C4A0
:10C33C00EF10D079AE8682452A866E85EF20803D3F
:10C34C00224E4248D2482E8F4286F285C686AA8D4E
:10C35C0001457AC0EF20003C2A86AE865685D285F0
:10C36C00EF20403B6A86CE86EF105076024F2A862D
:10C37C00AE866E85FA85EF20E039E24EB242814DF1
:10C38C0076869686EF109074AA882E886286CE8662
:10C39C006285CE8546C042C4EF10507303A68187D8
:10C3AC0083A6C187AA8A2E8AEF10507203A6018831
:10C3BC0083A64188EF10C0225686D286EF101071EA
:10C3CC0003A6818883A6C188EF1080215686D28669
:10C3DC00EF10D06F03A6018983A64189EF1040208E
:10C3EC005686D286EF10906E03A6818983A6C189EA
:10C3FC00EF10001F5686D286EF10506D03A6018AEF
:10C40C0083A6418AEF10C01DAA882E885686D28634
:10C41C005685D285C68A428AEF10506B2A86AE8624
:10C42C005685D285EF10906AAA8A2E8A6A86CE86A5
:10C43C006285CE85EF10C01A0246A246EF10106935
:10C44C005686D286EF10C0192E88AA8A6A86CE86A6
:10C45C006A85CE85428AEF10706703A6818A83A60F
:10C46C00C18A2ACE2EC8EF10A0175686D28652C685
:10C47C00EF1000172E8A6E86AE866A85CE85EF1079
:10C48C00F06403A6818A83A6C18A2E882A8DD28560
:10C49C006E8542CCEF200028F248424E4686F2864A
:10C4AC00EF204027AE86B2452A865685EF2080269F
:10C4BC006286CE86EF1090612A88AE890245A2452D
:10C4CC006E86D286428AEF1070602A86AE865285BE
:10C4DC00CE85EF10E010E24D2A8AAE892A86AE8610
:10C4EC006A85EE85EF10C00F03A6018B83A6418BE6
:10C4FC000145AE8AEF10905D2E882A8C6A86EE86F6
:10C50C00D6850145428DEF20E0202A86AE865285E5
:10C51C00CE85EF20202003A6818B83A6C18BEF1044
:10C52C00F05A03A6018C83A6418C2A8AAE89014558
:10C53C00D685EF10B0592A86AE865285CE85EF107F
:10C54C00200A2253B2531A869E86EF1060091257A6
:10C55C00AA8DAE8A3A85EF20A07F2A8AAE89D6862C
:10C56C006E86EA85628556C0EF108007DE865A8695
:10C57C00EF1000075286CE86EF10800601484285E8
:10C58C005286CE86428AAE8AEF20C018DE865A8644
:10C59C00EF204018EA866286EF20C017AE868245EF
:10C5AC002A866E85EF20001782572A8DAE8B7D1957
:10C5BC00B367F900639F072E03A9018383A9418305
:10C5CC00014C6286A2862685A285EF20A014528695
:10C5DC00D686EF10B04FAE872A8B2686A286DE85D4
:10C5EC006A85BE84EF10904E2A86AE865A85A68543
:10C5FC00EF00107FAA876286A2862E8B5285D68585
:10C60C00BE8AEF10B04C2A86AE86AA842E8A568536
:10C61C00DA85EF00F07CB70790402E84AA8B2E8C25
:10C62C0063CEF522B387F540C98F6393073E03A60B
:10C63C00818C83A6C18C5685DA85EF00707A2A87A7
:10C64C00AE8726865E85D286A285BA8B3E84EF2085
:10C65C00600C2A86AE865E85A285EF107032634927
:10C66C00A03A93574C4193F7F77F37051000938707
:10C67C0027C0B357F540E29713D747411377F77F9D
:10C68C009306F5FF130717C0B3D5E64093C5F5FF26
:10C69C00FD8DD14BF58FC98F3387EB400146AE86AC
:10C6AC00B3DBE74063540C00B30B70412685D28595
:10C6BC00EF2040062A86AE86AA842E8A5685DA8515
:10C6CC00EF001072139D4B012E8403A6818D83A65F
:10C6DC00C18D814DA2856E85EF10503FAE872A8C9F
:10C6EC002686D286A2856E85BE84EF20A0022A867D
:10C6FC00AE865685DA85EF20E00103A6018E83A66F
:10C70C00418EEF10B03C03A6818E83A6C18EAE87FE
:10C71C002A8AA2856E853E84EF10503B2A86AE860F
:10C72C005285A285EF00D06B2A8B2E842A86AE868A
:10C73C006285A685EF00D06A6286A686AA8A2E8AB2
:10C74C00EF10507D2A86AE865A85A285EF10907C1C
:10C75C002A8C2E8B5686D2865685D285EF101037B2
:10C76C0003A6018F83A6418FAA842E84EF10103666
:10C77C0003A6818F83A6C18FEF10D0792686A2865F
:10C78C00EF10D03403A6019083A64190EF005065C2
:10C79C002686A286EF10903303A6819083A6C190C3
:10C7AC00EF1050772686A286EF10503203A6019127
:10C7BC0083A64191EF00D0622686A286EF1010313D
:10C7CC002A86AE865685D285EF10D074AA842E8424
:10C7DC002A86AE865685D285EF10502F03A68191FE
:10C7EC0083A6C1912A87AE872685A285BA843E840A
:10C7FC00EF1050722A86AE862685A285EF10403D3A
:10C80C00AA842E846286DA865685D285EF10102C87
:10C81C006286DA86EF00D05C2A86AE862685A285F3
:10C82C00EF10506F5686D286EF10D06EAE862A86E9
:10C83C0083A54C0B03A50C0BEF10D06DB307BD00FB
:10C84C0093D647412A876350D0223A85BE854A86C3
:10C85C00CE86EF10B027AA8A6FF0EFFD93971500E4
:10C86C00B7D6904085839386F6BF63DBF618B7374F
:10C87C006F3F93870740AE97C98F99EB2686D28678
:10C88C00EF1050695686DA86EF10900FE34B05DCFB
:10C89C0003A6018D83A6418D4A85CE85EF1010230A
:10C8AC0003A6018D83A6418DEF105022AA8A6FF04A
:10C8BC008FF803A90C0B83A94C0B19B3E353049207
:10C8CC00B7050080814AA18D6FF0EFF6B7DC0080D0
:10C8DC0003A80C0B83A84C0B6FF07F9D3707F03F20
:10C8EC009306E7FFE3DE3687E3403793B7DC00803F
:10C8FC0003A60C0B83A64C0B56853EC0EF10906123
:10C90C0003A6018483A641842A8AAE89EF10101CE9
:10C91C0003A6818483A6C184AA8BAE8A5285CE8558
:10C92C00EF10D01A03A6018583A641852E8B2A8C85
:10C93C00CE855285EF1090192A86AE8603A5818587
:10C94C0083A5C185EF10105D5286CE86EF101018AE
:10C95C002A86AE8603A5018683A54186EF10905BDF
:10C96C002A882E875286CE865285CE85428ABA89EF
:10C97C00EF10D0152A86AE865285CE85EF10101595
:10C98C0003A6818683A6C186EF1050142A86AE8634
:10C99C006285DA85EF1010582A86AE862A8BAE890E
:10C9AC005E85D685EF00D04301485E86D6864285EB
:10C9BC00428AAE8AEF1010562A86AE865A85CE85EC
:10C9CC00EF10505582472A8DAE8BD5B65A865A85B4
:10C9DC00D286D285EF10900FAA8A6FF0CFE5639DB7
:10C9EC0004F8B307F74033D7FB40B317F700268999
:10C9FC00639577E9058B09493309E9406FF0EFE757
:10CA0C003707E03F014D814BE351F7CCD187B1B9EA
:10CA1C0003A6818383A6C1834A85CE85EF10100BB4
:10CA2C0003A6818383A6C183EF10500AAA8A6FF0F4
:10CA3C008FE085476311F9E0B7070080BD8D6FF07B
:10CA4C008FDF03AB818183ABC18103A3018283A3FD
:10CA5C00418203A8818283A8C182370C0400B7DC11
:10CA6C0000806FF07F855E86AD2E2A87AE87F1BB86
:10CA7C0041113707F07F22C426C206C63376B700B1
:10CA8C00AE842A846305E616AA866357B00E13D6C5
:10CA9C004541AE8763020610370710009305F7FF78
:10CAAC00ED8FD98F930416C01397170013F614004B
:10CABC0093D7F601BA971397160011C67D83860794
:10CACC00BA97139726008584D945014E81463706BF
:10CADC0020003385C6001358F701FD1563C6A70067
:10CAEC00898FB306C500329E8607C297060705825A
:10CAFC00EDF10143130500023706008019A8638885
:10CB0C00D70C1358F70186077D15C29706070582C7
:10CB1C0015C93308B600E3D4F6FEB305C800B688D1
:10CB2C006341080A958FB3360701958F3307074188
:10CB3C001358F70186077D153293C686C2970607F0
:10CB4C00058261F9D98FC9EF1355130093571E4015
:10CB5C003707E03F137E1E00BA9763050E003707B8
:10CB6C000080598DD2042A84BE94B240228522447E
:10CB7C00A685924441018280939715008583C98FC5
:10CB8C00EDD70146D1E513D7B6002D16BA87D606D8
:10CB9C007DDB93554701D1E9814586071397B70093
:10CBAC002E858505E35B07FE930800023688B38863
:10CBBC00B8403E87B396B600B3571801098ED98F8B
:10CBCC00E1BD93C8F5FF93D8F801B698A1BFE36A0D
:10CBDC0007F3B305C800E34608FEBE888147B9B722
:10CBEC00FD576302F30413051300058185B72A86EC
:10CBFC00AE86EF10A06D2286A686EF00701E2A84EA
:10CC0C00B24022852244AE84A685924441018280A2
:10CC1C002A86AE86EF1010302A86AE86EF00507B47
:10CC2C002A84AE8499B7050E15B73688930800028E
:10CC3C007D5559B786058581828013951500058130
:10CC4C00B70510802E957D81828003A5019283A566
:10CC5C004192828093D64541797193F6F67F22D426
:10CC6C0006D626D24AD04ECE138816C04D46AE8775
:10CC7C002A87AE8E13D4F501634D06096346080E60
:10CC8C00370610007D1633560641F18DC98D2A8367
:10CC9C003E8EBDC513551600337FF500336FEF0084
:10CCAC0063050F021386E6BEB70E0400133616009A
:10CCBC001345F5FF370F00803306C040E98F33D89A
:10CCCC000E41337FCF00B3EE070137D600809318A7
:10CCDC003400130606E7B29803A4080083A44800A6
:10CCEC007A86F6862285A685EF00900F2AC42EC67A
:10CCFC002245B2452286A686EF10D0212A832E8E9D
:10CD0C00B250225492540259F2491A85F285456167
:10CD1C0082809308300363DF0801930600402A8366
:10CD2C002E8EE31FD8FC2A86F686EF00700B2A8322
:10CD3C002E8EF9B79386D6BE7D563356D600B37574
:10CD4C00A6002A833E8ECDDD0582B377A6002A8FFE
:10CD5C00ADDF370F00401346F6FF3377A600B3560E
:10CD6C00DF40336FD70095B7370E00809344FEFF3A
:10CD7C00B3F6B400C98E2A832E8ED9D29397C500F0
:10CD8C00B18333E7A700B307E040D98F37D70080D2
:10CD9C0093163400130707E73697032907008329F6
:10CDAC004700B1838175370E0800B3F5D50133FE0A
:10CDBC00C701336EBE00F2862A86CE854A85EF0007
:10CDCC0030022AC42EC62245B2454A86CE86EF10C2
:10CDDC00701433FEB4009318F401336E1E012A83D1
:10CDEC0005B7411193D6454122C406C63284139629
:10CDFC00560125EA939715008583C98FDDC783A655
:10CE0C00C19203A68192EF10604CD176938606CB2B
:10CE1C002E876349D40E93D7454193F7F77F9387B9
:10CE2C00A7FCA2979306E07F63CDF604634FF00A4C
:10CE3C009306B0FC63D6D708B1679387073563C2F6
:10CE4C00870403A8018D83A8418D63C9050C03A633
:10CE5C00018D83A6418D4285C685EF102047AA8798
:10CE6C0081A093F7F67F9306F07F2E87E39BD7FA8A
:10CE7C002A86AE86B527B2402244AA873E85410158
:10CE8C00828003A8818383A8C18363C6050203A69D
:10CE9C00818383A6C1834285C685EF102043AA8770
:10CEAC00B24022443E8541018280B2402244AA878E
:10CEBC003E854101828003A8019383A84193C1BFA1
:10CECC00B7051080FD15938767036D8FD207D98F37
:10CEDC0003A6019483A64194BE85EF10203FB24077
:10CEEC002244AA873E8541018280B2402244B70584
:10CEFC001080FD156D8F93954701AA87D98D3E85BE
:10CF0C004101828003A6018D83A6418DEF10003C68
:10CF1C00B2402244AA873E854101828003A88193B6
:10CF2C0083A8C1932DB7AA88AE87328836854683ED
:10CF3C0063990620B7D60080938606F763F0C50C7C
:10CF4C0041676376E60A1307F00F3337C7000E0705
:10CF5C003355E600AA9683C60600130500023697E1
:10CF6C00B306E540630CE500B397D70033D7E80070
:10CF7C003318D600B365F7003393D80093580801E3
:10CF8C00B3D7150313160801418213570301B3F6E7
:10CF9C0015033E85B305F602C206558F637CB700B8
:10CFAC0042971385F7FF636707016375B700138515
:10CFBC00E7FF42970D8FB377170342031353030117
:10CFCC0033571703C20733E36700B306E6023A860A
:10CFDC00637BD30042931306F7FF6366030163740C
:10CFEC00D3001306E7FF4205518D81455DA8370537
:10CFFC0000014147E36EA6F4614799BF01E605477E
:10D00C003358C7024167637FE8081307F00F637357
:10D01C00070121453357A800BA9603C7060013062B
:10D02C0000022A97B306E6406315E608B38707416A
:10D03C0085459358080113160801418213570301C3
:10D04C00B3F61703B3D71703C206558F330EF60288
:10D05C003E85637CC70142971385F7FF6367070121
:10D06C006375C7011385E7FF42973307C741B37751
:10D07C00170342031353030133571703C20733E358
:10D08C006700B306E6023A86637BD300429313062D
:10D09C00F7FF636603016374D3001306E7FF4205D1
:10D0AC00518D8280370700014145E365E8F6614503
:10D0BC0095B73318D800B3D5E7003393D800B3979E
:10D0CC00D70033D7E800935808013366F70033F7DD
:10D0DC00150393170801C18313550601B3D5150326
:10D0EC004207498FB386B7022E85637CD7004297DF
:10D0FC001385F5FF636707016375D7001385E5FF9B
:10D10C004297B306D74033F7160342064182B3D693
:10D11C0016034207B388D702B367C700368763FC90
:10D12C001701C2971387F6FF63E7070163F5170131
:10D13C001387E6FFC29793150501B3871741D98D65
:10D14C00CDBD63E2D514416763FFE6021307F00F10
:10D15C00B335D7008E0537D7008033D5B60013070B
:10D16C0007F72A9703470700130500022E97B3050C
:10D17C00E5406311E5020545E3E5F6F233B5C80079
:10D18C001345150039BF37070001C145E3E5E6FC3F
:10D19C00E145D1B73353E600B396B6003363D30001
:10D1AC0013550301B31EB60033D6E700B376A602BF
:10D1BC00B397B70033D7E8003368F7009317030130
:10D1CC00C183135708013356A602C206558F338FFD
:10D1DC00C702328E637CE7011A97130EF6FF636762
:10D1EC0067006375E701130EE6FF1A973307E741F3
:10D1FC00B376A7023357A702C2063386E70293170A
:10D20C000801C183D58FBA8663FCC7009A97930631
:10D21C00F7FF63E7670063F5C7009306E7FF9A978C
:10D22C0013150E01416E558D9306FEFF3378D50014
:10D23C00918FB3F6DE001356050193DE0E01330316
:10D24C00D802B306D602135703013308D803369815
:10D25C0042973306D6036373D70072969356070131
:10D26C00369663E0C702E392C7D8C167FD177D8F7E
:10D27C0042073373F300B398B8001A978145E3F271
:10D28C00E8E27D159DB38145014521BDB288368705
:10D29C00AA872E886398061CB7D60080938606F75B
:10D2AC0063F8C50A4163637E66081303F00F63736A
:10D2BC00C30021473353E6009A9603CE06003A9EEC
:10D2CC00130700023303C741630CC701B395650014
:10D2DC00335EC501B31866003368BE00B317650032
:10D2EC0013D608013377C80213950801418193D6F0
:10D2FC0007013358C8024207D98E3308050363F877
:10D30C000601C69663E5160163F30601C696B3865D
:10D31C00064133F7C602C207C183B3D6C602B306B1
:10D32C00D50213150701C98F63F8D700C69763E5BB
:10D33C00170163F3D700C697958F33D567008145E6
:10D34C008280370300014147E36666F661479DB76B
:10D35C0001E60546B3581603416663F3C808130685
:10D36C00F00F63731601214733D6E800B29603CE53
:10D37C0006003A9E130700023303C7416319C7071F
:10D38C00B385154113D7080113950801418113D6B4
:10D39C000701B3F6E502B3D5E502C206D18EB3059B
:10D3AC00B50263F8B600C69663E5160163F3B600E2
:10D3BC00C696B385B640B3F6E502C207C183B3D5B2
:10D3CC00E502B305B50213950601C98F63F8B700E2
:10D3DC00C69763E5170163F3B700C6978D8FB1BF8E
:10D3EC00370600014147E3E1C8F86147B5BFB39880
:10D3FC00680033D7C501B3176500335EC50113D57B
:10D40C000801B376A702B3956500336EBE00939501
:10D41C000801C18113560E013357A702C206D18EE3
:10D42C003387E50263F8E600C69663E5160163F3FD
:10D43C00E600C6963386E640B376A602420E135E2D
:10D44C000E013356A602C2063386C502B3E5C601E9
:10D45C0063F8C500C69563E5150163F3C500C69571
:10D46C00918D0DB7E3EED5EC416763F5E604130E31
:10D47C00F00F3337DE000E07B7D8008033D3E60049
:10D48C00938808F79A9803CE08003A9E1307000277
:10D49C003303C7416317C70363E4B6006369C50070
:10D4AC00B307C540958D3335F5003388A5403E85CF
:10D4BC00C28579B5B70800014147E3EF16FB614718
:10D4CC0065BF3357C601B3966600336FD700B3D729
:10D4DC00C50113570F01B3F8E702B3956500335834
:10D4EC00C5013368B80093150F01C181935608012B
:10D4FC003316660033156500B3D7E702C208B3E6EE
:10D50C00D800B38EF502BE8863FCD601FA969388D8
:10D51C00F7FF63E7E60163F5D6019388E7FFFA9618
:10D52C00B386D641B3FEE602420813580801B3D6BF
:10D53C00E602C20EB3EE0E01B385D502B68763FCCC
:10D54C00BE00FA9E9387F6FF63E7EE0163F5BE001B
:10D55C009387E6FFFA9EB385BE40C208C16EB3E85E
:10D56C00F8009387FEFF33F8F8009356060193D822
:10D57C000801F18F3307F802B387F8023308D80299
:10D58C00B388D8023E9893560701C29663F3F6000F
:10D59C00F698C167FD1713D80601FD8EC2067D8F64
:10D5AC00C298369763E61501639C1501637AE50012
:10D5BC003306C7403337C7007A97B388E8403287C1
:10D5CC003307E5403335E500B3851541898DB397B5
:10D5DC00C5013357670033E5E700B3D565008DB35C
:10D5EC00370810007D180111B377B80013D7450127
:10D5FC003378D80093D8460122CC8E071374F77F6A
:10D60C001357D50126CAD98F93D4F5011357D601D8
:10D61C0093F8F87F93D5F6010E0806CE4AC84EC68D
:10D62C000E05336707010E06B30614416395B42249
:10D63C006351D00E63980802B365C700638B052055
:10D64C009385F6FF89E92A963335A600BA97AA97EF
:10D65C0032850544B1A81308F07F639D06011304BD
:10D66C00F07F71AA9305F07F630BB418B7058000A7
:10D67C004D8FB6859306800363C9B608FD4663C01B
:10D68C00B606130800023308B840B3160701B358A6
:10D69C00B60033160601B3E616013336C000558EBC
:10D6AC003357B7002A963E97B337A600BA97328500
:10D6BC00139787006355071405041307F07F630560
:10D6CC00E448B70680FFFD16FD8E935515000589BD
:10D6DC009397F6014D8D5D8D93D716000DA2938611
:10D6EC0005FE93080002B356D70001486388150164
:10D6FC0013080004B305B8403318B7003366C800EC
:10D70C003336C000558E014771BF598E3336C00079
:10D71C00DDBFD5CAB38588400DE4B3E6A700638CA2
:10D72C0006409386F5FF99E63295BA973336C500D5
:10D73C00B29705B71308F07F639D0501BA87328550
:10D74C0039BF9306F07FE38BD8FEB7068000D58FE8
:10D75C00AE869305800363C4D506FD4563CBD50225
:10D76C00130800023308D8403353D500B395070192
:10D77C0033150501B3E565003335A0004D8DB3D6E7
:10D78C00D7003295B387E6003336C500B29746848E
:10D79C0005B7938506FE13030002B3D5B700014805
:10D7AC006388660013080004B306D8403398D7008A
:10D7BC003365A8003335A0004D8D8146D9B75D8DFA
:10D7CC003335A000DDBF9306140093F5E67FBDE171
:10D7DC00B3E6A70029E463840636B366C70085C2A6
:10D7EC002A96BA973335A600AA97139787003285E5
:10D7FC0063570700370780FF7D17F98F05441377B0
:10D80C007500630507341377F50091466300D73430
:10D81C009306450033B5A600AA97368505AE99DE6A
:10D82C00598EE30E06E28144B7074000014513040C
:10D83C00F07F29AE9305F07F6386B6302A963E972B
:10D84C00B337A6003E971315F7010582518D9357F8
:10D85C00170036846DB76356D00C63910808B36516
:10D86C00C700E5D99385F6FF91E93306C5403335FA
:10D87C00C500998F898F32850544B1A01308F07FBC
:10D88C00E38F06DD9306800363C9B608FD4663C0CB
:10D89C00B606130800023308B840B3160701B35894
:10D8AC00B60033160601B3E616013336C000558EAA
:10D8BC003357B7003306C5403387E740B337C5004D
:10D8CC00B307F740328513978700E35A07F23709FD
:10D8DC0080007D1933F92701AA8975A29305F07F81
:10D8EC00E30FB4F0B70580004D8FB68561BF93860A
:10D8FC0005FE93080002B356D70001486388150152
:10D90C0013080004B305B8403318B7003366C800D9
:10D91C003336C000558E014771BF598E3336C00067
:10D92C00DDBFF9C23388884015E8B3E6A700638FE2
:10D93C0006269306F8FF91EA3305A640B307F74095
:10D94C003336A600918FAE8405BF1303F07F631F9F
:10D95C006800BA8732851304F07F7DA09306F07FB0
:10D96C00E389D8FEB7068000D58FC28613088003E2
:10D97C006348D8067D48634ED80213030002330374
:10D98C00D340335ED5003398670033156500336898
:10D99C00C8013335A0003365A800B3D6D7003305D2
:10D9AC00A640B307D7403336A600918F4684AE8489
:10D9BC0019BF138806FE130E000233D8070101436A
:10D9CC006388C60113030004B306D3403393D70016
:10D9DC003365A3003335A0003365A8008146C1B779
:10D9EC005D8D3335A000DDBF9306140093F6E67F02
:10D9FC00B5E633E8A700B366C70031E46318080046
:10DA0C00638A061ABA873285AE84D5BBE38906DEF3
:10DA1C003308C540B3380501B386E740B3861641D9
:10DA2C009398860063DA08003305A640B307F740E5
:10DA3C003336A600918FC9BF3365D8006300051833
:10DA4C00B68742856DBB63180800638B0616BA87D0
:10DA5C003285AE8429B1E38406C0F1B3B309C54065
:10DA6C00B33635013389E7403309D9409316890021
:10DA7C0063D80606B309A640B307F7403336360120
:10DA8C003389C740AE84630309064A85EF206028BA
:10DA9C00130785FFFD4763C1E70693060002998EC5
:10DAAC00B317E900B3D6D900DD8E3395E900634E88
:10DABC008706018F930717007D466345F60413070D
:10DACC0000021D8FB355F5003396E6003315E500C3
:10DADC004D8E3335A000518DB3D7F600014405B3FC
:10DAEC0033E529014DF181470144F9A04E85EF2022
:10DAFC0040221305050269BF130585FDB396A900E5
:10DB0C00014575B705179305000233D7E6000146AA
:10DB1C006387B700130600041D8E3396C600518D23
:10DB2C003335A000598D814755BFB70780FFFD17CE
:10DB3C00198CF58FE9B1BA8732852E84C9B1BA87B1
:10DB4C00328575B91304F07F81470145139787001F
:10DB5C00635B070005041307F07F6308E4063707CF
:10DB6C0080FF7D17F98F1397D7010D81598D1307FE
:10DB7C00F07F8D836319E4005D8D814709C5B7077C
:10DB8C0008000145814413174401B706F07FB20722
:10DB9C00F2406244758FB183FE04D98F33E797004E
:10DBAC004249D244B249BA8505618280BA8732852E
:10DBBC00428499BD81470145814449BF8147EDBFEE
:10DBCC0001458144B70740009DB18147014561BFC4
:10DBDC00797193D7450126D24AD052CC5AC862C427
:10DBEC009394C50006D622D44ECE56CA5EC6139761
:10DBFC0057012A89328B368CB18013DAF50151C763
:10DC0C0093FAF77F9307F07F638BFA0C9359D50146
:10DC1C008E04B3E49900B7098000B3E934011314FE
:10DC2C003500938A1AC0814B93574C011315CC00C5
:10DC3C00139757019354C50093F5F77F135CFC01C0
:10DC4C0071C39307F07F638AF510139534009357D3
:10DC5C00DB015D8DB7048000C98C931F3B001385DD
:10DC6C0015C0014693972B00D18FFD173947B3464A
:10DC7C008A01B385AA406364F71037D700808A07FE
:10DC8C00130707E8BA979C438287B3E9A400638221
:10DC9C0009069DC82685EF20C007930755FF7147DD
:10DCAC006349F702F549130485FFB389F940B3942E
:10DCBC008400B3593901B3E99900331489009305F1
:10DCCC00D0C0B38AA54085B7EF20A0041305050288
:10DCDC00E9B7930485FDB31999000144CDB7B3E9B5
:10DCEC00A400638C09002A84A689930AF07F8D4BCB
:10DCFC0025BF0144814A854B05BF0144930AF07F3F
:10DD0C00894B1DB7B3EF640163820F069DC826854E
:10DD1C00EF202000AA85938755FF71476349F702CE
:10DD2C00F546938F85FF9D8E3395F401B356DB003A
:10DD3C00B3E4A600B31FFB011307D0C03305B740F3
:10DD4C000DB75A85EF10F07C93050502E9B71385E2
:10DD5C0085FDB314AB00814FC5B7B3EF6401638B82
:10DD6C000F00DA8F1305F07F0D46EDBD81440145A0
:10DD7C000546CDBD81441305F07F0946E5B563E644
:10DD8C0034016396992A6364F42B1396F9011357A3
:10DD9C0014009317F40193D919003364E60013951A
:10DDAC00840093D88F01B3E8A800418133D8A9022D
:10DDBC00939E080193DE0E011357040113938F00F9
:10DDCC00B3F4A902C28F33860E039399040133670F
:10DDDC003701637CC7004697930FF8FF6367170101
:10DDEC006375C700930FE8FF4697118F335EA70248
:10DDFC00420441803377A70272863388CE034207F0
:10DE0C00418F637C070146971306FEFF636717017A
:10DE1C00637507011306EEFF469733040741C20FE3
:10DE2C004168B3EFCF00130EF8FF13D60F0133F791
:10DE3C00CF01135F0301337EC301B303EE02B304BE
:10DE4C00C6033307EF02B302E6033306970013D77A
:10DE5C000301329763739700C2921356070116960B
:10DE6C00C162FD12337857004208B3F353001E9879
:10DE7C006367C400FE84631EC40263FC07039A97A5
:10DE8C0033B7670046973A949384FFFF63E68800A4
:10DE9C006391880263EF67006366C400631B8600AE
:10DEAC0063F907019A9733B7670046979384EFFF9E
:10DEBC003A9433880741118CB3B707011D8CFD5F71
:10DECC006387880EB35FA402135708013374A4024E
:10DEDC007E86B387FE034204598C637CF40046941F
:10DEEC001386FFFF636714016375F4001386EFFF5D
:10DEFC0046941D8C3357A4024208135808013374FE
:10DF0C00A402BA87B38EEE02420433648800637CA9
:10DF1C00D40146949307F7FF636714016375D4012A
:10DF2C009307E7FF469442065D8E93170601C18363
:10DF3C00135706013308EF023304D441330FFF02A9
:10DF4C00B38EC703330EC70393D70E01729FFA9794
:10DF5C0063F4C70141673A9813D7070142974168A8
:10DF6C007D1833F507014205B3FE0E017695636605
:10DF7C00E4006310E41AB28F1DC94694930FF6FFA8
:10DF8C00636114036366E4006314E418637DA30007
:10DF9C009317130033B367009A98930FE6FF4694D8
:10DFAC003E836314E4006304650093EF1F009387C2
:10DFBC00F53F635BF00A13F77F0001CF13F7FF0007
:10DFCC0011466308C70013864F00B33FF601FE9459
:10DFDC00B28F1397740063580700B70700FFFD1743
:10DFEC00FD8C938705401307E07F6342F70693DFB0
:10DFFC003F001397D4013367F70113D53400D207D0
:10E00C003706F07F3205B2502254F18F31815D8D8D
:10E01C00FE06B367D50092540259F249624AD24ABD
:10E02C00424BB24B224C3A85BE8545618280FD1530
:10E03C008147B5B3D286CE84A28F5E868D47630BA3
:10E04C00F60A8547630FF60A8947E312F6F601458F
:10E05C0001479307F07F65B7E286CDB7B704080098
:10E06C00814F81460D46D9BF05451D8D1307800391
:10E07C006349A7087D476349A7049385E541B39796
:10E08C00B40033D7AF00B395BF00D98FB335B00010
:10E09C00CD8F33D5A40013F7770001CF13F7F7001A
:10E0AC0011466308C70013874700B337F7003E9546
:10E0BC00BA8713178500634907041317D5018D839D
:10E0CC005D8F0D81814725BF0557B307F7401306B8
:10E0DC000002B3D7F40001476306C5009385E543FE
:10E0EC003397B400B36FF701B33FF001B3E7F70117
:10E0FC00014555B73705080001479307F07F814666
:10E10C00FDBD014501477DBF014501478547C5BDA3
:10E11C007E86B28F59BD13D74501B7071000FD1786
:10E12C0013D846012A83AA8E1377F77F1305F07F45
:10E13C00B3F8B700328FF58FFD811378F87FFD822D
:10E14C00631AA70033EE6800054563140E006305DF
:10E15C00E80082806315A8005D8E05457DFA0545B3
:10E16C00E31907FFE397F8FEE395EEFF6388D5000C
:10E17C006DF333E568003335A00082800145828061
:10E18C00370710007D1713D84501B378B700AA875D
:10E19C002A831378F87F13D5F501930EF07F93D56E
:10E1AC004601758F328E93F5F57FFD826318D80189
:10E1BC00B3EEF80063840E06795582806396D50120
:10E1CC00B36EC700E39A0EFE631C0804B3E7F800B5
:10E1DC0093B7170099E1598E0DCE81EB6314D500DE
:10E1EC0063D905010DC57D5582807D5591C6368557
:10E1FC0082806354B80065D98280E36517FF639C05
:10E20C00E800E3616EFEE368C3FF014582800545CB
:10E21C008280E5FFC1BFE3E0E8FEC5BFE38205FBFA
:10E22C00D5FD81474DBF370710007D1713D8450129
:10E23C00B378B700AA872A831378F87F13D5F50132
:10E24C00930EF07F93D54601758F328E93F5F57F43
:10E25C00FD826318D801B3EEF80063840E060945FD
:10E26C0082806396D501B36EC700E39A0EFE631CE1
:10E27C000804B3E7F80093B7170099E1598E0DCE57
:10E28C0081EB6314D50063D905010DC57D558280E2
:10E29C007D5591C6368582806354B80065D98280DD
:10E2AC00E36517FF639CE800E3616EFEE368C3FF60
:10E2BC000145828005458280E5FFC1BFE3E0E8FEB1
:10E2CC00C5BFE38205FBD5FD81474DBF797193D75F
:10E2DC00450122D426D24ECE52CC56CA9394C500B8
:10E2EC0006D64AD05AC85EC6139757012A84B289FB
:10E2FC00B68AB18013DAF50159C313FBF77F930784
:10E30C00F07F6306FB0C9357D5018E04DD8CB707A9
:10E31C008000DD8C13193500130B1BC0814B93D778
:10E32C004A011394CA0013975701318013F5F77FF4
:10E33C0093DAFA015DCF9307F07F6304F51093D75E
:10E34C00D9010E045D8CB70780005D8C130515C0D8
:10E35C0093973900014793962B00D98E5A95FD1649
:10E36C00394833465A0193051500636DD80E37D5DD
:10E37C0000808A061305C5EBAA969442828633E97F
:10E38C00A400630F09048DC82685EF10901813079D
:10E39C0055FFF14763C7E702F547130985FF998FCE
:10E3AC00B3942401B357F400DD8C33192401130BFF
:10E3BC00D0C0330BAB409DB7EF10B0151305050261
:10E3CC00F9B7930485FDB31494000149CDB733E933
:10E3DC00A400630B09002A89130BF07F8D4B81B7C6
:10E3EC008144014B854B25BF8144130BF07F894B36
:10E3FC003DB7B3673401B1CF0DC82285EF10701152
:10E40C00930655FFF14763C8D7027547930785FFFD
:10E41C00158F3314F40033D7E900598CB397F900F6
:10E42C001307D0C03305A74035B74E85EF10700EDB
:10E43C0013050502F1B7130485FD33948900814758
:10E44C00C5B7B367340191CBCE871305F07F0D4769
:10E45C0019B7014401450547FDBD01441305F07F83
:10E46C000947D5BD416F1307FFFF9356090113D31D
:10E47C0007013379E900F98FB30823033308F90254
:10E48C00B38FF602B38EF80193580801F698338EC9
:10E49C00660263F3F8017A9E93D20801B3F8E800A0
:10E4AC003378E800135F0401C208798CC298338773
:10E4BC0086023308890233092F03B30EE90013597E
:10E4CC0008017699B386E6036374E9004167BA964E
:10E4DC00935E0901B69EC166938FF6FF3379F901FD
:10E4EC003378F80113D704014209B3F4F401B38370
:10E4FC0097024299CA9233089302B307F702B30FFB
:10E50C00E3023303F80013D803011A986373F8007D
:10E51C00B69F93570801C166BE9F9387F6FF337869
:10E52C00F800B3F7F300B303940242083E983304A7
:10E53C008702B3049F023303EF02A29413D70301A3
:10E54C00BA9463F384003693C167FD17B3F6F400F5
:10E55C00C206B3F7F300169EBE9633392E01F6961B
:10E56C0033872601429E33380E01330FF701B30275
:10E57C000F01B3B6D60133372701558F33B80201DB
:10E58C00C180B33FFF01269733E80F0193179E001C
:10E59C0042971A97B3E717012607B337F000135EBB
:10E5AC007E0113D47201B3E7C701A602931677005C
:10E5BC00598CB3E7570063DA060A13D71700858B1B
:10E5CC00D98F1317F401D98F05809386F53F6350CB
:10E5DC00D00A13F7770001CF13F7F7001145630842
:10E5EC00A70013874700B337F7003E94BA87131779
:10E5FC00740063580700370700FF7D17798C9386EA
:10E60C0005401307E07F634ED70E13D737009317DF
:10E61C00D401D98F0D80139746013204B706F07FD1
:10E62C00758F3180598C7E06B2503367C4002254EA
:10E63C0092540259F249624AD24A424BB24B3E853D
:10E64C00BA854561828052862684CA875E87894650
:10E65C006309D70A8D46630FD7088546E317D7F6AB
:10E66C00014481479DA05686DDB7AA85B9BF0545F3
:10E67C00158D13078003E345A7FE7D476349A70467
:10E68C009385E5413317B400B3D6A700B397B70011
:10E69C00558FB337F000D98F3354A40013F777009C
:10E6AC0001CF13F7F70091466308D7001387470093
:10E6BC00B337F7003E94BA871317840063480704F6
:10E6CC001317D4018D83D98F0D808146A9B70557B7
:10E6DC00158F130800023357E400814663060501C9
:10E6EC009385E543B316B400D58FB337F000D98FBB
:10E6FC0001446DB73704080081479306F07F01464B
:10E70C0019BF014481479306F07F31B7014481471B
:10E71C00854611B7370810007D180111B377B80082
:10E72C0013D745013378D80093D8460122CC8E07F5
:10E73C001374F77F1357D50126CAD98F93D4F501DB
:10E74C001357D60193D5F6010E0806CE4AC84EC60D
:10E75C0093F8F87F9306F07F0E05336707010E06DA
:10E76C006395D800B366C70099E293C515003308CA
:10E77C00144163939522635C000F63950804B366A0
:10E78C00C7008DC21308F4FF631A08002A963335AC
:10E79C00A600BA97AA973285054495A89306F07FF0
:10E7AC006319D402137775006305074E1377F500D0
:10E7BC0091466300D74E9306450033B5A600AA9741
:10E7CC003685C1A99306F07FE30ED4FCB706800012
:10E7DC00558F9306800363C80609FD4663C0060780
:10E7EC0093050002B3850541B316B700B358060173
:10E7FC003316B600B3E616013336C000558E3357C8
:10E80C0007012A963E97B337A600BA97328513971D
:10E81C008700E35907F805041307F07F6309E44602
:10E82C00B70680FFFD16FD8E93551500058993974D
:10E83C00F6014D8D5D8D93D71600ADB7930608FE8E
:10E84C0093080002B356D70081456308180193055D
:10E85C00000433880541B31507014D8E3336C000D3
:10E86C00558E014779BF598E3336C000DDBF630B1F
:10E87C00080AB38588400DE4B3E6A7006380064020
:10E88C009386F5FF99E63295BA973336C500B29761
:10E89C0021B71308F07F639D0501BA873285EDAC73
:10E8AC009306F07FE38BD8FEB7068000D58FAE863B
:10E8BC009305800363C4D506FD4563CBD5021308CD
:10E8CC0000023308D8403353D500B39507013315F4
:10E8DC000501B3E565003335A0004D8DB3D6D700E7
:10E8EC003295B387E6003336C500B297468405B738
:10E8FC00938506FE13030002B3D5B7000148638865
:10E90C00660013080004B306D8403398D70033656B
:10E91C00A8003335A0004D8D8146D9B75D8D3335B8
:10E92C00A000DDBF9306140093F5E67FA9E5B3E6DE
:10E93C00A7001DE463880634B366C700E38406E6CB
:10E94C002A96BA973335A600AA9713978700328573
:10E95C00E35A07E4370780FF7D17F98F054499B513
:10E96C008DDE598E630A06228144B70740000145AB
:10E97C001304F07F39AE9305F07F6388B6302A9686
:10E98C003E97B337A6003E971315F7010582518DBC
:10E99C0093571700368439B56356000D63930808F6
:10E9AC00B366C700E38006E01308F4FF631B08009E
:10E9BC003306C5403335C500998F898F32850544A0
:10E9CC00B1A09306F07FE30FD4DC9306800363C7FA
:10E9DC000609FD4663CF060593050002B385054184
:10E9EC00B316B700B35806013316B600B3E61601DA
:10E9FC003336C000558E335707013306C540338775
:10EA0C00E740B337C500B307F7403285139787004B
:10EA1C00E35A07D8370980007D1933F92701AA89F1
:10EA2C0075A29306F07FE30FD4D6B7068000558FFE
:10EA3C0069BF930608FE93080002B356D7008145C0
:10EA4C00630818019305000433880541B3150701C9
:10EA5C004D8E3336C000558E014745B7598E33362F
:10EA6C00C000DDBF6304080C3388884015E8B3E6AA
:10EA7C00A700638006289306F8FF91EA3305A640A9
:10EA8C00B307F7403336A600918FAE840DBF130346
:10EA9C00F07F631F6800BA8732851304F07F7DA076
:10EAAC009306F07FE389D8FEB7068000D58FC28627
:10EABC00130880036348D8067D48634ED8021303BD
:10EACC0000023303D340335ED5003398670033150F
:10EADC0065003368C8013335A0003365A800B3D690
:10EAEC00D7003305A640B307D7403336A600918F25
:10EAFC004684AE8421BF138806FE130E000233D861
:10EB0C00070101436388C60113030004B306D34015
:10EB1C003393D7003365A3003335A0003365A800C9
:10EB2C008146C1B75D8D3335A000DDBF930614005F
:10EB3C0093F6E67FBDE633E8A700B366C70031E481
:10EB4C0063180800638B061ABA873285AE8499B9AC
:10EB5C00E38A06C43308C540B3380501B386E740E1
:10EB6C00B38616419398860063DA08003305A640F5
:10EB7C00B307F7403336A600918FC9BF3365D80071
:10EB8C0063010518B687428531B9631A0800638C96
:10EB9C000616BA873285AE841304F07F21B1EDDE00
:10EBAC00E1B3B309C540B33635013389E7403309C6
:10EBBC00D9409316890063D80606B309A640B3075B
:10EBCC00F740333636013389C740AE8463030906F8
:10EBDC004A85EF100014130785FFFD4763C1E70654
:10EBEC0093060002998EB317E900B3D6D900DD8ED7
:10EBFC003395E900634E8706018F930717007D4616
:10EC0C006345F604130700021D8FB355F5003396C8
:10EC1C00E6003315E5004D8E3335A000518DB3D78A
:10EC2C00F600014441B633E529014DF18147014419
:10EC3C00F9A04E85EF10E00D1305050269BF130511
:10EC4C0085FDB396A900014575B70517930500021C
:10EC5C0033D7E60001466387B700130600041D8E08
:10EC6C003396C600518D3335A000598D814755BF61
:10EC7C00B70780FFFD17198CF58F2DB6BA87328533
:10EC8C002E840DB6BA87328531BE1304F07F8147CE
:10EC9C00014513978700635B070005041307F07F9A
:10ECAC006308E406370780FF7D17F98F1397D701A8
:10ECBC000D81598D1307F07F8D836319E4005D8DF1
:10ECCC00814709C5B7070800014581441317440162
:10ECDC00B706F07FB207F2406244758FB183FE0431
:10ECEC00D98F33E797004249D244B249BA850561BE
:10ECFC008280BA873285428491BD81470145814427
:10ED0C0049BF8147EDBF01458144B70740008DB134
:10ED1C008147014561BF370710009307F7FF33F7B1
:10ED2C00B700D18193C5F5FFF58F13985501D182AA
:10ED3C0093F6F67F63150800498F054509EB130719
:10ED4C00F07F01456395E600D18F3335F00082806A
:10ED5C00411106C622C426C229CD9357F54133C4AE
:10ED6C00A7001D8C9354F5012285EF00907A1307B0
:10ED7C00E041A947098F63C8A702AD47898F5505A4
:10ED8C00B357F4003314A4002685B2075207B1839D
:10ED9C007E05D98FB24033E7A700228522449244E6
:10EDAC00BA85410182805515B317A400268501440C
:10EDBC00E9BF01478147E5BF41111357750137067C
:10EDCC0080007D164AC01379F70F13D77501B377FE
:10EDDC00A60026C26D8E1377F70F06C622C4935475
:10EDEC00F501FD818E070E06B306E9406394B4125B
:10EDFC00635AD00621E3630C0626FD168DE6B29706
:10EE0C004A879396570063DB060C05079306F00FB1
:10EE1C006305D726B706007E13F61700FD1685830B
:10EE2C00F58FD18F65A81307F00F631CE90013074A
:10EE3C00F00F6DA01307F00FE30BE9FE370700048A
:10EE4C00598EED45054763CDD50093050002335728
:10EE5C00D600B386D5403316D6003336C000518F5A
:10EE6C00BA9779BFA9CAB3052741631D090089CB9D
:10EE7C00FD1599E1B29771B79306F00F631BD7009C
:10EE8C00B287A9A89306F00FE30CD7FEB7060004CF
:10EE9C00D58F6D458546634DB500930600028D8E6A
:10EEAC0033D5B700B397D700B337F000B366F5008E
:10EEBC00B387C600B9B79305190013F7E50F39E30B
:10EECC0063190902D5DF19CAB2979396570063D715
:10EEDC000600370700FC7D17F98F054793F677007E
:10EEEC00638E061893F6F70011466389C6189107CE
:10EEFC0071A26380071805DE8144B707000213076F
:10EF0C00F00FADAA1307F00F6387E516B297858350
:10EF1C002E87E9B76354D00621EB4A8761D2FD16E0
:10EF2C0081EE918F93965700E3DA06FA37040004CA
:10EF3C007D147D8C3A89C5A89305F00F1307F00F4B
:10EF4C00E30EB9F8ED45054763CDD50093050002F6
:10EF5C003357D600B386D5403316D6003336C000AF
:10EF6C00518F998F4A877DBF9305F00F1307F00FD0
:10EF7C00E306B9F637070004598EE9B7A1CE33057D
:10EF8C0027416310090299CB7D1509E5B307F640BB
:10EF9C00AE8449BF9306F00F631CD700B287AE84D2
:10EFAC0035BF9306F00FE30BD7FEB7060004D58FE1
:10EFBC006D488546634DA80093060002898E33D8B0
:10EFCC00A700B397D700B337F000B366F800B307C8
:10EFDC00D6407DBF130719001377E70F05EF6314B5
:10EFEC00090289E745FE8147814449A8E30806EEFA
:10EFFC00B386C74013955600B307F640E34105FAB4
:10F00C00FDD2B687E1BDE39807EEE30706EEB287C3
:10F01C00AE8431BD3384C74013175400635E0702BE
:10F02C003304F640AE842285EF00B04E1307B5FFD3
:10F03C003314E4006346270333072741050793067F
:10F04C000002B357E4003387E6403314E400333452
:10F05C008000C18F014759B579F48147014769B7E1
:10F06C00B70700FCFD173307E940E18F85BD4A87E0
:10F07C00B5B5B2876DBB1307F00F81479396570058
:10F08C0063DB060005079306F00F630FD702B70684
:10F09C0000FCFD16F58F9306F00F8D836316D700D9
:10F0AC0081C7B70740008144B24022443705807FB6
:10F0BC005E07A607698FA5831395F401D98F924437
:10F0CC0002495D8D410182808147F1B7011126CA49
:10F0DC00935475014AC84EC652C49319950006CE76
:10F0EC0022CC56C293F4F40F2E8A93D9990013595B
:10F0FC00F501A5C49307F00F638EF4068E09B707CC
:10F10C000004B3E9F900938414F8814A93577A0107
:10F11C0013149A0093F7F70F2580135AFA01ADC711
:10F12C001307F00F638EE7060E0437070004598CA3
:10F13C00938717F8814613962A00558E9D8C7D1661
:10F14C00B9473345490163E6C706B7D700809387B3
:10F15C0087EF0A063E961C428287638409024E851D
:10F16C00EF00303B9307B5FF9304A0F8B399F90077
:10F17C00898C61BF9304F00F894AE38909F88D4AA1
:10F18C0071B78144854A59B715C02285EF00703894
:10F19C009307B5FF3314F4009307A0F8898F59BF78
:10F1AC009307F00F894641D88D4671B78147854644
:10F1BC0059B79315540063FB890CFD14814613D485
:10F1CC000501B3D88902C167FD17ED8FC18233F7F2
:10F1DC0089024686338817034207558F637C0701E3
:10F1EC002E971386F8FF6367B700637507011386C4
:10F1FC00E8FF2E973307074133588702337787028E
:10F20C00B386070393170701428763FCD700AE97B9
:10F21C001307F8FF63E7B70063F5D7001307E8FFA0
:10F22C00AE9713140601958F598CB337F0005D8C93
:10F23C001387F4076358E0089377740099C79377A2
:10F24C00F40091466383D70011049317440063D8EC
:10F25C000700B70700F8FD177D8C13870408930788
:10F26C00E00F0D8063C5E7045E07B707807F2604B7
:10F27C007D8F2580598C7E05F240418D6244D244AD
:10F28C004249B249224A924A056182809396F90119
:10F29C0093D919002DB74A854E84D6868D47638243
:10F2AC00F60685476385F6068947E393F6F801442D
:10F2BC001307F00F55BF5285D5B7370440000145F1
:10F2CC008D46E9BF8547998F6D476342F704938458
:10F2DC00E409B357F40033149400333480005D8C8C
:10F2EC009377740099C79377F40011476383E70011
:10F2FC001104931754000D8063DC0700014405478B
:10F30C00A5B7370440001307F00F0145B1BF014406
:10F31C00014799BF370780007D17935675013378E5
:10F32C00A70013D675019357F50193F6F60F130545
:10F33C00F00F6D8F1376F60FFD816395A6000545D2
:10F34C00631408021305F00F6314A600054509EFBA
:10F35C000545639BC6006319E8006386B70089E620
:10F36C003335000182800145828093567501B707C1
:10F37C008000FD1713D7750193F6F60F1308F00FE5
:10F38C0033F6A7001377F70FED8F7D81FD81639521
:10F39C00060139C27955828063130701E5FF9DEEA2
:10F3AC0011E38DCB01CA6314B5006359D7000DC1AD
:10F3BC007D5582807D5591C52E85828063D4E60073
:10F3CC0065D98280E3E5C7FEE36CF6FE01458280D9
:10F3DC000545828065DEE1BFE302D7FC69F7E1DB1E
:10F3EC00D9B793567501B7078000FD1713D7750170
:10F3FC0093F6F60F1308F00F33F6A7001377F70FF9
:10F40C00ED8F7D81FD816395060139C209458280AE
:10F41C0063130701E5FF9DEE11E38DCB01CA631465
:10F42C00B5006359D7000DC17D5582807D5591C5BE
:10F43C002E85828063D4E60065D98280E3E5C7FE21
:10F44C00E36CF6FE014582800545828065DEE1BFF6
:10F45C00E302D7FC69F7E1DBD9B701114AC81359AC
:10F46C00750126CA4EC652C49314950006CE22CC02
:10F47C0056C21379F90F2E8AA5809359F5016306AC
:10F48C0009069307F00F630FF9068E04B707000403
:10F49C00DD8C130919F8814A93577A0113149A00D9
:10F4AC0093F7F70F2580135AFA01B5C71307F00F1E
:10F4BC00638FE7060E0437070004598C938717F8FF
:10F4CC00014793962A00D98ECA97FD16B94533C5C4
:10F4DC0049011386170063E5D506B7D700809387DB
:10F4EC0047F38A06BE969C4282879DC02685EF0014
:10F4FC0050029307B5FF1309A0F8B394F400330935
:10F50C00A94051BF1309F00F894AD9D48D4A69B764
:10F51C000149854A51B715C02285EF00807F9307BA
:10F52C00B5FF3314F4009307A0F8898F51BF9307EC
:10F53C00F00F094759D40D4769B78147054751B7B3
:10F54C0041679308F7FF93D6040193550401B3F474
:10F55C001401337414013308940233848602B38685
:10F56C00B602B385950293540801A295AE9463F349
:10F57C008400BA9633F71401420733781801429786
:10F58C0013146700C180333480006983B694418FB3
:10F59C009A0433E4E4001397440063570706935727
:10F5AC00140005885D8C1307F6076351E00693770A
:10F5BC00740099C79377F40091466383D7001104C4
:10F5CC009317440063D80700B70700F8FD177D8C2C
:10F5DC00130706089307E00F0D8063DDE70601446F
:10F5EC001307F00F85A84E85268456878947E308B4
:10F5FC00F7FE8D47630BF7048547E316F7FA0144D2
:10F60C00014789A85285DDB73E8671BF8547998F22
:10F61C006D47E346F7FE1306E609B357F4003314BF
:10F62C00C400333480005D8C9377740099C7937752
:10F63C00F40011476383E7001104931754000D8005
:10F64C00E3D007FC0144054731A037044000130701
:10F65C00F00F01455E07B707807F26047D8F25805C
:10F66C00598C7E05F240418D6244D2444249B249E4
:10F67C00224A924A05618280B70680004111FD162C
:10F68C001356750193D87501B3F7A60026C2ED8EFB
:10F69C004AC01376F60F9354F50193F8F80F06C68B
:10F6AC0022C41305F00F32898E074687FD818E0622
:10F6BC006393A80099E293C5150033081641639231
:10F6CC009512635D000763920804638E06267D180D
:10F6DC0063160802B69732879396570063DD060CC3
:10F6EC0005079306F00F6306D726B706007E13F6C0
:10F6FC001700FD168583F58FD18F75A81307F00FB2
:10F70C00631CE6001307F00F7DA01307F00FE30B4B
:10F71C00E6FE37070004D98EED45054763CE05019B
:10F72C0013070002B3D5060133080741B39606014F
:10F73C00B336D00033E7D500BA9771BF630A08041B
:10F74C00B385C84009EE63820720FD1599E1B69791
:10F75C0061B71306F00F639BC800B68765B7130635
:10F76C00F00FE38CC8FE37060004D18F6D450546BB
:10F77C00634DB500130600020D8E33D5B700B39759
:10F78C00C700B337F0003366F500B307D600A9B74E
:10F79C009305160013F7E50F0DEF0DEA6387071AB3
:10F7AC0099CAB6979396570063D70600370700FCA3
:10F7BC007D17F98F054793F67700638D061893F63E
:10F7CC00F70011466388C618910769A2D9D79DDA4C
:10F7DC0009AA1307F00F638CE516B69785832E875D
:10F7EC00D9BF63570007639B08043287E9D67D189D
:10F7FC00631D0800958F93965700E3DE06FA3704D5
:10F80C0000047D147D8C3A89E5A89305F00F13074D
:10F81C00F00FE302B6FAED45054763CE0501130779
:10F82C000002B3D5060133080741B3960601B3367F
:10F83C00D00033E7D500998F328775BF9305F00F51
:10F84C001307F00FE309B6F637070004D98EE1B7BA
:10F85C00630C08043385C84019EEB9CF7D1509E552
:10F86C00B387F640AE8441BF1306F00F639CC8000B
:10F87C00B687AE8441BD1306F00FE38BC8FE370686
:10F88C000004D18F6D480546634DA8001306000295
:10F89C00098E33D8A700B397C700B337F00033668F
:10F8AC00F800B387C6407DBF130716001377E70F28
:10F8BC001DEF0DE681E785C2B68719A8E38D06EE2C
:10F8CC003386D7401315560063560500B387F640B0
:10F8DC00AE84D5B571E681478144ADA8E39907EEB6
:10F8EC00C1FA8144B70700021307F00FA5A03384B7
:10F8FC00D74013175400635D07023384F640AE847F
:10F90C00228501291307B5FF3314E400634627034E
:10F91C0033072741050793060002B357E4003387EA
:10F92C00E6403314E40033348000C18F014761B5E5
:10F93C0061F8814701474DB7B70700FCFD17330746
:10F94C00E940E18F8DBD3287BDB5B687ADB51307E4
:10F95C00F00F81479396570063DB0600050793066B
:10F96C00F00F6301D704B70600FCFD16F58F930664
:10F97C00F00F8D836316D70081C7B7074000814411
:10F98C00B24022443705807F5E07A607698FA583A6
:10F99C001395F401D98F924402495D8D4101828007
:10F9AC00B28711BD8147E1B7370680001357750147
:10F9BC009307F6FF1377F70F9305E007E98F93563C
:10F9CC00F50163F1E5049305D00963F8E50037050B
:10F9DC0000801345F5FF3695828033E5C700930709
:10F9EC00500963DAE7001307A7F63315E50081CE5B
:10F9FC003305A0408280930760093387E740335575
:10FA0C00E500F5B701458280411106C622C426C225
:10FA1C0055C59357F54133C4A7001D8C9354F5017C
:10FA2C002285C52C9307E0092A873385A7409307C5
:10FA3C00600963C4A702A14763D5E70061173314BB
:10FA4C00E40026045E052580498C1395F401B24030
:10FA5C00418D22449244410182809307900963DDD9
:10FA6C00A7009547998F9306B701B357F400331449
:10FA7C00D400333480005D8C954763D6E700930740
:10FA8C00B7FF3314F400B70700FCFD17937674002E
:10FA9C00E18F91C63D8891466303D40091079396FC
:10FAAC00570063DA0600B70600FCFD161304F009D4
:10FABC00F58F3305E44013D4370061B7814401441A
:10FACC0049B7411122C406C62A84814719CD912415
:10FADC009307E009898F130760096341F7022147F7
:10FAEC006355A70061153314A400260425801395D3
:10FAFC007701B240418D2244410182801307900965
:10FB0C00635DF7001307B50195463317E400898E42
:10FB1C003337E0003354D400598C15476356A70093
:10FB2C001307B5FF3314E400370700FC7D179376F9
:10FB3C007400618F91C63D8891466303D400110710
:10FB4C009316570063D90600B70700FCFD177D8F8D
:10FB5C009307F009898F1354370041BF93577501F0
:10FB6C00411193F7F70F22C426C213149500935436
:10FB7C00F5011385170006C61375E50F25800DC515
:10FB8C0013850738935734007604B2075205B183B6
:10FB9C00C98F1395F401B24033E7A70022852244A4
:10FBAC009244BA854101828095EB65D022859522DD
:10FBBC00A94763CFA700AD47898F13075501B357EA
:10FBCC00F4003314E400130790383305A74075BFD5
:10FBDC00930755FFB317F4000144F5B7814719C4D7
:10FBEC0093573400370708007604D98F1305F07F3C
:10FBFC0069BF1396C50013D845019357D5011378E7
:10FC0C00F87F25825D8E9307180093F7E77FFD81BF
:10FC1C0013173500D1C3930608C89307E00F63CBC5
:10FC2C00D7086342D006A55763CAF60CB707800005
:10FC3C0079455D8E158DFD4763C3A702130828C84F
:10FC4C00B3170701B337F000331606013355A7007D
:10FC5C00D18FC98F814613F7770025C355A0F9576B
:10FC6C00B386D74093070002B356D600814863068B
:10FC7C00F500130828CAB3180601B3E7E800B33738
:10FC8C00F000D58FC1BF1A053335A0000E0693576F
:10FC9C00D701498ED18FC1B7B367E6006315080051
:10FCAC00B337F00045BF9306F00F81CB0E06B707B4
:10FCBC000002CDB781479306F00F13975700635B93
:10FCCC00070085061307F00F6383E604370700FC73
:10FCDC007D17F98F1307F00F8D836396E60081C7AC
:10FCEC00B707400081453705807FDE06A607E98E01
:10FCFC00A583D58F1395F5015D8D8280854781464F
:10FD0C0013F7F7001146E30AC7FA91077DB781474D
:10FD1C00D1B7C1676376F5029307F00FB3B7A700AD
:10FD2C008E0737D70080930600029D8E3355F50061
:10FD3C00930707F73E95034505003385A64082805F
:10FD4C0037070001C147E36EE5FCE147D9BF03A5C6
:10FD5C00419D82803D432A876373C3029377F700EA
:10FD6C00BDEFADE5937606FF3D8ABA960CC34CC346
:10FD7C000CC74CC74107E36BD7FE11E28280B30678
:10FD8C00C3408A069702000096966780A600230758
:10FD9C00B700A306B7002306B700A305B7002305D9
:10FDAC00B700A304B7002304B700A303B7002303D1
:10FDBC00B700A302B7002302B700A301B7002301C9
:10FDCC00B700A300B7002300B700828093F5F50FAE
:10FDDC0093968500D58D93960501D58D61B7939635
:10FDEC0027009702000096968682E78086FA968016
:10FDFC00C1171D8F3E96E374C3F8A5B7B367B50062
:10FE0C008D8BB1EF9841B7867F7F9386F6F7B377EA
:10FE1C00D700B697D98FD58F7D56639BC7042A869A
:10FE2C007D5818C2D84191051106B377D700B69703
:10FE3C00D98FD58FE38707FF83C7050003C715004C
:10FE4C0083C625002300F60099C7A300E60001C76E
:10FE5C002301D60091E28280A30106008280AA874A
:10FE6C0003C7050085078505A38FE7FE75FB828018
:10FE7C002A86D9B7130101BB232481442322914440
:10FE8C00232E31432324814323261144232021454F
:10FE9C00232C4143232A51432328614323267143B6
:10FEAC00232291432320A143232EB1418547B689B8
:10FEBC002A842E8CB28463F0D72E0146854D85465C
:10FECC00FD5C09A8B38D97413E868546B307D600E5
:10FEDC0063F73703338794013697B385F40083C5F2
:10FEEC00050003470700E3EFE5FC6386E514B28CDD
:10FEFC0085460506B307D600854DE3ED37FD8145F4
:10FF0C00054805467D55054709A83308A740BA851D
:10FF1C0005463387C50063773703B387C400B386C0
:10FF2C00E400AA9783C6060083C70700E3EFD7FC5B
:10FF3C006387F6102E85054685053387C500054871
:10FF4C00E36D37FD0505850C63649501C28DAA8CA4
:10FF5C001C081307014123A037019107E31DF7FE8D
:10FF6C001389F9FFB3859900268733862401638FA3
:10FF7C0009008347070013050141B306E6408A07D1
:10FF8C00AA97050723A0D7C0E395E5FE6686B3853F
:10FF9C00B4012685652663150512856B054A938782
:10FFAC00FCFF938B0B80014B014D330A9A413EC6EB
:10FFBC00B38AB941B3EB7901B305A401B387250129
:10FFCC0083C70700130701418A07BA9783A707C0A5
:10FFDC00BDCB63050B0063F3B701D6873E9D014B88
:10FFEC00B3073C41E3FAA7FD33058401DE85CD2937
:04FFFC002A9CB30781
:02000004800179
:100000003C41E3F1A7FD01458320C1440324814421
:1000100083244144032901448329C143032A8143A2
:10002000832A4143032B0143832BC142032C81428A
:10003000832C4142032D0142832DC141130101450F
:100040008280638BDD14850641BD630406150506B9
:10005000F9B5668763F36C015A8763702703B307AA
:10006000A7013388E400A2978346080083C70700EE
:100070006393F6040507E36427FF324766886366E7
:100080009B011DA0630D67032A87B307A701B386F1
:10009000E400A29783C6060083C707001308170071
:1000A0001305F7FFE380F6FE13061B00636EC8001E
:1000B0006E9D568B25BF529D3A9D014B05BF5A88B8
:1000C00013061B00E376C8FE2E853DBFB38A994117
:1000D00063EF9A0B056B054A130B0B80850A814B66
:1000E000330A9A417D5D33EB690133067401B3072E
:1000F000260183C70700130701418A07BA9783A720
:1001000007C085CFBE9BB3073C41E3F077FF3305C3
:100110008401DA85E12E2A9CB3073C41E3E577EFC1
:1001200033067401B307260183C707001307014193
:100130008A07BA9783A707C0F1F7668763E62C01A1
:1001400015A0050763702703B30777013388E40020
:10015000A2978346080083C70700E384F6FED29B7C
:10016000BA9B55B79387FCFF6395A7010DA86388D9
:10017000A70333877701B386F400229783C606006E
:1001800003470700FD17E384E6FED69BADBFE68A72
:1001900091B7B295054661B36E96854635BB3285FB
:1001A000A5B5854D814C5DBB1D71A2CCA6CA86CE7E
:1001B000CAC8CEC6D2C4D6C2AE8483C505002A84BE
:1001C000DDCD83C614006381061203C7240071C30A
:1001D00003C63400630D061083C74400E9CF2685AB
:1001E0006D242A899365052022850926636C250FD5
:1001F0009307E00F63E32715B309254113060004B5
:10020000930519000A85A299EFF09FB563050902CD
:100210001376F90F2687B3059900269683470700C2
:100220008800B306E64093F7F703AA9705072380F3
:10023000D7FCE395E5FE856A938A0A807D14B307AF
:10024000240183C70700980093F7F703BA9703C503
:1002500007FC2A9463F68900D1A0529463E0890CCC
:10026000B307240183C707009800228593F7F7039B
:10027000BA974A86A68503CA07FCF92079FDF6409D
:1002800022856644D6444649B649264A964A25619F
:100290008280C20503470500D58D814711A03684B1
:1002A000C207D98F21C30347140093061400E398B3
:1002B000F5FE7D14E9B793970601E2058346050034
:1002C000CD8FD18F2207D98F91CE014719A063839B
:1002D000E706228522070504558F83460400E5FAC8
:1002E000638AE704014461BF4D282A8449BF93977C
:1002F0008501939506012207CD8FD98F834605008E
:10030000014711A03284558F2207E9DE834614008D
:1003100013061400E398E7FE791495B73385290195
:1003200083470500E1D3D685D122AA99E3F889F065
:100330000144B1B71304D5FF99B7AA85CA862285AF
:1003400026863D3E2A8425BF8D4763F0C702B367EA
:10035000B5008D8B8D469DEF18419C41631CF702C3
:10036000711611059105E3E9C6FE9306F6FF0DC26D
:100370008506AE9619A0638DD5008347050003C797
:10038000050005058505E388E7FE3385E7408280A3
:10039000014582809306F6FFE1BF93F6F50F937750
:1003A0003500D1CA91CB83470500C1C76384D70804
:1003B000050593773500E5FB93F5F50F93978500D9
:1003C000DD8D1841139305013363B3003708FFFE39
:1003D0003346E3001308F8EFB3070601B30507013E
:1003E0001346F6FF1347F7FFF18F6D8FB7888080B4
:1003F000D98F93880808B3F717019DE35841110579
:1004000033466700B3070701B30506011347F7FF3B
:100410001346F6FFF98F6D8ED18FB3F71701F9DF11
:100420008347050099C76381F606834715000505D4
:10043000FDFB0145828081CB83470500E5DF050593
:1004400093773500F5FB18413706FFFE1306F6EFEC
:10045000B307C700B78680801347F7FFF98F9386ED
:100460000608F58F91EB58411105B307C7001347F4
:10047000F7FFF98FF58FE5DB83470500C5DF83477D
:1004800015000505EDFF82808280937735002A876D
:1004900095EFB7867F7F9386F6F7FD5510431107DA
:1004A000B377D600B697D18FD58FE389B7FE834651
:1004B000C7FF0346D7FF8347E7FF098F8DC60DC2ED
:1004C0003335F0003A9579158280E1D683470700ED
:1004D000050793763700F5FB098F1305F7FF828038
:1004E0001305D7FF82801305C7FF82802A86B306D3
:1004F000B6002E85B28789E511A885076387F600C7
:1005000003C707007DFB3385C740828082800000DF
:100510000A657874726163745F69655F636F6465AF
:1005200020656E74657265640A0000006578636515
:100530007074696F6E20636F6465203D2025780AB2
:1005400000000000657874726163745F69655F63C1
:100550006F6465206578697465640A000A6465667D
:1005600061756C745F68616E646C657220656E7431
:10057000657265640A0000000A68616E646C655FFC
:100580007472617020656E74657265640A000000A3
:100590000A547261703A206D6361757365203D2065
:1005A00025782C20657063203D2025780A00000006
:1005B00073697A656F662875696E74707472292024
:1005C000203D202564200A00536F75726365206FFB
:1005D0006620547261703A20496E7465727275704B
:1005E000740A0000536F75726365206F6620547241
:1005F00061703A20536F6674776172650A0000007B
:1006000068616E646C655F7472617020657869748E
:1006100065640A000A2070616E6963200A000000A8
:10062000286E756C6C2900009A4FFFFFDC4FFFFFAE
:100630006C52FFFF9650FFFF6C52FFFF6C52FFFFA2
:100640006C52FFFF6C52FFFF6C52FFFF884FFFFFA1
:100650006C52FFFF6C52FFFF7E51FFFF6C52FFFF99
:100660006C52FFFF6C52FFFFAE4FFFFF6C52FFFF5B
:100670000A51FFFF6C52FFFF6C52FFFFF251FFFF68
:10068000747261705F696E697420656E74657265FD
:1006900064200A2000000000747261705F696E6956
:1006A0007420657869746564200A2000696E697435
:1006B00020656E7465726564200A2000696E697435
:1006C000206578697465640A00000000000000007D
:1006D00061646472203D2025782064617461203D4E
:1006E0002025780A0000000048AFBC9AF2D77A3E75
:1006F0000A636F6E6669677572655F636F756E74A6
:10070000657220656E74657265640A006D74696D4A
:1007100065636D702076616C7565203D2025640AE7
:10072000000000006D74696D652076616C75652050
:100730003D2025640A0000000A636F6E66696775D4
:1007400072655F636F756E74657220657869746534
:10075000640A00000A6D6163685F636C696E745FB0
:1007600068616E646C657220656E74657265640A9A
:10077000000000006D74696D65636D702076616CBA
:100780007565203D2025780A000000006D74696DB4
:10079000652076616C7565203D2025780A00000093
:1007A0006D6163685F636C696E745F68616E646CD1
:1007B0006572206578697465640A00000A696E7460
:1007C0006572727570745F636F6D706C65746520AF
:1007D000656E74657265640A00000000696E746578
:1007E00072727570742069642025642C20737461A2
:1007F0007465206368616E67656420746F2025648A
:100800000A000000696E7465727275707420696404
:10081000203D202578200A20726573657420746F4E
:100820002064656661756C742076616C75657320F3
:100830007374617465203D20257820090920200A01
:10084000207072696F72697479203D2025780A20C2
:10085000636F756E74203D2025780A00696E74659B
:1008600072727570745F636F6D706C65746520650E
:1008700078697465640A00000A696E74657272753D
:1008800070745F636C61696D5F72657175657374B7
:1008900020656E74657265640A000000696E746597
:1008A0007272757074206964205B25785D20636CBA
:1008B00061696D6564202061742061646472657390
:1008C000732025780A000000696E74657272757075
:1008D000745F636C61696D5F7265717565737420B7
:1008E0006578697465640A000A6D6163685F706C9D
:1008F00069635F68616E646C657220656E746572B1
:1009000065640A00696E746572727570742069643A
:1009100020636C61696D6564203D2025780A0000C4
:10092000466174616C206572726F722C20696E74FE
:10093000657272757074206964205B25785D206330
:100940006C61696D65642069732077726F6E670AE8
:1009500000000000696E74657272757074206964BD
:1009600020256420636F6D706C657465200A00003B
:100970000A6D6163685F706C69635F68616E646C67
:100980006572206578697465640A00000A6973728B
:100990005F64656661756C7420656E74657265640C
:1009A0000A000000696E74657272757074205B25B0
:1009B000645D2073657276696365640A00000000F7
:1009C0000A6973725F64656661756C742065786925
:1009D0007465640A000000000A696E7465727275BD
:1009E00070745F656E61626C6520656E74657265BA
:1009F00064200A00696E746572727570745F696450
:100A0000203D2025780A0000504C494320424153A4
:100A1000452041444452455353203D2025782C2005
:100A2000504C494320454E41424C45204F46465389
:100A30004554203D2025780A00000000696E746549
:100A400072727570745F656E61626C655F6164641B
:100A500072203D2025782063757272656E745F7612
:100A6000616C7565203D202578200A0076616C75E3
:100A70006520726561643A206E65775F76616C759A
:100A800065203D2025780A000A696E7465727275CA
:100A900070745F656E61626C652065786974656409
:100AA000200A00000A696E746572727570745F6462
:100AB000697361626C6520656E7465726564200A95
:100AC00000000000504C494320424153452041441E
:100AD0004452455353203D2025782C20504C494307
:100AE00020454E41424C45204F4646534554203DFB
:100AF00020257820696E746572727570745F696400
:100B0000203D2025780A0000696E74657272757048
:100B1000745F64697361626C655F61646472203DD7
:100B20002025782063757272656E745F76616C75CE
:100B300065203D202578200A00000000696E74655C
:100B400072727570745F64697361626C6520657838
:100B5000697465640A0000000A73657420696E7424
:100B60006572727570745F7468726573686F6C64B7
:100B700020656E74657265640A000000706C6963BC
:100B8000207468726573686F6C6420736574207478
:100B90006F2025640A00000073657420696E746517
:100BA00072727570745F7468726573686F6C6420BC
:100BB0006578697465640A000A2073657420696E3B
:100BC00074657272757074207072696F726974796D
:100BD00020656E74657265642025780A0000000047
:100BE000696E746572727570745F7072696F726924
:100BF00074795F61646472657373203D2025780A9F
:100C00000000000063757272656E74206461746127
:100C100020617420696E746572727570745F707291
:100C2000696F726974795F61646472657373203D82
:100C30002025780A00000000206E6577206461742A
:100C40006120617420696E746572727570745F7072
:100C500072696F726974795F61646472657373201D
:100C60003D2025780A00000073657420696E746564
:100C70007272757074207072696F72697479206510
:100C800078697465640A00000A636F6E6669677547
:100C9000726520696E746572727570742070696E09
:100CA00020656E74657265640A0000004750494F04
:100CB00020444952454354494F4E205245474953D9
:100CC0005445522056414C5545203D2025780A0078
:100CD00044617461207772697474656E20746F204A
:100CE0004750494F20444952454354494F4E2043B1
:100CF00054524C20524547203D2025780A000000E0
:100D0000636F6E66696775726520696E746572726D
:100D10007570742070696E206578697465640A0066
:100D20000A706C69635F696E697420656E746572C0
:100D300065640A0041737369676E6564206D616361
:100D4000685F706C69635F68616E646C6572207463
:100D50006F2074726170206964203A2025640A0053
:100D60000A2A2A2A2A2A2A2A2A2A2A2A2A2A2A2A03
:100D70002A2A2A2A2A2A2A2A2A2A2A2A2A2A2A2AD3
:100D80002A2A2A2A2A2A2A2A2A2A2A2A2A2A2A2AC3
:100D90002A0000000A696E746572727570742069A9
:100DA00064203D202578200A726573657420746F75
:100DB0002064656661756C742076616C756573205E
:100DC0007374617465203D2025782009090920206D
:100DD0000A7072696F72697479203D2025780A6300
:100DE0006F756E74203D2025780A2009090920209E
:100DF0000A2A2A2A2A2A2A2A2A2A2A2A2A2A2A2A73
:100E00002A2A2A2A2A2A2A2A2A2A2A2A2A2A2A2A42
:100E10002A2A2A2A2A2A2A2A2A2A2A2A2A2A2A2A32
:100E20002A2A0000706C69635F696E6974206578B6
:100E300069746564200A00000A636F6E66696775ED
:100E400072655F696E7465727275707420656E7418
:100E500065726564200A0000636F6E66696775726B
:100E6000655F696E746572727570742065786974F7
:100E70006564200A000000000A506572696F6420F2
:100E800052656769737465722056616C7565206878
:100E90006967686572207468616E206D617820767C
:100EA000616C756520282578290000000A205065AE
:100EB00072696F64205265676973746572206F662A
:100EC000206D6F64756C65206E756D62657220258E
:100ED000642073657420746F202578000A4475744B
:100EE000792052656769737465722056616C756507
:100EF00020686967686572207468616E206D61782A
:100F00002076616C75652028257829000A204475B3
:100F10007479205265676973746572206F66206DFD
:100F20006F64756C65206E756D6265722025642036
:100F300073657420746F2025780000000A436F6E7B
:100F400074726F6C205265676973746572205661A4
:100F50006C756520686967686572207468616E20C9
:100F60006D61782076616C756520282578290000F0
:100F70000A20436F6E74726F6C20526567697374D8
:100F80006572206F66206D6F64756C65206E756D7F
:100F90006265722025642073657420746F20257843
:100FA000000000000A2052756E6E696E6720696E3F
:100FB00020636F6E74696E756F7573206D6F6465F5
:100FC00028312F30293A2025640000000A436C6F35
:100FD000636B2052656769737465722056616C7526
:100FE0006520686967686572207468616E206D614C
:100FF000782076616C75652028257829000000002E
:101000000A20416C6C207265676973746572732085
:101010006F66206D6F64756C65206E756D626572AC
:1010200020256420636C6561726564000A20416C50
:101030006C2052656769737465722076616C7565A2
:1010400073206F6620616C6C206D6F64756C6573C6
:1010500020636C6561726564000000000A204375BE
:101060007272656E74204D6F64756C6520697320B3
:1010700073657420746F2050574D206D6F64650048
:101080000A2043757272656E74204D6F64756C65CD
:101090002069732073657420746F2074696D6572A4
:1010A000206F6E6365206F6E6C79206D6F646500D4
:1010B0000A2043757272656E74204D6F64756C659D
:1010C0002069732073657420746F2074696D657274
:1010D00020636F6E74696E756F7573206D6F6465D4
:1010E000000000000A2050574D206D6F64756C653C
:1010F000206E756D626572202564206861732062C0
:1011000065656E20656E7465726564000A205057CF
:101110004D206D6F64756C65206E756D6265722013
:101120002564206E6F7420656E74657265640000BE
:101130000A204572726F7220696E2073657474693B
:101140006E6720636C6F636B20726567697374658B
:10115000720000000A204572726F7220696E20735F
:10116000657474696E672064757479207265676947
:1011700073746572000000000A204572726F72205D
:10118000696E2073657474696E6720706572696F2B
:101190006420726567697374657200000A50574D68
:1011A0002025642073756363657366756C6C7920A4
:1011B000636F6E6669677572656400000A20505738
:1011C0004D206D6F64756C65206E756D6265722063
:1011D000256420686173206265656E2073746F708A
:1011E000706564000A5468652076616C7565206FCF
:1011F0006620706572696F642072656769737465D3
:1012000072206973202578000A5468652076616C25
:101210007565206F662064757479207265676973DF
:101220007465722069732025780000000A5468658F
:101230002076616C7565206F6620636F6E74726FC7
:101240006C207265676973746572206973202578F4
:10125000000000000A5468652076616C7565206F97
:101260006620636C6F636B20726567697374657267
:10127000206973202578000041737369676E656487
:1012800020637573746F6D5F636C696E745F686102
:101290006E646C657220746F207472617020696472
:1012A000203A2025640A0000436865636B696E6715
:1012B0002069662072733438352074696D65646FF7
:1012C00075743F0A0000000054696D656F757420E5
:1012D00066726F6D2072656164696E672066756EF7
:1012E0006374696F6E0A00005253343835206170A0
:1012F000706C69636174696F6E206D6F64756C6585
:1013000020696E69740A00002D2D2D2D2D4D6574F8
:1013100065722049642025643A494E4954202620AC
:101320004F46462D2D2D2D2D0A0000002D2D2D2D43
:101330002D2D2D2D2D4D6574657220496420256459
:101340003A52454C4159204F4E2D2D2D2D2D2D2DEE
:101350002D2D0A002D2D2D2D2D2D2D2D2D4D65746E
:1013600065722049642025643A52454C4159204F0A
:1013700046462D2D2D2D2D2D2D2D2D0A0000000042
:101380002D2D2D2D2D2D2D2D4D657465722049642B
:101390002025643A52454C4159204572726F722D96
:1013A0002D2D2D2D2D2D0A004953522063616C6C7B
:1013B00065640A002D2D2D2D52656164696E6720CC
:1013C0004D657465722049643A2564202D2D2D2DBC
:1013D0000A0000002573203D20000000256C6620D7
:1013E0000A000000256C660A000000004E616D6571
:1013F000206F6620706172616D65746572206E6F1A
:101400007420666F756E64200A000000B679FFFFD5
:10141000F480FFFF107AFFFFF480FFFF6A7AFFFF7E
:10142000F480FFFFC47AFFFFF480FFFF1C7BFFFF07
:10143000F480FFFF747BFFFFF480FFFFCC7BFFFF96
:10144000F480FFFF247CFFFFF480FFFF7C7CFFFF24
:10145000F480FFFFF480FFFFF480FFFFF480FFFFC4
:10146000F480FFFFF480FFFFF480FFFFD47CFFFFD8
:10147000F480FFFF2C7DFFFFF480FFFF847DFFFFE2
:10148000F480FFFF347EFFFFF480FFFF8C7EFFFFC0
:10149000F480FFFFE47EFFFFF480FFFFF480FFFF96
:1014A000F480FFFFF480FFFFF480FFFFF480FFFF74
:1014B000F480FFFFF480FFFFF480FFFFF480FFFF64
:1014C000F480FFFFF480FFFFF480FFFFF480FFFF54
:1014D000F480FFFFF480FFFFF480FFFFF480FFFF44
:1014E000F480FFFFF480FFFFF480FFFFF480FFFF34
:1014F000F480FFFFF480FFFFF480FFFFF480FFFF24
:10150000F480FFFFF480FFFFF480FFFFF480FFFF13
:10151000F480FFFFF480FFFFF480FFFFF480FFFF03
:10152000F480FFFFDC7DFFFFF480FFFF3C7FFFFFC7
:10153000F480FFFF947FFFFF436865636B206D6F4E
:1015400064756C652070726573656E740A000000C6
:1015500041542B5253540000415400004154453033
:101560000000000041542B474D5200004F4B00003B
:10157000726561642066726F6D20657370383236F3
:10158000362025730A0000004552524F52000000D9
:1015900072656164206578656375746564200A000E
:1015A000436F6E6E656374696E672E202020202065
:1015B0000000000052455345540A00004543484F7F
:1015C000204F46460A000000436F6E6E65637469E3
:1015D0006E672E2E202020200000000041542B5347
:1015E0004C4545503D300000534C454550204D4F33
:1015F00044452044495341424C45440A0000000000
:1016000041542B43574155544F434F4E4E3D3100AB
:101610004155544F20434F4E4E45435420454E4173
:10162000424C45440A000000436F6E6E6563746966
:101630006E672E2E2E2020200000000041542B43E8
:1016400049504D55583D30004D55580A0000000096
:1016500041542B43495053544152543D225443501A
:10166000222C223139322E3136382E342E31222C92
:101670003830000025730000434F4E4E000000003C
:10168000414C524541445900436F6E6E6563746529
:101690006421202020202020000000002020202085
:1016A00020202020202020202020202000000000BA
:1016B0002B4950442C300000446174612066726FE5
:1016C0006D20636C69656E7420303A2025730A00C2
:1016D0002B4950442C310000446174612066726FC4
:1016E0006D20636C69656E7420313A2025730A00A1
:1016F000556E6B6E6F776E206461746120736F75C9
:101700007263653A2025730A0000000041542B43A0
:101710004D47463D3100000041542B434D47444165
:101720003D44454C20414C4C0000000041542B43AB
:101730005245473D31000000436F6E6E656374692A
:101740006E672E2E2E20202020000000554152547E
:10175000312049535220696E69740A000A5541527A
:1017600054322049535220696E69740A0000000007
:1017700041542B43495053454E443D313000000005
:1017800041542B434D47533D22303937363431399C
:1017900036383638220000004953522064617461A3
:1017A00020636F6E7461696E7320434D440A0000BC
:1017B000524541444D303120414C4C205041524122
:1017C0000A00000052656164696E67204D31202077
:1017D00020202020000000000A46696E616C20462F
:1017E00072616D653D25730A000000004D4554454A
:1017F000522030312052454C4159204F464620431B
:101800004153450A000000005475726E204F666611
:10181000204D3120747269670A00000044697363C7
:101820006F6E6E656374204D312020200000000033
:101830004D455445522030312052454C4159204F9E
:101840004E20434153450A005475726E204F6E205E
:101850004D3120747269670A00000000436F6E6E9C
:10186000656374204D3120202020202000000000DE
:10187000524541444D303220414C4C205041524160
:101880000A00000052656164696E67204D322020B5
:1018900020202020000000004D45544552203032C9
:1018A0002052454C4159204F464620434153450A5A
:1018B000000000005475726E204F6666204D322085
:1018C000747269670A000000446973636F6E6E6525
:1018D0006374204D32202020000000004D45544507
:1018E000522030322052454C4159204F4E20434126
:1018F00053450A005475726E204F6E204D3220748D
:101900007269670A00000000436F6E6E65637420A1
:101910004D3220202020202000000000524541446C
:101920004D303320414C4C20504152410A000000C0
:101930004D455445522030332052454C4159204F9B
:10194000464620434153450A000000005475726E1C
:10195000204F6666204D3320747269670A000000CC
:101960004D455445522030332052454C4159204F6B
:101970004E20434153450A005475726E204F6E202D
:101980004D3320747269670A0000000052454144DB
:101990004D303420414C4C20504152410A0000004F
:1019A0004D455445522030342052454C4159204F2A
:1019B000464620434153450A000000005475726EAC
:1019C000204F6666204D3420747269670A0000005B
:1019D0004D455445522030342052454C4159204FFA
:1019E0004E20434153450A005475726E204F6E20BD
:1019F0004D3420747269670A0000000041542B4383
:101A0000495053454E443D313534000044617461C2
:101A10002073656E7421202020202020000000000B
:101A20003031000054696D656F7574206572726F96
:101A30007221202000000000202000002020202013
:101A4000414E5348554D414E2020202000000000BB
:101A50004553542D5368616B746920746573742009
:101A6000000000006D6F646520696E6974696174BF
:101A7000656421200000000020507265737320739C
:101A80007769746368657320000000002053342078
:101A900020533320205332202053312000000000F7
:101AA000533120707265737365640A002020202012
:101AB0002020202020202020204F4B20000000004C
:101AC000533220707265737365640A0020202020F1
:101AD00020202020204F4B2020202020000000002C
:101AE000533320707265737365640A0020202020D0
:101AF000204F4B202020202020202020000000000C
:101B0000533420707265737365640A00204F4B2054
:101B10002020202020202020202020200000000045
:101B20000A3D3D3D3D3D3D4461746120434F4C4C79
:101B30004543544F523D3D3D3D3D3D0A00000000B0
:101B4000576169742E2E2E20202020202020202056
:101B5000000000004D6574657220746573740000A8
:101B6000696E697469617465642100000A0A0A0A71
:101B70003D3D3D3E20456E65726779206D6574651B
:101B8000722074657374206D6F64652073656C6575
:101B90006374210A0000000054657374696E672045
:101BA0006D6574657220666F722049443A30312049
:101BB0006F6E6C79210A0A0A000000005465737484
:101BC000204D6574657220312F4F4E00574154549B
:101BD0003D00000054657374204D657465722031BA
:101BE0002F4F46460000000020202020204D657425
:101BF0006572203100000000204D4F4442555320B3
:101C00004641494C454421000A0A0A546573742030
:101C1000656E646564206F66206D657465722077FB
:101C20006974682049443A30310A0000526573757E
:101C30006C743A204641494C4544210A000000009A
:101C4000526573756C743A20504153534544210AD0
:101C50000000000054657374204D65746572203275
:101C60002F4F4E0054657374204D65746572203299
:101C70002F4F46460000000020202020204D657494
:101C800065722032000000000A0A0A54657374204D
:101C9000656E646564206F66206D6574657220777B
:101CA0006974682049443A30320A0000202050729A
:101CB0006573732F52656C656173650053343D57CE
:101CC0006966692F47534D0020202044432D422050
:101CD0002847534D292020200000000047534D2065
:101CE0006D6F64652073656C65637465640A0000DC
:101CF00020202044432D412028576946692920206F
:101D00000000000057694669206D6F6465207365A7
:101D10006C65637465640A000A4461746120636FD2
:101D20006C6C6563746F72207265616479210A005E
:101D30002D2D2D2D2D2D2D2D44432D41202857693E
:101D40004669292D2D2D2D2D2D2D2D0A0000000049
:101D500055415254320A000024434D440000000013
:101D60005333207072657373656420726573657494
:101D7000696E67206C6364200A00000041542B43A5
:101D8000495053454E443D3600000000202020209D
:101D9000000000002D2D2D2D2D2D2D2D44432D42E5
:101DA000202847534D292D2D2D2D2D2D2D2D0A0069
:101DB0002B434D54493A000041542B434D474C00AE
:101DC000436F6D6D616E642D3E00000025730A0047
:101DD0002452535000000000526573706F6E73659B
:101DE0002D3E00002B435245473A203000000000B2
:101DF0002B435245473A203100000000436F6E6E7E
:101E000065637465642020202020202000000000ED
:101E10002B435245473A2032000000002B435245E5
:101E2000473A20330000000000002041000080FFFE
:101E30000000807F0000C07F000000800000004B99
:101E4000000080000000803F000000000000004013
:101E50000000004000000043000010420000AA42C1
:101E6000000000000000304300000000000030C30C
:101E70006A9000801E910080749000801E91008006
:101E8000109100801E910080749000806A90008004
:101E90006A900080109100807490008050900080C3
:101EA0005090008050900080789000806A9600806A
:101EB0006A96008082960080649600806496008016
:101EC00010970080829600806496008010970080B2
:101ED0006496008082960080629600806296008000
:101EE0006296008010970080CAA200802AA300801A
:101EF000D2A200802AA300801EA300802AA3008013
:101F0000D2A20080CAA20080CAA200801EA30080C4
:101F1000D2A20080B2A20080B2A20080B2A2008051
:101F2000D6A2008008A6008008A6008020A6008017
:101F300004A6008004A6008066A6008020A600807B
:101F400004A6008066A6008004A6008020A600806B
:101F500002A6008002A6008002A6008066A600807D
:101F60000001020203030303040404040404040440
:101F70000505050505050505050505050505050511
:101F800006060606060606060606060606060606F1
:101F900006060606060606060606060606060606E1
:101FA00007070707070707070707070707070707C1
:101FB00007070707070707070707070707070707B1
:101FC00007070707070707070707070707070707A1
:101FD0000707070707070707070707070707070791
:101FE0000808080808080808080808080808080871
:101FF0000808080808080808080808080808080861
:102000000808080808080808080808080808080850
:102010000808080808080808080808080808080840
:102020000808080808080808080808080808080830
:102030000808080808080808080808080808080820
:102040000808080808080808080808080808080810
:102050000808080808080808080808080808080800
:10206000000000001000000000000000037A520091
:10207000017C01011B0D020010000000180000008F
:10208000B2AEFFFF66030000000000001000000079
:102090002C00000004B2FFFF540300000000000009
:1020A000000000000000F03F000000000000F0FF12
:1020B000000000000000F07F0000004003B8E23F95
:1020C00006D0CF43EBFD4C3E000000000000F83F7F
:1020D000000000000000F0BF9C7500883CE4377EE3
:1020E000000000604715F73F44DF5DF80BAE543E3B
:1020F000000000000000D03F555555555555D53FBF
:10210000000000000000E03FFE822B654715F73F0E
:102110000000000000004043EF4E454A287ECA3FC1
:1021200065DBC9934A86CD3F01411DA96074D13F4B
:102130004D268F515555D53FFFAB6FDBB66DDB3F5D
:10214000033333333333E33F000000000000084023
:10215000000000E009C7EE3FFD033ADC09C7EE3F8F
:10216000F5015B14E02F3EBEFE822B654715973CC0
:1021700059F3F8C21F6EA50100000000432EE63F90
:10218000EF39FAFE422EE63F396CA80C615C20BEA6
:10219000D0A4BE726937663EF16BD2C541BDBB3E6D
:1021A0002CDE25AF6A56113F93BDBE166CC1663F4B
:1021B0003E5555555555C53F0000000000000040F4
:1021C000000000000000F87F000000000000504305
:1021D0009C7500883CE437FE59F3F8C21F6EA58158
:1021E000000000000000903C20D30080E0FFFF8F43
:1021F0007A70008814E100807A700088F8BF0002CD
:102200000040000210150400564F4C5431000000ED
:10221000564F4C5432000000564F4C5433000000CF
:1022200057415454310000005741545432000000CB
:102230005741545433000000564152310000000011
:102240005641523200000000564152330000000057
:10225000504631005046320050463300564C203133
:102260002D320000564C20322D330000564C2033C6
:102270002D31000020D3008000000000000000008D
:10228000000000000000000000000000000000004E
:10229000000000000000000000000000000000003E
:1022A000000000000000000000000000000000002E
:1022B000000000000000000000000001010000001C
:1022C000E807000043555252454E543100000000CB
:1022D00043555252454E543200000000435552526D
:1022E000454E5433000000004672657175656E639B
:1022F00079000000576820496D706F72740000000B
:102300005768204578706F7274000000000000006C
:10231000000000000CD6008074D60080DCD600805F
:1023200000000000000000000000000000000000AD
:10233000000000000000000000000000000000009D
:10234000000000000000000000000000000000008D
:10235000000000000000000000000000000000007D
:10236000000000000000000000000000000000006D
:10237000000000000000000000000000000000005D
:10238000000000000000000000000000000000004D
:10239000000000000000000000000000000000003D
:1023A000000000000000000000000000000000002D
:1023B000000000000000000001000000000000001C
:1023C0000E33CDAB34126DE6ECDE05000B000000E1
:1023D00000000000000000000000000000000000FD
:1023E00000000000000000000000000000000000ED
:1023F00000000000000000000000000000000000DD
:1024000000000000000000000000000000000000CC
:1024100000000000000000000000000000000000BC
:1024200000000000000000000000000000000000AC
:10243000000000000000000000000000000000009C
:10244000000000000000000000000000000000008C
:10245000000000000000000000000000000000007C
:10246000000000000000000000000000000000006C
:10247000000000000000000000000000000000005C
:10248000000000000000000000000000000000004C
:10249000000000000000000000000000000000003C
:1024A000000000000000000000000000000000002C
:1024B000000000000000000000000000000000001C
:1024C000000000000000000000000000000000000C
:1024D00000000000000000000000000000000000FC
:1024E00000000000000000000000000000000000EC
:1024F00000000000000000000000000000000000DC
:1025000000000000000000000000000000000000CB
:1025100000000000000000000000000000000000BB
:1025200000000000000000000000000000000000AB
:10253000000000000000000000000000000000009B
:10254000000000000000000000000000000000008B
:10255000000000000000000000000000000000007B
:10256000000000000000000000000000000000006B
:10257000000000000000000000000000000000005B
:10258000000000000000000000000000000000004B
:10259000000000000000000000000000000000003B
:1025A000000000000000000000000000000000002B
:1025B000000000000000000000000000000000001B
:1025C000000000000000000000000000000000000B
:1025D00000000000000000000000000000000000FB
:1025E00000000000000000000000000000000000EB
:1025F00000000000000000000000000000000000DB
:1026000000000000000000000000000000000000CA
:1026100000000000000000000000000000000000BA
:1026200000000000000000000000000000000000AA
:10263000000000000000000000000000000000009A
:10264000000000000000000000000000000000008A
:10265000000000000000000000000000000000007A
:10266000000000000000000000000000000000006A
:10267000000000000000000000000000000000005A
:10268000000000000000000000000000000000004A
:10269000000000000000000000000000000000003A
:1026A000000000000000000000000000000000002A
:1026B000000000000000000000000000000000001A
:1026C000000000000000000000000000000000000A
:1026D00000000000000000000000000000000000FA
:1026E00000000000000000000000000000000000EA
:1026F00000000000000000000000000000000000DA
:1027000000000000000000000000000000000000C9
:1027100000000000000000000000000000000000B9
:1027200000000000000000000000000000000000A9
:102730000000000000000000000000000000000099
:102740000000000000000000000000000000000089
:102750000000000000000000000000000000000079
:102760000000000000000000000000000000000069
:102770000000000000000000000000000000000059
:102780000000000000000000000000000000000049
:102790000000000000000000000000000000000039
:1027A0000000000000000000000000000000000029
:1027B0000000000000000000000000000000000019
:1027C0000000000000000000000000000000000009
:1027D00000000000000000000000000000000000F9
:1027E00000000000000000000000000000000000E9
:1027F00000000000000000000000000000000000D9
:1028000000000000000000000000000000000000C8
:1028100000000000000000000000000000000000B8
:1028200000000000000000000000000000000000A8
:102830000000000000000000000000000000000098
:102840000000000000000000000000000000000088
:102850000000000000000000000000000000000078
:102860000000000000000000000000000000000068
:102870000000000000000000000000000000000058
:102880000000000000000000000000000000000048
:102890000000000000000000000000000000000038
:1028A0000000000000000000000000000000000028
:1028B0000000000000000000000000000000000018
:1028C0000000000000000000000000000000000008
:1028D00000000000000000000000000000000000F8
:1028E00000000000000000000000000000000000E8
:1028F00000000000000000000000000000000000D8
:1029000000000000000000000000000000000000C7
:1029100000000000000000000000000000000000B7
:1029200000000000000000000000000000000000A7
:102930000000000000000000000000000000000097
:102940000000000000000000000000000000000087
:102950000000000000000000000000000000000077
:102960000000000000000000000000000000000067
:102970000000000000000000000000000000000057
:102980000000000000000000000000000000000047
:102990000000000000000000000000000000000037
:1029A0000000000000000000000000000000000027
:1029B0000000000000000000000000000000000017
:1029C0000000000000000000000000000000000007
:1029D00000000000000000000000000000000000F7
:1029E00000000000000000000000000000000000E7
:1029F00000000000000000000000000000000000D7
:102A000000000000000000000000000000000000C6
:102A100000000000000000000000000000000000B6
:102A200000000000000000000000000000000000A6
:102A30000000000000000000000000000000000096
:102A40000000000000000000000000000000000086
:102A50000000000000000000000000000000000076
:102A60000000000000000000000000000000000066
:102A70000000000000000000000000000000000056
:102A80000000000000000000000000000000000046
:102A90000000000000000000000000000000000036
:102AA0000000000000000000000000000000000026
:102AB0000000000000000000000000000000000016
:102AC0000000000000000000000000000000000006
:102AD00000000000000000000000000000000000F6
:102AE00000000000000000000000000000000000E6
:102AF00000000000000000000000000000000000D6
:102B000000000000000000000000000000000000C5
:102B100000000000000000000000000000000000B5
:102B200000000000000000000000000000000000A5
:102B30000000000000000000000000000000000095
:102B40000000000000000000000000000000000085
:102B50000000000000000000000000000000000075
:102B60000000000000000000000000000000000065
:102B70000000000000000000000000000000000055
:102B80000000000000000000000000000000000045
:102B90000000000000000000000000000000000035
:102BA0000000000000000000000000000000000025
:102BB0000000000000000000000000000000000015
:102BC0000000000000000000000000000000000005
:102BD00000000000000000000000000000000000F5
:102BE00000000000000000000000000000000000E5
:102BF00000000000000000000000000000000000D5
:102C000000000000000000000000000000000000C4
:102C100000000000000000000000000000000000B4
:102C200000000000000000000000000000000000A4
:102C30000000000000000000000000000000000094
:102C40000000000000000000000000000000000084
:102C50000000000000000000000000000000000074
:102C60000000000000000000000000000000000064
:102C70000000000000000000000000000000000054
:102C80000000000000000000000000000000000044
:102C90000000000000000000000000000000000034
:102CA0000000000000000000000000000000000024
:102CB0000000000000000000000000000000000014
:102CC0000000000000000000000000000000000004
:102CD00000000000000000000000000000000000F4
:102CE00000000000000000000000000000000000E4
:102CF00000000000000000000000000000000000D4
:102D000000000000000000000000000000000000C3
:102D100000000000000000000000000000000000B3
:102D200000000000000000000000000000000000A3
:102D30000000000000000000000000000000000093
:102D40000000000000000000000000000000000083
:102D50000000000000000000000000000000000073
:102D60000000000000000000000000000000000063
:102D70000000000000000000000000000000000053
:102D80000000000000000000000000000000000043
:102D90000000000000000000000000000000000033
:102DA0000000000000000000000000000000000023
:102DB0000000000000000000000000000000000013
:102DC0000000000000000000000000000000000003
:102DD00000000000000000000000000000000000F3
:102DE00000000000000000000000000000000000E3
:102DF00000000000000000000000000000000000D3
:102E000000000000000000000000000000000000C2
:102E100000000000000000000000000000000000B2
:102E200000000000000000000000000000000000A2
:102E30000000000000000000000000000000000092
:102E40000000000000000000000000000000000082
:102E50000000000000000000000000000000000072
:102E60000000000000000000000000000000000062
:102E70000000000000000000000000000000000052
:102E80000000000000000000000000000000000042
:102E90000000000000000000000000000000000032
:102EA0000000000000000000000000000000000022
:102EB0000000000000000000000000000000000012
:102EC0000000000000000000000000000000000002
:102ED00000000000000000000000000000000000F2
:102EE00000000000000000000000000000000000E2
:102EF00000000000000000000000000000000000D2
:102F000000000000000000000000000000000000C1
:102F100000000000000000000000000000000000B1
:102F200000000000000000000000000000000000A1
:102F30000000000000000000000000000000000091
:102F40000000000000000000000000000000000081
:102F50000000000000000000000000000000000071
:102F60000000000000000000000000000000000061
:102F70000000000000000000000000000000000051
:102F80000000000000000000000000000000000041
:102F90000000000000000000000000000000000031
:102FA0000000000000000000000000000000000021
:102FB0000000000000000000000000000000000011
:102FC0000000000000000000000000000000000001
:102FD00000000000000000000000000000000000F1
:102FE00000000000000000000000000000000000E1
:102FF00000000000000000000000000000000000D1
:1030000000000000000000000000000000000000C0
:1030100000000000000000000000000000000000B0
:1030200000000000000000000000000000000000A0
:103030000000000000000000000000000000000090
:103040000000000000000000000000000000000080
:103050000000000000000000000000000000000070
:103060000000000000000000000000000000000060
:103070000000000000000000000000000000000050
:103080000000000000000000000000000000000040
:103090000000000000000000000000000000000030
:1030A0000000000000000000000000000000000020
:1030B0000000000000000000000000000000000010
:1030C0000000000000000000000000000000000000
:1030D00000000000000000000000000000000000F0
:1030E00000000000000000000000000000000000E0
:1030F00000000000000000000000000000000000D0
:1031000000000000000000000000000000000000BF
:1031100000000000000000000000000000000000AF
:10312000000000000000000000000000000000009F
:10313000000000000000000000000000000000008F
:10314000000000000000000000000000000000007F
:10315000000000000000000000000000000000006F
:10316000000000000000000000000000000000005F
:10317000000000000000000000000000000000004F
:10318000000000000000000000000000000000003F
:10319000000000000000000000000000000000002F
:1031A000000000000000000000000000000000001F
:1031B000000000000000000000000000000000000F
:1031C00000000000000000000000000000000000FF
:1031D00000000000000000000000000000000000EF
:1031E00000000000000000000000000000000000DF
:1031F00000000000000000000000000000000000CF
:1032000000000000000000000000000000000000BE
:1032100000000000000000000000000000000000AE
:10322000000000000000000000000000000000009E
:10323000000000000000000000000000000000008E
:10324000000000000000000000000000000000007E
:10325000000000000000000000000000000000006E
:10326000000000000000000000000000000000005E
:10327000000000000000000000000000000000004E
:10328000000000000000000000000000000000003E
:10329000000000000000000000000000000000002E
:1032A000000000000000000000000000000000001E
:1032B000000000000000000000000000000000000E
:1032C00000000000000000000000000000000000FE
:1032D00000000000000000000000000000000000EE
:1032E00000000000000000000000000000000000DE
:1032F00000000000000000000000000000000000CE
:1033000000000000000000000000000000000000BD
:1033100000000000000000000000000000000000AD
:10332000000000000000000000000000000000009D
:10333000000000000000000000000000000000008D
:10334000000000000000000000000000000000007D
:10335000000000000000000000000000000000006D
:10336000000000000000000000000000000000005D
:10337000000000000000000000000000000000004D
:10338000000000000000000000000000000000003D
:10339000000000000000000000000000000000002D
:1033A000000000000000000000000000000000001D
:1033B000000000000000000000000000000000000D
:1033C00000000000000000000000000000000000FD
:1033D00000000000000000000000000000000000ED
:1033E00000000000000000000000000000000000DD
:1033F00000000000000000000000000000000000CD
:1034000000000000000000000000000000000000BC
:1034100000000000000000000000000000000000AC
:10342000000000000000000000000000000000009C
:10343000000000000000000000000000000000008C
:10344000000000000000000000000000000000007C
:10345000000000000000000000000000000000006C
:10346000000000000000000000000000000000005C
:10347000000000000000000000000000000000004C
:10348000000000000000000000000000000000003C
:10349000000000000000000000000000000000002C
:1034A000000000000000000000000000000000001C
:1034B000000000000000000000000000000000000C
:1034C00000000000000000000000000000000000FC
:1034D00000000000000000000000000000000000EC
:1034E00000000000000000000000000000000000DC
:1034F00000000000000000000000000000000000CC
:1035000000000000000000000000000000000000BB
:1035100000000000000000000000000000000000AB
:10352000000000000000000000000000000000009B
:10353000000000000000000000000000000000008B
:10354000000000000000000000000000000000007B
:10355000000000000000000000000000000000006B
:10356000000000000000000000000000000000005B
:10357000000000000000000000000000000000004B
:10358000000000000000000000000000000000003B
:10359000000000000000000000000000000000002B
:1035A000000000000000000000000000000000001B
:1035B000000000000000000000000000000000000B
:1035C00000000000000000000000000000000000FB
:1035D00000000000000000000000000000000000EB
:1035E00000000000000000000000000000000000DB
:1035F00000000000000000000000000000000000CB
:1036000000000000000000000000000000000000BA
:1036100000000000000000000000000000000000AA
:10362000000000000000000000000000000000009A
:10363000000000000000000000000000000000008A
:10364000000000000000000000000000000000007A
:10365000000000000000000000000000000000006A
:10366000000000000000000000000000000000005A
:10367000000000000000000000000000000000004A
:10368000000000000000000000000000000000003A
:10369000000000000000000000000000000000002A
:1036A000000000000000000000000000000000001A
:1036B000000000000000000000000000000000000A
:1036C00000000000000000000000000000000000FA
:1036D00000000000000000000000000000000000EA
:1036E00000000000000000000000000000000000DA
:1036F00000000000000000000000000000000000CA
:1037000000000000000000000000000000000000B9
:1037100000000000000000000000000000000000A9
:103720000000000000000000000000000000000099
:103730000000000000000000000000000000000089
:103740000000000000000000000000000000000079
:103750000000000000000000000000000000000069
:103760000000000000000000000000000000000059
:103770000000000000000000000000000000000049
:103780000000000000000000000000000000000039
:103790000000000000000000000000000000000029
:1037A0000000000000000000000000000000000019
:1037B0000000000000000000000000000000000009
:1037C00000000000000000000000000000000000F9
:1037D00000000000000000000000000000000000E9
:1037E00000000000000000000000000000000000D9
:1037F00000000000000000000000000000000000C9
:1038000000000000000000000000000000000000B8
:1038100000000000000000000000000000000000A8
:103820000000000000000000000000000000000098
:103830000000000000000000000000000000000088
:103840000000000000000000000000000000000078
:103850000000000000000000000000000000000068
:103860000000000000000000000000000000000058
:103870000000000000000000000000000000000048
:103880000000000000000000000000000000000038
:103890000000000000000000000000000000000028
:1038A0000000000000000000000000000000000018
:1038B0000000000000000000000000000000000008
:1038C00000000000000000000000000000000000F8
:1038D00000000000000000000000000000000000E8
:1038E00000000000000000000000000000000000D8
:1038F00000000000000000000000000000000000C8
:1039000000000000000000000000000000000000B7
:1039100000000000000000000000000000000000A7
:103920000000000000000000000000000000000097
:103930000000000000000000000000000000000087
:103940000000000000000000000000000000000077
:103950000000000000000000000000000000000067
:103960000000000000000000000000000000000057
:103970000000000000000000000000000000000047
:103980000000000000000000000000000000000037
:103990000000000000000000000000000000000027
:1039A0000000000000000000000000000000000017
:1039B0000000000000000000000000000000000007
:1039C00000000000000000000000000000000000F7
:1039D00000000000000000000000000000000000E7
:1039E00000000000000000000000000000000000D7
:1039F00000000000000000000000000000000000C7
:103A000000000000000000000000000000000000B6
:103A100000000000000000000000000000000000A6
:103A20000000000000000000000000000000000096
:103A30000000000000000000000000000000000086
:103A40000000000000000000000000000000000076
:103A50000000000000000000000000000000000066
:103A60000000000000000000000000000000000056
:103A70000000000000000000000000000000000046
:103A80000000000000000000000000000000000036
:103A90000000000000000000000000000000000026
:103AA0000000000000000000000000000000000016
:103AB0000000000000000000000000000000000006
:103AC00000000000000000000000000000000000F6
:103AD00000000000000000000000000000000000E6
:103AE00000000000000000000000000000000000D6
:103AF00000000000000000000000000000000000C6
:103B000000000000000000000000000000000000B5
:103B100000000000000000000000000000000000A5
:103B20000000000000000000000000000000000095
:103B30000000000000000000000000000000000085
:103B40000000000000000000000000000000000075
:103B50000000000000000000000000000000000065
:103B60000000000000000000000000000000000055
:103B70000000000000000000000000000000000045
:103B80000000000000000000000000000000000035
:103B90000000000000000000000000000000000025
:103BA0000000000000000000000000000000000015
:103BB0000000000000000000000000000000000005
:103BC00000000000000000000000000000000000F5
:103BD00000000000000000000000000000000000E5
:103BE00000000000000000000000000000000000D5
:103BF00000000000000000000000000000000000C5
:103C000000000000000000000000000000000000B4
:103C100000000000000000000000000000000000A4
:103C20000000000000000000000000000000000094
:103C30000000000000000000000000000000000084
:103C40000000000000000000000000000000000074
:103C50000000000000000000000000000000000064
:103C60000000000000000000000000000000000054
:103C70000000000000000000000000000000000044
:103C80000000000000000000000000000000000034
:103C90000000000000000000000000000000000024
:103CA0000000000000000000000000000000000014
:103CB0000000000000000000000000000000000004
:103CC00000000000000000000000000000000000F4
:103CD00000000000000000000000000000000000E4
:103CE00000000000000000000000000000000000D4
:103CF00000000000000000000000000000000000C4
:103D000000000000000000000000000000000000B3
:103D100000000000000000000000000000000000A3
:103D20000000000000000000000000000000000093
:103D30000000000000000000000000000000000083
:103D40000000000000000000000000000000000073
:103D50000000000000000000000000000000000063
:103D60000000000000000000000000000000000053
:103D70000000000000000000000000000000000043
:103D80000000000000000000000000000000000033
:103D90000000000000000000000000000000000023
:103DA0000000000000000000000000000000000013
:103DB0000000000000000000000000000000000003
:103DC00000000000000000000000000000000000F3
:103DD00000000000000000000000000000000000E3
:103DE00000000000000000000000000000000000D3
:103DF00000000000000000000000000000000000C3
:103E000000000000000000000000000000000000B2
:103E100000000000000000000000000000000000A2
:103E20000000000000000000000000000000000092
:103E30000000000000000000000000000000000082
:103E40000000000000000000000000000000000072
:103E50000000000000000000000000000000000062
:103E60000000000000000000000000000000000052
:103E70000000000000000000000000000000000042
:103E80000000000000000000000000000000000032
:103E90000000000000000000000000000000000022
:103EA0000000000000000000000000000000000012
:103EB0000000000000000000000000000000000002
:103EC00000000000000000000000000000000000F2
:103ED00000000000000000000000000000000000E2
:103EE00000000000000000000000000000000000D2
:103EF00000000000000000000000000000000000C2
:103F000000000000000000000000000000000000B1
:103F100000000000000000000000000000000000A1
:103F20000000000000000000000000000000000091
:103F30000000000000000000000000000000000081
:103F40000000000000000000000000000000000071
:103F50000000000000000000000000000000000061
:103F60000000000000000000000000000000000051
:103F70000000000000000000000000000000000041
:103F80000000000000000000000000000000000031
:103F90000000000000000000000000000000000021
:103FA0000000000000000000000000000000000011
:103FB0000000000000000000000000000000000001
:103FC00000000000000000000000000000000000F1
:103FD00000000000000000000000000000000000E1
:103FE00000000000000000000000000000000000D1
:103FF00000000000000000000000000000000000C1
:1040000000000000000000000000000000000000B0
:1040100000000000000000000000000000000000A0
:104020000000000000000000000000000000000090
:104030000000000000000000000000000000000080
:104040000000000000000000000000000000000070
:104050000000000000000000000000000000000060
:104060000000000000000000000000000000000050
:104070000000000000000000000000000000000040
:104080000000000000000000000000000000000030
:104090000000000000000000000000000000000020
:1040A0000000000000000000000000000000000010
:1040B0000000000000000000000000000000000000
:1040C00000000000000000000000000000000000F0
:1040D00000000000000000000000000000000000E0
:1040E00000000000000000000000000000000000D0
:1040F00000000000000000000000000000000000C0
:1041000000000000000000000000000000000000AF
:10411000000000000000000000000000000000009F
:10412000000000000000000000000000000000008F
:10413000000000000000000000000000000000007F
:10414000000000000000000000000000000000006F
:10415000000000000000000000000000000000005F
:10416000000000000000000000000000000000004F
:10417000000000000000000000000000000000003F
:10418000000000000000000000000000000000002F
:10419000000000000000000000000000000000001F
:1041A000000000000000000000000000000000000F
:1041B00000000000000000000000000000000000FF
:1041C00000000000000000000000000000000000EF
:1041D00000000000000000000000000000000000DF
:1041E00000000000000000000000000000000000CF
:1041F00000000000000000000000000000000000BF
:1042000000000000000000000000000000000000AE
:10421000000000000000000000000000000000009E
:10422000000000000000000000000000000000008E
:10423000000000000000000000000000000000007E
:10424000000000000000000000000000000000006E
:10425000000000000000000000000000000000005E
:10426000000000000000000000000000000000004E
:10427000000000000000000000000000000000003E
:10428000000000000000000000000000000000002E
:10429000000000000000000000000000000000001E
:1042A000000000000000000000000000000000000E
:1042B00000000000000000000000000000000000FE
:1042C00000000000000000000000000000000000EE
:1042D00000000000000000000000000000000000DE
:1042E00000000000000000000000000000000000CE
:1042F00000000000000000000000000000000000BE
:1043000000000000000000000000000000000000AD
:10431000000000000000000000000000000000009D
:10432000000000000000000000000000000000008D
:10433000000000000000000000000000000000007D
:10434000000000000000000000000000000000006D
:10435000000000000000000000000000000000005D
:10436000000000000000000000000000000000004D
:10437000000000000000000000000000000000003D
:10438000000000000000000000000000000000002D
:10439000000000000000000000000000000000001D
:1043A000000000000000000000000000000000000D
:1043B00000000000000000000000000000000000FD
:1043C00000000000000000000000000000000000ED
:1043D00000000000000000000000000000000000DD
:1043E00000000000000000000000000000000000CD
:1043F00000000000000000000000000000000000BD
:1044000000000000000000000000000000000000AC
:10441000000000000000000000000000000000009C
:10442000000000000000000000000000000000008C
:10443000000000000000000000000000000000007C
:10444000000000000000000000000000000000006C
:10445000000000000000000000000000000000005C
:10446000000000000000000000000000000000004C
:10447000000000000000000000000000000000003C
:10448000000000000000000000000000000000002C
:10449000000000000000000000000000000000001C
:1044A000000000000000000000000000000000000C
:1044B00000000000000000000000000000000000FC
:1044C00000000000000000000000000000000000EC
:1044D00000000000000000000000000000000000DC
:1044E00000000000000000000000000000000000CC
:1044F00000000000000000000000000000000000BC
:1045000000000000000000000000000000000000AB
:10451000000000000000000000000000000000009B
:10452000000000000000000000000000000000008B
:10453000000000000000000000000000000000007B
:10454000000000000000000000000000000000006B
:10455000000000000000000000000000000000005B
:10456000000000000000000000000000000000004B
:10457000000000000000000000000000000000003B
:10458000000000000000000000000000000000002B
:10459000000000000000000000000000000000001B
:1045A000000000000000000000000000000000000B
:1045B00000000000000000000000000000000000FB
:1045C00000000000000000000000000000000000EB
:1045D00000000000000000000000000000000000DB
:1045E00000000000000000000000000000000000CB
:1045F00000000000000000000000000000000000BB
:1046000000000000000000000000000000000000AA
:10461000000000000000000000000000000000009A
:10462000000000000000000000000000000000008A
:10463000000000000000000000000000000000007A
:10464000000000000000000000000000000000006A
:10465000000000000000000000000000000000005A
:10466000000000000000000000000000000000004A
:10467000000000000000000000000000000000003A
:10468000000000000000000000000000000000002A
:10469000000000000000000000000000000000001A
:1046A000000000000000000000000000000000000A
:1046B00000000000000000000000000000000000FA
:1046C00000000000000000000000000000000000EA
:1046D00000000000000000000000000000000000DA
:1046E00000000000000000000000000000000000CA
:1046F00000000000000000000000000000000000BA
:1047000000000000000000000000000000000000A9
:104710000000000000000000000000000000000099
:104720000000000000000000000000000000000089
:104730000000000000000000000000000000000079
:104740000000000000000000000000000000000069
:104750000000000000000000000000000000000059
:104760000000000000000000000000000000000049
:104770000000000000000000000000000000000039
:104780000000000000000000000000000000000029
:104790000000000000000000000000000000000019
:1047A0000000000000000000000000000000000009
:1047B00000000000000000000000000000000000F9
:1047C00000000000000000000000000000000000E9
:1047D00000000000000000000000000000000000D9
:1047E00000000000000000000000000000000000C9
:1047F00000000000000000000000000000000000B9
:1048000000000000000000000000000000000000A8
:104810000000000000000000000000000000000098
:104820000000000000000000000000000000000088
:104830000000000000000000000000000000000078
:104840000000000000000000000000000000000068
:104850000000000000000000000000000000000058
:104860000000000000000000000000000000000048
:104870000000000000000000000000000000000038
:104880000000000000000000000000000000000028
:104890000000000000000000000000000000000018
:1048A0000000000000000000000000000000000008
:1048B00000000000000000000000000000000000F8
:1048C00000000000000000000000000000000000E8
:1048D00000000000000000000000000000000000D8
:1048E00000000000000000000000000000000000C8
:1048F00000000000000000000000000000000000B8
:1049000000000000000000000000000000000000A7
:104910000000000000000000000000000000000097
:104920000000000000000000000000000000000087
:104930000000000000000000000000000000000077
:104940000000000000000000000000000000000067
:104950000000000000000000000000000000000057
:104960000000000000000000000000000000000047
:104970000000000000000000000000000000000037
:104980000000000000000000000000000000000027
:104990000000000000000000000000000000000017
:1049A0000000000000000000000000000000000007
:1049B00000000000000000000000000000000000F7
:1049C00000000000000000000000000000000000E7
:1049D00000000000000000000000000000000000D7
:1049E00000000000000000000000000000000000C7
:1049F00000000000000000000000000000000000B7
:104A000000000000000000000000000000000000A6
:104A10000000000000000000000000000000000096
:104A20000000000000000000000000000000000086
:104A30000000000000000000000000000000000076
:104A40000000000000000000000000000000000066
:104A50000000000000000000000000000000000056
:104A60000000000000000000000000000000000046
:104A70000000000000000000000000000000000036
:104A80000000000000000000000000000000000026
:104A90000000000000000000000000000000000016
:104AA0000000000000000000000000000000000006
:104AB00000000000000000000000000000000000F6
:104AC00000000000000000000000000000000000E6
:104AD00000000000000000000000000000000000D6
:104AE00000000000000000000000000000000000C6
:104AF00000000000000000000000000000000000B6
:104B000000000000000000000000000000000000A5
:104B10000000000000000000000000000000000095
:104B20000000000000000000000000000000000085
:104B30000000000000000000000000000000000075
:104B40000000000000000000000000000000000065
:104B50000000000000000000000000000000000055
:104B60000000000000000000000000000000000045
:104B70000000000000000000000000000000000035
:104B80000000000000000000000000000000000025
:104B90000000000000000000000000000000000015
:104BA0000000000000000000000000000000000005
:104BB00000000000000000000000000000000000F5
:104BC00000000000000000000000000000000000E5
:104BD00000000000000000000000000000000000D5
:104BE00000000000000000000000000000000000C5
:104BF00000000000000000000000000000000000B5
:104C000000000000000000000000000000000000A4
:104C10000000000000000000000000000000000094
:104C20000000000000000000000000000000000084
:104C30000000000000000000000000000000000074
:104C40000000000000000000000000000000000064
:104C50000000000000000000000000000000000054
:104C60000000000000000000000000000000000044
:104C70000000000000000000000000000000000034
:104C80000000000000000000000000000000000024
:104C90000000000000000000000000000000000014
:104CA0000000000000000000000000000000000004
:104CB00000000000000000000000000000000000F4
:104CC00000000000000000000000000000000000E4
:104CD00000000000000000000000000000000000D4
:104CE00000000000000000000000000000000000C4
:104CF00000000000000000000000000000000000B4
:104D000000000000000000000000000000000000A3
:104D10000000000000000000000000000000000093
:104D20000000000000000000000000000000000083
:104D30000000000000000000000000000000000073
:104D40000000000000000000000000000000000063
:104D50000000000000000000000000000000000053
:104D60000000000000000000000000000000000043
:104D70000000000000000000000000000000000033
:104D80000000000000000000000000000000000023
:104D90000000000000000000000000000000000013
:104DA0000000000000000000000000000000000003
:104DB00000000000000000000000000000000000F3
:104DC00000000000000000000000000000000000E3
:104DD00000000000000000000000000000000000D3
:104DE00000000000000000000000000000000000C3
:104DF00000000000000000000000000000000000B3
:104E000000000000000000000000000000000000A2
:104E10000000000000000000000000000000000092
:104E20000000000000000000000000000000000082
:104E30000000000000000000000000000000000072
:104E40000000000000000000000000000000000062
:104E50000000000000000000000000000000000052
:104E60000000000000000000000000000000000042
:104E70000000000000000000000000000000000032
:104E80000000000000000000000000000000000022
:104E90000000000000000000000000000000000012
:104EA0000000000000000000000000000000000002
:104EB00000000000000000000000000000000000F2
:104EC00000000000000000000000000000000000E2
:104ED00000000000000000000000000000000000D2
:104EE00000000000000000000000000000000000C2
:104EF00000000000000000000000000000000000B2
:104F000000000000000000000000000000000000A1
:104F10000000000000000000000000000000000091
:104F20000000000000000000000000000000000081
:104F30000000000000000000000000000000000071
:104F40000000000000000000000000000000000061
:104F50000000000000000000000000000000000051
:104F60000000000000000000000000000000000041
:104F70000000000000000000000000000000000031
:104F80000000000000000000000000000000000021
:104F90000000000000000000000000000000000011
:104FA0000000000000000000000000000000000001
:104FB00000000000000000000000000000000000F1
:104FC00000000000000000000000000000000000E1
:104FD00000000000000000000000000000000000D1
:104FE00000000000000000000000000000000000C1
:040000058000000077
:00000001FF
