00000297
0e028293
30529073
b07342ad
62853002
88828293
3042b073
0c002fb7
000e7e13
000e0e13
01cf8023
01cf80a3
01cf8123
01cf81a3
0c000fb7
000e7e13
01cf8023
01cf80a3
01cf8123
01cf81a3
41014081
42014181
43014281
44014381
45014481
46014581
47014681
48014781
49014881
4a014981
4b014a81
4c014b81
4d014c81
4e014d81
4f014e81
d1974f81
81930000
85130da1
e597e781
85930000
46019625
7463c110
051100b5
8513bfe5
85939cc1
4601a001
7463c110
051100b5
0117bfe5
01131000
e217f1e1
02130000
72139752
006ffc02
a0014c30
00000000
00017119
00000013
c40ac206
c812c60e
cc1aca16
d022ce1e
d42ad226
d832d62e
dc3ada36
c0c2de3e
c4cac2c6
c8d2c6ce
ccdacad6
d0e2cede
d4ead2e6
d8f2d6ee
dcfadaf6
2573defe
25f33420
860a3410
0b8000ef
34151073
41224092
424241b2
436242d2
540243f2
55225492
564255b2
576256d2
480657f2
49264896
4a4649b6
4b664ad6
5c064bf6
5d265c96
5e465db6
5f665ed6
61095ff6
30200073
71790000
d422d606
2e231800
b517fca4
05130000
2a21c565
fdc42703
800007b7
fff7c793
26238ff9
2583fef4
b517fec4
05130000
2281c525
0000b517
c6050513
278320fd
853efec4
542250b2
80826145
ce061101
1000cc22
fea42623
feb42423
0000b517
c5050513
a00120d9
d6067179
1800d422
fca42e23
fcb42c23
fe042623
fe042423
0000b517
c4850513
2603204d
2583fd84
b517fdc4
05130000
2855c4e5
b5174591
05130000
20f1c625
242347fd
2783fef4
4705fe84
00f717b3
2783873e
8ff9fdc4
2503cb85
3f25fdc4
fea42623
0000b517
c4c50513
871328ad
2783e781
078afec4
439c97ba
fd842583
fdc42503
a0159782
0000b517
c4450513
87132899
2783eb81
078afdc4
439c97ba
fd842583
fdc42503
b5179782
05130000
2801c3e5
fd842783
50b2853e
61455422
715d8082
1800d622
fca42e23
c410c04c
c818c454
2c23c85c
2e230104
00010114
61615432
715d8082
1800d622
fca42e23
c410c04c
c818c454
2c23c85c
2e230104
00010114
61615432
715d8082
1800d622
fca42e23
c410c04c
c818c454
2c23c85c
2e230104
00010114
61615432
715d8082
1800d622
fca42e23
c410c04c
c818c454
2c23c85c
2e230104
00010114
61615432
715d8082
1800d622
fca42e23
c410c04c
c818c454
2c23c85c
2e230104
00010114
61615432
715d8082
d422d606
2e231800
c04cfca4
c454c410
c85cc818
01042c23
01142e23
02040793
fcf42c23
fd842783
26231791
2783fef4
85befec4
fdc42503
b5172a91
05130000
3735b4a5
7129a001
12112e23
12812c23
13212a23
13312823
13412623
13512423
13612223
13712023
24230280
2623eca4
2223ecb4
2e23ecc4
2c23fc04
2783fc04
8b3eec44
27034b81
2783ec84
865aecc4
853a86de
70ef85be
872a7720
278387ae
078afdc4
fe040693
ac2397b6
2783eee7
893eec44
27834981
874eecc4
04e7e463
ecc42783
9763874e
278300e7
874aec84
02e7ea63
ec442783
4a818a3e
86d68652
ec842503
ecc42583
3ba070ef
87ae872a
ece42423
ecf42623
fdc42783
2e230785
bfb5fcf4
27830001
0785fdc4
fcf42e23
2783a091
078afdc4
fe040713
a70397ba
47a5ef87
00e7f763
05700793
fcf42c23
0793a029
2c230300
2783fcf4
078afdc4
fe040713
a70397ba
2783ef87
97bafd84
29c9853e
fdc42783
fff78713
fce42e23
faf049e3
00010001
13c12083
13812403
13412903
13012983
12c12a03
12812a83
12412b03
12012b83
80826131
ce86711d
caa6cca2
1080c8ca
faa42623
fab42423
00000793
fcf42c23
fa042823
fa042a23
fa042c23
fa042e23
fc042023
fc042223
fc042423
fc041623
8d63a811
85263804
27832991
0785fac4
faf42623
fac42783
0007c783
079384be
90e30250
2783fef4
0785fac4
faf42623
fac42783
fcf42a23
fe042223
fc042e23
fac42783
00178713
fae42623
0007c783
079384be
80630250
079332f4
cf630250
079330f4
cb630780
07933097
c7630630
879330f4
4755f9d4
30f76263
00279713
0000b797
95078793
439897ba
0000b797
94478793
878297ba
fe442783
22230785
4785fef4
fcf42e23
2783a4d5
8713fa84
24230047
439cfae4
264d853e
2783acc1
8713fa84
24230047
a903fae4
1a630007
b9170009
09130000
a0218f69
2ebd8526
47830905
84be0009
a44df8f5
282347a9
2703fcf4
4785fe44
02e7d163
fa842783
9be1079d
00878713
fae42423
43dc4398
fee42423
fef42623
2703a83d
4785fe44
00f71f63
fa842783
00478713
fae42423
2423439c
87fdfef4
fef42623
2783a829
8713fa84
24230047
439cfae4
fef42423
262387fd
2703fef4
2783fe84
db63fec4
05130207
2cdd02d0
fe842503
fec42583
47814701
40a70633
38338832
86b30107
87b340b7
86be4106
87b68732
fee42423
fef42623
fd042783
2503863e
2583fe84
39f1fec4
2783a2e5
079dfa84
87139be1
24230087
4398fae4
853a43dc
90ef85be
87aa5e90
fcf42c23
fb040793
85be4619
fd842503
0d1000ef
fe042023
2783a025
0713fe04
97baff04
fc07c783
24bd853e
fe042703
c06347f5
278302e7
0785fe04
fef42023
fe042783
ff040713
c78397ba
f7f1fc07
0001aaa5
47a9aa95
fcf42823
fe442703
d1634785
278302e7
079dfa84
87139be1
24230087
4398fae4
242343dc
2623fee4
a81dfef4
fe442783
2783cf89
8713fa84
24230047
439cfae4
fef42423
fe042623
2783a821
8713fa84
24230047
439cfae4
fef42423
fe042623
fd042783
2503863e
2583fe84
3ed5fec4
47a1a201
fcf42823
fe442703
d1634785
278302e7
079dfa84
87139be1
24230087
4398fae4
242343dc
2623fee4
a81dfef4
fe442783
2783cf89
8713fa84
24230047
439cfae4
fef42423
fe042623
2783a821
8713fa84
24230047
439cfae4
fef42423
fe042623
fd042783
2503863e
2583fe84
3641fec4
47c1a071
fcf42823
fe442703
d1634785
278302e7
079dfa84
87139be1
24230087
4398fae4
242343dc
2623fee4
a81dfef4
fe442783
2783cf89
8713fa84
24230047
439cfae4
fef42423
fe042623
2783a821
8713fa84
24230047
439cfae4
fef42423
fe042623
fd042783
2503863e
2583fe84
3631fec4
8526a821
a80920d5
02500513
278328f1
2623fd44
0001faf4
fdc42783
2e23c781
b16dfc04
b9ad0001
40f60001
44d64466
61254946
715d8082
d422d606
2e231800
c04cfca4
c454c410
c85cc818
01042c23
01142e23
02040793
fcf42c23
fd842783
26231791
2783fef4
85befec4
fdc42503
478136c5
50b2853e
61615422
11018082
1000ce22
fe042623
2783a01d
8793fec4
07a21137
871386be
2783ef81
078afec4
c39497ba
fec42783
26230785
2703fef4
4789fec4
fce7dbe3
00010001
61054472
11418082
0800c622
87930001
439cef81
00c7c783
dbf58b91
ef818793
479c439c
4432853e
80820141
ce221101
26231000
0001fea4
ef818793
c783439c
8b8900c7
8793fbf5
439cef81
fec42703
4781c3d8
4472853e
80826105
d6227179
2e231800
2c23fca4
2623fcb4
2783fe04
0792fd84
02faf737
08070713
02f757b3
fef42623
fec42783
01079713
27838341
9023fdc4
000100e7
61455432
11018082
1000ce22
fea42623
05a387ae
2783fef4
4703fec4
8c23feb4
000100e7
61054472
11018082
1000ce22
fea42623
05a387ae
0001fef4
fec42783
00c7c783
fbfd8b89
feb44703
fec42783
4781c3d8
4472853e
80826105
d6067179
1800d422
fca42e23
fcb42c23
fe042623
fec42783
00178713
fee42623
fd842703
c78397ba
05a30007
4783fef4
85befeb4
fdc42503
47833f59
fbf9feb4
853e4781
542250b2
80826145
d6227179
2e231800
2c23fca4
07a3fcb4
0001fe04
fdc42783
00c7c783
dbfd8b91
fdc42783
07a3479c
2783fef4
4703fd84
8023fef4
478500e7
5432853e
80826145
d6067179
1800d422
fca42e23
fcb42c23
fe042623
fe0405a3
27830001
c783fdc4
8b9100c7
2783dbfd
479cfdc4
fef405a3
fec42783
00178713
fee42623
fd842703
470397ba
8023feb4
478300e7
853efeb4
47033db1
47b5feb4
fcf710e3
fec42783
00178713
fee42623
fd842703
472997ba
00e78023
fec42783
00178713
fee42623
fd842703
802397ba
27830007
f793fec4
853e0ff7
542250b2
80826145
d6227179
2e231800
a031fca4
fdc42783
07a3479c
2783fef4
c783fdc4
8b9100c7
0001f7f5
54320001
80826145
c6221141
00010800
01414432
11418082
c422c606
a5170800
05130000
f0ef39a5
8793eecf
f717e781
0713ffff
c3986067
e7818793
fffff717
5f870713
8793c3d8
f717e781
0713ffff
c7985ea7
e7818793
fffff717
5dc70713
8793c7d8
f717e781
0713ffff
cb985ce7
e7818793
fffff717
5c070713
8793cbd8
f717e781
0713ffff
cf985b27
e7818793
00000717
70670713
8793cfd8
f717e781
0713ffff
d3985967
e7818793
fffff717
58870713
8793d3d8
f717e781
0713ffff
d79857a7
e7818793
00001717
87070713
8793d7d8
f717e781
0713ffff
db9855e7
e7818793
fffff717
55070713
8793dbd8
f717e781
0713ffff
df985427
e7818793
fffff717
53470713
8793dfd8
f717eb81
0713ffff
c3985267
eb818793
fffff717
51870713
8793c3d8
f717eb81
0713ffff
c79850a7
eb818793
fffff717
4fc70713
8793c7d8
f717eb81
0713ffff
cb984ee7
eb818793
fffff717
4e070713
8793cbd8
f717eb81
0713ffff
cf984d27
eb818793
fffff717
4c470713
8793cfd8
f717eb81
0713ffff
d3984b67
eb818793
fffff717
4a870713
8793d3d8
f717eb81
0713ffff
d79849a7
eb818793
fffff717
48c70713
8793d7d8
f717eb81
0713ffff
db9847e7
eb818793
fffff717
47070713
8793dbd8
f717eb81
0713ffff
df984627
eb818793
fffff717
45470713
a517dfd8
05130000
f0ef1e65
0001d20f
442240b2
80820141
c6061141
0800c422
a5173ead
05130000
f0ef1da5
3501d00f
0a6050ef
0000a517
1d850513
ceeff0ef
40b20001
01414422
71798082
1800d622
fca42e23
fe042623
27830001
8713fec4
26230017
2703fee4
e8e3fdc4
0001fee7
54320001
80826145
d6227179
2e231800
2703fca4
0793fdc4
07b33e80
262302f7
a829fef4
3e800793
fef42423
27830001
8713fe84
2423fff7
fbf5fee4
fec42783
fff78713
fee42623
0001fff1
54320001
80826145
d6067179
1800d422
fca42e23
26234785
2423fef4
a831fe04
fec42703
078a87ba
078697ba
fef42623
fe842783
24230785
2703fef4
2783fe84
6fe3fdc4
2503fcf7
90effec4
87aa5180
50b2853e
61455422
71798082
1800d622
fca42e23
fcb42c23
fe042623
fd842783
242317fd
a899fef4
fec42783
fdc42703
c78397ba
03a30007
2783fef4
2703fe84
973efdc4
fec42783
fdc42683
470397b6
80230007
278300e7
2703fe84
97bafdc4
fe744703
00e78023
fec42783
26230785
2783fef4
17fdfe84
fef42423
fec42703
fe842783
faf742e3
00010001
61455432
71798082
d422d606
2e231800
2c23fca4
2a23fcb4
2623fcc4
a83dfe04
fdc42703
67b347a9
f71302f7
26830ff7
2783fd84
97b6fec4
03070713
0ff77713
00e78023
fec42783
26230785
2703fef4
47a9fdc4
02f747b3
fcf42e23
fdc42783
a839f3e1
fd842703
fec42783
071397ba
80230300
278300e7
0785fec4
fef42623
fec42703
fd442783
fcf76ee3
fec42783
250385be
35e5fd84
fd842703
fec42783
802397ba
27830007
853efec4
542250b2
80826145
c686715d
0880c4a2
faa42e23
fab42c23
fac42a23
fe042623
fc042023
fc042223
fc042423
fc042623
fc042823
fc042a23
fc042c23
fc041e23
fbc42503
430090ef
87ae872a
0000a697
fa868693
42d44290
85be853a
69d060ef
87ae872a
85be853a
4a2090ef
2e2387aa
2503faf4
90effbc4
87aa24a0
fef42423
fe842503
29c090ef
85be87aa
fbc42503
701080ef
222387aa
2023fef4
0593fe04
25030000
80effbc4
87aa4550
0007de63
fe042783
fb842703
071397ba
802302d0
478500e7
fef42023
fe842783
2783e385
2703fe04
97bafb84
03000713
00e78023
fe042783
20230785
a83dfef4
fe842783
0007d863
fe842783
40f007b3
fef42423
fc040793
85be4601
fe842503
262335b9
2783fea4
2703fe04
97bafb84
fc040713
853e85ba
5f0090ef
fec42703
fe042783
262397ba
2783fef4
cfadfb44
fec42783
fb842703
071397ba
802302e0
059300e7
25030000
80effe44
87aa3a50
0007da63
fe442703
800007b7
22238fb9
a039fef4
00000593
fe442503
2b5080ef
fb442503
87aa3301
250385be
80effe44
87aa3e90
fef42223
fe442503
128090ef
278386aa
0785fec4
fb842703
260397ba
85befb44
33658536
40b60001
61614426
71798082
1800d622
fca42e23
fcb42c23
fd842783
fef42623
2783a829
2623fd84
0001fef4
fec42783
fff78713
fee42623
2783fbf5
8713fdc4
2e23fff7
fff1fce4
00010001
61455432
11018082
cc22ce06
26231000
2783fea4
439cfec4
2583863e
a517fec4
05130000
f0efdbe5
2783908f
439cfec4
40f2853e
61054462
11018082
cc22ce06
26231000
2423fea4
2783feb4
2703fec4
c398fe84
fec42783
863e439c
fec42583
0000a517
d7c50513
8c6ff0ef
40f20001
61054462
11418082
0800c622
0200c7b7
439c17e1
4432853e
80820141
c6221141
c7b70800
17f10200
853e439c
01414432
11418082
c422c606
c04ec24a
37e10800
893e87aa
874a4981
853a87ce
40b285be
49124422
01414982
11018082
cc22ce06
24231000
2623fea4
a517feb4
05130000
f0efd225
8793804f
439c95c1
43dc4398
96018693
0006a803
fe842503
fec42583
00a70633
b8b388b2
86b300e8
87b300b7
86be00d8
87b68732
00e82023
00f82223
96018793
4398439c
863a43dc
a51786be
05130000
e0efcea5
8793fd5f
439c95c1
43dc4398
86be863a
0000a517
ce850513
fbbfe0ef
0000a517
cf050513
f8bfe0ef
40f20001
61054462
11018082
cc22ce06
26231000
2423fea4
a517feb4
05130000
e0efce65
8793f65f
43949601
57fd577d
c2dcc298
96018793
4398439c
863a43dc
a51786be
05130000
e0efcde5
c7b7f85f
17e10200
85be439c
0000a517
ce050513
f6ffe0ef
0000a517
ce850513
f1bfe0ef
40f20001
61054462
71798082
d422d606
2e231800
a517fca4
05130000
e0efce25
07b7ef9f
07c10c01
fef42623
fec42783
fdc42703
8713c398
2783f041
0792fdc4
470997ba
8713c798
2783f041
0792fdc4
47dc97ba
00178713
f0418693
fdc42783
97b60792
8713c7d8
2783f041
0792fdc4
479c97ba
2583863e
a517fdc4
05130000
e0efc9e5
8713eddf
2783f041
0792fdc4
438c97ba
f0418713
fdc42783
97ba0792
87134790
2783f041
0792fdc4
43d497ba
f0418713
fdc42783
97ba0792
873e47dc
0000a517
c8050513
e97fe0ef
0000a517
ccc50513
e43fe0ef
50b20001
61455422
11018082
cc22ce06
26231000
a517fe04
05130000
e0efcc65
07b7e21f
07c10c01
fef42623
fec42783
2423439c
2603fef4
2583fec4
a517fe84
05130000
e0efcc25
a517e41f
05130000
e0efce25
2783dedf
853efe84
446240f2
80826105
d6067179
1800d422
fca42e23
fcb42c23
0000a517
cd850513
dc3fe0ef
26233769
2583fea4
a517fec4
05130000
e0efcde5
2783df5f
c791fec4
fec42703
fa6347f1
258300e7
a517fec4
05130000
e0efcda5
8713e41f
2783f041
0792fec4
470597ba
8713c798
2783f041
0792fec4
479c97ba
2583863e
a517fec4
05130000
e0efb665
8713da5f
27830c41
078afec4
439c97ba
fec42503
25039782
3d15fec4
fec42583
0000a517
cb450513
d7bfe0ef
0000a517
cc450513
d27fe0ef
50b20001
61455422
11018082
cc22ce06
26231000
a517fea4
05130000
e0efcbe5
2783d05f
cb85fec4
fec42703
e4634799
471902e7
fec42783
40f707b3
25b1853e
eb9187aa
27834719
07b3fec4
059340f7
853e0800
258323d9
a517fec4
05130000
e0efc925
a517ce5f
05130000
e0efca25
0001cb5f
446240f2
80826105
d6067179
1800d422
fca42e23
fe0407a3
0000a517
c9450513
c8ffe0ef
fdc42583
0000a517
ca050513
cc7fe0ef
05b76609
a5170c00
05130000
e0efca25
2783cb5f
d713fdc4
27b70037
97ba0c00
fef42423
fe842783
0007c783
fef407a3
fef44783
2583863e
a517fe84
05130000
e0efca25
2783c81f
8b9dfdc4
17b34705
971300f7
87610187
fef40783
07e28fd9
03a387e1
2783fef4
4703fe84
8023fe74
478300e7
85befe74
0000a517
c9450513
c43fe0ef
0000a517
ca450513
beffe0ef
50b20001
61455422
71798082
d422d606
2e231800
2623fca4
05a3fe04
a517fe04
05130000
e0efc965
2583bc5f
a517fdc4
05130000
e0efbd65
2683bfdf
6609fdc4
0c0005b7
0000a517
c9050513
be7fe0ef
fdc42783
0037d713
0c0027b7
262397ba
2783fef4
c783fec4
05a30007
4783fef4
863efeb4
fec42583
0000a517
ca050513
bb3fe0ef
fdc42783
47058b9d
00f717b3
87e107e2
fff7c793
01879713
07838761
8ff9feb4
87e107e2
fef40523
fec42783
fea44703
00e78023
f0418713
fdc42783
97ba0792
0007a423
f0418713
fdc42783
97ba0792
863e479c
fdc42583
0000a517
91050513
b4ffe0ef
0000a517
c6450513
afbfe0ef
50b20001
61455422
71798082
d422d606
2e231800
a517fca4
05130000
e0efc5e5
2623ad9f
07b7fe04
26230c01
2783fef4
2703fec4
c398fdc4
fec42783
85be439c
0000a517
c5850513
af7fe0ef
0000a517
c6850513
aa3fe0ef
50b20001
61455422
71798082
d422d606
2e231800
2c23fca4
2583fcb4
a517fdc4
05130000
e0efc5e5
2783a79f
9713fd84
07b70027
97ba0c00
fef42623
fec42583
0000a517
c6450513
a9ffe0ef
fec42783
85be439c
0000a517
c7450513
a8bfe0ef
fec42783
fdc42703
2783c398
439cfec4
a51785be
05130000
e0efc8a5
a517a6df
05130000
e0efcae5
0001a19f
542250b2
80826145
d6067179
1800d422
fca42e23
0000a517
cac50513
9f7fe0ef
000407b7
10078513
90bff0ef
fea42623
fec42583
0000a517
cb050513
a1ffe0ef
fdc42783
470517e5
00f717b3
fff7c793
2783873e
8ff9fec4
07b785be
85130004
f0ef1007
07b7905f
85130004
f0ef1007
87aa8c5f
a51785be
05130000
e0efc925
a5179ddf
05130000
e0efcb65
0001989f
542250b2
80826145
ce061101
1000cc22
fe042623
0000a517
cb450513
967fe0ef
e7818793
00000717
b8470713
45add7d8
0000a517
cac50513
993fe0ef
f0418793
0007a423
f0418793
0007a023
f0418793
0007a223
f0418793
0007a623
26234785
a0d1fef4
f0418713
fec42783
97ba0792
0007a423
f0418713
fec42783
97ba0792
fec42703
8713c398
2783f041
0792fec4
470997ba
8713c3d8
2783f041
0792fec4
a62397ba
a5170007
05130000
e0efc625
250391df
31f5fec4
0c418713
fec42783
97ba078a
00000717
ba670713
2583c398
4509fec4
87133d29
2783f041
0792fec4
438c97ba
f0418713
fec42783
97ba0792
87134790
2783f041
0792fec4
43d497ba
f0418713
fec42783
97ba0792
873e47dc
0000a517
c2c50513
8b3fe0ef
fec42783
26230785
2703fef4
47edfec4
f2e7fce3
33954505
0000a517
c9850513
847fe0ef
40f20001
61054462
11018082
cc22ce06
26231000
a517fea4
05130000
e0efc8a5
2703825f
4799fec4
00e7fa63
fec42703
e56347d5
250300e7
3bfdfec4
fec42503
a5173eb1
05130000
e0efc7e5
0001ff8f
446240f2
80826105
d6067179
1800d422
fca42e23
fcb42c23
fd842703
4d6367c1
67c100f7
fff78593
0000a517
c6850513
853fe0ef
a8254781
fdc42783
30078793
262307a2
2783fef4
9713fd84
87410107
fec42783
00e79023
fd842603
fdc42583
0000a517
c6450513
faefe0ef
853e4785
542250b2
80826145
d6067179
1800d422
fca42e23
fcb42c23
fd842703
4d6367c1
67c100f7
fff78593
0000a517
c5c50513
fe2fe0ef
a82d4781
fdc42783
30078793
079107a2
fef42623
fd842783
01079713
27838741
9023fec4
260300e7
2583fd84
a517fdc4
05130000
e0efc525
4785f3cf
50b2853e
61455422
71798082
d422d606
2e231800
2c23fca4
2703fcb4
0793fd84
dc630ff0
059300e7
a5170ff0
05130000
e0efc4a5
4781f70f
2783a825
8793fdc4
07a23007
262307a1
2783fef4
f713fd84
27830ff7
8023fec4
260300e7
2583fd84
a517fdc4
05130000
e0efc465
4785eccf
50b2853e
61455422
71798082
d422d606
2e231800
2783fca4
8793fdc4
07a23007
262307a1
2783fef4
c783fec4
f7930007
8ba10ff7
fef42423
fe842783
85be878d
0000a517
c2c50513
e7efe0ef
fe842783
4037d713
14634785
478500f7
4781a011
50b2853e
61455422
71798082
d422d606
2e231800
2c23fca4
2703fcb4
67c1fd84
00f74d63
859367c1
a517fff7
05130000
e0efc0a5
4781ea0f
2783a01d
8793fdc4
07a23007
262307b1
2783fef4
9713fd84
87410107
fec42783
00e79023
853e4785
542250b2
80826145
ce061101
1000cc22
fea42623
25034581
3bf9fec4
25034581
3599fec4
25034581
3d45fec4
25034581
3fa5fec4
fec42583
0000a517
bd050513
dc6fe0ef
40f20001
61054462
11018082
cc22ce06
26231000
a809fe04
fec42503
27833765
0785fec4
fef42623
fec42703
d5e34791
a517fee7
05130000
e0efbbe5
0001d88f
446240f2
80826105
d6067179
1800d422
fca42e23
fe042623
fdc42783
a517e79d
05130000
e0efbc25
2783d5cf
0789fec4
fef42623
fec42783
26230791
2783fef4
07c1fec4
fef42623
2703a0b9
4785fdc4
00f71e63
0000a517
bb050513
d26fe0ef
fec42783
26230791
a035fef4
fdc42703
12634789
a51702f7
05130000
e0efbbe5
2783d04f
0791fec4
fef42623
fec42783
262307a1
2783fef4
853efec4
542250b2
80826145
d6067179
1800d422
fca42e23
fcb42c23
fd842503
26233f81
2583fea4
2503fec4
3b41fdc4
cb8987aa
fdc42583
0000a517
b9850513
caafe0ef
fec42583
fdc42503
87aa3b8d
2583eb89
a517fdc4
05130000
e0efba25
0001cf8f
542250b2
80826145
d6227179
2e231800
87aefca4
fcf40da3
fdc42783
30078793
07a107a2
fef42623
fdb44783
2783c799
0785fec4
fef42623
2783a809
c791fec4
fec42783
262317fd
0001fef4
61455432
11018082
cc22ce06
26231000
2423fea4
2583feb4
2503fe84
33c1fec4
e79987aa
0000a517
b4850513
c7afe0ef
40f20001
61054462
11018082
cc22ce06
26231000
2423fea4
2583feb4
2503fe84
31a9fec4
e79987aa
0000a517
b3850513
c46fe0ef
40f20001
61054462
11018082
cc22ce06
26231000
2423fea4
2583feb4
2503fe84
365dfec4
e79987aa
0000a517
b2850513
c12fe0ef
40f20001
61054462
71798082
d422d606
26231800
2423fea4
2223feb4
2023fec4
87bafed4
fcf40fa3
fe442583
fec42503
2583375d
2503fe04
37a5fec4
fe842583
fec42503
4783372d
85befdf4
fec42503
25833dd1
a517fec4
05130000
e0efaea5
0001b44f
542250b2
80826145
ce061101
1000cc22
fea42623
25034581
3ee5fec4
fec42583
0000a517
adc50513
b16fe0ef
40f20001
61054462
71798082
d422d606
2e231800
2783fca4
8793fdc4
07a23007
fef42623
fdc42783
30078793
079107a2
fef42423
fdc42783
30078793
07a107a2
fef42223
fdc42783
30078793
07b107a2
fef42023
fec42783
0007d783
83c107c2
a51785be
05130000
e0efa965
2783aa8f
d783fe84
07c20007
85be83c1
0000a517
aa050513
a8efe0ef
fe442783
0007c783
0ff7f793
a51785be
05130000
e0efaaa5
2783a74f
d783fe04
07c20007
85be83c1
0000a517
ab850513
a5afe0ef
50b20001
61455422
11018082
1000ce22
fea42623
feb42423
fec42783
27834398
8ff9fe84
00f037b3
0ff7f793
4472853e
80826105
d6227179
2e231800
2703fca4
0793fdc4
07b31f40
262302f7
2423fef4
a039fe04
27830001
0785fe84
fef42423
fe842783
fec42703
fee7e6e3
00010001
61455432
71798082
1800d622
fca42e23
fdc42703
0007a7b7
12078793
02f707b3
fef42623
fe042423
0001a039
fe842783
24230785
2783fef4
2703fe84
e6e3fec4
0001fee7
54320001
80826145
d6227179
2e231800
2783fca4
2623fdc4
a829fef4
12c00793
fef42423
27830001
8713fe84
2423fff7
fbf5fee4
fec42783
fff78713
fee42623
0001fff1
54320001
80826145
ce221101
26231000
2423fea4
2783feb4
4398fec4
fe842783
27838f5d
c398fec4
44720001
80826105
ce221101
26231000
2423fea4
2783feb4
4398fec4
fe842783
fff7c793
27838f7d
c398fec4
44720001
80826105
ce221101
26231000
a031fea4
fec42783
262317fd
2783fef4
fbedfec4
00010001
61054472
11418082
c422c606
05b70800
07b70200
85130004
3f8d1087
37c94529
020005b7
000407b7
10878513
45293761
00013f45
442240b2
80820141
c6221141
07b70800
87930004
43941007
000407b7
10078793
01000737
c3988f55
000407b7
10878793
07b74394
87930004
07371087
177dff00
c3988f75
000407b7
10078793
07b74394
87930004
07371007
8f550200
07b7c398
87930004
43941087
000407b7
10878793
fe000737
8f75177d
07b7c398
87930004
43941007
000407b7
10078793
04000737
c3988f55
000407b7
10878793
07b74394
87930004
07371087
8f550400
07b7c398
87930004
43941007
000407b7
10078793
08000737
c3988f55
000407b7
10878793
07b74394
87930004
07371087
8f550800
07b7c398
87930004
43941007
000407b7
10078793
10000737
c3988f55
000407b7
10878793
07b74394
87930004
07371087
8f551000
07b7c398
87930004
43941007
000407b7
10078793
20000737
c3988f55
000407b7
10878793
07b74394
87930004
07371087
8f552000
0001c398
01414432
11018082
cc22ce06
87aa1000
fef407a3
fef40783
0207d063
000407b7
10878793
07b74394
87930004
07371087
8f552000
a839c398
000407b7
10878793
07b74394
87930004
07371087
177de000
c3988f75
fef44783
0407f793
07b7cf99
87930004
43941087
000407b7
10878793
10000737
c3988f55
07b7a839
87930004
43941087
000407b7
10878793
f0000737
8f75177d
4783c398
f793fef4
cf990207
000407b7
10878793
07b74394
87930004
07371087
8f550800
a839c398
000407b7
10878793
07b74394
87930004
07371087
177df800
c3988f75
fef44783
cf998bc1
000407b7
10878793
07b74394
87930004
07371087
8f550400
a839c398
000407b7
10878793
07b74394
87930004
07371087
177dfc00
c3988f75
000133bd
446240f2
80826105
ce061101
1000cc22
07a387aa
4783fef4
8ba1fef4
07b7cf99
87930004
43941087
000407b7
10878793
20000737
c3988f55
07b7a839
87930004
43941087
000407b7
10878793
e0000737
8f75177d
4783c398
8b91fef4
07b7cf99
87930004
43941087
000407b7
10878793
10000737
c3988f55
07b7a839
87930004
43941087
000407b7
10878793
f0000737
8f75177d
4783c398
8b89fef4
07b7cf99
87930004
43941087
000407b7
10878793
08000737
c3988f55
07b7a839
87930004
43941087
000407b7
10878793
f8000737
8f75177d
4783c398
8b85fef4
07b7cf99
87930004
43941087
000407b7
10878793
04000737
c3988f55
07b7a839
87930004
43941087
000407b7
10878793
fc000737
8f75177d
3991c398
40f20001
61054462
11018082
cc22ce06
87aa1000
fef407a3
fef44783
f7938391
853e0ff7
478335f1
853efef4
051335d1
3eed0fa0
40f20001
61054462
11018082
cc22ce06
87aa1000
fef407a3
020005b7
000407b7
10878513
05b73665
07b70100
85130004
3e691087
fef44783
3f71853e
40f20001
61054462
11018082
cc22ce06
87aa1000
fef407a3
020005b7
000407b7
10878513
05b736b5
07b70100
85130004
3e1d1087
fef44783
3785853e
40f20001
61054462
11018082
cc22ce06
87aa1000
fef407a3
fef44783
3f45853e
40f20001
61054462
11018082
cc22ce06
26231000
a821fea4
fec42783
0007c783
37e1853e
fec42783
26230785
2783fef4
c783fec4
f3ed0007
00010001
446240f2
80826105
ce061101
1000cc22
fea42623
feb42423
fec42703
1d634785
278300f7
f793fe84
87930ff7
f793f807
853e0ff7
a0053709
fec42703
1c634789
278300f7
f793fe84
87930ff7
f793fc07
853e0ff7
000135cd
446240f2
80826105
c6061141
0800c422
35f14505
35e14509
3c294505
40b20001
01414422
11418082
c422c606
07b70800
87930004
43941087
000407b7
10878793
e0000737
8f75177d
07b7c398
87930004
43941087
000407b7
10878793
f0000737
8f75177d
07b7c398
87930004
43941087
000407b7
10878793
08000737
c3988f55
000407b7
10878793
07b74394
87930004
07371087
8f550400
3ca1c398
1f400513
3c813435
1f400513
34a13415
1f400513
07b73c31
87930004
43941087
000407b7
10878793
e0000737
8f75177d
07b7c398
87930004
43941087
000407b7
10878793
f0000737
8f75177d
07b7c398
87930004
43941087
000407b7
10878793
08000737
c3988f55
000407b7
10878793
07b74394
87930004
07371087
177dfc00
c3988f75
05133ac9
325d1f40
40b20001
01414422
11418082
c422c606
05b70800
07b73f00
85130004
3a0d1007
3df132c5
05133d75
33710300
02800513
45393359
45053349
45193bbd
45053bad
00013b9d
442240b2
80820141
d6067179
1800d422
fea42623
feb42423
fec42223
fed42023
0fa387ba
4783fcf4
c391fdf4
25833d85
2503fe84
3539fec4
fe442503
250333f9
3059fe04
50b20001
61455422
11418082
c422c606
05930800
07b70f00
85130004
38c91007
40b20001
01414422
71798082
d422d606
2e231800
2c23fca4
2623fcb4
05a3fe04
a075fe04
00009517
25450513
fd7fd0ef
fdc42783
05a3479c
2783fef4
8713fec4
26230017
2703fee4
97bafd84
feb44703
00e78023
feb44783
e0ef853e
470385af
47b5feb4
06f71563
00009517
21450513
f93fd0ef
2783a031
479cfdc4
fef405a3
fdc42783
00c7c783
f7f58b91
fec42783
00178713
fee42623
fd842703
472997ba
00e78023
fec42783
00178713
fee42623
fd842703
802397ba
87930007
470519c1
8793c398
439cef81
e0ef853e
87939daf
439819c1
07e34789
9517f4f7
05130000
d0ef1a65
2783f21f
f793fec4
853e0ff7
542250b2
80826145
c6061141
0800c422
19c18793
c3984709
8793a829
439cef81
3cc18593
3dd5853e
873e87aa
53c18793
8793c398
439cef81
00c7c783
fff18b91
53c18793
cb95439c
00009517
14c50513
ec3fd0ef
3cc18593
00009517
14050513
eb3fd0ef
06400613
85134581
70ef3cc1
87934030
a02353c1
00010007
442240b2
80820141
c6061141
0800c422
ecffd0ef
ef818793
678943d8
58078593
d0ef853a
9517f57f
05130000
d0ef0fa5
8793e69f
43dcef81
e0ef853e
00018fef
442240b2
80820141
c6061141
0800c422
400005b7
000407b7
10078513
f66fe0ef
c00007b7
fff78593
000407b7
10878513
f52fe0ef
00009517
0c850513
e1bfd0ef
40b20001
01414422
71798082
1800d622
fca42e23
1d2387ae
57fdfcf4
fef41723
fe041623
5783a885
2703fec4
97bafdc4
0007c783
01079713
57838341
8fb9fee4
fef41723
fe041523
5783a825
8b85fee4
5783cf91
8385fee4
fef41723
fee45703
078577e9
17238fb9
a031fef4
fee45783
17238385
5783fef4
0785fea4
fef41523
fea45703
f2e3479d
5783fce7
0785fec4
fef41623
fec45703
fda45783
f8f765e3
fee45783
5432853e
80826145
de067139
da4adc22
0080d84e
fca42623
fcc42783
0007d463
a01157fd
22234785
2783fef4
87ddfcc4
0ff7f793
fef42023
fcc42703
008007b7
8ff917fd
fcf42e23
fe042783
2703eb8d
2783fe44
07b3fdc4
d69302f7
073741f7
177d0080
97ba8f75
853e87dd
261060ef
87ae872a
fee42423
fef42623
2703a8f9
0793fe04
14630ff0
278304f7
e78dfdc4
fe442503
6f0070ef
a797872a
87930000
438cad67
70ef853a
87aa1300
70ef853e
872a02b0
a03987ae
0000a797
ac078793
43dc4398
fee42423
fef42623
2503a079
60effe44
892a1fb0
250389ae
60effdc4
872a1ef0
a69787ae
86930000
4290a9a6
853a42d4
50ef85be
872a0570
853a87ae
a79785be
87930000
4390a867
50ef43d4
872a24e0
863a87ae
854a86be
50ef85ce
872a72b0
893a87ae
278389be
8793fe04
4705f817
00f717b3
60ef853e
872a1930
863a87ae
854a86be
50ef85ce
872a6ff0
242387ae
2623fee4
2703fef4
2783fe84
853afec4
50f285be
59525462
612159c2
71798082
d422d606
d04ed24a
2e231800
2783fca4
83fdfdc4
fef42423
fdc42783
f79387dd
22230ff7
2703fef4
07b7fdc4
17fd0080
20238ff9
2703fef4
0793fe44
1e630ff0
278302f7
e395fe04
fe842783
a797c799
87930000
439c9ce7
a797a031
87930000
439c9a27
fef42623
a797a8cd
87930000
439c9b67
fef42623
2783a0cd
efa9fe44
fe042783
2783ef99
c799fe84
0000a797
99878793
a019439c
00000793
fef42623
2503a86d
70effe04
872a56a0
0000a797
97c78793
853a438c
41d060ef
873e87aa
0000a797
96c78793
853a438c
797060ef
262387aa
a051fef4
fe042503
534070ef
a797872a
87930000
438c9467
60ef853a
87aa3e70
a797873e
87930000
438c93a7
60ef853a
87aa0bf0
70ef853e
892a65a0
278389ae
8793fe44
853ef817
03d060ef
86ae862a
0000a797
91078793
43dc4398
85be853a
13d030ef
87ae872a
86be863a
85ce854a
591050ef
87ae872a
85be853a
6aa070ef
262387aa
2783fef4
cb81fe84
fec42703
800007b7
26238fb9
2783fef4
853efec4
542250b2
59825912
80826145
d6067179
d226d422
2e231800
0593fca4
25030000
60effdc4
87aa5870
4781e399
4485a219
00000593
fdc42503
63f060ef
c36387aa
44810007
0ff4f793
fef42423
00000593
fdc42503
623060ef
d86387aa
27030007
07b7fdc4
8fb98000
2783a019
2e23fdc4
2623fcf4
a015fe04
fec42783
26230785
a797fef4
87930000
438c8467
fdc42503
2d1060ef
2e2387aa
a797fcf4
87930000
438c82e7
fdc42503
557060ef
d5e387aa
a839fc07
fec42783
262317fd
2783fef4
85befdc4
60ef853e
87aa7860
fcf42e23
00009797
7ec78793
2503438c
60effdc4
87aa5990
fc07c8e3
00009797
7cc78793
2503438c
60effdc4
87aa5f90
70ef853e
872a33e0
008007b7
8ff917fd
fef42223
fe842783
01f79713
fec42783
07f78793
8f5d07de
fe442783
20238fd9
2783fef4
853efe04
542250b2
61455492
11018082
cc22ce06
87aa1000
fef407a3
fef44783
951785be
05130000
d0efbee5
9797931f
87930000
439876e7
fef44783
06134685
45c102e0
22ad853e
00009797
75878793
47834398
4685fef4
03000613
853e45c1
97972a81
87930000
43987427
fef44783
06134685
45c10320
2a1d853e
00009797
71078793
47834398
4685fef4
03400613
853e45c1
97972a31
87930000
43986f67
fef44783
06134685
45c10360
2209853e
00009797
6dc78793
47834398
4685fef4
03800613
853e45c1
979720e5
87930000
43986c27
fef44783
06134685
45c10480
20f9853e
d0ef4505
0001d9bf
446240f2
80826105
ce061101
1000cc22
872e87aa
fef407a3
072387ba
4703fef4
4785fee4
02f71b63
fef44783
951785be
05130000
d0efb1a5
9797839f
87930000
43986827
fef44783
06134685
45c10320
288d853e
d0ef4505
4783d3ff
eb95fee4
fef44783
951785be
05130000
d0efb0e5
9797801f
87930000
43986467
fef44783
06134685
45c10320
282d853e
d0ef4505
4703d07f
4785fee4
02f70163
fee44783
4783cf89
85befef4
00009517
af850513
fbefd0ef
d0ef4505
0001cdff
446240f2
80826105
d6867159
1880d4a2
2a2387aa
0fa3f8e4
87aef8f4
f8f40f23
1e2387b2
87b6f8f4
f8f41d23
87930001
c7033c01
47850007
fef70be3
f9f44783
951785be
05130000
d0eface5
8793f68f
47032a61
8023f9f4
879300e7
47033c81
8023f9e4
578300e7
f713f9c4
87930ff7
80232ad1
172300e7
06a3fe04
5783fe04
f713f9a4
87930ff7
80235401
578300e7
0786f9a4
f8f41d23
3b818793
f9a45703
00e79023
fe040623
f9442503
24233161
4783fea4
8713fed4
06a30017
0703fee4
0693f9f4
97b6ff04
fae78e23
fed44783
00178713
fee406a3
f9e40703
ff040693
8e2397b6
5783fae7
83a1f9c4
01079693
478382c1
8713fed4
06a30017
9713fee4
87610186
ff040693
8e2397b6
4783fae7
8713fed4
06a30017
5703fee4
0762f9c4
06938761
97b6ff04
fae78e23
f9a45783
969383a1
82c10107
fed44783
00178713
fee406a3
01869713
06938761
97b6ff04
fae78e23
fed44783
00178713
fee406a3
f9a45703
87610762
ff040693
8e2397b6
4783fae7
8713fed4
06a30017
0713fee4
97baff04
8e234711
2783fae7
d693fe84
47830187
8713fed4
06a30017
9713fee4
87610186
ff040693
8e2397b6
2783fae7
d693fe84
47830107
8713fed4
06a30017
9713fee4
87610186
ff040693
8e2397b6
2783fae7
d693fe84
47830087
8713fed4
06a30017
9713fee4
87610186
ff040693
8e2397b6
4783fae7
8713fed4
06a30017
2703fee4
0762fe84
06938761
97b6ff04
fae78e23
fac40793
853e45ad
f8aff0ef
172387aa
4783fef4
8713fed4
06a30017
5703fee4
0762fee4
06938761
97b6ff04
fae78e23
fee45783
969383a1
82c10107
fed44783
00178713
fee406a3
01869713
06938761
97b6ff04
fae78e23
fe0406a3
400005b7
000407b7
10878513
e63fd0ef
ef818793
478343d4
8713fed4
06a30017
0713fee4
97baff04
fbc78783
0ff7f793
853685be
e56fd0ef
ef818793
478343d4
8713fed4
06a30017
0713fee4
97baff04
fbc78783
0ff7f793
853685be
e2efd0ef
ef818793
478343d4
8713fed4
06a30017
0713fee4
97baff04
fbc78783
0ff7f793
853685be
e06fd0ef
ef818793
478343d4
8713fed4
06a30017
0713fee4
97baff04
fbc78783
0ff7f793
853685be
ddefd0ef
ef818793
478343d4
8713fed4
06a30017
0713fee4
97baff04
fbc78783
0ff7f793
853685be
db6fd0ef
ef818793
478343d4
8713fed4
06a30017
0713fee4
97baff04
fbc78783
0ff7f793
853685be
d8efd0ef
ef818793
478343d4
8713fed4
06a30017
0713fee4
97baff04
fbc78783
0ff7f793
853685be
d66fd0ef
ef818793
478343d4
8713fed4
06a30017
0713fee4
97baff04
fbc78783
0ff7f793
853685be
d3efd0ef
ef818793
478343d4
8713fed4
06a30017
0713fee4
97baff04
fbc78783
0ff7f793
853685be
d16fd0ef
ef818793
478343d4
8713fed4
06a30017
0713fee4
97baff04
fbc78783
0ff7f793
853685be
ceefd0ef
ef818793
478343d4
8713fed4
06a30017
0713fee4
97baff04
fbc78783
0ff7f793
853685be
cc6fd0ef
ef818793
478343d4
8713fed4
06a30017
0713fee4
97baff04
fbc78783
0ff7f793
853685be
c9efd0ef
ef818793
478343d4
8713fed4
06a30017
0713fee4
97baff04
fbc78783
0ff7f793
853685be
c76fd0ef
fe0406a3
87930001
43dcef81
00c7c783
dbf58b85
c00007b7
fff78593
000407b7
10878513
c33fd0ef
ef818793
853e43dc
d9cfd0ef
87930001
c7033c01
47850007
fef70be3
3c018793
80234705
000100e7
542650b6
80826165
ce061101
1000cc22
872e87aa
fef41723
06a387ba
8793fef4
80231a81
006f0007
57836aa0
0713fee4
88630cc0
071362e7
40630cc0
071368f7
84630ca0
07135ce7
48630ca0
071366f7
466304a0
c26302f7
07136607
6e6304a0
971364f7
87970027
87930000
97ba6367
87974398
87930000
97ba62a7
07138782
88630c80
006f52e7
85936340
85179681
05130000
d0ef5d65
8793a44f
c7831a81
87130007
76930017
87130ff7
00231a81
871300d7
078a6101
439c97ba
60ef853e
872a5830
863a87ae
851786be
05130000
d0ef5a25
5783a08f
0789fee4
fef41723
8593a3dd
85179701
05130000
d0ef57e5
87939ecf
c7831a81
87130007
76930017
87130ff7
00231a81
871300d7
078a6101
439c97ba
60ef853e
872a52b0
863a87ae
851786be
05130000
d0ef5525
57839b0f
0789fee4
fef41723
8593a379
85179781
05130000
d0ef5265
8793994f
c7831a81
87130007
76930017
87130ff7
00231a81
871300d7
078a6101
439c97ba
60ef853e
872a4d30
863a87ae
851786be
05130000
d0ef4fa5
5783958f
0789fee4
fef41723
8593ab1d
8517a081
05130000
d0ef4ce5
879393cf
c7831a81
87130007
76930017
87130ff7
00231a81
871300d7
078a6101
439c97ba
60ef853e
872a47b0
863a87ae
851786be
05130000
d0ef4a25
5783900f
0789fee4
fef41723
8593a9f9
8517a141
05130000
d0ef4765
87938e4f
c7831a81
87130007
76930017
87130ff7
00231a81
871300d7
078a6101
439c97ba
60ef853e
872a4230
863a87ae
851786be
05130000
d0ef44a5
57838a8f
0789fee4
fef41723
8593a159
8517a201
05130000
d0ef41e5
879388cf
c7831a81
87130007
76930017
87130ff7
00231a81
871300d7
078a6101
439c97ba
60ef853e
872a3cb0
863a87ae
851786be
05130000
d0ef3f25
5783850f
0789fee4
fef41723
8593a13d
85179801
05130000
d0ef3c65
8793834f
c7831a81
87130007
76930017
87130ff7
00231a81
871300d7
078a6101
439c97ba
60ef853e
872a3730
863a87ae
851786be
05130000
c0ef39a5
5783ff9f
0789fee4
fef41723
8593aed9
85179881
05130000
c0ef36e5
8793fddf
c7831a81
87130007
76930017
87130ff7
00231a81
871300d7
078a6101
439c97ba
60ef853e
872a31b0
863a87ae
851786be
05130000
c0ef3425
5783fa1f
0789fee4
fef41723
8593aebd
85179901
05130000
c0ef3165
8793f85f
c7831a81
87130007
76930017
87130ff7
00231a81
871300d7
078a6101
439c97ba
60ef853e
872a2c30
863a87ae
851786be
05130000
c0ef2ea5
5783f49f
0789fee4
fef41723
8593a61d
85179981
05130000
c0ef2be5
8793f2df
c7831a81
87130007
76930017
87130ff7
00231a81
871300d7
078a6101
439c97ba
60ef853e
872a26b0
863a87ae
851786be
05130000
c0ef2925
5783ef1f
0789fee4
fef41723
8593a4f9
85179a01
05130000
c0ef2665
8793ed5f
c7831a81
87130007
76930017
87130ff7
00231a81
871300d7
078a6101
439c97ba
60ef853e
872a2130
863a87ae
851786be
05130000
c0ef23a5
5783e99f
0789fee4
fef41723
8593ac9d
85179a81
05130000
c0ef20e5
8793e7df
c7831a81
87130007
76930017
87130ff7
00231a81
871300d7
078a6101
439c97ba
60ef853e
872a1bb0
863a87ae
851786be
05130000
c0ef1e25
5783e41f
0789fee4
fef41723
8593ac39
8517a2c1
05130000
c0ef1b65
8793e25f
c7831a81
87130007
76930017
87130ff7
00231a81
871300d7
078a6101
439c97ba
60ef853e
872a1630
863a87ae
851786be
05130000
c0ef18a5
5783de9f
0789fee4
fef41723
8593a2d9
8517a381
05130000
c0ef15e5
8793dcdf
c7831a81
87130007
76930017
87130ff7
00231a81
871300d7
078a6101
439c97ba
60ef853e
872a10b0
863a87ae
851786be
05130000
c0ef1325
5783d91f
0789fee4
fef41723
8593a2bd
8517a441
05130000
c0ef1065
8793d75f
c7831a81
87130007
76930017
87130ff7
00231a81
871300d7
078a6101
439c97ba
60ef853e
872a0b30
863a87ae
851786be
05130000
c0ef0da5
5783d39f
0789fee4
fef41723
8593aa19
85179b01
05130000
c0ef0ae5
8793d1df
c7831a81
87130007
76930017
87130ff7
00231a81
871300d7
078a6101
439c97ba
60ef853e
872a05b0
863a87ae
851786be
05130000
c0ef0825
5783ce1f
0789fee4
fef41723
8593a87d
85179b81
05130000
c0ef0565
8793cc5f
c7831a81
87130007
76930017
87130ff7
00231a81
871300d7
078a6101
439c97ba
60ef853e
872a0030
863a87ae
851786be
05130000
c0ef02a5
5783c89f
0789fee4
fef41723
8593a09d
85179c01
05130000
c0efffe5
8793c6df
c7831a81
87130007
76930017
87130ff7
00231a81
871300d7
078a6101
439c97ba
60ef853e
872a7aa0
863a87ae
851786be
05130000
c0effd25
5783c31f
0789fee4
fef41723
8517a039
05130000
c0effc25
4783c19f
17fdfed4
fef406a3
fed44783
94079be3
00010001
446240f2
80826105
ce061101
1000cc22
872e87aa
fef407a3
072387ba
4783fef4
4711fef4
1ce78763
4a634711
470d24f7
12e78a63
4463470d
470524f7
00e78663
8a634709
ac2508e7
fee44703
11634785
851704f7
05130000
c0ef09a5
8517ba5f
05130000
00ef09e5
05932430
05130640
d0ef0c80
8517c3cf
05130000
00ef0965
059322b0
05131f40
d0ef1f40
aad5c24f
fee44783
1e079763
00008517
08050513
b5ffc0ef
00008517
05850513
1fd000ef
06400593
0c800513
bf6fd0ef
00008517
07050513
1e5000ef
1f400593
1f400513
bdefd0ef
4703a27d
4785fee4
04f71163
00008517
05850513
b17fc0ef
00008517
01050513
1b5000ef
06400593
0c800513
baefd0ef
00008517
04450513
19d000ef
1f400593
1f400513
b96fd0ef
4783a2ad
9263fee4
85171607
05130000
c0ef02e5
8517ad1f
05130000
00effca5
059316f0
05130640
d0ef0c80
8517b68f
05130000
00ef01e5
05931570
05131f40
d0ef1f40
a215b50f
fee44703
11634785
851704f7
05130000
c0ef0065
8517a89f
05130000
00eff825
05931270
05130640
d0ef0c80
8517b20f
05130000
00efff25
059310f0
05131f40
d0ef1f40
a0c5b08f
fee44783
0c079d63
00008517
fdc50513
a43fc0ef
00008517
f3c50513
0e1000ef
06400593
0c800513
adafd0ef
00008517
fcc50513
0c9000ef
1f400593
1f400513
ac2fd0ef
4703a869
4785fee4
04f71163
00008517
fb450513
9fbfc0ef
00008517
ef450513
099000ef
06400593
0c800513
a92fd0ef
00008517
fa050513
081000ef
1f400593
1f400513
a7afd0ef
4783a899
eba1fee4
00008517
f8c50513
9b7fc0ef
00008517
eb050513
055000ef
06400593
0c800513
a4efd0ef
00008517
f7c50513
03d000ef
1f400593
1f400513
a36fd0ef
0001a809
0001a801
0001a031
0001a021
0001a011
40f20001
61054462
11018082
cc22ce06
87aa1000
07a3872e
87bafef4
fef40723
fef44783
86634711
471112e7
16f74f63
8463470d
470d0ce7
16f74963
86634705
470900e7
04e78f63
4703a28d
47cdfee4
04f71763
fef44783
fee44703
85be863a
00008517
efc50513
907fc0ef
00008517
e0050513
7a4000ef
06400593
0c800513
99efd0ef
00008517
ef850513
78c000ef
1f400593
1f400513
986fd0ef
0001a011
4703a231
47cdfee4
04f71763
fef44783
fee44703
85be863a
00008517
ea450513
8affc0ef
00008517
da850513
74c000ef
06400593
0c800513
946fd0ef
00008517
eac50513
734000ef
1f400593
1f400513
92efd0ef
0001a011
4703a855
47cdfee4
04f71763
fef44783
fee44703
85be863a
00008517
e4c50513
857fc0ef
00008517
d5050513
6f4000ef
06400593
0c800513
8eefd0ef
00008517
e6050513
6dc000ef
1f400593
1f400513
8d6fd0ef
0001a011
4703a8b1
47cdfee4
04f71763
fef44783
fee44703
85be863a
00008517
df450513
ffefc0ef
00008517
cf850513
69c000ef
06400593
0c800513
896fd0ef
00008517
e1450513
684000ef
1f400593
1f400513
87efd0ef
0001a011
0001a011
40f20001
61054462
11018082
cc22ce06
87aa1000
07a3872e
87bafef4
fef40723
fef44783
81634711
471122e7
2cf74263
8663470d
470d16e7
2af74c63
86634705
470900e7
0ae78863
4703a465
4785fee4
04f71863
00008517
dac50513
f66fc0ef
00008517
db850513
275000ef
06400513
429010ef
00008517
c5c50513
261000ef
06400513
415010ef
ef818793
45e9479c
c0ef853e
0513879f
10ef0640
ac993ff0
fee44783
24079863
00008517
d8850513
f12fc0ef
00008517
d6450513
221000ef
06400513
3d5010ef
00008517
c2850513
20d000ef
06400513
3c1010ef
ef818793
45e9479c
c0ef853e
0513825f
10ef0640
a4093ab0
fee44703
18634785
851704f7
05130000
c0efd4a5
8517ebcf
05130000
00efd0e5
05131cb0
10ef0640
851737f0
05130000
00efbee5
05131b70
10ef0640
879336b0
479cef81
853e45e9
fcefc0ef
06400513
355010ef
4783aa45
9563fee4
85171a07
05130000
c0efd0e5
8517e68f
05130000
00efcba5
05131770
10ef0640
851732b0
05130000
00efbba5
05131630
10ef0640
87933170
479cef81
853e45e9
f7afc0ef
06400513
301010ef
4703aab1
4785fee4
04f71863
00008517
cd050513
e12fc0ef
00008517
c6450513
121000ef
06400513
2d5010ef
00008517
b8050513
10d000ef
06400513
2c1010ef
ef818793
45e9479c
c0ef853e
0513f24f
10ef0640
a2292ab0
fee44783
10079263
00008517
c9450513
dbefc0ef
00008517
c1050513
0cd000ef
06400513
281010ef
00008517
b4c50513
0b9000ef
06400513
26d010ef
ef818793
45e9479c
c0ef853e
0513ed0f
10ef0640
a85d2570
fee44703
18634785
851704f7
05130000
c0efc565
8517d68f
05130000
00efbba5
05130770
10ef0640
851722b0
05130000
00efb125
05130630
10ef0640
87932170
479cef81
853e45e9
e7afc0ef
06400513
201010ef
4783a095
efb9fee4
00008517
c1c50513
d16fc0ef
00008517
b6850513
025000ef
06400513
1d9010ef
00008517
ae050513
011000ef
06400513
1c5010ef
ef818793
45e9479c
c0ef853e
0513e28f
10ef0640
a8091af0
a8010001
a0310001
a0210001
a0110001
00010001
446240f2
80826105
ce061101
1000cc22
872e87aa
fef407a3
072387ba
4783fef4
4711fef4
12e78963
43634711
470d18f7
0ce78663
4d63470d
470516f7
00e78663
80634709
a2ad06e7
fee44703
186347cd
851704f7
05130000
c0efb825
8517c64f
05130000
00efab65
05137720
10ef0640
85171270
05130000
00efa5a5
051375e0
10ef0640
87931130
479cef81
853e45e9
d76fc0ef
06400513
0fd010ef
0001a011
4703aa09
47cdfee4
04f71863
00008517
b3c50513
c0afc0ef
00008517
a5c50513
718000ef
06400513
0cd010ef
00008517
a0c50513
704000ef
06400513
0b9010ef
ef818793
45e9479c
c0ef853e
0513d1cf
10ef0640
a0110a30
a8650001
fee44703
186347cd
851704f7
05130000
c0efaf65
8517bb0f
05130000
00efa025
05136be0
10ef0640
85170730
05130000
00ef9be5
05136aa0
10ef0640
879305f0
479cef81
853e45e9
cc2fc0ef
06400513
049010ef
0001a011
4703a8b9
47cdfee4
04f71863
00008517
ab050513
b56fc0ef
00008517
9a850513
664000ef
06400513
019010ef
00008517
97050513
650000ef
06400513
005010ef
ef818793
45e9479c
c0ef853e
0513c68f
10ef0640
a0117ee0
a0110001
00010001
446240f2
80826105
ce221101
26231000
a031fe04
fec42783
26230785
2703fef4
67e1fec4
6a078793
fee7d6e3
00010001
61054472
11018082
1000ce22
fe042623
2783a031
0785fec4
fef42623
fec42703
000497b7
3e078793
fee7d5e3
00010001
61054472
11418082
c422c606
85170800
05130000
c0efa025
8517a94f
05130000
288da0e5
1f400593
1f400513
b2ffc0ef
54418513
85172271
05130000
28999fa5
03200593
03200513
b13fc0ef
54418513
85172a85
05130000
282d9e25
03200593
03200513
af7fc0ef
54418513
85172a91
05130000
28399ce5
03200593
03200513
adbfc0ef
54418513
00012a25
442240b2
80820141
ce061101
1000cc22
fea42623
8793a00d
4798ef81
fec42783
0007c783
853a85be
b3efc0ef
fec42783
26230785
2783fef4
c783fec4
ffe10007
ef818793
45b5479c
c0ef853e
8793b1cf
479cef81
853e45a9
b0efc0ef
853e4781
446240f2
80826105
ce061101
1000cc22
fea42623
8793a00d
4798ef81
fec42783
0007c783
853a85be
adefc0ef
fec42783
26230785
2783fef4
c783fec4
ffe10007
ef818793
45b5479c
c0ef853e
8793abcf
479cef81
853e45a9
aaefc0ef
853e4781
446240f2
80826105
ce061101
1000cc22
fea42623
8793a00d
43d8ef81
fec42783
0007c783
853a85be
a7efc0ef
fec42783
26230785
2783fef4
c783fec4
ffe10007
ef818793
45b543dc
c0ef853e
8793a5cf
43dcef81
853e45a9
a4efc0ef
12c00593
12c00513
9abfc0ef
853e4781
446240f2
80826105
d6067179
1800d422
fca42e23
fdc42783
fef42623
fdc42783
fef42223
fe042423
8793a841
479cef81
fe040713
853e85ba
a80fc0ef
fe042783
0ff7f713
fec42783
00e78023
fec42783
26230785
2783fef4
8023fec4
85970007
85930000
250382e5
60effe44
87aa2900
2583cb99
8517fe44
05130000
c0ef81a5
4781874f
8597a899
85930000
25038225
60effe44
87aa2680
2583cb99
7517fe44
05130000
c0ef7f25
478184cf
2783a03d
0785fe84
fef42423
fe842703
0c500793
f6e7d5e3
fec42783
00078023
00007517
7e450513
81efc0ef
853e4785
542250b2
80826145
c6061141
0800c422
00007517
78450513
059333e5
05133e80
c0ef3e80
85138a5f
37095441
00007517
7b850513
fe3fb0ef
00007517
7b450513
059333c1
05130320
c0ef0320
851387df
3de95441
00007517
7a450513
fbbfb0ef
00007517
7a050513
85133b61
3d7d5441
00007517
79c50513
f9ffb0ef
00007517
79850513
85133bb5
354d5441
00007517
79c50513
f83fb0ef
40b20001
01414422
11418082
c422c606
47010800
06400693
00007617
78060613
45094581
efdfd0ef
00007517
6d450513
75173be5
05130000
b0ef77a5
4511f45f
c64fc0ef
00007517
6c450513
75173bf1
05130000
b0ef7665
0593f29f
05131f40
c0ef1f40
7517fccf
05130000
3b6d75a5
00007517
75c50513
f07fb0ef
1f400593
1f400513
faafc0ef
00007517
75c50513
75173b61
05130000
b0ef7625
0593ee5f
05131f40
c0ef1f40
7517f88f
05130000
3b9d6be5
00007517
6c050513
ec3fb0ef
1f400593
1f400513
f66fc0ef
00007517
6b050513
75173b91
05130000
b0ef6ba5
0593ea1f
05131f40
c0ef1f40
7517f44f
05130000
3b0d71e5
00007517
72050513
e7ffb0ef
1f400593
1f400513
f22fc0ef
06934701
76170640
06130000
45817166
d0ef4509
0001dfff
442240b2
80820141
ce061101
1000cc22
fea42623
00007597
70458593
fec42503
03e060ef
cb9187aa
fec42583
00007517
6f450513
e23fb0ef
7597a825
85930000
25036fe5
60effec4
87aa0180
2583cb91
7517fec4
05130000
b0ef6ee5
a809dfdf
fec42583
00007517
6f450513
debfb0ef
40f20001
61054462
11418082
c422c606
47010800
06400693
00007617
6ec60613
45094581
d65fd0ef
00007517
54450513
051328c1
10ef0640
75172860
05130000
287d5365
06400513
274010ef
00007517
6cc50513
05132075
10ef0640
75172620
05130000
28696c65
06400513
250010ef
00007517
6c850513
05132061
10ef0640
470123e0
06400693
00007617
60c60613
45094581
cf5fd0ef
40b20001
01414422
11018082
cc22ce06
26231000
a00dfea4
ef818793
278343d8
c783fec4
85be0007
b0ef853a
2783e6df
0785fec4
fef42623
fec42783
0007c783
8793ffe1
43dcef81
853e45b5
e4bfb0ef
ef818793
45a943dc
b0ef853e
0001e3df
446240f2
80826105
ce061101
1000cc22
fea42623
8793a00d
4798ef81
fec42783
0007c783
853a85be
e0ffb0ef
fec42783
26230785
2783fef4
c783fec4
ffe10007
ef818793
45b5479c
b0ef853e
8793dedf
479cef81
853e45a9
ddffb0ef
40f20001
61054462
11418082
0800c622
8793a2ed
c7839eb1
873e0007
66418793
c70397ba
47b50007
18f71763
9eb18793
0007c783
f7130785
87930ff7
80239eb1
879300e7
c7039eb1
07930007
f6630640
879300e7
80239eb1
87930007
c7839ed1
17fd0007
0ff7f713
9ed18793
00e78023
9eb18793
0007c783
8793873e
97ba6641
0007c703
156347a9
87930ef7
c7839eb1
07850007
0ff7f713
9eb18793
00e78023
9eb18793
0007c703
06400793
00e7f663
9eb18793
00078023
9ed18793
0007c783
f71317fd
87930ff7
80239ed1
a0a500e7
9e918793
0007c783
8793863e
c7839ea1
87130007
76930017
87130ff7
00239ea1
86be00d7
66418793
c70397b2
87930007
97b61341
00e78023
9e918793
0007c783
f7130785
87930ff7
80239e91
879300e7
c7039e91
07930007
f6630640
879300e7
80239e91
87930007
c7039e91
87930007
c7839eb1
15e30007
8793f8f7
c7839ea1
873e0007
13418793
802397ba
87930007
80239ea1
87930007
47052b41
a871c398
9eb18793
0007c783
f7130785
87930ff7
80239eb1
879300e7
c7039eb1
07930007
f6630640
879300e7
80239eb1
87930007
c7839ed1
17fd0007
0ff7f713
9ed18793
00e78023
8793a099
c7839eb1
07850007
0ff7f713
9eb18793
00e78023
9eb18793
0007c703
06400793
00e7f663
9eb18793
00078023
9ed18793
0007c783
f71317fd
87930ff7
80239ed1
879300e7
c7039ed1
47850007
e0e7e7e3
00010001
01414432
11418082
0800c622
8793a2ed
c7839f41
873e0007
2b818793
c70397ba
47b50007
18f71763
9f418793
0007c783
f7130785
87930ff7
80239f41
879300e7
c7039f41
07930007
f6630fa0
879300e7
80239f41
87930007
c7839f51
17fd0007
0ff7f713
9f518793
00e78023
9f418793
0007c783
8793873e
97ba2b81
0007c703
156347a9
87930ef7
c7839f41
07850007
0ff7f713
9f418793
00e78023
9f418793
0007c703
0fa00793
00e7f663
9f418793
00078023
9f518793
0007c783
f71317fd
87930ff7
80239f51
a0a500e7
9f118793
0007c783
8793863e
c7839f21
87130007
76930017
87130ff7
00239f21
86be00d7
2b818793
c70397b2
87930007
97b66c81
00e78023
9f118793
0007c783
f7130785
87930ff7
80239f11
879300e7
c7039f11
07930007
f6630fa0
879300e7
80239f11
87930007
c7039f11
87930007
c7839f41
15e30007
8793f8f7
c7839f21
873e0007
6c818793
802397ba
87930007
80239f21
87930007
470560c1
a871c398
9f418793
0007c783
f7130785
87930ff7
80239f41
879300e7
c7039f41
07930007
f6630fa0
879300e7
80239f41
87930007
c7839f51
17fd0007
0ff7f713
9f518793
00e78023
8793a099
c7839f41
07850007
0ff7f713
9f418793
00e78023
9f418793
0007c703
0fa00793
00e7f663
9f418793
00078023
9f518793
0007c783
f71317fd
87930ff7
80239f51
879300e7
c7039f51
47850007
e0e7e7e3
00010001
01414432
11418082
0800c622
8793a2ed
c7839fb1
873e0007
1ac18793
c70397ba
47b50007
18f71763
9fb18793
0007c783
f7130785
87930ff7
80239fb1
879300e7
c7039fb1
07930007
f6630fa0
879300e7
80239fb1
87930007
c7839fc1
17fd0007
0ff7f713
9fc18793
00e78023
9fb18793
0007c783
8793873e
97ba1ac1
0007c703
156347a9
87930ef7
c7839fb1
07850007
0ff7f713
9fb18793
00e78023
9fb18793
0007c703
0fa00793
00e7f663
9fb18793
00078023
9fc18793
0007c783
f71317fd
87930ff7
80239fc1
a0a500e7
9f818793
0007c783
8793863e
c7839f91
87130007
76930017
87130ff7
00239f91
86be00d7
1ac18793
c70397b2
87930007
97b64301
00e78023
9f818793
0007c783
f7130785
87930ff7
80239f81
879300e7
c7039f81
07930007
f6630fa0
879300e7
80239f81
87930007
c7039f81
87930007
c7839fb1
15e30007
8793f8f7
c7839f91
873e0007
43018793
802397ba
87930007
80239f91
87930007
47053bc1
a871c398
9fb18793
0007c783
f7130785
87930ff7
80239fb1
879300e7
c7039fb1
07930007
f6630fa0
879300e7
80239fb1
87930007
c7839fc1
17fd0007
0ff7f713
9fc18793
00e78023
8793a099
c7839fb1
07850007
0ff7f713
9fb18793
00e78023
9fb18793
0007c703
0fa00793
00e7f663
9fb18793
00078023
9fc18793
0007c783
f71317fd
87930ff7
80239fc1
879300e7
c7039fc1
47850007
e0e7e7e3
00010001
01414432
11418082
c422c606
45650800
807fc0ef
0c418793
00000717
05c70713
7517d3f8
05130000
b0effb25
42a1e4cf
3002a073
82936285
a0738002
27f33042
27f33000
27f33040
87933440
439cef81
853e4591
f46fb0ef
b0ef4505
7517b43f
05130000
b0eff8a5
0001e10f
442240b2
80820141
c6221141
a0750800
ef818793
479c439c
0ff7f713
1a018793
00e78023
9ec18793
0007c783
879386be
c7031a01
87930007
97b66641
00e78023
9ec18793
0007c783
f7130785
87930ff7
80239ec1
879300e7
c7039ec1
07930007
f6630640
879300e7
80239ec1
87930007
c7839ed1
07850007
0ff7f713
9ed18793
00e78023
9ed18793
0007c703
06400793
00e7fd63
9ed18793
06400713
00e78023
9ee18793
80234705
879300e7
c7039ed1
87930007
80239ef1
879300e7
439cef81
00c7c783
f7a98b91
00010001
01414432
11418082
c422c606
45690800
ecefc0ef
0c418793
00000717
05c70713
7517d7b8
05130000
b0efe7a5
42a1d14f
3002a073
82936285
a0738002
27f33042
27f33000
27f33040
87933440
43dcef81
853e4591
e0efb0ef
b0ef4505
7517a0bf
05130000
b0efe525
0001cd8f
442240b2
80820141
c6221141
a84d0800
ef818793
479c43dc
0ff7f713
00008797
5e078793
00e78023
9f318793
0007c783
879786be
87930000
c7035ca7
87930007
97b62b81
00e78023
9f318793
0007c783
f7130785
87930ff7
80239f31
879300e7
c7039f31
07930007
f6630fa0
879300e7
80239f31
87930007
c7839f51
07850007
0ff7f713
9f518793
00e78023
9f518793
0007c703
0fa00793
00e7fc63
9f518793
80235769
879300e7
47052ac1
00e78023
9f518793
0007c703
9f618793
00e78023
ef818793
c78343dc
8b9100c7
0001f3b1
44320001
80820141
ce061101
ca26cc22
07a31000
8793fe04
d7833b81
f7930007
07860ff7
0ff7f793
f7130795
87930ff7
80233ba1
072300e7
2423fe04
478dfe04
fef401a3
fe0400a3
fe042423
8793a835
43dcef81
27834794
8713fe84
24230017
f713fee4
86930ff6
97b65441
00e78023
ef818793
c78343dc
8b9100c7
2783fbe9
0785fe84
fef42423
3ba18793
0007c783
2783873e
cde3fe84
4785fce7
fef40123
fe042423
4783a05d
8713fee4
97ba5441
0007c783
fef40023
fee44783
07230785
2703fef4
4789fe84
06e7dc63
3ba18793
0007c783
270317f9
5363fe84
470306f7
4783fe04
078efe34
00f717b3
2783873e
8fd9fe44
fef42223
fe344783
fff78713
fee401a3
2683ef95
4783fe44
8713fef4
07a30017
84befee4
d0ef8536
86aaee8f
61018713
00249793
c39497ba
fe042223
01a3478d
4783fef4
0785fe24
fef40123
fe842783
24230785
8793fef4
c7833ba1
873e0007
fe842783
f4e7c7e3
2ad18793
0007c783
01079713
87938341
c7835401
85be0007
d0ef853a
7517fbbf
05130000
b0efc065
8793a80f
43dcef81
b0ef853e
05b7d16f
07b74000
85130004
b0ef1087
8793b91f
80233c01
00010007
446240f2
610544d2
11418082
c422c606
456d0800
be2fc0ef
0c418793
00000717
05a70713
7517d7f8
05130000
b0efbda5
42a1a28f
3002a073
82936285
a0738002
27f33042
27f33000
27f33040
75173440
05130000
b0efbc65
e0efa00f
8793efbf
479cef81
853e4591
b12fb0ef
40b20001
01414422
11418082
0800c622
8793a06d
479cef81
f713479c
87930ff7
80235411
879300e7
c7839fa1
86be0007
54118793
0007c703
1ac18793
802397b6
879300e7
c7839fa1
07850007
0ff7f713
9fa18793
00e78023
9fa18793
0007c703
0fa00793
00e7f663
9fa18793
00078023
9fc18793
0007c783
f7130785
87930ff7
80239fc1
879300e7
c7039fc1
07930007
fc630fa0
879300e7
57699fc1
00e78023
53818793
80234705
879300e7
c7039fc1
87930007
80239fd1
879300e7
479cef81
00c7c783
f7b18b91
00010001
01414432
71398082
dc22de06
75170080
05130000
b0efade5
8793908f
a0231a41
00010007
ef818793
c783479c
8b9100c7
a80ddbf5
ef818793
4790479c
9f318793
0007c783
00178713
0ff77693
9f318713
00d70023
771386be
87930ff6
97b62b81
00e78023
ef818793
c783479c
8b9100c7
7597f3f1
85930000
8513a8e5
50ef2b81
87aa2a80
22078663
00007517
a8050513
88efb0ef
3c418793
c3984709
fe042623
fe042423
2703a03d
0793fe84
24230017
2783fef4
8693fec4
26230017
8693fed4
97362b81
00074703
ff040693
842397b6
8713fee7
27832b81
97bafe84
0007c703
02c00793
fcf711e3
fe842783
24230785
2783fef4
0785fec4
fef42623
fec42783
ff040713
842397ba
2623fe07
a03dfe04
fe842703
00170793
fef42423
fec42783
00178693
fed42623
2b818693
47039736
06930007
97b6ff04
fce78e23
2b818713
fe842783
c70397ba
07930007
11e303a0
2783fcf7
0785fe84
fef42423
fec42783
26230785
2783fef4
0713fec4
97baff04
fc078e23
fe042623
2703a03d
0793fe84
24230017
2783fef4
8693fec4
26230017
8693fed4
97362b81
00074703
ff040693
882397b6
8713fce7
27832b81
97bafe84
0007c783
2783f3f9
0785fe84
fef42423
fec42783
26230785
2783fef4
0713fec4
97baff04
fc078823
fe042623
fc040693
fcc40713
fd840793
85be863a
00007517
93450513
f2bfa0ef
fc044783
03300713
0ce78363
03300713
0cf74163
03100713
00e78763
03200713
0ae78b63
4783a07d
0713fc24
88630340
071306e7
4f630340
071306f7
85630330
071304e7
47630330
071306f7
87630310
071300e7
8e630320
a8a900e7
00007517
8e450513
ec3fa0ef
3b418793
c3984705
7517a099
05130000
a0ef8de5
8793eadf
47093b41
a805c398
00007517
8d850513
e97fa0ef
3b418793
c398470d
7517a829
05130000
a0ef8d25
8793e81f
47113b41
a011c398
a00d0001
3c418793
c3984705
00007517
8c050513
e5ffa0ef
0001a031
0001a021
0001a011
00007517
8b450513
e47fa0ef
9f318793
0007c783
f7130785
87930ff7
80239f31
879300e7
c7039f31
07930007
f6630fa0
879300e7
80239f31
87930007
c7839f51
07850007
0ff7f713
9f518793
00e78023
9f518793
0007c703
0fa00793
00e7fc63
9f518793
80235769
879300e7
47052ac1
00e78023
9f518793
0007c703
9f618793
00e78023
fe042223
8713a025
27832b81
97bafe44
0007c703
6c818693
fe442783
802397b6
278300e7
0785fe44
fef42223
fe442703
0ff00793
fce7d9e3
9f318793
00078023
2b818593
00007517
80050513
d7ffa0ef
0fa00613
85134581
40ef2b81
65172cf0
05130000
a0ef7fe5
0001d65f
546250f2
80826121
ce221101
87931000
c7839f41
873e0007
2b818793
c78397ba
07a30007
8793fef4
c7839f41
07850007
0ff7f713
9f418793
00e78023
9f418793
0007c703
0fa00793
00e7f663
9f418793
00078023
9f518793
0007c783
8793cf81
c7839f51
17fd0007
0ff7f713
9f518793
00e78023
fef44783
4472853e
80826105
d6067179
1800d422
fca42e23
6c818513
34d040ef
242387aa
2703fef4
0793fe84
ca630f90
258300e7
8513fdc4
40ef6c81
26236b90
2783fea4
853efec4
542250b2
80826145
c6061141
0800c422
00006517
41850513
a75fe0ef
03200513
85932aa1
65176c81
05130000
a0ef7365
0613c75f
45810fa0
6c818513
1c5040ef
40b20001
01414422
11018082
cc22ce06
26231000
2423fea4
0513feb4
2a290320
2503a801
3fb9fec4
c39987aa
a8014785
fe842783
fff78713
fee42423
853ef3fd
446240f2
80826105
c6061141
0800c422
1a418793
9863439c
87930c07
43983c41
17634789
651708f7
05130000
a0ef6ca5
8793bf5f
43983b41
19634785
651700f7
05130000
a0ef6d65
a851bddf
3b418793
47894398
00f71963
00006517
6c850513
bc3fa0ef
8793a8ad
43983b41
1963478d
651700f7
05130000
a0ef6ba5
a085ba9f
3b418793
47914398
00f71963
00006517
6ac50513
b8ffa0ef
8793a099
439c3b41
6517ef9d
05130000
a0ef6a25
a805b79f
3c418793
47854398
00f71963
00006517
69850513
b5ffa0ef
8793a819
439c3c41
6517e799
05130000
a0ef6a25
8793b49f
a0233c41
87930007
47051a41
0001c398
442240b2
80820141
d6227179
2e231800
2783fca4
2623fdc4
a829fef4
12c00793
fef42423
27830001
8713fe84
2423fff7
fbf5fee4
fec42783
fff78713
fee42623
0001fff1
54320001
80826145
ce061101
1000cc22
fe042623
2703a0a1
47bdfec4
00e7ce63
46854705
00006617
63c60613
fec42583
c0ef4505
a831a5ff
fec42783
470517c1
66174685
06130000
85be61e6
c0ef4509
2783a43f
0785fec4
fef42623
fec42703
dae347f9
0001fae7
40f20001
61054462
71398082
dc22de06
87930080
439c9641
05500713
c0efc398
c0efa51f
3fad9c5f
06934705
66170640
06130000
45815ce6
c0ef4505
05939eff
07b70200
85130004
c0ef1087
87aa9ecf
14079063
06934705
66170640
06130000
45815b66
c0ef4505
47019c3f
06400693
00006617
5b460613
45094581
9adfc0ef
a0ef450d
4705f2bf
06400693
00006617
5ac60613
45054581
991fc0ef
06934701
66170640
06130000
45815aa6
c0ef4509
059397bf
07b70200
85130004
c0ef1087
87aa978f
6517e39d
05130000
a0ef59a5
47019b9f
06400693
00006617
59460613
45054581
945fc0ef
45c1b7e9
000407b7
10878513
942fc0ef
e39d87aa
00006517
58450513
983fa0ef
06934701
66170640
06130000
458157e6
c0ef4505
bf5190ff
04000593
000407b7
10878513
90afc0ef
e39d87aa
00006517
56c50513
94bfa0ef
06934701
66170640
06130000
45815666
c0ef4505
bfb18d7f
08000593
000407b7
10878513
8d2fc0ef
f7a187aa
00006517
55450513
913fa0ef
06934701
66170640
06130000
458154e6
c0ef4505
b71589ff
00006517
55050513
8effa0ef
2b418793
c3984709
60c18793
c3984709
3bc18793
c3984709
3c018793
00078023
913fa0ef
925fb0ef
a52ff0ef
b86ff0ef
e6eff0ef
ef818793
678943d8
58078593
a0ef853a
879398bf
4798ef81
85936789
853a5807
979fa0ef
ef818793
853e43dc
b2dfa0ef
ef818793
853e479c
b21fa0ef
907fe0ef
25800593
0c800513
91efb0ef
a8ffe0ef
a0ef4505
0613d8bf
45810fa0
6c818513
5b4040ef
0fa00613
85134581
40ef2b81
06135a60
45810fa0
1ac18513
598040ef
0fa00613
85134581
40ef4301
061358a0
45810640
13418513
57c040ef
06400613
85134581
40ef6641
061356e0
45810640
3cc18513
560040ef
53c18793
0007a023
ef818793
853e439c
a91fa0ef
ef818793
853e43dc
a85fa0ef
ef818793
853e479c
a79fa0ef
a0ef4505
4705cf7f
06400693
00006617
43860613
45054581
f5cfc0ef
00006517
43c50513
faefa0ef
fe042423
22234785
4785fef4
fef42023
b13fe0ef
2b418793
47854398
26f71463
00006517
41c50513
f82fa0ef
13418593
00006517
a0050513
f72fa0ef
00006597
40858593
13418513
16b040ef
8e6387aa
47010e07
3e800693
00006617
3f460613
45094581
ee8fc0ef
13418793
0067c783
07700713
08e78063
07700713
0af74963
07200713
00e78f63
07200713
0af74163
05200713
00e78763
05700713
04e78c63
8793a079
c7831341
87930077
2223fd07
8793fcf4
c7831341
87130087
87bafd07
97ba078a
873e0786
13418793
0097c783
fd078793
202397ba
2783fcf4
f793fc44
27030ff7
7713fc04
85ba0ff7
d0ef853e
a83dd59f
13418793
0077c783
fd078793
fcf42623
13418793
0087c783
fd078793
fcf42423
fcc42783
0ff7f793
fc842703
0ff77713
853e85ba
a8dfd0ef
0001a011
47053e51
06400693
00006617
2e460613
45054581
e08fc0ef
6597a21d
85930000
85133165
40ef1341
87aa05d0
10078963
06934701
66173e80
06130000
45813026
c0ef4509
8793ddaf
c7831341
07130067
86630770
071308e7
45630770
07130cf7
8f630720
071300e7
4d630720
07130af7
87630520
071300e7
82630570
a05d06e7
00006517
2cc50513
df2fa0ef
13418793
0077c783
fd078793
fcf42a23
13418793
0087c783
fd078713
078a87ba
078697ba
8793873e
c7831341
87930097
97bafd07
fcf42823
fd442783
0ff7f793
fd042703
0ff77713
853e85ba
8ecfe0ef
6517a0a9
05130000
a0ef27e5
8793d94f
c7831341
87930077
2e23fd07
8793fcf4
c7831341
87930087
2c23fd07
2783fcf4
f793fdc4
27030ff7
7713fd84
85ba0ff7
d0ef853e
a011da5f
34bd0001
06934705
66170640
06130000
45811be6
c0ef4505
0613ce2f
45810640
13418513
290040ef
2b418793
c3984709
aa7fe0ef
60c18793
47854398
06f71c63
00006517
20850513
d0efa0ef
6c818593
00005517
78c50513
cfefa0ef
00006597
1f458593
6c818513
6f6040ef
cb8587aa
67854701
fa078693
00006617
1e060613
45094581
c74fc0ef
06934705
66170640
06130000
458113a6
c0ef4505
0613c5ef
45810fa0
6c818513
20c040ef
60c18793
c3984709
c2bfe0ef
3bc18793
47854398
28f71063
00006517
1a850513
c8afa0ef
43018593
00005517
70850513
c7afa0ef
00006597
c1058593
43018513
672040ef
9c6387aa
65972207
85930000
8513c165
40ef4301
87aa65c0
22079163
00006597
16858593
43018513
646040ef
cbb187aa
fe042623
8713a829
27834301
97bafec4
0007c783
fd078713
66018793
2783c398
8713fec4
26230017
8713fee4
97ba4301
0007c703
02c00793
fcf717e3
00006517
12050513
f0cfe0ef
03200513
8c1ff0ef
6597aa6d
85930000
85131125
40ef4301
87aa5e00
6517cb95
05130000
a0ef1065
8593bc8f
65174301
05130000
a0ef1025
6517bb8f
05130000
e0efcf25
0513ec6f
f0ef0320
aa9587bf
00006597
09858593
43018513
59a040ef
cfa587aa
00006517
0d050513
b82fa0ef
43018593
00006517
0bc50513
b72fa0ef
67854701
fa078693
00006617
0b860613
45094581
afcfc0ef
06934705
66170640
06130000
4581fc26
c0ef4505
6517ae6f
05130000
e0efc7e5
0513e52f
f0ef0320
4701807f
06400693
00006617
bd460613
45094581
abcfc0ef
6597a0ed
85930000
851307a5
40ef4301
87aa5100
0c079b63
00006597
07058593
43018513
4fa040ef
c7a187aa
06934705
66170640
06130000
45810626
c0ef4505
4701a7af
86936785
66173887
06130000
458105e6
c0ef4509
4705a62f
06400693
00006617
f2860613
45054581
a4cfc0ef
6597a8ad
85930000
851304a5
40ef4301
87aa4a00
6597e3bd
85930000
85130425
40ef4301
87aa48c0
4705cba9
06400693
00006617
03460613
45054581
a0cfc0ef
67854701
38878693
00006617
03060613
45094581
9f4fc0ef
00006517
ba050513
d60fe0ef
06934705
66170640
06130000
4581eae6
c0ef4505
06139d2f
45810fa0
43018513
781030ef
3bc18793
c3984709
07b745c1
85130004
b0ef1087
87aa9bdf
e0efeb91
0593a90f
05133e80
a0ef0c80
bca9aa9f
02000593
000407b7
10878513
997fb0ef
e79987aa
c02fe0ef
a0ef4505
bc2defef
04000593
000407b7
10878513
977fb0ef
93e387aa
6517a207
05130000
a0effa25
f0ef9b4f
4705ecaf
06400693
00006617
e1860613
45054581
93cfc0ef
a0ef4505
baddebaf
cc221101
c84aca26
c452c64e
ce06c256
892e89aa
843684b2
a703228d
57fda001
8a2e8aaa
04f70b63
85268626
85a286a2
67f020ef
864ee139
86ca854e
20ef85ca
e5496710
85ca854e
46814601
262020ef
8526e121
460185a2
20ef4681
cd352540
85a28526
56f000ef
8526c909
460185a2
20ef4681
4c6334c0
40f20a05
44d24462
49b24942
85d28556
4a224a92
80826105
85d28556
53f000ef
8556c921
460185d2
20ef4681
f97120c0
85ca854e
527000ef
8526d569
00ef85a2
d16151d0
62b030ef
02200793
4a81c11c
bf454a01
85a28526
46814601
1da020ef
d7b7f14d
aa838000
aa039687
bf5196c7
85ca854e
4e7000ef
8526d54d
00ef85a2
d1454dd0
85568656
85d286d2
5ab020ef
30efe939
06935dd0
c1140220
46814601
85ca854e
2a2020ef
02054163
8101aa83
8141aa03
30efb7b9
aa835b90
aa038081
079380c1
c11c0210
8526bf2d
00ef85a2
86264a70
20ef86a2
d9691600
8081aa83
80c1aa03
30efbf39
07935890
46010210
c11c4681
853285b6
3f9010ef
8a2e8aaa
07b7b709
71598000
fff7c793
fbb3c6de
d68600f6
d2a6d4a2
ceced0ca
cad6ccd2
c4e2c8da
c0eac2e6
e733de6e
c75500cb
00b7f9b3
7ff007b7
8a2e8b2a
8caa8c2e
0337db63
c01007b7
e7b397ce
4a810167
3ff005b7
50b6ebd1
54965426
49f65906
4b464a66
4c264bb6
4d064c96
85565df2
61654ad6
84368082
846384b2
c3e306f9
07b7fd77
81637ff0
49011cfb
080c4263
07b7ecd5
87637ff0
07b714fb
85633ff0
07b716fb
03e34000
07b714f4
1f633fe0
4d6308f4
5426080c
549650b6
49f65906
4bb64ad6
4c964c26
5df24d06
85d2855a
4a664b46
006f6165
4a811bb0
3ff005b7
e119bf9d
f979dfe3
50b65426
59065496
4a6649f6
4b464ad6
4c264bb6
4d064c96
d5375df2
05138000
61659285
35f0006f
434007b7
12fbdd63
3ff007b7
02fbc763
414bd793
c0178793
5ae34751
07130cf7
07b30340
d73340f7
17b300f4
966300f7
8b050097
09334909
d8a140e9
85d2855a
305000ef
88638aaa
5793040c
17fd01fa
00f96733
0e070763
41e00737
0f775863
43f00737
79775463
3ff007b7
0af9d663
08045163
8381a603
83c1a683
85b68532
15c020ef
b5c18aaa
85d2855a
2b9000ef
98638aaa
89630a0c
17930009
8389002a
3ff00737
fae793e3
06044b63
e80c5de3
c01007b7
e7b397ce
94e30127
86560807
855686ae
560020ef
86ae862a
215010ef
bd958aaa
c01007b7
e7b397ce
86e30167
07b7ee07
c3633ff0
85a26ef9
5ce34a81
4a81e404
bd814581
85d28ada
e40455e3
8000d7b7
9687a503
96c7a583
86d2865a
1d1010ef
bd058aaa
f4804ee3
d737bfd9
87ae8000
96872503
96c72583
86be8656
1b1010ef
bf9d8aaa
e40481e3
4909bbe5
865ab581
86d2855a
bfad85d2
7ff00737
01477a33
1f634501
a603000a
a6838701
85568741
20efc03e
47820760
89ae8aaa
fcb00513
001005b7
4149d613
fff58713
0003a6b7
00e9f9b3
c0160613
3ff00a37
88e68693
00a60733
0149ea33
6536d063
000bb6b7
67968693
7b36d563
8000dcb7
968ca803
96cca883
0a330705
4b0140ba
835a4b81
4c0183de
86c68642
85d28556
d61ed41a
d03ed23a
c246c042
448020ef
48924802
86428e2e
8daa86c6
855685d2
c84289f2
10efca46
862a2fa0
a50386ae
a583968c
4d0196cc
0d9010ef
86ae862a
c62ecc2a
85ce856e
10efc04e
56937c30
0637401a
8ed12000
00080e37
8e3396f2
8f2a0186
460186f2
89ae856a
c4728c7a
79d010ef
458286ae
856e862a
3d8020ef
48424e22
8f2e48d2
85f28642
8daa86c6
c07a4501
3c0020ef
86ae862a
85d28556
3b4020ef
86ce866a
765010ef
862a4f02
856e86ae
20ef85fa
4ee239e0
4d8142b2
86968676
749010ef
882e88aa
86ce8662
85ce8562
c442c046
735010ef
8781a603
87c1a683
8a2e8aaa
725010ef
8801a603
8841a683
22c010ef
86d28656
711010ef
8881a603
88c1a683
218010ef
86d28656
6fd010ef
8901a603
8941a683
204010ef
86d28656
6e9010ef
8981a603
89c1a683
1f0010ef
86d28656
6d5010ef
8a01a603
8a41a683
1dc010ef
882e88aa
86d28656
85d28556
8a428ac6
6b5010ef
86ae862a
85d28556
6a9010ef
8a2e8aaa
86ce866a
85ce8562
1ac010ef
46a24602
691010ef
86d28656
19c010ef
8aaa882e
86ce866a
85ce856a
10ef8a42
a6036770
a6838a81
ce2a8ac1
10efc82e
865617a0
c65286d2
170010ef
866e8a2e
856a86ae
10ef85ce
a60364f0
a6838a81
882e8ac1
85d28d2a
cc42856e
280020ef
4e4248f2
86f28646
274020ef
45b286ae
8556862a
268020ef
86ce8662
619010ef
89ae882a
45a24502
86d2866e
10ef8a42
862a6070
855286ae
10ef85ce
4de210e0
89ae8a2a
86ae862a
85ee856a
0fc010ef
8b01a603
8b41a683
8aae4501
5d9010ef
8c2a882e
86ee866a
450185d6
20ef8d42
862a20e0
855286ae
20ef85ce
a6032020
a6838b81
10ef8bc1
a6035af0
a6838c01
8a2a8c41
450189ae
10ef85d6
862a59b0
855286ae
10ef85ce
53220a20
861a53b2
10ef869e
57120960
8aae8daa
20ef853a
8a2a7fa0
86d689ae
85ea866e
c0568562
078010ef
865a86de
070010ef
86ce8652
068010ef
85424801
86ce8652
8aae8a42
18c020ef
865a86de
184020ef
866286ea
17c020ef
458286ae
856e862a
170020ef
8d2a5782
197d8bae
00f967b3
2e079f63
8301a903
8341a983
86624c01
852686a2
20ef85a2
865214a0
10ef86d6
87ae4fb0
86268b2a
85de86a2
84be856a
4e9010ef
86ae862a
85a6855a
7f1000ef
866287aa
8b2e86a2
85d68552
10ef8abe
862a4cb0
84aa86ae
85568a2e
00ef85da
07b77cf0
842e4090
8c2e8baa
22f5ce63
40f587b3
93638fc9
a6033e07
a6838c81
85568cc1
00ef85da
872a7a70
862687ae
86d2855e
8bba85a2
20ef843e
862a0c60
855e86ae
10ef85a2
49633270
57933aa0
f793414c
05377ff7
87930010
57b3c027
97e240f5
4147d713
7ff77713
fff50693
c0170713
40e6d5b3
fff5c593
4bd18dfd
8fc98ff5
40eb8733
86ae4601
40e7dbb3
000c5463
41700bb3
85d28526
064020ef
86ae862a
8a2e84aa
85da8556
721000ef
014b9d13
a603842e
a6838d81
4d818dc1
856e85a2
3f5010ef
8c2a87ae
86d28626
856e85a2
20ef84be
862a02a0
855686ae
20ef85da
a60301e0
a6838e01
10ef8e41
a6033cb0
a6838e81
87ae8ec1
85a28a2a
843e856e
3b5010ef
86ae862a
85a28552
6bd000ef
842e8b2a
86ae862a
85a68562
6ad000ef
86a68662
8a2e8aaa
7d5010ef
86ae862a
85a2855a
7c9010ef
8b2e8c2a
86d28656
85d28556
371010ef
8f01a603
8f41a683
842e84aa
361010ef
8f81a603
8fc1a683
79d010ef
86a28626
34d010ef
9001a603
9041a683
655000ef
86a28626
339010ef
9081a603
90c1a683
775010ef
86a28626
325010ef
9101a603
9141a683
62d000ef
86a28626
311010ef
86ae862a
85d28556
74d010ef
842e84aa
86ae862a
85d28556
2f5010ef
9181a603
91c1a683
87ae872a
85a28526
843e84ba
725010ef
86ae862a
85a28526
3d4010ef
842e84aa
86da8662
85d28556
2c1010ef
86da8662
5cd000ef
86ae862a
85a28526
6f5010ef
86d28656
6ed010ef
862a86ae
96cca583
968ca503
6dd010ef
00bd07b3
4147d693
5063872a
853a22d0
864a85be
10ef86ce
8aaa27b0
fdeff06f
00159793
4090d6b7
86938385
db63bff6
37b718f6
87933f6f
97ae4007
eb998fc9
86d28626
695010ef
86da8656
0f9010ef
dc054be3
8d01a603
8d41a683
85ce854a
231010ef
8d01a603
8d41a683
225010ef
f06f8aaa
a903f88f
a983968c
b31996cc
920453e3
800005b7
8da14a81
f6eff06f
8000dcb7
968ca803
96cca883
9d7ff06f
3ff00737
ffe70693
8736dee3
933740e3
8000dcb7
968ca603
96cca683
c03e8556
619010ef
8401a603
8441a683
89ae8a2a
1c1010ef
8481a603
84c1a683
8aae8baa
85ce8552
1ad010ef
8501a603
8541a683
8c2a8b2e
855285ce
199010ef
86ae862a
8581a503
85c1a583
5d1010ef
86ce8652
181010ef
86ae862a
8601a503
8641a583
5b9010ef
872e882a
86ce8652
85ce8552
89ba8a42
15d010ef
86ae862a
85ce8552
151010ef
8681a603
86c1a683
145010ef
86ae862a
85da8562
581010ef
86ae862a
89ae8b2a
85d6855e
43d000ef
865e4801
854286d6
8aae8a42
561010ef
86ae862a
85ce855a
555010ef
8d2a4782
b6d58bae
855a865a
85d286d2
0f9010ef
f06f8aaa
9d63e5cf
07b3f804
d73340f7
17b340fb
892600f7
e9779563
49098b05
40e90933
e7eff06f
3fe00737
4b814d01
ccf751e3
b9b187d1
8381a603
83c1a683
85ce854a
0b1010ef
8381a603
83c1a683
0a5010ef
f06f8aaa
4785e08f
e0f91163
800007b7
f06f8dbd
ab03df8f
ab838181
a30381c1
a3838201
a8038241
a8838281
0c3782c1
dcb70004
f06f8000
865e857f
872a2ead
bbf187ae
07371141
c4227ff0
c606c226
00b77633
842a84ae
16e60563
576386aa
d6130eb0
87ae4145
10060263
00100737
fff70593
8fd98fed
c0160493
00179713
0014f613
01f6d793
971397ba
c6110016
0786837d
971397ba
84850026
4e0145d9
06374681
85330020
581300c6
15fd01f7
00a7c663
06b38f89
9e3200c5
97c20786
82050706
4301f1ed
02000513
80000637
8863a819
58130cd7
078601f7
97c2157d
82050706
0833c915
d4e300b6
05b3fef6
88b600c8
0a084163
36b38f95
8f950107
41070733
01f75813
157d0786
86c69332
070697c2
f9618205
efc98fd9
00135513
401e5793
3fe00737
001e7e13
056397ba
0737000e
8d598000
842a04d2
40b294be
44228522
449285a6
80820141
00159793
8fc98385
4601d7ed
d713e5d1
162d00b6
06d687ba
5593db7d
e9d10147
07864581
00b79713
0585852e
fe075be3
02000893
88b38836
873e40b8
00b696b3
011857b3
8fd98e09
c893bde1
d893fff5
98b601f8
6ae3bfa1
05b3f307
46e300c8
88befe08
b7b94781
026357fd
051304f3
81050013
862ab785
10ef86ae
86226da0
00ef86a6
842a1e70
852240b2
84ae4422
449285a6
80820141
86ae862a
301010ef
86ae862a
7b5000ef
84ae842a
0e05b799
8836b715
02000893
b759557d
81850586
95138082
81050015
801005b7
817d952e
a5038082
a5839201
80829241
4145d693
f6937179
d4227ff6
d226d606
ce4ed04a
c0168813
87ae464d
8eae872a
01f5d413
09064d63
0e084663
00100637
5633167d
8df14106
832a8dc9
c5bd8e3e
00165513
00f57f33
00ef6f33
020f0563
bee68613
00040eb7
00163613
fff54513
80000f37
40c00633
d8338fe9
7f33410e
eeb300cf
c6370107
18938000
06130034
98b27286
0008a403
0048a483
86f6867a
85a68522
0f9000ef
c62ec42a
45b24522
86a68622
21d010ef
8e2e832a
542250b2
59025492
851a49f2
614585f2
08938082
df630330
06930108
832a4000
1fe38e2e
862afcd8
00ef86f6
832a0b70
b7f98e2e
bed68693
5633567d
75b300d6
832a00a6
ddcd8e3e
77b38205
8f2a00a6
0f37dfad
46134000
7733fff6
56b300a6
6f3340df
b79500d7
80000e37
fffe4493
00b4f6b3
832a8ec9
d2d98e2e
00c59793
e73383b1
07b300a7
8fd940e0
8000c737
00341693
72870713
29039736
29830007
83b10047
0e377581
f5b30008
fe3301d5
6e3301c7
86f200be
85ce862a
00ef854a
c42a0230
4522c62e
864a45b2
10ef86ce
fe331470
189300b4
6e3301f4
832a011e
1141b705
4145d693
c606c422
96138432
ea250156
00159793
8fc98385
a683c7dd
a60392c1
10ef9281
76d14c60
cb068693
4963872e
d7930ed4
f7934145
87937ff7
97a2fca7
7fe00693
04f6cd63
0af04f63
fcb00693
08d7d663
879367b1
c2633507
a8030487
a8838d01
c9638d41
a6030c05
a6838d01
85428d41
10ef85c6
87aa4720
f793a081
06937ff6
872e7ff0
fad79be3
86ae862a
40b227b5
87aa4422
0141853e
a8038082
a8838381
c66383c1
a6030205
a6838381
854283c1
10ef85c6
87aa4320
442240b2
0141853e
40b28082
87aa4422
0141853e
a8038082
a8839301
bfc19341
801005b7
879315fd
8f6d0367
8fd907d2
9401a603
9441a683
10ef85be
40b23f20
87aa4422
0141853e
40b28082
05b74422
15fd8010
95938f6d
87aa0147
853e8dd9
80820141
8d01a603
8d41a683
3c0010ef
442240b2
853e87aa
80820141
9381a803
93c1a883
88aab72d
883287ae
83468536
20069963
8000d6b7
82868693
0cc5f063
76636741
07130ae6
37330ff0
070e00c7
00e65533
c68396aa
05130006
97360200
40e506b3
00e50c63
00d797b3
00e8d733
00d61833
00f765b3
00d89333
01085893
0315d7b3
01081613
57138241
f6b30103
853e0315
02f605b3
8f5506c2
00b77c63
85139742
6763fff7
75630107
851300b7
9742ffe7
77b38f0d
03420317
01035313
03175733
e33307c2
06b30067
863a02e6
00d37b63
06139342
6663fff7
74630103
061300d3
0542ffe7
45818d51
0537a85d
47410100
f4a66ee3
bf994761
4705e601
02c75833
7f636741
071308e8
73630ff0
45210107
00a85733
c70396ba
06130006
972a0200
40e606b3
08e61563
410787b3
58934585
16130108
82410108
01035713
0317f6b3
0317d7b3
8f5506c2
02f60e33
7c63853e
974201c7
fff78513
01076763
01c77563
ffe78513
07339742
77b341c7
03420317
01035313
03175733
e33307c2
06b30067
863a02e6
00d37b63
06139342
6663fff7
74630103
061300d3
0542ffe7
80828d51
01000737
65e34541
4561f6e8
1833b795
d5b300d8
933300e7
97b300d8
d73300d7
589300e8
66330108
f73300f7
17930315
83c10108
01065513
0315d5b3
8f490742
02b786b3
7c63852e
974200d7
fff58513
01076763
00d77563
ffe58513
06b39742
f73340d7
06420316
d6b38241
07420316
02d788b3
00c767b3
fc638736
97c20117
fff68713
0107e763
0117f563
ffe68713
159397c2
87b30105
8dd94117
e263bdcd
674114d5
02e6ff63
0ff00713
00d735b3
d737058e
d5338000
071300b6
972a8287
00074703
02000513
05b3972e
116340e5
450502e5
f2f6e5e3
00c8b533
00154513
0737bf39
45c10100
fce6e5e3
b7d145e1
00e65333
00b696b3
00d36333
01035513
00b61eb3
00e7d633
02a676b3
00b797b3
00e8d733
00f76833
01031793
571383c1
56330108
06c202a6
8f338f55
8e3202c7
01e77c63
0e13971a
6763fff6
75630067
0e1301e7
971affe6
41e70733
02a776b3
02a75733
863306c2
179302e7
83c10108
86ba8fd5
00c7fc63
0693979a
e763fff7
f5630067
069300c7
979affe7
010e1513
8d556e41
fffe0693
00d57833
f6b38f91
561300de
de930105
0333010e
06b302d8
571302d6
08330103
983603d8
06339742
736303d6
967200d7
01075693
e0639636
92e302c7
67c1d8c7
8f7d17fd
73330742
98b300f3
971a00b8
f2e34581
157de2e8
4581b39d
bd214501
873688b2
882e87aa
1c069863
8000d6b7
82868693
0ac5f863
7e636341
03130866
73630ff0
472100c3
00e65333
ce03969a
9e3a0006
02000713
41c70333
01c70c63
006595b3
01c55e33
006618b3
00be6833
006517b3
0108d613
02c87733
01089513
d6938141
58330107
074202c8
08338ed9
f8630305
96c60106
0116e563
0106f363
86b396c6
f7334106
07c202c6
d6b383c1
06b302c6
151302d5
8fc90107
00d7f863
e56397c6
f3630117
97c600d7
d5338f95
45810067
03378082
47410100
f66666e3
b79d4761
4605e601
031658b3
f3636641
061308c8
73630ff0
47210116
00e8d633
ce0396b2
9e3a0006
02000713
41c70333
07c71963
411585b3
0108d713
01089513
d6138141
f6b30107
d5b302e5
06c202e5
05b38ed1
f86302b5
96c600b6
0116e563
00b6f363
85b396c6
f6b340b6
07c202e5
d5b383c1
05b302e5
951302b5
8fc90106
00b7f863
e56397c6
f3630117
97c600b7
bfb18f8d
01000637
e1e34741
4761f8c8
98b3bfb5
d7330068
17b301c5
5e330065
d51301c5
76b30108
95b302a7
6e330065
959300be
81c10108
010e5613
02a75733
8ed106c2
02e58733
00e6f863
e56396c6
f3630116
96c600e6
40e68633
02a676b3
5e130e42
5633010e
06c202a6
02c58633
01c6e5b3
00c5f863
e56395c6
f3630115
95c600c5
b70d8d91
ecd5eee3
f5636741
0e1304e6
37330ff0
070e00de
8000d8b7
00e6d333
82888893
ce03989a
9e3a0008
02000713
41c70333
03c71763
00b6e463
00c56963
40c507b3
35338d95
883300f5
853e40a5
b57985c2
010008b7
efe34741
4761fb16
5733bf65
96b301c6
6f330066
d7b300d7
571301c5
f8b3010f
95b302e7
58330065
683301c5
159300b8
81c1010f
01085693
00661633
00651533
02e7d7b3
e6b308c2
8eb300d8
88be02f5
01d6fc63
889396fa
e763fff7
f56301e6
889301d6
96faffe7
41d686b3
02e6feb3
58130842
d6b30108
0ec202e6
010eeeb3
02d585b3
fc6387b6
9efa00be
fff68793
01eee763
00bef563
ffe68793
85b39efa
08c240be
e8b36ec1
879300f8
f833fffe
569300f8
d8930106
8ff10108
02f80733
02f887b3
02d80833
02d888b3
5693983e
96c20107
00f6f363
67c198f6
d81317fd
8efd0106
8f7d06c2
973698c2
0115e663
01159c63
00e57a63
40c70633
00c73733
88b3977a
873240e8
40e50733
00e53533
411585b3
97b38d89
573301c5
e5330067
d5b300e7
b38d0065
00100837
1101187d
00b877b3
0145d713
00d87833
0146d893
078ecc22
7ff77413
01d55713
8fd9ca26
01f5d493
01d65713
7ff8f893
01f6d593
ce06080e
c64ec84a
6733050e
060e0107
411406b3
22b49563
0ed05163
02089863
00c765b3
20058b63
fff68593
962ae989
00a63533
97aa97ba
44058532
0813a8b1
9d637ff0
04130106
aa717ff0
7ff00593
18b40b63
008005b7
85b68f4d
03800693
08b6c963
c06346fd
081306b6
08330200
16b340b8
58b30107
163300b6
e6b30106
36330116
8e5500c0
00b75733
973e962a
00a637b3
853297ba
00879713
14075563
07130405
05637ff0
06b748e4
16fdff80
55938efd
89050015
01f69793
8d5d8d4d
0016d793
8693a20d
0893fe05
56b30200
480100d7
01158863
04000813
40b805b3
00b71833
00c86633
00c03633
47018e55
8e59bf71
00c03633
cad5bfdd
408885b3
e6b3e40d
8c6300a7
86934006
e699fff5
97ba9532
00c53633
b70597b2
7ff00813
01059d63
853287ba
0693bf39
8be37ff0
06b7fed8
8fd50080
059386ae
c4630380
45fd06d5
02d5cb63
02000813
40d80833
00d55333
010795b3
01051533
0065e5b3
00a03533
d6b38d4d
953200d7
00e687b3
00c53633
844697b2
8593b705
0313fe06
d5b30200
480100b7
00668863
04000813
40d806b3
00d79833
00a86533
00a03533
46818d4d
8d5db7d9
00a03533
0693bfdd
f5930014
e1bd7fe6
00a7e6b3
8463e429
66b33606
c28500c7
97ba962a
00a63533
971397aa
85320087
00075763
ff800737
8ff9177d
77134405
05630075
77133407
469100f5
34d70063
00450693
00a6b533
853697aa
de99ae05
0ee38e59
4481e206
004007b7
04134501
ae297ff0
7ff00593
30b68663
973e962a
00a637b3
1513973e
820501f7
57938d51
84360017
5663b76d
91630cd0
65b30808
d9e500c7
fff68593
0633e991
353340c5
8f9900c5
85328f89
a0b14405
7ff00813
dd068fe3
03800693
08b6c963
c06346fd
081306b6
08330200
16b340b8
58b30107
163300b6
e6b30106
36330116
8e5500c0
00b75733
40c50633
40e78733
00c537b3
40f707b3
97138532
5ae30087
0937f207
197d0080
0127f933
a27589aa
7ff00593
f0b40fe3
008005b7
85b68f4d
8693bf61
0893fe05
56b30200
480100d7
01158863
04000813
40b805b3
00b71833
00c86633
00c03633
47018e55
8e59bf71
00c03633
c2f9bfdd
40888833
e6b3e815
8f6300a7
06932606
ea91fff8
40a60533
40f707b3
00a63633
84ae8f91
0313bf05
1f637ff0
87ba0068
04138532
a07d7ff0
7ff00693
fed889e3
008006b7
86c28fd5
03800813
06d84863
4e63487d
031302d8
03330200
5e3340d3
983300d5
15330067
68330065
353301c8
653300a0
d6b300a8
053300d7
07b340a6
363340d7
8f9100a6
84ae8446
8813bf19
0e13fe06
d8330200
43010107
01c68863
04000313
40d306b3
00d79333
00a36533
00a03533
00a86533
b7c14681
35338d5d
bfdd00a0
00140693
7fe6f693
e833e6b5
66b300a7
e43100c7
00081863
1a068a63
853287ba
bbd584ae
de0689e3
40c50833
010538b3
40e786b3
411686b3
00869893
0008da63
40a60533
40f707b3
00a63633
bfc98f91
00d86533
18050063
854287b6
1863bb6d
8b630008
87ba1606
84ae8532
84e3b129
b3f1c006
40c509b3
013536b3
40e78933
40d90933
00891693
0606d863
40a609b3
40f707b3
01363633
40c78933
036384ae
854a0609
286020ef
ff850713
c16347fd
069306e7
8e990200
00e917b3
00d9d6b3
95338edd
4e6300e9
8f010687
00170793
4563467d
071304f6
8f1d0200
00f555b3
00e69633
00e51533
35338e4d
8d5100a0
00f6d7b3
b3054401
0129e533
4781f14d
a0f94401
20ef854e
05132240
bf690205
fd850513
00a996b3
b7754501
05931705
d7330200
460100e6
00b78763
04000613
96338e1d
8d5100c6
00a03533
47818d59
07b7bf55
17fdff80
8ff58c19
87bab1e9
842e8532
87bab1c9
b9758532
7ff00413
45014781
00879713
00075b63
07130405
08637ff0
073706e4
177dff80
97138ff9
810d01d7
07138d59
838d7ff0
00e41963
47818d5d
07b7c509
45010008
17134481
06b70144
07b27ff0
446240f2
83b18f75
8fd904fe
0097e733
44d24942
85ba49b2
80826105
853287ba
bd998442
45014781
bf494481
bfed4781
44814501
004007b7
4781b19d
bf614501
d7937179
d2260145
cc52d04a
c462c85a
00c59493
d422d606
ca56ce4e
9713c65e
892a0157
8c368b32
da1380b1
c75101f5
7ff7fa93
7ff00793
0cfa8b63
01d55993
e4b3048e
09b70099
e9b30080
14130134
8a930035
4b81c01a
014c5793
00cc1513
01579713
00c55493
7ff7f593
01fc5c13
0793c371
8a637ff0
951310f5
57930034
8d5d01db
008004b7
1f938cc9
8513003b
4601c015
002b9793
17fd8fd1
46b34739
85b3018a
646340aa
c73710f7
078a8000
73870713
439c97ba
e9b38782
826300a4
c89d0609
20ef8526
079307c0
4771ff55
02f74963
041349f5
89b3ff85
94b340f9
59b30084
e9b30139
14330099
05930089
8ab3c0d0
b78540a5
04a020ef
02050513
0493b7e9
19b3fd85
44010099
e9b3b7cd
8c6300a4
842a0009
0a9389a6
4b8d7ff0
4401bf25
4b854a81
4401bf05
7ff00a93
b71d4b89
0164efb3
060f8263
8526c89d
002020ef
879385aa
4771ff55
02f74963
8f9346f5
8e9dff85
01f49533
00db56b3
00a6e4b3
01fb1fb3
c0d00713
40b70533
855ab70d
7cf010ef
02050593
8513b7e9
14b3fd85
4f8100ab
efb3b7c5
8b630164
8fda000f
7ff00513
bded460d
45014481
bdcd4605
05134481
46097ff0
e663b5e5
96630134
64632a99
96132bf4
571301f9
17930014
d99301f4
64330019
951300e6
d8930084
e8b3018f
814100a8
02a9d833
01089e93
010ede93
01045713
008f9313
02a9f4b3
86338fc2
9993030e
67330104
7c630137
974600c7
fff80f93
01176763
00c77563
ffe80f93
8f119746
02a75e33
80410442
02a77733
88338672
074203ce
7c638f41
97460107
fffe0613
01176763
01077563
ffee0613
04339746
0fc24107
efb36841
0e1300cf
d613fff8
f733010f
5f1301cf
7e330103
03b301c3
04b302ee
073303c6
02b302ef
063303e6
d7130097
97320103
00977363
561392c2
96160107
12fd62c1
00577833
f3b30842
981e0053
00c46763
1e6384fe
fc6302c4
979a0307
0067b733
943a9746
ffff8493
0088e663
02889163
0067ef63
00c46663
00861b63
0107f963
b733979a
97460067
ffef8493
8833943a
8c114107
0107b7b3
5ffd8c1d
0e888763
02a45fb3
01085713
02a47433
87b3867e
044203fe
7c638c59
944600f4
ffff8613
01146763
00f47563
ffef8613
8c1d9446
02a45733
58130842
74330108
87ba02a4
02ee8eb3
64330442
7c630088
944601d4
fff70793
01146763
01d47563
ffe70793
06429446
17938e5d
83c10106
01065713
02ef0833
41d40433
02ff0f33
03c78eb3
03c70e33
010ed793
97fa9f72
01c7f463
983a6741
0107d713
68419742
f533187d
05420107
010efeb3
66639576
106300e4
8fb21ae4
9446c91d
fff60f93
03146163
00e46663
18e41463
00a37d63
00131793
0067b333
0f93989a
9446ffe6
1463833e
046300e4
ef930065
8793001f
5b633ff5
f7130af0
cf01007f
00fff713
08634611
861300c7
3fb3004f
94fe01f6
97138fb2
58630074
07b70007
17fdff00
87938cfd
07134005
42637fe0
df9306f7
9713003f
673301d4
d51301f7
07d20034
7ff00637
50b20532
8ff15422
8d5d8131
67b306fe
549200d5
49f25902
4ad24a62
4bb24b42
853a4c22
614585be
15fd8082
b3b54781
84ce86d2
865e8fa2
0b63478d
47850af6
0af60f63
12e34789
4501f6f6
07934701
b7657ff0
b7cd86e2
000804b7
46814f81
bfd9460d
8d1d4505
03800713
08a74963
4963477d
859304a7
97b341e5
d73300b4
95b300af
8fd900bf
00b035b3
d5338fcd
f71300a4
cf010077
00f7f713
08634611
871300c7
37b30047
953e00f7
171387ba
49630085
17130407
838d01d5
810d8f5d
bf254781
07b35705
061340f7
d7b30200
470100f4
00c50663
43e58593
00b49733
01f76fb3
01f03fb3
01f7e7b3
b7554501
00080537
07934701
46817ff0
4501bdfd
bf7d4701
47014501
bdc54785
8fb2867e
d713bd59
07b70145
17fd0010
0146d813
8eaa832a
7ff77713
7ff00513
00b7f8b3
8ff58f32
781381fd
82fd7ff8
00a71a63
0068ee33
14634505
0563000e
808200e8
00a81563
45058e5d
4505fa7d
ff0719e3
fef897e3
ffee95e3
00d58863
e533f36d
35330068
808200a0
80824501
00100737
d813177d
78b30145
87aa00b7
7813832a
d5137ff8
0e9301f5
d5937ff0
8f750146
f5938e32
82fd7ff5
01d81863
00f8eeb3
060e8463
80825579
01d59663
00c76eb3
fe0e9ae3
04081c63
00f8e7b3
0017b793
8e59e199
eb81ce0d
00d51463
0105d963
557dc50d
557d8082
8536c691
54638082
d96500b8
65e38082
9c63ff17
61e300e8
68e3fe6e
4501ffc3
45058082
ffe58082
e0e3bfc1
bfc5fee8
fb0582e3
4781fdd5
0737bf4d
177d0010
0145d813
00b778b3
832a87aa
7ff87813
01f5d513
7ff00e93
0146d593
8e328f75
7ff5f593
186382fd
eeb301d8
846300f8
4509060e
96638082
6eb301d5
9ae300c7
1c63fe0e
e7b30408
b79300f8
e1990017
ce0d8e59
1463eb81
d96300d5
c50d0105
8082557d
c691557d
80828536
00b85463
8082d965
ff1765e3
00e89c63
fe6e61e3
ffc368e3
80824501
80824505
bfc1ffe5
fee8e0e3
82e3bfc5
fdd5fb05
bf4d4781
d7937179
d4220145
ce4ed226
ca56cc52
00c59493
d04ad606
c65ec85a
01579713
89b2842a
80b18ab6
01f5da13
fb13c359
07937ff7
06637ff0
57930cfb
048e01d5
07b78cdd
8cdd0080
00351913
c01b0b13
d7934b81
9413014a
971300ca
80310157
7ff7f513
01fada93
0793cf5d
04637ff0
d79310f5
040e01d9
07b78c5d
8c5d0080
c0150513
00399793
96934701
8ed9002b
16fd955a
46334839
0593015a
6d630015
c5370ed8
068a8000
77450513
429496aa
e9338682
0f6300a4
c88d0409
10ef8526
07131890
47f1ff55
02e7c763
091347f5
8f99ff85
012494b3
00f457b3
19338cdd
0b130124
0b33c0d0
b79d40ab
15b010ef
02050513
0493b7f9
14b3fd85
49010094
e933b7cd
0b6300a4
892a0009
7ff00b13
b7814b8d
4b014481
bf254b85
0b134481
4b897ff0
67b3b73d
cfb10134
8522c80d
117010ef
ff550693
c86347f1
477502d7
ff850793
14338f15
d73300f4
8c5900e9
00f997b3
c0d00713
40a70533
854eb735
0e7010ef
02050513
0413b7f1
9433fd85
47810089
67b3b7c5
cb910134
051387ce
470d7ff0
4401b719
47054501
4401bdfd
7ff00513
bdd54709
07136f41
5693ffff
d3130109
79330107
8ff900e9
032308b3
02f90833
02f68fb3
01f88eb3
01085893
8e3398f6
f3630266
9e7a01f8
0108d293
00e8f8b3
00e87833
01045f13
8c7908c2
873398c2
08330286
09330289
0eb3032f
591300e9
99760108
03e686b3
00e97463
96ba6741
01095e93
66c19eb6
fff68f93
01f97933
01f87833
0104d713
f4b30942
83b301f4
99420297
083392ca
07b30293
0fb302f7
033302e3
d81300f8
981a0103
00f87363
57939fb6
66c10108
87939fbe
7833fff6
f7b300f8
03b300f3
08420294
0433983e
04b30287
0333029f
94a202ef
0103d713
f36394ba
93360084
17fd67c1
00f4f6b3
f7b306c2
9e1600f3
393396be
96f6012e
01268733
38339e42
0f33010e
02b301f7
b6b3010f
373301d6
8f550127
0102b833
3fb380c1
972601ff
010fe833
009e1793
971a9742
0117e7b3
37b30726
5e1300f0
d413017e
e7b30172
02a601c7
00771693
e7b38c59
da630057
d7130a06
8b850017
17138fd9
8fd901f4
86938005
50633ff5
f7130ad0
cf010077
00f7f713
08634511
871300a7
37b30047
943e00f7
171387ba
58630074
07370007
177dff00
86938c79
07134005
4e637fe0
d7130ed7
17930037
8fd901d4
9713800d
04320146
7ff006b7
80318f75
067e8c59
673350b2
542200c4
59025492
4a6249f2
4b424ad2
853e4bb2
614585ba
86528082
87ca8426
4689875e
0ad70963
0f63468d
468508d7
f6d717e3
47814401
8656a09d
85aab7dd
4505bfb9
07138d15
45e30380
477dfea7
04a74963
41e58593
00b41733
00a7d6b3
00b797b3
37b38f55
8fd900f0
00a45433
0077f713
f713cf01
469100f7
00d70863
00478713
00f737b3
87ba943e
00841713
04074863
01d41713
8fd9838d
4681800d
5705b7a9
08138f15
57330200
468100e4
01050663
43e58593
00b416b3
37b38fd5
8fd900f0
b76d4401
00080437
06934781
46017ff0
4401bf19
06934781
b7317ff0
47814401
b7114685
00100837
1101187d
00b877b3
0145d713
00d87833
0146d893
078ecc22
7ff77413
01d55713
8fd9ca26
01f5d493
01d65713
01f6d593
ce06080e
c64ec84a
7ff8f893
7ff00693
6733050e
060e0107
00d89563
00c766b3
c593e299
08330015
93634114
5c632295
95630f00
66b30408
c28d00c7
fff40813
00081a63
3533962a
97ba00a6
853297aa
a8954405
7ff00693
02d41963
00757713
4e070563
00f57713
00634691
06934ed7
b5330045
97aa00a6
a9c18536
7ff00693
fcd40ee3
008006b7
06938f55
c8630380
46fd0906
0706c063
02000593
410585b3
00b716b3
010658b3
00b61633
0116e6b3
00c03633
57338e55
962a0107
37b3973e
97ba00a6
97138532
59e30087
0405f807
7ff00713
46e40963
ff8006b7
8efd16fd
00155593
97938905
8d4d01f6
d7938d5d
b7ad0016
fe080693
02000893
00d756b3
08634581
05930118
88330400
15b34105
8e4d0107
00c03633
47018e55
8e59bf79
00c03633
0b63bfdd
85b30a08
e40d4088
00a7e6b3
40068063
fff58693
9532e699
363397ba
97b200c5
0813b721
9d637ff0
87ba0105
aced8532
7ff00693
fed88be3
008006b7
86ae8fd5
03800593
06d5c463
cb6345fd
081302d5
08330200
533340d8
95b300d5
15330107
e5b30105
35330065
8d4d00a0
00d7d6b3
87b39532
363300e6
97b200c5
b7058446
fe068593
02000313
00b7d5b3
88634801
08130066
06b30400
983340d8
653300d7
353300a8
8d4d00a0
b7d94681
35338d5d
bfdd00a0
00140693
7fe6f593
e6b3e5a9
e41d00a7
34068863
00c766b3
e60684e3
97ba962a
00a63533
971397aa
85320087
e4075ae3
ff800737
8ff9177d
b5994405
8e59de8d
22060a63
07b74481
45010040
7ff00413
0593ae39
88637ff0
962a30b6
37b3973e
973e00a6
01f71513
8d518205
00175793
b5398436
0d005663
08089363
00c766b3
e00680e3
fff40813
00081b63
40c50633
00c53533
8f898f99
44058532
0693a0b1
0fe37ff0
0693dcd4
c7630380
46fd0906
0506cf63
02000593
410585b3
00b716b3
010658b3
00b61633
0116e6b3
00c03633
57338e55
06330107
873340c5
37b340e7
07b300c5
853240f7
00879713
d8075ae3
00800937
f933197d
89aa0127
0693a275
0fe37ff0
06b7d6d4
8f550080
0693bf69
0893fe08
56b30200
458100d7
01180863
04000593
41058833
010715b3
36338e4d
8e5500c0
b7454701
36338e59
bfdd00c0
0c080463
40888833
e6b3e815
806300a7
06932806
ea91fff8
40a60533
40f707b3
00a63633
84ae8f91
0313bf0d
1f637ff0
87ba0068
04138532
a07d7ff0
7ff00693
fed889e3
008006b7
86c28fd5
03800813
06d84863
4e63487d
031302d8
03330200
5e3340d3
983300d5
15330067
68330065
353301c8
653300a0
d6b300a8
053300d7
07b340a6
363340d7
8f9100a6
84ae8446
8813bf21
0e13fe06
d8330200
43010107
01c68863
04000313
40d306b3
00d79333
00a36533
00a03533
00a86533
b7c14681
35338d5d
bfdd00a0
00140693
7fe6f693
e833e6bd
66b300a7
e43100c7
00081863
1a068b63
853287ba
b99984ae
c4068ae3
40c50833
010538b3
40e786b3
411686b3
00869893
0008da63
40a60533
40f707b3
00a63633
bfc98f91
00d86533
18050163
854287b6
1a63b931
8c630008
87ba1606
84ae8532
7ff00413
deedb121
09b3b3e1
36b340c5
89330135
093340e7
169340d9
d8630089
09b30606
07b340a6
363340f7
89330136
84ae40c7
06090363
10ef854a
07131400
47fdff85
06e7c163
02000693
17b38e99
d6b300e9
8edd00d9
00e99533
06874e63
07938f01
467d0017
04f64563
02000713
55b38f1d
963300f5
153300e6
8e4d00e5
00a03533
d7b38d51
440100f6
e533b641
f14d0129
44014781
854ea0f9
0de010ef
02050513
0513bf69
96b3fd85
450100a9
1705b775
02000593
00e6d733
87634601
061300b7
8e1d0400
00c69633
35338d51
8d5900a0
bf554781
ff8007b7
8c1917fd
b62d8ff5
853287ba
b60d842e
853287ba
0413be31
47817ff0
97134501
5b630087
04050007
7ff00713
06e40863
ff800737
8ff9177d
01d79713
8d59810d
7ff00713
1963838d
8d5d00e4
c5094781
000807b7
44814501
01441713
7ff006b7
40f207b2
8f754462
04fe83b1
e7338fd9
49420097
49b244d2
610585ba
87ba8082
84428532
4781bd91
44814501
4781bf49
4501bfed
07b74481
b18d0040
45014781
0737bf61
07930010
f733fff7
81d100b7
fff5c593
98138ff5
82d10155
7ff6f693
00081563
45058f49
0713eb09
45017ff0
00e69563
35338fd1
808200f0
c6061141
c226c422
5793cd29
c43341f5
8c1d00a7
01f55493
00ef8522
07137a90
47a941e0
c8638f09
47ad02a7
05558f89
00f457b3
00a41433
07b28526
83b10752
8fd9057e
e73340b2
852200a7
44924422
014185ba
15558082
00a417b3
44018526
4701bfe9
bfe54781
57131141
06370175
167d0080
7913c04a
d7130ff7
77b30175
c22600a6
77138e6d
c6060ff7
5493c422
81fd01f5
060e078e
40e906b3
12b49463
06d05a63
0c63e321
16fd2606
97b2e68d
9693874a
db630057
07050c06
0ff00693
26d70563
7e0006b7
0017f613
838516fd
8fd18ff5
0713a865
1c630ff0
071300e9
a06d0ff0
0ff00713
fee90be3
04000737
45ed8e59
cd634705
059300d5
57330200
86b300d6
163340d5
363300d6
8f5100c0
bf7997ba
05b3caa9
1d634127
cb890009
e19915fd
b77197b2
0ff00693
00d71b63
a8a987b2
0ff00693
fed70ce3
040006b7
456d8fd5
4d634685
069300b5
8e8d0200
00b7d533
00d797b3
00f037b3
00f566b3
00c687b3
0593b7b9
f7130019
e3390fe5
02091963
ca19dfd5
969397b2
d7630057
07370006
177dfc00
47058ff9
0077f693
18068e63
00f7f693
89634611
079118c6
8063a271
de051807
07b74481
07130200
aaad0ff0
0ff00713
16e58763
838597b2
b7e9872e
06d05463
874aeb21
16fdd261
8f91ee81
00579693
fa06dae3
04000437
8c7d147d
a8c5893a
0ff00593
0ff00713
f8b90ee3
470545ed
00d5cd63
02000593
00d65733
40d586b3
00d61633
00c03633
8f998f51
bf7d874a
0ff00593
0ff00713
f6b906e3
04000737
b7e98e59
0533cea1
10634127
cb990209
e509157d
40f607b3
bf4984ae
0ff00693
00d71c63
84ae87b2
0693bf35
0be30ff0
06b7fed7
8fd50400
4685486d
00a84d63
02000693
d8338e89
97b300a7
37b300d7
66b300f0
07b300f8
bf7d40d6
00190713
0fe77713
1463ef05
e7890209
4781fe45
a8494481
ee0608e3
40c786b3
00569513
40f607b3
fa0541e3
87b6d2fd
98e3bde1
07e3ee07
87b2ee06
bd3184ae
40c78433
00541713
02075e63
40f60433
852284ae
4eb000ef
ffb50713
00e41433
03274663
41270733
06930705
57b30200
873300e4
143340e6
343300e4
8fc10080
b5594701
4781f479
b7694701
fc0007b7
073317fd
8fe140e9
874abd85
87b2b5b5
0713bb6d
47810ff0
00579693
0006db63
06930705
0f630ff0
06b702d7
16fdfc00
06938ff5
838d0ff0
00d71663
07b7c781
44810040
442240b2
7f800537
07a6075e
83a58f69
01f49513
44928fd9
8d5d4902
80820141
b7f14781
ca261101
01755493
c64ec84a
1993c452
ce060095
c256cc22
0ff4f493
d9938a2e
59130099
c4a501f5
0ff00793
06f48e63
07b7098e
e9b30400
849300f9
4a81f814
017a5793
009a1413
0ff7f793
5a138025
c7ad01fa
0ff00713
06e78e63
0737040e
8c590400
f8178793
96134681
8e55002a
167d8c9d
453347b9
e6630149
c7b706c7
87938000
060a7b07
421c963e
84638782
854e0209
3b3000ef
ffb50793
f8a00493
00f999b3
bf618c89
0ff00493
89e34a89
4a8df809
4481b771
b7594a85
8522c015
387000ef
ffb50793
00f41433
f8a00793
bf598f89
0ff00793
d8414689
b771468d
46854781
1593b759
fb630054
14fd0c89
d4134681
d8b30105
67c10289
8fed17fd
f73382c1
86460289
03178833
8f550742
01077c63
8613972e
6763fff8
756300b7
86130107
972effe8
41070733
02875833
02877733
030786b3
01071793
fc638742
97ae00d7
fff80713
00b7e763
00d7f563
ffe80713
141397ae
8f950106
37b38c59
8c5d00f0
07f48713
08e05863
00747793
7793c799
469100f4
00d78363
17930411
d8630044
07b70007
17fdf800
87138c7d
07930804
800d0fe0
04e7c563
07b7075e
04267f80
80258f7d
057e8c59
8d4140f2
44d24462
49b24942
4a924a22
80826105
01f99693
0019d993
854ab72d
86d6844e
8263478d
478506f6
06f68563
93e34789
4401f8f6
0ff00713
8552bf55
0437b7d5
45010040
bfe9468d
8f994785
4263476d
849304f7
57b309e4
143300f4
34330094
8c5d0080
00747793
7793c799
471100f4
00e78363
17930411
800d0054
0007dc63
47054401
0437b7a5
07130040
45010ff0
4401bfb1
bf994701
00800737
5693177d
78330175
d61300a7
57930175
f69301f5
05130ff6
8f6d0ff0
0ff67613
956381fd
450500a6
02081463
0ff00513
00a61463
ef094505
9b634505
196300c6
866300e8
e68900b7
01003533
45018082
56938082
07b70175
17fd0080
0175d713
0ff6f693
0ff00813
00a7f633
0ff77713
817d8fed
956381fd
c2390106
80825579
01071363
ee9dffe5
cb8de311
1463ca01
596300b5
c10d00d7
8082557d
c591557d
8082852e
00e6d463
8082d965
fec7e5e3
fef66ce3
80824501
80824505
bfe1de65
fcd702e3
dbe1f769
5693b7d9
07b70175
17fd0080
0175d713
0ff6f693
0ff00813
00a7f633
0ff77713
817d8fed
956381fd
c2390106
80824509
01071363
ee9dffe5
cb8de311
1463ca01
596300b5
c10d00d7
8082557d
c591557d
8082852e
00e6d463
8082d965
fec7e5e3
fef66ce3
80824501
80824505
bfe1de65
fcd702e3
dbe1f769
1101b7d9
5913c84a
ca260175
c452c64e
00951493
cc22ce06
7913c256
8a2e0ff9
599380a5
066301f5
07930609
0f630ff0
048e06f9
040007b7
09138cdd
4a81f819
017a5793
009a1413
0ff7f793
5a138025
c7b501fa
0ff00713
06e78f63
0737040e
8c590400
f8178793
96934701
8ed9002a
16fd97ca
c53345b9
86130149
e5630017
c7b706d5
87938000
068a7ec7
429c96be
c09d8782
00ef8526
07930250
0913ffb5
94b3f8a0
093300f4
bf5140a9
0ff00913
d4d94a89
b7694a8d
4a854901
c015b751
00ef8522
07937f80
1433ffb5
079300f4
8f89f8a0
0793bf51
47090ff0
470dd459
4781b769
b7514705
08936741
d693fff7
55930104
f4b30104
74330114
08330114
84330294
86b30286
85b302b6
54930295
95a20108
f36394ae
96ba0084
0114f733
78330742
97420118
00671413
343380c1
83690080
8f4194b6
e433049a
971300e4
57630044
57930607
88050014
07138c5d
516307f6
779306e0
c7990074
00f47793
83634691
041100d7
00441793
0007d863
f80007b7
8c7d17fd
08060713
0fe00793
dd63800d
440106e7
0ff00713
854ea885
87568426
08e34789
478dfef7
04f70b63
16e34785
4401faf7
a8894701
b7dd8552
bf71863e
8f994785
46e3476d
0613fef7
57b309e6
143300f4
343300c4
8c5d0080
00747793
7793c799
471100f4
00e78363
17930411
800d0054
fc07d0e3
47054401
0437a031
07130040
45010ff0
07b7075e
04267f80
80258f7d
057e8c59
8d4140f2
44d24462
49b24942
4a924a22
80826105
008006b7
16fd1141
01755613
0175d893
00a6f7b3
8eedc226
7613c04a
54930ff6
f89301f5
c6060ff8
0513c422
89320ff0
8746078e
068e81fd
00a89363
c593e299
08330015
92634116
5d631295
92630700
8e630408
187d2606
02081663
873297b6
00579693
0c06dd63
06930705
06630ff0
06b726d7
f6137e00
16fd0017
8ff58385
a8758fd1
0ff00713
00e61c63
0ff00713
0713a07d
0be30ff0
0737fee6
8ed90400
470545ed
0105ce63
02000713
0106d5b3
41070833
010696b3
00d036b3
00d5e733
bf7197ba
04080a63
40c885b3
8263ee09
15fd2007
97b6e199
0613b761
9b630ff0
87b600c8
0613b765
8ce30ff0
0637fec8
8fd10400
4605456d
00b54d63
02000613
d5338e0d
97b300b7
37b300c7
663300f0
07b300f5
b7a900d6
00160593
0fe5f713
ea0def0d
1a078763
97b6ca99
00579693
0006d763
fc000737
8ff9177d
f6934705
8d630077
f6931806
461100f7
18c68863
a2690791
da9dd7d9
0713aa09
8c630ff0
97b616e5
872e8385
5763bfd9
9b630700
87320408
187dd6e9
00081d63
96938f95
dee30057
0437fa06
147d0400
893a8c7d
0593a8e5
07130ff0
02e30ff0
45edfab6
ce634705
07130105
d5b30200
08330106
96b34107
36b30106
e73300d0
8f9900d5
bf758732
0ff00593
0ff00713
f6b609e3
04000737
b7e18ed9
04080c63
40c88533
cfb9ee19
e509157d
40f687b3
bf4184ae
0ff00613
00c89c63
84ae87b6
0613bd41
8be30ff0
0637fec8
8fd10400
4605486d
00a84d63
02000613
d8338e09
97b300a7
37b300c7
663300f0
87b300f8
bf7d40c6
00160713
0fe77713
e60def1d
c285e781
a81987b6
ee068de3
40d78633
00561513
00055663
40f687b3
b5d584ae
4781e671
a8ad4481
ee0799e3
4481fac1
020007b7
0ff00713
8433a0a5
171340d7
5d630054
84330207
84ae40f6
29018522
ffb50713
00e41433
03274663
41270733
06930705
57b30200
873300e4
143340e6
343300e4
8fc10080
b5614701
4781f861
b74d4701
fc0007b7
073317fd
8fe140e9
8732bd8d
87b6b5bd
0713b5ad
47810ff0
00579693
0006db63
06930705
01630ff0
06b704d7
16fdfc00
06938ff5
838d0ff0
00d71663
07b7c781
44810040
442240b2
7f800537
07a6075e
83a58f69
01f49513
44928fd9
8d5d4902
80820141
bd1187b2
b7e14781
00800637
01755713
fff60793
0ff77713
07e00593
56938fe9
f16301f5
059304e5
f86309d0
053700e5
45138000
9536fff5
e5338082
079300c7
da630950
071300e7
1533f6a7
ce8100e5
40a00533
07938082
87330960
553340e7
b7f500e5
80824501
c6061141
c226c422
5793c555
c43341f5
8c1d00a7
01f55493
2cc58522
09e00793
8533872a
079340a7
c4630960
47a102a7
00e7d563
14331761
042600e4
8025055e
95138c49
40b201f4
44228d41
01414492
07938082
dd630990
479500a7
06938f99
57b301b7
143300f4
343300d4
8c5d0080
d6634795
079300e7
1433ffb7
07b700f4
17fdfc00
00747693
c6918fe1
4691883d
00d40363
96930791
da630057
06b70006
16fdfc00
09f00413
05338ff5
d41340e4
b7610037
44014481
1141b749
c606c422
4781842a
2491cd19
09e00793
07138f89
41630960
472102f7
00a75563
14331561
042600a4
95138025
40b20177
44228d41
80820141
09900713
00f75d63
01b50713
17334695
8e8900e4
00e03733
00d45433
47158c59
00a75663
ffb50713
00e41433
fc000737
7693177d
8f610074
883dc691
03634691
071100d4
00571693
0006d963
fc0007b7
8f7d17fd
09f00793
54138f89
bf410037
01755793
f7931141
c4220ff7
1413c226
54930095
851301f5
c6060017
0fe57513
c50d8025
38078513
00345793
07b20476
83b10552
95138fc9
40b201f4
00a7e733
44228522
85ba4492
80820141
d065eb95
22958522
cf6347a9
47ad00a7
07138f89
57b30155
143300f4
071300e4
05333890
bf7540a7
ff550793
00f417b3
b7f54401
c4194781
00345793
00080737
8fd90476
7ff00513
9613bf69
d81300c5
57930145
781301d5
82257ff8
07938e5d
f7930018
81fd7fe7
00351713
0693c3d1
0793c808
cb630fe0
426308d7
57a506d0
0cf6ca63
008007b7
8e5d4579
47fd8d15
02a7c363
c8280813
010717b3
00f037b3
01061633
00a75533
8fc98fd1
f7134681
c3250077
57f9a055
40d786b3
02000793
00d656b3
06634881
081300f5
18b3ca28
e7b30106
37b300e8
8fd500f0
051abfc1
00a03533
5793060e
8e4901d7
b7c18fd1
00e667b3
00081563
00f037b3
0693bf45
cb810ff0
07b7060e
b7cd0200
06934781
97130ff0
5b630057
06850007
0ff00713
04e68363
fc000737
8ff9177d
0ff00713
9663838d
c78100e6
004007b7
05374581
06de7f80
8ee907a6
8fd583a5
01f59513
80828d5d
46814785
00f7f713
0ae34611
0791fac7
4781b77d
67c1b7d1
02f57663
0ff00793
00a7b7b3
d737078e
06938000
8e9d0200
00f55533
82870793
4503953e
85330005
808240a6
01000737
6ee347c1
47e1fce5
a503bfd9
80829c81
872a433d
02c37363
00f77793
e5adefbd
ff067693
96ba8a3d
c34cc30c
c74cc70c
6be30741
e211fed7
06b38082
068a40c3
00000297
80679696
072300a6
06a300b7
062300b7
05a300b7
052300b7
04a300b7
042300b7
03a300b7
032300b7
02a300b7
022300b7
01a300b7
012300b7
00a300b7
002300b7
808200b7
0ff5f593
00859693
96938dd5
8dd50105
9693b761
02970027
96960000
80e78286
8096fa86
8f1d17c1
74e3963e
b7a5f8c3
00b567b3
efb18b8d
86b74198
86937f7f
77b3f7f6
97b600d7
8fd58fd9
9b63567d
862a04c7
c218587d
059141d8
77b30611
97b600d7
8fd58fd9
ff0787e3
0005c783
0015c703
0025c683
00f60023
00a3c799
c70100e6
00d60123
8082e291
000601a3
87aa8082
0005c703
05850785
fee78fa3
8082fb75
b7d9862a
00357793
ef95872a
7f7f86b7
f7f68693
431055fd
77b30711
97b600d6
8fd58fd1
feb789e3
ffc74683
ffd74603
ffe74783
c68d8f09
3533c20d
953a00f0
80821579
4783d6e1
07050007
00377693
8f09fbf5
fff70513
05138082
8082ffd7
ffc70513
01138082
2423bb01
22234481
2e234491
24234331
26234381
20234411
2c234521
2a234341
28234351
26234361
22234371
20234391
2e2343a1
478541b1
842a89b6
84b28c2e
2ed7f063
4d854601
5cfd4685
8db3a809
863e4197
07b34685
f76300d6
87330337
97360194
00f485b3
0005c583
00074703
fce5efe3
14e58663
46858cb2
07b30605
4d8500d6
fd37ede3
48054581
557d4605
a8094705
40a70833
460585ba
00c58733
03377763
00c487b3
00e486b3
c68397aa
c7830006
efe30007
8763fcd7
852e10f6
05854605
00c58733
6de34805
0505fd37
64630c85
8dc20195
081c8caa
41010713
0137a023
1de30791
8913fef7
85b3fff9
87260099
01248633
00098f63
00074783
41010513
40e606b3
97aa078a
a0230705
95e3c0d7
8666fee5
01b485b3
266d8526
12051563
4a056b85
fffc8793
800b8b93
4d014b01
419a0a33
8ab3c63e
ebb341b9
05b30179
87b301a4
c7830125
07130007
078a4101
a78397ba
cbbdc007
000b0563
01b7f363
9d3e87d6
07b34b01
fae3413c
0533fda7
85de0184
9c2a2949
413c07b3
fda7f1e3
20834501
240344c1
24834481
29034441
29834401
2a0343c1
2a834381
2b034341
2b834301
2c0342c1
2c834281
2d034241
2d834201
011341c1
80824501
14dd8b63
bd410685
15060463
b5f90605
f3638766
875a016c
03277063
01a707b3
00e48833
468397a2
c7830008
93630007
070504f6
ff2764e3
88664732
019b6663
0d63a01d
872a0367
01a707b3
00e486b3
c68397a2
c7830006
08130007
05130017
80e3fff7
0613fef6
6e63001b
9d6e00c8
bf258b56
9d3a9d52
bf054b01
0613885a
76e3001b
852efec8
8ab3bf3d
ef634199
6b050b9a
0b134a05
0a85800b
0a334b81
5d7d419a
0169eb33
01740633
012607b3
0007c783
41010713
97ba078a
c007a783
9bbecf85
413c07b3
ff77f0e3
01840533
2ea585da
07b39c2a
e5e3413c
0633ef77
07b30174
c7830126
07130007
078a4101
a78397ba
f7f1c007
e6638766
a015012c
70630705
07b30327
88330177
97a200e4
00084683
0007c783
fef684e3
9bba9bd2
8793b755
9563fffc
a80d01a7
03a78863
01778733
00f486b3
c6839722
47030006
17fd0007
fee684e3
bfad9bd6
b7918ae6
460595b2
966eb361
bb354685
b5a58532
4c814d85
711dbb5d
caa6cca2
c8cace86
c4d2c6ce
84aec2d6
0005c583
c1e1842a
0014c683
12068263
0024c703
c603c379
0e630034
c7831006
cff10044
f0ef8526
892ac3ff
20056593
24458522
0f256c63
0fe00793
1527e363
412509b3
04000613
00190593
99a2850a
af5ff0ef
02090563
0ff97613
05b38726
96260099
00074783
06b30088
f79340e6
97aa03f7
80230705
95e3fcd7
6a85fee5
800a8a93
07b3147d
c7830124
00980007
03f7f793
c50397ba
942afc07
0089f663
9452a0d1
0c89e063
012407b3
0007c783
85220098
03f7f793
864a97ba
ca0385a6
20f9fc07
40f6fd79
44668522
494644d6
4a2649b6
61254a96
05c28082
00054703
47818dd5
8436a011
8fd907c2
4703c321
06930014
98e30014
147dfef5
9793b7e9
05e20106
00054683
8fd18fcd
8fd90722
4701ce91
8363a019
852206e7
04050722
46838f55
fae50004
04e78a63
bf614401
842a284d
9793bf49
95930185
07220106
8fd98fcd
00054683
a0114701
8f558432
dee90722
00144683
00140613
fee798e3
b7951479
01298533
00054783
85d6d3e1
99aa228d
f089f8e3
b7b14401
ffd50413
85aab799
852286ca
3e358626
bf25842a
f063478d
67b302c7
8b8d00b5
ef9d468d
419c4118
02f71c63
05111671
e9e30591
0693fec6
c20dfff6
96ae0685
8d63a019
478300d5
c7030005
05050005
88e30585
8533fee7
808240e7
80824501
fff60693
f693bfe1
77930ff5
cad10035
4783cb91
c7c10005
08d78463
77930505
fbe50035
0ff5f593
00859793
41188ddd
01059313
00b36333
feff0837
00e34633
eff80813
010607b3
010705b3
fff64613
fff74713
8f6d8ff1
808088b7
88938fd9
f7b30808
e39d0117
05114158
00674633
010707b3
010605b3
fff74713
fff64613
8e6d8ff9
f7b38fd1
dff90117
00054783
8163c799
478306f6
05050015
4501fbfd
cb818082
00054783
0505dfe5
00357793
4118fbf5
feff0637
eff60613
00c707b3
808086b7
fff74713
86938ff9
8ff50806
4158eb91
07b30511
471300c7
8ff9fff7
dbe58ff5
00054783
4783dfc5
05050015
8082ffed
862a8082
00b606b3
87b2852e
a811e589
87630785
c70300f6
fb7d0007
40c78533
80828082
7478650a
74636172
5f65695f
65646f63
746e6520
64657265
0000000a
65637865
6f697470
6f63206e
3d206564
0a782520
00000000
72747865
5f746361
635f6569
2065646f
74697865
000a6465
6665640a
746c7561
6e61685f
72656c64
746e6520
64657265
0000000a
6e61680a
5f656c64
70617274
746e6520
64657265
0000000a
6172540a
6d203a70
73756163
203d2065
202c7825
20637065
7825203d
0000000a
657a6973
7528666f
70746e69
20297274
25203d20
000a2064
72756f53
6f206563
72542066
203a7061
65746e49
70757272
00000a74
72756f53
6f206563
72542066
203a7061
74666f53
65726177
0000000a
646e6168
745f656c
20706172
74697865
000a6465
6170200a
2063696e
0000000a
6c756e28
0000296c
ffff56da
ffff571c
ffff59ac
ffff57d6
ffff59ac
ffff59ac
ffff59ac
ffff59ac
ffff59ac
ffff56c8
ffff59ac
ffff59ac
ffff58be
ffff59ac
ffff59ac
ffff59ac
ffff56ee
ffff59ac
ffff584a
ffff59ac
ffff59ac
ffff5932
70617274
696e695f
6e652074
65726574
200a2064
00000000
70617274
696e695f
78652074
64657469
00200a20
74696e69
746e6520
64657265
00200a20
74696e69
69786520
0a646574
00000000
00000000
72646461
25203d20
61642078
3d206174
0a782520
00000000
9abcaf48
3e7ad7f2
6e6f630a
75676966
635f6572
746e756f
65207265
7265746e
000a6465
6d69746d
706d6365
6c617620
3d206575
0a642520
00000000
6d69746d
61762065
2065756c
6425203d
0000000a
6e6f630a
75676966
635f6572
746e756f
65207265
65746978
00000a64
63616d0a
6c635f68
5f746e69
646e6168
2072656c
65746e65
0a646572
00000000
6d69746d
706d6365
6c617620
3d206575
0a782520
00000000
6d69746d
61762065
2065756c
7825203d
0000000a
6863616d
696c635f
685f746e
6c646e61
65207265
65746978
00000a64
746e690a
75727265
635f7470
6c706d6f
20657465
65746e65
0a646572
00000000
65746e69
70757272
64692074
2c642520
61747320
63206574
676e6168
74206465
6425206f
0000000a
65746e69
70757272
64692074
25203d20
200a2078
65736572
6f742074
66656420
746c7561
6c617620
20736575
74617473
203d2065
09207825
0a202009
69727020
7469726f
203d2079
200a7825
6e756f63
203d2074
000a7825
65746e69
70757272
6f635f74
656c706d
65206574
65746978
00000a64
746e690a
75727265
635f7470
6d69616c
7165725f
74736575
746e6520
64657265
0000000a
65746e69
70757272
64692074
78255b20
6c63205d
656d6961
61202064
64612074
73657264
78252073
0000000a
65746e69
70757272
6c635f74
5f6d6961
75716572
20747365
74697865
000a6465
63616d0a
6c705f68
685f6369
6c646e61
65207265
7265746e
000a6465
65746e69
70757272
64692074
616c6320
64656d69
25203d20
00000a78
61746146
7265206c
2c726f72
746e6920
75727265
69207470
255b2064
63205d78
6d69616c
69206465
72772073
0a676e6f
00000000
65746e69
70757272
64692074
20642520
706d6f63
6574656c
00000a20
63616d0a
6c705f68
685f6369
6c646e61
65207265
65746978
00000a64
7273690a
6665645f
746c7561
746e6520
64657265
0000000a
65746e69
70757272
255b2074
73205d64
69767265
0a646563
00000000
7273690a
6665645f
746c7561
69786520
0a646574
00000000
746e690a
75727265
655f7470
6c62616e
6e652065
65726574
000a2064
65746e69
70757272
64695f74
25203d20
00000a78
43494c50
53414220
44412045
53455244
203d2053
202c7825
43494c50
414e4520
20454c42
5346464f
3d205445
0a782520
00000000
65746e69
70757272
6e655f74
656c6261
6464615f
203d2072
63207825
65727275
765f746e
65756c61
25203d20
000a2078
756c6176
65722065
203a6461
5f77656e
756c6176
203d2065
000a7825
746e690a
75727265
655f7470
6c62616e
78652065
64657469
00000a20
746e690a
75727265
645f7470
62617369
6520656c
7265746e
0a206465
00000000
43494c50
53414220
44412045
53455244
203d2053
202c7825
43494c50
414e4520
20454c42
5346464f
3d205445
20782520
65746e69
70757272
64695f74
25203d20
00000a78
65746e69
70757272
69645f74
6c626173
64615f65
3d207264
20782520
72727563
5f746e65
756c6176
203d2065
0a207825
00000000
65746e69
70757272
69645f74
6c626173
78652065
64657469
0000000a
7465730a
746e6920
75727265
745f7470
73657268
646c6f68
746e6520
64657265
0000000a
63696c70
72687420
6f687365
7320646c
74207465
6425206f
0000000a
20746573
65746e69
70757272
68745f74
68736572
20646c6f
74697865
000a6465
6573200a
6e692074
72726574
20747075
6f697270
79746972
746e6520
64657265
0a782520
00000000
65746e69
70757272
72705f74
69726f69
615f7974
65726464
3d207373
0a782520
00000000
72727563
20746e65
61746164
20746120
65746e69
70757272
72705f74
69726f69
615f7974
65726464
3d207373
0a782520
00000000
77656e20
74616420
74612061
746e6920
75727265
705f7470
726f6972
5f797469
72646461
20737365
7825203d
0000000a
20746573
65746e69
70757272
72702074
69726f69
65207974
65746978
00000a64
6e6f630a
75676966
69206572
7265746e
74707572
6e697020
746e6520
64657265
0000000a
4f495047
52494420
49544345
52204e4f
53494745
20524554
554c4156
203d2045
000a7825
61746144
69727720
6e657474
206f7420
4f495047
52494420
49544345
43204e4f
204c5254
20474552
7825203d
0000000a
666e6f63
72756769
6e692065
72726574
20747075
206e6970
74697865
000a6465
696c700a
6e695f63
65207469
7265746e
000a6465
69737341
64656e67
63616d20
6c705f68
685f6369
6c646e61
74207265
7274206f
69207061
203a2064
000a6425
2a2a2a0a
2a2a2a2a
2a2a2a2a
2a2a2a2a
2a2a2a2a
2a2a2a2a
2a2a2a2a
2a2a2a2a
2a2a2a2a
2a2a2a2a
2a2a2a2a
2a2a2a2a
0000002a
746e690a
75727265
69207470
203d2064
0a207825
65736572
6f742074
66656420
746c7561
6c617620
20736575
74617473
203d2065
09207825
20200909
6972700a
7469726f
203d2079
630a7825
746e756f
25203d20
09200a78
20200909
2a2a2a0a
2a2a2a2a
2a2a2a2a
2a2a2a2a
2a2a2a2a
2a2a2a2a
2a2a2a2a
2a2a2a2a
2a2a2a2a
2a2a2a2a
2a2a2a2a
2a2a2a2a
00002a2a
63696c70
696e695f
78652074
64657469
00000a20
6e6f630a
75676966
695f6572
7265746e
74707572
746e6520
64657265
00000a20
666e6f63
72756769
6e695f65
72726574
20747075
74697865
0a206465
00000000
7265500a
20646f69
69676552
72657473
6c615620
68206575
65686769
68742072
6d206e61
76207861
65756c61
78252820
00000029
6550200a
646f6972
67655220
65747369
666f2072
646f6d20
20656c75
626d756e
25207265
65732064
6f742074
00782520
7475440a
65522079
74736967
56207265
65756c61
67696820
20726568
6e616874
78616d20
6c617620
28206575
00297825
7544200a
52207974
73696765
20726574
6d20666f
6c75646f
756e2065
7265626d
20642520
20746573
25206f74
00000078
6e6f430a
6c6f7274
67655220
65747369
61562072
2065756c
68676968
74207265
206e6168
2078616d
756c6176
25282065
00002978
6f43200a
6f72746e
6552206c
74736967
6f207265
6f6d2066
656c7564
6d756e20
20726562
73206425
74207465
7825206f
00000000
7552200a
6e696e6e
6e692067
6e6f6320
756e6974
2073756f
65646f6d
302f3128
25203a29
00000064
6f6c430a
52206b63
73696765
20726574
756c6156
69682065
72656867
61687420
616d206e
61762078
2065756c
29782528
00000000
6c41200a
6572206c
74736967
20737265
6d20666f
6c75646f
756e2065
7265626d
20642520
61656c63
00646572
6c41200a
6552206c
74736967
76207265
65756c61
666f2073
6c6c6120
646f6d20
73656c75
656c6320
64657261
00000000
7543200a
6e657272
6f4d2074
656c7564
20736920
20746573
50206f74
6d204d57
0065646f
7543200a
6e657272
6f4d2074
656c7564
20736920
20746573
74206f74
72656d69
636e6f20
6e6f2065
6d20796c
0065646f
7543200a
6e657272
6f4d2074
656c7564
20736920
20746573
74206f74
72656d69
6e6f6320
756e6974
2073756f
65646f6d
00000000
5750200a
6f6d204d
656c7564
6d756e20
20726562
68206425
62207361
206e6565
65746e65
00646572
5750200a
6f6d204d
656c7564
6d756e20
20726562
6e206425
6520746f
7265746e
00006465
7245200a
20726f72
73206e69
69747465
6320676e
6b636f6c
67657220
65747369
00000072
7245200a
20726f72
73206e69
69747465
6420676e
20797475
69676572
72657473
00000000
7245200a
20726f72
73206e69
69747465
7020676e
6f697265
65722064
74736967
00007265
4d57500a
20642520
63637573
75667365
20796c6c
666e6f63
72756769
00006465
5750200a
6f6d204d
656c7564
6d756e20
20726562
68206425
62207361
206e6565
706f7473
00646570
6568540a
6c617620
6f206575
65702066
646f6972
67657220
65747369
73692072
00782520
6568540a
6c617620
6f206575
75642066
72207974
73696765
20726574
25207369
00000078
6568540a
6c617620
6f206575
6f632066
6f72746e
6572206c
74736967
69207265
78252073
00000000
6568540a
6c617620
6f206575
6c632066
206b636f
69676572
72657473
20736920
00007825
00000032
00000033
00000034
00000035
00007325
42444f4d
555f5355
5f545241
54494e49
494c4149
20444553
000a0d21
4950470a
3033204f
494e4920
000a2054
2d2d2d2d
74654d2d
49207265
64252064
494e493a
20262054
2d46464f
2d2d2d2d
0000000a
2d2d2d2d
2d2d2d2d
2d2d2d2d
74654d2d
49207265
64252064
2d4e4f3a
2d2d2d2d
2d2d2d2d
0a2d2d2d
00000000
2d2d2d2d
2d2d2d2d
2d2d2d2d
6574654d
64492072
3a642520
2d46464f
2d2d2d2d
2d2d2d2d
0a2d2d2d
00000000
2d2d2d2d
2d2d2d2d
6574654d
64492072
3a642520
67676f54
4520656c
726f7272
2d2d2d2d
0a2d2d2d
00000000
2d2d2d2d
2d2d2d2d
6165522d
676e6964
74654d20
49207265
64253a64
2d2d2d20
2d2d2d2d
0a2d2d2d
00000000
3d207325
00000020
20666c25
0000000a
0a666c25
00000000
656d614e
20666f20
61726170
6574656d
6f6e2072
6f662074
20646e75
0000000a
ffff79ee
ffff801e
ffff7a46
ffff801e
ffff7a9e
ffff801e
ffff7af6
ffff801e
ffff7b4e
ffff801e
ffff7ba6
ffff801e
ffff7bfe
ffff801e
ffff7c56
ffff801e
ffff7cae
ffff801e
ffff801e
ffff801e
ffff801e
ffff801e
ffff801e
ffff801e
ffff7d06
ffff801e
ffff7d5e
ffff801e
ffff7db6
ffff801e
ffff801e
ffff801e
ffff801e
ffff801e
ffff801e
ffff801e
ffff801e
ffff801e
ffff801e
ffff801e
ffff801e
ffff801e
ffff801e
ffff801e
ffff801e
ffff801e
ffff801e
ffff801e
ffff801e
ffff801e
ffff801e
ffff801e
ffff801e
ffff801e
ffff801e
ffff801e
ffff801e
ffff801e
ffff801e
ffff801e
ffff801e
ffff801e
ffff801e
ffff801e
ffff801e
ffff801e
ffff801e
ffff801e
ffff801e
ffff801e
ffff7e0e
ffff801e
ffff7e66
ffff801e
ffff7ebe
3e3e3e0a
6574654d
20312072
000a4e4f
432b5441
45535049
303d444e
0030312c
444d4324
3137313a
00000000
3e3e3e0a
6574654d
20312072
0a46464f
00000000
444d4324
3037313a
00000000
3e3e3e0a
6574654d
20322072
000a4e4f
444d4324
3137323a
00000000
3e3e3e0a
6574654d
20322072
0a46464f
00000000
444d4324
3037323a
00000000
3e3e3e0a
6574654d
20332072
000a4e4f
444d4324
3137333a
00000000
3e3e3e0a
6574654d
20332072
0a46464f
00000000
444d4324
3037333a
00000000
3e3e3e0a
6574654d
20342072
000a4e4f
444d4324
3137343a
00000000
3e3e3e0a
6574654d
20342072
0a46464f
00000000
444d4324
3037343a
00000000
3e3e3e0a
61655220
654d2064
25726574
61502064
656d6172
25726574
00000a64
444d4324
3931313a
00000000
444d4324
3931323a
00000000
444d4324
3931333a
00000000
444d4324
3931343a
00000000
3e3e3e0a
42434420
74654d20
31207265
0a4e4f20
00000000
432b5441
3d53474d
34383022
36363634
34383833
00000022
3e3e3e0a
42434420
74654d20
31207265
46464f20
0000000a
3e3e3e0a
42434420
74654d20
32207265
0a4e4f20
00000000
3e3e3e0a
42434420
74654d20
32207265
46464f20
0000000a
3e3e3e0a
42434420
74654d20
33207265
0a4e4f20
00000000
3e3e3e0a
42434420
74654d20
33207265
46464f20
0000000a
3e3e3e0a
42434420
74654d20
34207265
0a4e4f20
00000000
3e3e3e0a
42434420
74654d20
34207265
46464f20
0000000a
3e3e3e0a
61655220
654d2064
20726574
00000a31
3e3e3e0a
61655220
654d2064
20726574
00000a32
3e3e3e0a
61655220
654d2064
20726574
00000a33
3e3e3e0a
61655220
654d2064
20726574
00000a34
63656843
6f6d206b
656c7564
65727020
746e6573
0000000a
522b5441
00005453
00005441
30455441
00000000
472b5441
0000524d
00004b4f
64616572
6f726620
7365206d
36323870
73252036
0000000a
4f525245
00000052
64616572
65786520
65747563
000a2064
45534552
000a3154
432b5441
444f4d57
00323d45
45444f4d
0000000a
432b5441
554d5049
00313d58
0a58554d
00000000
432b5441
45535049
52455652
382c313d
00000030
56524553
000a5245
6e6e6f43
69746365
5720676e
20694669
00000000
45534552
00000a54
4f484345
46464f20
0000000a
532b5441
5045454c
0000303d
45454c53
4f4d2050
44204544
42415349
0a44454c
00000000
432b5441
54554157
4e4f434f
00313d4e
4f545541
4e4f4320
5443454e
414e4520
44454c42
0000000a
432b5441
54535049
00303d4f
454d4954
2054554f
41534944
44454c42
0000000a
20202020
20202020
20202020
20202020
00000000
4450492b
0000302c
61746144
6f726620
6c63206d
746e6569
203a3020
000a7325
4450492b
0000312c
61746144
6f726620
6c63206d
746e6569
203a3120
000a7325
6e6b6e55
206e776f
61746164
756f7320
3a656372
0a732520
00000000
6e6e6f43
69746365
4720676e
20204d53
00000000
432b5441
3d46474d
00000031
432b5441
4144474d
4c45443d
4c4c4120
00000000
432b5441
3d474552
00000031
5241550a
49203154
69205253
0a74696e
00000000
20525349
42414e45
000a454c
2d2d2d0a
2d2d2d2d
2d2d2d2d
2d2d2d2d
2d2d2d2d
2d2d2d2d
2d2d2d2d
2d2d2d2d
2d2d2d2d
0a2d2d2d
00000000
5241550a
49203254
69205253
0a74696e
00000000
20525349
42414e45
0a44454c
00000000
5f525349
74726175
6e655f32
65726574
000a2064
4450492b
0000002c
20525349
61746164
6e6f6320
6e696174
492b2073
000a4450
61637373
6420666e
20656e6f
202c7325
202c7325
000a7325
44414552
2031304d
45534143
0000000a
44414552
2032304d
45534143
0000000a
44414552
2033304d
45534143
0000000a
44414552
2034304d
45534143
0000000a
2b204f4e
20445049
0000000a
5f525349
74726175
65725f32
0a206461
00000000
20525349
65636572
64657669
203e2d20
0a207325
00000000
5f525349
74726175
78655f32
3d207469
3d3d3d3d
3d3d3d3d
3d3d3d3d
3d3d3d3d
3d3d3d3d
00000a20
38505345
20363632
3a727369
20732520
0000000a
3e3e3e3e
433e3e3e
756d6d6f
6163696e
6e6f6974
69727420
3c3c3c67
3c3c3c3c
0000000a
31304d52
69727420
00000a67
32304d52
69727420
00000a67
33304d52
69727420
00000a67
34304d52
69727420
00000a67
45524f4e
74204441
0a676972
00000000
3e3e3e3e
3e3e3e3e
6f4c3e3e
206c6163
67697274
3c3c3c3c
3c3c3c3c
000a3c3c
3e3e3e3e
3e3e3e3e
61446f4e
74206174
3c676972
3c3c3c3c
3c3c3c3c
0000000a
00002020
20202020
48534e41
4e414d55
20202020
00000000
2d545345
6b616853
74206974
20747365
00000000
65646f6d
696e6920
74616974
20216465
00000000
65725020
73207373
63746977
20736568
00000000
20345320
20335320
20325320
20315320
00000000
70203153
73736572
000a6465
20202020
20202020
20202020
204b4f20
00000000
70203253
73736572
000a6465
20202020
20202020
204b4f20
20202020
00000000
70203353
73736572
000a6465
20202020
204b4f20
20202020
20202020
00000000
70203453
73736572
000a6465
204b4f20
20202020
20202020
20202020
00000000
3d3d3d0a
3d3d3d3d
4255483d
3d3d3d3d
3d3d3d3d
0000000a
20202020
55482020
20202042
20202020
00000000
4255480a
61657220
000a7964
54524155
000a2030
2d434424
00000041
6d6f4320
646e616d
206f7420
412d4344
00000000
2d434424
00000042
6d6f4320
646e616d
206f7420
422d4344
00000000
4344200a
4320422d
20455341
00000052
4344200a
4320422d
20455341
00000057
54524155
000a2031
5053522b
00000000
74614420
72662061
44206d6f
20412d43
00000000
54524155
000a2032
544d432b
00003a49
432b5441
004c474d
444d4324
00000000
6d6d6f43
2d646e61
0000003e
000a7325
70736552
65736e6f
00003e2d
74614420
72662061
44206d6f
20422d43
00000000
4552432b
30203a47
00000000
4552432b
31203a47
00000000
53472020
656e204d
726f7774
2020206b
00000000
20202020
756f6620
2020646e
20202020
00000000
4552432b
32203a47
00000000
4552432b
33203a47
00000000
53472020
6553204d
68637261
20676e69
00000000
20202020
7774656e
206b726f
20202020
00000000
70203353
73736572
6c206465
72206463
74657365
00000a20
7f800000
00000000
00000000
7ff80000
00000000
41600000
00000000
3ff00000
ff800000
7fc00000
80000000
4b000000
00800000
3f800000
00000000
40000000
40000000
43000000
42100000
41200000
42aa0000
00000000
00000000
43300000
00000000
c3300000
8000892a
800089de
80008934
800089de
800089d0
800089de
80008934
8000892a
8000892a
800089d0
80008934
80008910
80008910
80008910
80008938
80008f2a
80008f2a
80008f42
80008f24
80008f24
80008fd0
80008f42
80008f24
80008fd0
80008f24
80008f42
80008f22
80008f22
80008f22
80008fd0
80009b8a
80009bea
80009b92
80009bea
80009bde
80009bea
80009b92
80009b8a
80009b8a
80009bde
80009b92
80009b72
80009b72
80009b72
80009b96
80009ec8
80009ec8
80009ee0
80009ec4
80009ec4
80009f26
80009ee0
80009ec4
80009f26
80009ec4
80009ee0
80009ec2
80009ec2
80009ec2
80009f26
02020100
03030303
04040404
04040404
05050505
05050505
05050505
05050505
06060606
06060606
06060606
06060606
06060606
06060606
06060606
06060606
07070707
07070707
07070707
07070707
07070707
07070707
07070707
07070707
07070707
07070707
07070707
07070707
07070707
07070707
07070707
07070707
08080808
08080808
08080808
08080808
08080808
08080808
08080808
08080808
08080808
08080808
08080808
08080808
08080808
08080808
08080808
08080808
08080808
08080808
08080808
08080808
08080808
08080808
08080808
08080808
08080808
08080808
08080808
08080808
08080808
08080808
08080808
08080808
00000000
00000010
00000000
00527a03
01017c01
00020d1b
00000010
00000018
ffffaeba
00000366
00000000
00000010
0000002c
ffffb20c
00000354
00000000
00000000
3ff00000
00000000
fff00000
00000000
7ff00000
40000000
3fe2b803
43cfd006
3e4cfdeb
00000000
3ff80000
00000000
bff00000
8800759c
7e37e43c
60000000
3ff71547
f85ddf44
3e54ae0b
00000000
3fd00000
55555555
3fd55555
00000000
3fe00000
652b82fe
3ff71547
00000000
43400000
4a454eef
3fca7e28
93c9db65
3fcd864a
a91d4101
3fd17460
518f264d
3fd55555
db6fabff
3fdb6db6
33333303
3fe33333
00000000
40080000
e0000000
3feec709
dc3a03fd
3feec709
145b01f5
be3e2fe0
652b82fe
3c971547
c2f8f359
01a56e1f
00000000
3fe62e43
fefa39ef
3fe62e42
0ca86c39
be205c61
72bea4d0
3e663769
c5d26bf1
3ebbbd41
af25de2c
3f11566a
16bebd93
3f66c16c
5555553e
3fc55555
00000000
40000000
00000000
7ff80000
00000000
43500000
8800759c
fe37e43c
c2f8f359
81a56e1f
00000000
3c900000
8000cbb8
8fffffe0
88006cf0
8000da00
88006cf0
0200bff8
02004000
00041510
544c4f56
00000031
544c4f56
00000032
544c4f56
00000033
54544157
00000031
54544157
00000032
54544157
00000033
31524156
00000000
32524156
00000000
33524156
00000000
31204c56
0000322d
32204c56
0000332d
33204c56
0000312d
8000cbb8
00000000
00000000
00000000
00000000
00000000
00000000
00000000
00000000
00000000
00000000
00000000
00000000
00000000
00000000
00000000
52525543
31544e45
00000000
52525543
32544e45
00000000
52525543
33544e45
00000000
71657246
636e6575
00000079
49206857
726f706d
00000074
45206857
726f7078
00000074
00000000
8000cea4
8000cf0c
8000cf74
00000000
00000000
00000000
00000000
00000000
00000000
00000000
00000000
00000000
00000000
00000000
00000000
00000000
00000000
00000000
00000000
00000000
00000000
00000000
00000000
00000000
00000000
00000000
00000000
00000000
00000000
00000000
00000000
00000000
00000000
00000000
00000000
00000000
00000000
00000000
00000000
00000000
00000000
00000001
00000000
abcd330e
e66d1234
0005deec
0000000b
00000000
00000000
00000000
00000000
00000000
00000000
00000000
00000000
00000000
00000000
00000000
00000000
00000000
00000000
00000000
00000000
00000000
00000000
00000000
00000000
00000000
00000000
00000000
00000000
00000000
00000000
00000000
00000000
00000000
00000000
00000000
00000000
00000000
00000000
00000000
00000000
00000000
00000000
00000000
00000000
00000000
00000000
00000000
00000000
00000000
00000000
00000000
00000000
00000000
00000000
00000000
00000000
00000000
00000000
00000000
00000000
00000000
00000000
00000000
00000000
00000000
00000000
00000000
00000000
00000000
00000000
00000000
00000000
00000000
00000000
00000000
00000000
00000000
00000000
00000000
00000000
00000000
00000000
00000000
00000000
00000000
00000000
00000000
00000000
00000000
00000000
00000000
00000000
00000000
00000000
00000000
00000000
00000000
00000000
00000000
00000000
00000000
00000000
00000000
00000000
00000000
00000000
00000000
00000000
00000000
00000000
00000000
00000000
00000000
00000000
00000000
00000000
00000000
00000000
00000000
00000000
00000000
00000000
00000000
00000000
00000000
00000000
00000000
00000000
00000000
00000000
00000000
00000000
00000000
00000000
00000000
00000000
00000000
00000000
00000000
00000000
00000000
00000000
00000000
00000000
00000000
00000000
00000000
00000000
00000000
00000000
00000000
00000000
00000000
00000000
00000000
00000000
00000000
00000000
00000000
00000000
00000000
00000000
00000000
00000000
00000000
00000000
00000000
00000000
00000000
00000000
00000000
00000000
00000000
00000000
00000000
00000000
00000000
00000000
00000000
00000000
00000000
00000000
00000000
00000000
00000000
00000000
00000000
00000000
00000000
00000000
00000000
00000000
00000000
00000000
00000000
00000000
00000000
00000000
00000000
00000000
00000000
00000000
00000000
00000000
00000000
00000000
00000000
00000000
00000000
00000000
00000000
00000000
00000000
00000000
00000000
00000000
00000000
00000000
00000000
00000000
00000000
00000000
00000000
00000000
00000000
00000000
00000000
00000000
00000000
00000000
00000000
00000000
00000000
00000000
00000000
00000000
00000000
00000000
00000000
00000000
00000000
00000000
00000000
00000000
00000000
00000000
00000000
00000000
00000000
00000000
00000000
00000000
00000000
00000000
00000000
00000000
00000000
00000000
00000000
00000000
00000000
00000000
00000000
00000000
00000000
00000000
00000000
00000000
00000000
00000000
00000000
00000000
00000000
00000000
00000000
00000000
00000000
00000000
00000000
00000000
00000000
00000000
00000000
00000000
00000000
00000000
00000000
00000000
00000000
00000000
00000000
00000000
00000000
00000000
00000000
00000000
00000000
00000000
00000000
00000000
00000000
00000000
00000000
00000000
00000000
00000000
00000000
00000000
00000000
00000000
00000000
00000000
00000000
00000000
00000000
00000000
00000000
00000000
00000000
00000000
00000000
00000000
00000000
00000000
00000000
00000000
00000000
00000000
00000000
00000000
00000000
00000000
00000000
00000000
00000000
00000000
00000000
00000000
00000000
00000000
00000000
00000000
00000000
00000000
00000000
00000000
00000000
00000000
00000000
00000000
00000000
00000000
00000000
00000000
00000000
00000000
00000000
00000000
00000000
00000000
00000000
00000000
00000000
00000000
00000000
00000000
00000000
00000000
00000000
00000000
00000000
00000000
00000000
00000000
00000000
00000000
00000000
00000000
00000000
00000000
00000000
00000000
00000000
00000000
00000000
00000000
00000000
00000000
00000000
00000000
00000000
00000000
00000000
00000000
00000000
00000000
00000000
00000000
00000000
00000000
00000000
00000000
00000000
00000000
00000000
00000000
00000000
00000000
00000000
00000000
00000000
00000000
00000000
00000000
00000000
00000000
00000000
00000000
00000000
00000000
00000000
00000000
00000000
00000000
00000000
00000000
00000000
00000000
00000000
00000000
00000000
00000000
00000000
00000000
00000000
00000000
00000000
00000000
00000000
00000000
00000000
00000000
00000000
00000000
00000000
00000000
00000000
00000000
00000000
00000000
00000000
00000000
00000000
00000000
00000000
00000000
00000000
00000000
00000000
00000000
00000000
00000000
00000000
00000000
00000000
00000000
00000000
00000000
00000000
00000000
00000000
00000000
00000000
00000000
00000000
00000000
00000000
00000000
00000000
00000000
00000000
00000000
00000000
00000000
00000000
00000000
00000000
00000000
00000000
00000000
00000000
00000000
00000000
00000000
00000000
00000000
00000000
00000000
00000000
00000000
00000000
00000000
00000000
00000000
00000000
00000000
00000000
00000000
00000000
00000000
00000000
00000000
00000000
00000000
00000000
00000000
00000000
00000000
00000000
00000000
00000000
00000000
00000000
00000000
00000000
00000000
00000000
00000000
00000000
00000000
00000000
00000000
00000000
00000000
00000000
00000000
00000000
00000000
00000000
00000000
00000000
00000000
00000000
00000000
00000000
00000000
00000000
00000000
00000000
00000000
00000000
00000000
00000000
00000000
00000000
00000000
00000000
00000000
00000000
00000000
00000000
00000000
00000000
00000000
00000000
00000000
00000000
00000000
00000000
00000000
00000000
00000000
00000000
00000000
00000000
00000000
00000000
00000000
00000000
00000000
00000000
00000000
00000000
00000000
00000000
00000000
00000000
00000000
00000000
00000000
00000000
00000000
00000000
00000000
00000000
00000000
00000000
00000000
00000000
00000000
00000000
00000000
00000000
00000000
00000000
00000000
00000000
00000000
00000000
00000000
00000000
00000000
00000000
00000000
00000000
00000000
00000000
00000000
00000000
00000000
00000000
00000000
00000000
00000000
00000000
00000000
00000000
00000000
00000000
00000000
00000000
00000000
00000000
00000000
00000000
00000000
00000000
00000000
00000000
00000000
00000000
00000000
00000000
00000000
00000000
00000000
00000000
00000000
00000000
00000000
00000000
00000000
00000000
00000000
00000000
00000000
00000000
00000000
00000000
00000000
00000000
00000000
00000000
00000000
00000000
00000000
00000000
00000000
00000000
00000000
00000000
00000000
00000000
00000000
00000000
00000000
00000000
00000000
00000000
00000000
00000000
00000000
00000000
00000000
00000000
00000000
00000000
00000000
00000000
00000000
00000000
00000000
00000000
00000000
00000000
00000000
00000000
00000000
00000000
00000000
00000000
00000000
00000000
00000000
00000000
00000000
00000000
00000000
00000000
00000000
00000000
00000000
00000000
00000000
00000000
00000000
00000000
00000000
00000000
00000000
00000000
00000000
00000000
00000000
00000000
00000000
00000000
00000000
00000000
00000000
00000000
00000000
00000000
00000000
00000000
00000000
00000000
00000000
00000000
00000000
00000000
00000000
00000000
00000000
00000000
00000000
00000000
00000000
00000000
00000000
00000000
00000000
00000000
00000000
00000000
00000000
00000000
00000000
00000000
00000000
00000000
00000000
00000000
00000000
00000000
00000000
00000000
00000000
00000000
00000000
00000000
00000000
00000000
00000000
00000000
00000000
00000000
00000000
00000000
00000000
00000000
00000000
00000000
00000000
00000000
00000000
00000000
00000000
00000000
00000000
00000000
00000000
00000000
00000000
00000000
00000000
00000000
00000000
00000000
00000000
00000000
00000000
00000000
00000000
00000000
00000000
00000000
00000000
00000000
00000000
00000000
00000000
00000000
00000000
00000000
00000000
00000000
00000000
00000000
00000000
00000000
00000000
00000000
00000000
00000000
00000000
00000000
00000000
00000000
00000000
00000000
00000000
00000000
00000000
00000000
00000000
00000000
00000000
00000000
00000000
00000000
00000000
00000000
00000000
00000000
00000000
00000000
00000000
00000000
00000000
00000000
00000000
00000000
00000000
00000000
00000000
00000000
00000000
00000000
00000000
00000000
00000000
00000000
00000000
00000000
00000000
00000000
00000000
00000000
00000000
00000000
00000000
00000000
00000000
00000000
00000000
00000000
00000000
00000000
00000000
00000000
00000000
00000000
00000000
00000000
00000000
00000000
00000000
00000000
00000000
00000000
00000000
00000000
00000000
00000000
00000000
00000000
00000000
00000000
00000000
00000000
00000000
00000000
00000000
00000000
00000000
00000000
00000000
00000000
00000000
00000000
00000000
00000000
00000000
00000000
00000000
00000000
00000000
00000000
00000000
00000000
00000000
00000000
00000000
00000000
00000000
00000000
00000000
00000000
00000000
00000000
00000000
00000000
00000000
00000000
00000000
00000000
00000000
00000000
00000000
00000000
00000000
00000000
00000000
00000000
00000000
00000000
00000000
00000000
00000000
00000000
00000000
00000000
00000000
00000000
00000000
00000000
00000000
00000000
00000000
00000000
00000000
00000000
00000000
00000000
00000000
00000000
00000000
00000000
00000000
00000000
00000000
00000000
00000000
00000000
00000000
00000000
00000000
00000000
00000000
00000000
00000000
00000000
00000000
00000000
00000000
00000000
00000000
00000000
00000000
00000000
00000000
00000000
00000000
00000000
00000000
00000000
00000000
00000000
00000000
00000000
00000000
00000000
00000000
00000000
00000000
00000000
00000000
00000000
00000000
00000000
00000000
00000000
00000000
00000000
00000000
00000000
00000000
00000000
00000000
00000000
00000000
00000000
00000000
00000000
00000000
00000000
00000000
00000000
00000000
00000000
00000000
00000000
00000000
00000000
00000000
00000000
00000000
00000000
00000000
00000000
00000000
00000000
00000000
00000000
00000000
00000000
00000000
00000000
00000000
00000000
00000000
00000000
00000000
00000000
00000000
00000000
00000000
00000000
00000000
00000000
00000000
00000000
00000000
00000000
00000000
00000000
00000000
00000000
00000000
00000000
00000000
00000000
00000000
00000000
00000000
00000000
00000000
00000000
00000000
00000000
00000000
00000000
00000000
00000000
00000000
00000000
00000000
00000000
00000000
00000000
00000000
00000000
00000000
00000000
00000000
00000000
00000000
00000000
00000000
00000000
00000000
00000000
00000000
00000000
00000000
00000000
00000000
00000000
00000000
00000000
00000000
00000000
00000000
00000000
00000000
00000000
00000000
00000000
00000000
00000000
00000000
00000000
00000000
00000000
00000000
00000000
00000000
00000000
00000000
00000000
00000000
00000000
00000000
00000000
00000000
00000000
00000000
00000000
00000000
00000000
00000000
00000000
00000000
00000000
00000000
00000000
00000000
00000000
00000000
00000000
00000000
00000000
00000000
00000000
00000000
00000000
00000000
00000000
00000000
00000000
00000000
00000000
00000000
00000000
00000000
00000000
00000000
00000000
00000000
00000000
00000000
00000000
00000000
00000000
00000000
00000000
00000000
00000000
00000000
00000000
00000000
00000000
00000000
00000000
00000000
00000000
00000000
00000000
00000000
00000000
00000000
00000000
00000000
00000000
00000000
00000000
00000000
00000000
00000000
00000000
00000000
00000000
00000000
00000000
00000000
00000000
00000000
00000000
00000000
00000000
00000000
00000000
00000000
00000000
00000000
00000000
00000000
00000000
00000000
00000000
00000000
00000000
00000000
00000000
00000000
00000000
00000000
00000000
00000000
00000000
00000000
00000000
00000000
00000000
00000000
00000000
00000000
00000000
00000000
00000000
00000000
00000000
00000000
00000000
00000000
00000000
00000000
00000000
00000000
00000000
00000000
00000000
00000000
00000000
00000000
00000000
00000000
00000000
00000000
00000000
00000000
00000000
00000000
00000000
00000000
00000000
00000000
00000000
00000000
00000000
00000000
00000000
00000000
00000000
00000000
00000000
00000000
00000000
00000000
00000000
00000000
00000000
00000000
00000000
00000000
00000000
00000000
00000000
00000000
00000000
00000000
00000000
00000000
00000000
00000000
00000000
00000000
00000000
00000000
00000000
00000000
00000000
00000000
00000000
00000000
00000000
00000000
00000000
00000000
00000000
00000000
00000000
00000000
00000000
00000000
00000000
00000000
00000000
00000000
00000000
00000000
00000000
00000000
00000000
00000000
00000000
00000000
00000000
00000000
00000000
00000000
00000000
00000000
00000000
00000000
00000000
00000000
00000000
00000000
00000000
00000000
00000000
00000000
00000000
00000000
00000000
00000000
00000000
00000000
00000000
00000000
00000000
00000000
00000000
00000000
00000000
00000000
00000000
00000000
00000000
00000000
00000000
00000000
00000000
00000000
00000000
00000000
00000000
00000000
00000000
00000000
00000000
00000000
00000000
00000000
00000000
00000000
00000000
00000000
00000000
00000000
00000000
00000000
00000000
00000000
00000000
00000000
00000000
00000000
00000000
00000000
00000000
00000000
00000000
00000000
00000000
00000000
00000000
00000000
00000000
00000000
00000000
00000000
00000000
00000000
00000000
00000000
00000000
00000000
00000000
00000000
00000000
00000000
00000000
00000000
00000000
00000000
00000000
00000000
00000000
00000000
00000000
00000000
00000000
00000000
00000000
00000000
00000000
00000000
00000000
00000000
00000000
00000000
00000000
00000000
00000000
00000000
00000000
00000000
00000000
00000000
00000000
00000000
00000000
00000000
00000000
00000000
00000000
00000000
00000000
00000000
00000000
00000000
00000000
00000000
00000000
00000000
00000000
00000000
00000000
00000000
00000000
00000000
00000000
00000000
00000000
00000000
00000000
00000000
00000000
00000000
00000000
00000000
00000000
00000000
00000000
00000000
00000000
00000000
00000000
00000000
00000000
00000000
00000000
00000000
00000000
00000000
00000000
00000000
00000000
00000000
00000000
00000000
00000000
00000000
00000000
00000000
00000000
00000000
00000000
00000000
00000000
00000000
00000000
00000000
00000000
00000000
00000000
00000000
00000000
00000000
00000000
00000000
00000000
00000000
00000000
00000000
00000000
00000000
00000000
00000000
00000000
00000000
00000000
00000000
00000000
00000000
00000000
00000000
00000000
00000000
00000000
00000000
00000000
00000000
00000000
00000000
00000000
00000000
00000000
00000000
00000000
00000000
00000000
00000000
00000000
00000000
00000000
00000000
00000000
00000000
00000000
00000000
00000000
00000000
00000000
00000000
00000000
00000000
00000000
00000000
00000000
00000000
00000000
00000000
00000000
00000000
00000000
00000000
00000000
00000000
00000000
00000000
00000000
00000000
00000000
00000000
00000000
00000000
00000000
00000000
00000000
00000000
00000000
00000000
00000000
00000000
00000000
00000000
00000000
00000000
00000000
00000000
00000000
00000000
00000000
00000000
00000000
00000000
00000000
00000000
00000000
00000000
00000000
00000000
00000000
00000000
00000000
00000000
00000000
00000000
00000000
00000000
00000000
00000000
00000000
00000000
00000000
00000000
00000000
00000000
00000000
00000000
00000000
00000000
00000000
00000000
00000000
00000000
00000000
00000000
00000000
00000000
00000000
00000000
00000000
00000000
00000000
00000000
00000000
00000000
00000000
00000000
00000000
00000000
00000000
00000000
00000000
00000000
00000000
00000000
00000000
00000000
00000000
00000000
00000000
00000000
00000000
00000000
00000000
00000000
00000000
00000000
00000000
00000000
00000000
00000000
00000000
00000000
00000000
00000000
00000000
00000000
00000000
00000000
00000000
00000000
00000000
00000000
00000000
00000000
00000000
00000000
00000000
00000000
00000000
00000000
00000000
00000000
00000000
00000000
00000000
00000000
00000000
00000000
00000000
00000000
00000000
00000000
00000000
00000000
00000000
00000000
00000000
00000000
00000000
00000000
00000000
00000000
00000000
00000000
00000000
00000000
00000000
00000000
00000000
00000000
00000000
00000000
00000000
00000000
00000000
00000000
00000000
00000000
00000000
00000000
00000000
00000000
00000000
00000000
00000000
00000000
00000000
00000000
00000000
00000000
00000000
00000000
00000000
00000000
00000000
00000000
00000000
00000000
00000000
00000000
00000000
00000000
00000000
00000000
00000000
00000000
00000000
00000000
00000000
00000000
00000000
00000000
00000000
00000000
00000000
00000000
00000000
00000000
00000000
00000000
00000000
00000000
00000000
00000000
00000000
00000000
00000000
00000000
00000000
00000000
00000000
00000000
00000000
00000000
00000000
00000000
00000000
00000000
00000000
00000000
00000000
00000000
00000000
00000000
00000000
00000000
00000000
00000000
00000000
00000000
00000000
00000000
00000000
00000000
00000000
00000000
00000000
00000000
00000000
00000000
00000000
00000000
00000000
00000000
00000000
00000000
00000000
00000000
00000000
00000000
00000000
00000000
00000000
00000000
00000000
00000000
00000000
00000000
00000000
00000000
00000000
00000000
00000000
00000000
00000000
00000000
00000000
00000000
00000000
00000000
00000000
00000000
00000000
00000000
00000000
00000000
00000000
00000000
00000000
00000000
00000000
00000000
00000000
00000000
00000000
00000000
00000000
00000000
00000000
00000000
00000000
00000000
00000000
00000000
00000000
00000000
00000000
00000000
00000000
00000000
00000000
00000000
00000000
00000000
00000000
00000000
00000000
00000000
00000000
00000000
00000000
00000000
00000000
00000000
00000000
00000000
00000000
00000000
00000000
00000000
00000000
00000000
00000000
00000000
00000000
00000000
00000000
00000000
00000000
00000000
00000000
00000000
00000000
00000000
00000000
00000000
00000000
00000000
00000000
00000000
00000000
00000000
00000000
00000000
00000000
00000000
00000000
00000000
00000000
00000000
00000000
00000000
00000000
00000000
00000000
00000000
00000000
00000000
00000000
00000000
00000000
00000000
00000000
00000000
00000000
00000000
00000000
00000000
00000000
00000000
00000000
00000000
00000000
00000000
00000000
00000000
00000000
00000000
00000000
00000000
00000000
00000000
00000000
00000000
00000000
00000000
00000000
00000000
00000000
00000000
00000000
00000000
00000000
00000000
00000000
00000000
00000000
00000000
00000000
00000000
00000000
00000000
00000000
00000000
00000000
00000000
00000000
00000000
00000000
00000000
00000000
00000000
00000000
00000000
00000000
00000000
00000000
00000000
00000000
00000000
00000000
00000000
00000000
00000000
00000000
00000000
00000000
00000000
00000000
00000000
00000000
00000000
00000000
00000000
00000000
00000000
00000000
00000000
00000000
00000000
00000000
00000000
00000000
00000000
00000000
00000000
00000000
00000000
00000000
00000000
00000000
00000000
00000000
00000000
00000000
00000000
00000000
00000000
00000000
00000000
00000000
00000000
00000000
00000000
00000000
00000000
00000000
00000000
00000000
00000000
00000000
00000000
00000000
00000000
00000000
00000000
00000000
00000000
00000000
00000000
00000000
00000000
00000000
00000000
00000000
00000000
00000000
00000000
00000000
00000000
00000000
00000000
00000000
00000000
00000000
00000000
00000000
00000000
00000000
00000000
00000000
00000000
00000000
00000000
00000000
00000000
00000000
00000000
00000000
00000000
00000000
00000000
00000000
00000000
00000000
00000000
00000000
00000000
00000000
00000000
00000000
00000000
00000000
00000000
00000000
00000000
00000000
00000000
00000000
00000000
00000000
00000000
00000000
00000000
00000000
00000000
00000000
00000000
00000000
00000000
00000000
00000000
00000000
00000000
00000000
00000000
00000000
00000000
00000000
00000000
00000000
00000000
00000000
00000000
00000000
00000000
00000000
00000000
00000000
00000000
00000000
00000000
00000000
00000000
00000000
00000000
00000000
00000000
00000000
00000000
00000000
00000000
00000000
00000000
00000000
00000000
00000000
00000000
00000000
00000000
00000000
00000000
00000000
00000000
00000000
00000000
00000000
00000000
00000000
00000000
00000000
00000000
00000000
00000000
00000000
00000000
00000000
00000000
00000000
00000000
00000000
00000000
00000000
00000000
00000000
00000000
00000000
00000000
00000000
00000000
00000000
00000000
00000000
00000000
00000000
00000000
00000000
00000000
00000000
00000000
00000000
00000000
00000000
00000000
00000000
00000000
00000000
00000000
00000000
00000000
00000000
00000000
00000000
00000000
00000000
00000000
00000000
00000000
00000000
00000000
00000000
00000000
00000000
00000000
00000000
00000000
00000000
00000000
00000000
00000000
00000000
00000000
00000000
00000000
00000000
00000000
00000000
00000000
00000000
00000000
00000000
00000000
00000000
00000000
00000000
00000000
00000000
00000000
00000000
00000000
00000000
00000000
00000000
00000000
00000000
00000000
00000000
00000000
00000000
00000000
00000000
00000000
00000000
00000000
00000000
00000000
00000000
00000000
00000000
00000000
00000000
00000000
00000000
00000000
00000000
00000000
00000000
00000000
00000000
00000000
00000000
00000000
00000000
00000000
00000000
00000000
00000000
00000000
00000000
00000000
00000000
00000000
00000000
00000000
00000000
00000000
00000000
00000000
00000000
00000000
00000000
00000000
00000000
00000000
00000000
00000000
00000000
00000000
00000000
00000000
00000000
00000000
00000000
00000000
00000000
00000000
00000000
00000000
00000000
00000000
00000000
00000000
00000000
00000000
00000000
00000000
00000000
00000000
00000000
00000000
00000000
00000000
00000000
00000000
00000000
00000000
00000000
00000000
00000000
00000000
00000000
00000000
00000000
00000000
00000000
00000000
00000000
00000000
00000000
00000000
00000000
00000000
00000000
00000000
00000000
00000000
00000000
00000000
00000000
00000000
00000000
00000000
00000000
00000000
00000000
00000000
00000000
00000000
00000000
00000000
00000000
00000000
00000000
00000000
00000000
00000000
00000000
00000000
00000000
00000000
00000000
00000000
00000000
00000000
00000000
00000000
00000000
00000000
00000000
00000000
00000000
00000000
00000000
00000000
00000000
00000000
00000000
00000000
00000000
00000000
00000000
00000000
00000000
00000000
00000000
00000000
00000000
00000000
00000000
00000000
00000000
00000000
00000000
00000000
00000000
00000000
00000000
00000000
00000000
00000000
00000000
00000000
00000000
00000000
00000000
00000000
00000000
00000000
00000000
00000000
00000000
00000000
00000000
00000000
00000000
00000000
00000000
00000000
00000000
00000000
00000000
00000000
00000000
00000000
00000000
00000000
00000000
00000000
00000000
00000000
00000000
00000000
00000000
00000000
00000000
00000000
00000000
00000000
00000000
00000000
00000000
00000000
00000000
00000000
00000000
00000000
00000000
00000000
00000000
00000000
00000000
00000000
00000000
00000000
00000000
00000000
00000000
00000000
00000000
00000000
00000000
00000000
00000000
00000000
00000000
00000000
00000000
00000000
00000000
00000000
00000000
00000000
00000000
00000000
00000000
00000000
00000000
00000000
00000000
00000000
00000000
00000000
00000000
00000000
00000000
00000000
00000000
00000000
00000000
00000000
00000000
00000000
00000000
00000000
00000000
00000000
00000000
00000000
00000000
00000000
00000000
00000000
00000000
00000000
00000000
00000000
00000000
00000000
00000000
00000000
00000000
00000000
00000000
00000000
00000000
00000000
00000000
00000000
00000000
00000000
00000000
00000000
00000000
00000000
00000000
00000000
00000000
00000000
00000000
00000000
00000000
00000000
00000000
00000000
00000000
00000000
00000000
00000000
00000000
00000000
00000000
00000000
00000000
00000000
00000000
00000000
00000000
00000000
00000000
00000000
00000000
00000000
00000000
00000000
00000000
00000000
00000000
00000000
00000000
00000000
00000000
00000000
00000000
00000000
00000000
00000000
00000000
00000000
00000000
00000000
00000000
00000000
00000000
00000000
00000000
00000000
00000000
00000000
00000000
00000000
00000000
00000000
00000000
00000000
00000000
00000000
00000000
00000000
00000000
00000000
00000000
00000000
00000000
00000000
00000000
00000000
00000000
00000000
00000000
00000000
00000000
00000000
00000000
00000000
00000000
00000000
00000000
00000000
00000000
00000000
00000000
00000000
00000000
00000000
00000000
00000000
00000000
00000000
00000000
00000000
00000000
00000000
00000000
00000000
00000000
00000000
00000000
00000000
00000000
00000000
00000000
00000000
00000000
00000000
00000000
00000000
00000000
00000000
00000000
00000000
00000000
00000000
00000000
00000000
00000000
00000000
00000000
00000000
00000000
00000000
00000000
00000000
00000000
00000000
00000000
00000000
00000000
00000000
00000000
00000000
00000000
00000000
00000000
00000000
00000000
00000000
00000000
00000000
00000000
00000000
00000000
00000000
00000000
00000000
00000000
00000000
00000000
00000000
00000000
00000000
00000000
00000000
00000000
00000000
00000000
00000000
00000000
00000000
00000000
00000000
00000000
00000000
00000000
00000000
00000000
00000000
00000000
00000000
00000000
00000000
00000000
00000000
00000000
00000000
00000000
00000000
00000000
00000000
00000000
00000000
00000000
00000000
00000000
00000000
00000000
00000000
00000000
00000000
00000000
00000000
00000000
00000000
00000000
00000000
00000000
00000000
00000000
00000000
00000000
00000000
00000000
00000000
00000000
00000000
00000000
00000000
00000000
00000000
00000000
00000000
00000000
00000000
00000000
00000000
00000000
00000000
00000000
00000000
00000000
00000000
00000000
00000000
00000000
00000000
00000000
00000000
00000000
00000000
00000000
00000000
00000000
00000000
00000000
00000000
00000000
00000000
00000000
00000000
00000000
00000000
00000000
00000000
00000000
00000000
00000000
00000000
00000000
00000000
00000000
00000000
00000000
00000000
00000000
00000000
00000000
00000000
00000000
00000000
00000000
00000000
00000000
00000000
00000000
00000000
00000000
00000000
00000000
00000000
00000000
00000000
00000000
00000000
00000000
00000000
00000000
00000000
00000000
00000000
00000000
00000000
00000000
00000000
00000000
00000000
00000000
00000000
00000000
00000000
00000000
00000000
00000000
00000000
00000000
00000000
00000000
00000000
00000000
00000000
00000000
00000000
00000000
00000000
00000000
00000000
00000000
00000000
00000000
00000000
00000000
00000000
00000000
00000000
00000000
00000000
00000000
00000000
00000000
00000000
00000000
00000000
00000000
00000000
00000000
00000000
00000000
00000000
00000000
00000000
00000000
00000000
00000000
00000000
00000000
00000000
00000000
00000000
00000000
00000000
00000000
00000000
00000000
00000000
00000000
00000000
00000000
00000000
00000000
00000000
00000000
00000000
00000000
00000000
00000000
00000000
00000000
00000000
00000000
00000000
00000000
00000000
00000000
00000000
00000000
00000000
00000000
00000000
00000000
00000000
00000000
00000000
00000000
00000000
00000000
00000000
00000000
00000000
00000000
00000000
00000000
00000000
00000000
00000000
00000000
00000000
00000000
00000000
00000000
00000000
00000000
00000000
00000000
00000000
00000000
00000000
00000000
00000000
00000000
00000000
00000000
00000000
00000000
00000000
00000000
00000000
00000000
00000000
00000000
00000000
00000000
00000000
00000000
00000000
00000000
00000000
00000000
00000000
00000000
00000000
00000000
00000000
00000000
00000000
00000000
00000000
00000000
00000000
00000000
00000000
00000000
00000000
00000000
00000000
00000000
00000000
00000000
00000000
00000000
00000000
00000000
00000000
00000000
00000000
00000000
00000000
00000000
00000000
00000000
00000000
00000000
00000000
00000000
00000000
00000000
00000000
00000000
00000000
00000000
00000000
00000000
00000000
00000000
00000000
00000000
00000000
00000000
00000000
00000000
00000000
00000000
00000000
00000000
00000000
00000000
00000000
00000000
00000000
00000000
00000000
00000000
00000000
00000000
00000000
00000000
00000000
00000000
00000000
00000000
00000000
00000000
00000000
00000000
00000000
00000000
00000000
00000000
00000000
00000000
00000000
00000000
00000000
00000000
00000000
00000000
00000000
00000000
00000000
00000000
00000000
00000000
00000000
00000000
00000000
00000000
00000000
00000000
00000000
00000000
00000000
00000000
00000000
00000000
00000000
00000000
00000000
00000000
00000000
00000000
00000000
00000000
00000000
00000000
00000000
00000000
00000000
00000000
00000000
00000000
00000000
00000000
00000000
00000000
00000000
00000000
00000000
00000000
00000000
00000000
00000000
00000000
00000000
00000000
00000000
00000000
00000000
00000000
00000000
00000000
00000000
00000000
00000000
00000000
00000000
00000000
00000000
00000000
00000000
00000000
00000000
00000000
00000000
00000000
00000000
00000000
00000000
00000000
00000000
00000000
00000000
00000000
00000000
00000000
00000000
00000000
00000000
00000000
00000000
00000000
00000000
00000000
00000000
00000000
00000000
00000000
00000000
00000000
00000000
00000000
00000000
00000000
00000000
00000000
00000000
00000000
00000000
00000000
00000000
00000000
00000000
00000000
00000000
00000000
00000000
00000000
00000000
00000000
00000000
00000000
00000000
00000000
00000000
00000000
00000000
00000000
00000000
00000000
00000000
00000000
00000000
00000000
00000000
00000000
00000000
00000000
00000000
00000000
00000000
00000000
00000000
00000000
00000000
00000000
00000000
00000000
00000000
00000000
00000000
00000000
00000000
00000000
00000000
00000000
00000000
00000000
00000000
00000000
00000000
00000000
00000000
00000000
00000000
00000000
00000000
00000000
00000000
00000000
00000000
00000000
00000000
00000000
00000000
00000000
00000000
00000000
00000000
00000000
00000000
00000000
00000000
00000000
00000000
00000000
00000000
00000000
00000000
00000000
00000000
00000000
00000000
00000000
00000000
00000000
00000000
00000000
00000000
00000000
00000000
00000000
00000000
00000000
00000000
00000000
00000000
00000000
00000000
00000000
00000000
00000000
00000000
00000000
00000000
00000000
00000000
00000000
00000000
00000000
00000000
00000000
00000000
00000000
00000000
00000000
00000000
00000000
00000000
00000000
00000000
00000000
00000000
00000000
00000000
00000000
00000000
00000000
00000000
00000000
00000000
00000000
00000000
00000000
00000000
00000000
00000000
00000000
00000000
00000000
00000000
00000000
00000000
00000000
00000000
00000000
00000000
00000000
00000000
00000000
00000000
00000000
00000000
00000000
00000000
00000000
00000000
00000000
00000000
