:0200000480007A
:10000000971200009382028673905230AD4273B013
:10001000023085629382828873B04230B72F000C21
:10002000137E0E00130E0E002380CF01A380CF019C
:100030002381CF01A381CF01B70F000C137E0E00E7
:100040002380CF01A380CF012381CF01A381CF01E2
:100050008140014181410142814201438143014488
:100060008144014581450146814601478147014858
:10007000814801498149014A814A014B814B014C28
:10008000814C014D814D014E814E014F814F975161
:1000900000009381E16F175501001305A5F59755F1
:1000A00001009385A520014610C16374B5001105B8
:1000B000E5BF138541849385C185014610C16374F2
:1000C000B5001105E5BF170100101301A1F117528A
:1000D00001001302D221137202FC6F10701401A0F0
:1000E000011106CE22CC0010B707B0002326F4FE83
:1000F000232004FE232204FE0145F5283524EF00C9
:10010000606C1305800CEF00807F1745000013051D
:1001100065EEEF10403B0D260325C4FEEF00A06402
:10012000EF006066174500001305C5EDEF10A0391C
:10013000975700009387C7EB9C43BE850325C4FEF9
:10014000D1298327C4FE91072326F4FE174500001A
:10015000130585ECEF102037232404FE81A8130536
:10016000800CEF00C079832784FE850717570000B5
:10017000130707E88A07BA979C43BE850325C4FE88
:1001800051298327C4FE91072326F4FE832784FE8A
:1001900093F7F71F99E7174500001305A5E8EF103F
:1001A0008032832784FE85072324F4FE97570000BE
:1001B000938707E49843832784FEE3E2E7FA174531
:1001C0000000130565E6EF10003017450000130529
:1001D000E5E6EF10402F02900100F2406244056115
:1001E0008280411106C622C40008DD3D0100B240F4
:1001F000224441018280011122CE00102326A4FE58
:100200000327C4FEB7070200BA973E87975700003E
:10021000938707D898C30327C4FEB7070200910746
:10022000BA973E87975700009387C7D698C303278E
:10023000C4FEB7070200A107BA973E879387818063
:1002400098C30327C4FEB7070200B107BA973E87D9
:100250009387C18098C30327C4FEB7070200C10774
:10026000BA973E879387018198C30327C4FEB707D7
:100270000200D107BA973E879387418198C303272D
:10028000C4FEB7070200E107BA973E8793878181D2
:1002900098C30327C4FEB7070200F107BA973E8749
:1002A0009387C18198C30327C4FEB70702009387D1
:1002B0000702BA973E879387018298C30327C4FE3B
:1002C000B707020093874702BA973E879387418218
:1002D00098C30327C4FEB707020093878702BA9723
:1002E0003E879387818298C30100724405618280B2
:1002F000011122CE00102326A4FE2324B4FE83275E
:10030000C4FE032784FE98C3010072440561828005
:10031000011122CE00102326A4FE8327C4FE9C4395
:100320003E85724405618280411106C622C40008E0
:10033000975700009387C7C59C439305B0033E853C
:10034000453F0100B240224441018280411106C66E
:1003500022C40008975700009387C7C39C43C16518
:100360003E8579370100B24022444101828041112B
:1003700006C622C40008975700009387A7C19C4374
:10038000A1653E85B5370100B2402244410182801B
:10039000011122CE00102326A4FE2324B4FE232222
:1003A000C4FE832784FE0547B317F7001387F7FFC2
:1003B000832744FEFD178326C4FEB3D7F640F98F8A
:1003C0003E85724405618280011106CE22CC001068
:1003D000232604FE19A81305400615239387818060
:1003E0009C433E8535372326A4FE8327C4FE858B98
:1003F000FDD385473E85F24062440561828001114C
:1004000006CE22CC0010930700082326F4FE11A884
:100410002945F521938781809C433E85D53D232640
:10042000A4FE8327C4FE93F70708FDF385473E85A6
:10043000F240624405618280411106C622C4000870
:100440009387C1809C43B70500063E855535938749
:10045000C1819C4399453E85613D97570000938734
:1004600027B39843B70708009385B7073A854935FE
:10047000793785473E85B24022444101828041114F
:1004800006C622C400089387C1809C43B70500308C
:100490003E85B93D9387C1819C43930500033E850A
:1004A000813D975700009387A7AE9843B707080090
:1004B0009385B7073A852D3D993785473E85B240EC
:1004C000224441018280797106D622D40018232E5D
:1004D000A4FC232CB4FC2546E145032584FD4D3DB9
:1004E0002326A4FE0546A145032584FD5535232476
:1004F000A4FE0327C4FD8327C4FED98F2322F4FE64
:10050000832784FEE2072324F4FE9387C1809C4363
:10051000832544FE3E85E93B938701819C438325E7
:1005200084FE3E85F1339387C1819C4381453E859E
:10053000C133975700009387A7A59843B7072800B2
:100540009385B7073A856D335145552E4D3D854707
:100550003E85B250225445618280797106D622D4FC
:100560000018232EA4FC232CB4FC232AC4FC8327CC
:1005700084FD13D787008327C4FDD98F2326F4FE7B
:10058000832784FDE2073E87832744FDA183D98F1B
:100590002324F4FE832744FDE2072322F4FE83266E
:1005A00044FE032684FE8325C4FE17450000130580
:1005B000E5A9EF0050139387C1809C438325C4FEB7
:1005C0003E853D33938701819C43832584FE3E8590
:1005D0000533938741819C43832544FE3E85093B37
:1005E0009387C1819C4381453E851933975700000D
:1005F0009387079A9843B70748009385B7073A85CA
:10060000C5395145ED2CE53BBD2A0100B2502254BD
:1006100045618280011106CE22CC00102326A4FE63
:100620002324B4FE113D032684FE8325C4FE370532
:1006300000122537892A0100F24062440561828058
:10064000797106D622D40018232EA4FC232CB4FCE6
:100650000546A145032584FD253B2324A4FE8327CD
:1006600084FEE2072324F4FE9387C180944383270A
:1006700084FD13D787008327C4FDD98FBE853685B7
:100680008539938701819843832784FDE207BE85DE
:100690003A85B9399387C1819C4381453E85893923
:1006A0007531975700009387A78E9843B70730207E
:1006B0009385B7073A852D391305007D89242933A1
:1006C000AA8799C79387C1819C439C432326F4FE44
:1006D0008327C4FE3E85B2502254456182807971E1
:1006E00006D622D40018232EA4FC8325C4FD37058A
:1006F000000CB9372326A4FE8327C4FE3E85B250E2
:10070000225445618280797106D622D40018232EA6
:10071000A4FC9387C1809C438325C4FD3E85C93ECC
:100720009387C1819C438325C4FD3E85D1363939E9
:10073000975700009387C7859843B707082093858C
:10074000B7073A8575364931AA8799C79387C1811A
:100750009C439C432326F4FE8327C4FE3E85B2506F
:10076000225445618280011106CE22CC001023263E
:10077000A4FE8325C4FE370500DCB1330100F2403E
:10078000624405618280011106CE22CC00108D47A3
:100790002326F4FE31A837050005B5372326A4FE2D
:1007A0008325C4FE174500001305058CEF00A073D8
:1007B0008327C4FE8D8BE5F381473E85F24062447A
:1007C00005618280011106CE22CC0010B5319387DD
:1007D000C1809C43B705009F3E85193E9387C18128
:1007E0009C43B705009F3E8521368D369747000014
:1007F0009387077A9843B70708189385B7073A8510
:10080000C53CD936AA8799C79387C1819C439C432D
:100810002326F4FE4546A1450325C4FE953E232428
:10082000A4FE0546C1450325C4FE9D362322A4FE31
:10083000832584FE1745000013050585EF00A06A97
:10084000832544FE1745000013050585EF00A069C8
:1008500085473E85F24062440561828000000000C9
:10086000197101001300000006C20AC40EC612C8A6
:1008700016CA1ACC1ECE22D026D22AD42ED632D8D0
:1008800036DA3ADC3EDEC2C0C6C2CAC4CEC6D2C860
:10089000D6CADACCDECEE2D0E6D2EAD4EED6F2D8B0
:1008A000F6DAFADCFEDE73252034F32510340A86EE
:1008B000EF0040527310153492402241B24142423F
:1008C000D2426243F243025492542255B2554256E8
:1008D000D2566257F257064896482649B649464AC4
:1008E000D64A664BF64B065C965C265DB65D465E68
:1008F000D65E665FF65F0961730020300000797193
:1009000022D60018232EA4FC232604FE01008327F0
:10091000C4FE138717002326E4FE0327C4FDE3E883
:10092000E7FE01000100325445618280797122D6D0
:100930000018232EA4FC0327C4FD9307803EB307B1
:10094000F7022326F4FE29A89307803E2324F4FE11
:100950000100832784FE1387F7FF2324E4FEF5FBC1
:100960008327C4FE1387F7FF2326E4FEF1FF01006F
:100970000100325445618280797106D622D4001874
:10098000232EA4FC85472326F4FE232404FE31A84D
:100990000327C4FEBA878A07BA9786072326F4FE80
:1009A000832784FE85072324F4FE032784FE832700
:1009B000C4FDE36FF7FC0325C4FEEF30C032AA8705
:1009C0003E85B250225445618280797122D600184A
:1009D000232EA4FC232CB4FC232604FE832784FDB1
:1009E000FD172324F4FE99A88327C4FE0327C4FD22
:1009F000BA9783C70700A303F4FE832784FE032767
:100A0000C4FD3E978327C4FE8326C4FDB6970347E3
:100A100007002380E700832784FE0327C4FDBA97DD
:100A2000034774FE2380E7008327C4FE850723263F
:100A3000F4FE832784FEFD172324F4FE0327C4FE5F
:100A4000832784FEE342F7FA010001003254456136
:100A50008280797106D622D40018232EA4FC232C80
:100A6000B4FC232AC4FC232604FE3DA80327C4FDAE
:100A7000A947B367F70213F7F70F832684FD83278F
:100A8000C4FEB697130707031377F70F2380E70019
:100A90008327C4FE85072326F4FE0327C4FDA94748
:100AA000B347F702232EF4FC8327C4FDE1F339A8F2
:100AB000032784FD8327C4FEBA971307000323800E
:100AC000E7008327C4FE85072326F4FE0327C4FE20
:100AD000832744FDE36EF7FC8327C4FEBE85032510
:100AE00084FDE535032784FD8327C4FEBA97238060
:100AF00007008327C4FE3E85B250225445618280A0
:100B00005D7186C6A2C48008232EA4FA232CB4FAF1
:100B1000232AC4FA232604FE232004FC232204FCF7
:100B2000232404FC232604FC232804FC232A04FC9D
:100B3000232C04FC231E04FC0325C4FBEF304024BB
:100B40002A87AE8797360000938646589042D44253
:100B50003A85BE85EF20C0462A87AE873A85BE8596
:100B6000EF30602BAA87232EF4FA0325C4FBEF3065
:100B7000E005AA872324F4FE032584FEEF30000B52
:100B8000AA87BE850325C4FBEF205051AA872322E4
:100B9000F4FE232004FE930500000325C4FBEF2090
:100BA0009026AA8763DE0700832704FE032784FBC1
:100BB000BA971307D0022380E70085472320F4FE6D
:100BC000832784FE85E3832704FE032784FBBA97EB
:100BD000130700032380E700832704FE85072320F3
:100BE000F4FE3DA8832784FE63D80700832784FE94
:100BF000B307F0402324F4FE930704FC0146BE85AE
:100C0000032584FEB9352326A4FE832704FE03278B
:100C100084FBBA97130704FCBA853E85EF30603534
:100C20000327C4FE832704FEBA972326F4FE8327F6
:100C300044FBADCF8327C4FE032784FBBA97130779
:100C4000E0022380E70093050000032544FEEF2027
:100C5000901BAA8763DA0700032744FEB7070080CA
:100C6000B98F2322F4FE39A093050000032544FE2A
:100C7000EF201014032544FB0133AA87BE8503250A
:100C800044FEEF20D01FAA872322F4FE032544FE52
:100C9000EF20D073AA868327C4FE8507032784FB31
:100CA000BA97032644FBBE85368565330100B640FE
:100CB000264461618280797122D60018232EA4FC1B
:100CC000232CB4FC832784FD2326F4FE29A8832744
:100CD00084FD2326F4FE01008327C4FE1387F7FF5B
:100CE0002326E4FEF5FB8327C4FD1387F7FF232E9D
:100CF000E4FCF1FF010001003254456182800111E2
:100D000006CE22CC00102326A4FE8327C4FE9C43DB
:100D10003E868325C4FE173500001305A539E12260
:100D20008327C4FE9C433E85F24062440561828075
:100D3000011106CE22CC00102326A4FE2324B4FEEB
:100D40008327C4FE032784FE98C38327C4FE9C43E5
:100D50003E868325C4FE173500001305A5356122A4
:100D60000100F240624405618280797106D622D486
:100D70000018232EA4FC173500001305A535052205
:100D80000327C4FDB707008093C7F7FFF98F232619
:100D9000F4FE8325C4FE1735000013056535A12236
:100DA0001735000013054536DD288327C4FE3E8530
:100DB000B250225445618280011106CE22CC00102F
:100DC0002326A4FE2324B4FE173500001305453561
:100DD000F92001A0797106D622D40018232EA4FC94
:100DE000232CB4FC232604FE232404FE1735000024
:100DF0001305C5346D20032684FD8325C4FD1735F6
:100E00000000130525357528914517350000130599
:100E10006536D128FD472324F4FE832784FE054749
:100E2000B317F7003E878327C4FDF98F95CB0325C1
:100E3000C4FD253F2326A4FE173500001305053504
:100E40004920174701001307E71A8327C4FE8A07C2
:100E5000BA979C43832584FD0325C4FD829725A072
:100E60001735000013054534A9281747010013075B
:100E7000671C8327C4FD8A07BA979C43832584FD9A
:100E80000325C4FD8297173500001305A5330128FB
:100E9000832784FD3E85B2502254456182805D7176
:100EA00022D60018232EA4FC4CC010C454C418C869
:100EB0005CC8232C0401232E14010100325461610B
:100EC00082805D7122D60018232EA4FC4CC010C471
:100ED00054C418C85CC8232C0401232E140101003B
:100EE0003254616182805D7122D60018232EA4FCE9
:100EF0004CC010C454C418C85CC8232C0401232E51
:100F0000140101003254616182805D7122D60018A3
:100F1000232EA4FC4CC010C454C418C85CC8232C95
:100F20000401232E140101003254616182805D713D
:100F300022D60018232EA4FC4CC010C454C418C8D8
:100F40005CC8232C0401232E14010100325461617A
:100F500082805D7106D622D40018232EA4FC4CC0DA
:100F600010C454C418C85CC8232C0401232E1401D7
:100F700093070402232CF4FC832784FD9117232676
:100F8000F4FE8327C4FEBE850325C4FD912A1735D0
:100F9000000013056524353701A02971232E111295
:100FA000232C8112232A21132328311323264113B2
:100FB000232451132322611323207113800223243D
:100FC000A4EC2326B4EC2322C4EC232E04FC232C13
:100FD00004FC832744EC3E8B814B032784EC83275E
:100FE000C4EC5A86DE863A85BE85EF1030482A87E3
:100FF000AE878327C4FD8A07930604FEB69723AC09
:10100000E7EE832744EC3E8981498327C4EC4E8771
:1010100063E4E7048327C4EC4E876397E7008327E4
:1010200084EC4A8763EAE702832744EC3E8A814ADC
:101030005286D686032584EC8325C4ECEF10B00CD1
:101040002A87AE872324E4EC2326F4EC8327C4FD0F
:101050008507232EF4FCB5BF01008327C4FD850757
:10106000232EF4FC91A08327C4FD8A07130704FEF6
:10107000BA9703A787EFA54763F7E70093077005C3
:10108000232CF4FC29A093070003232CF4FC8327D2
:10109000C4FD8A07130704FEBA9703A787EF8327C7
:1010A00084FDBA973E85F9298327C4FD1387F7FF8E
:1010B000232EE4FCE349F0FA010001008320C11370
:1010C000032481130329411383290113032AC11225
:1010D000832A8112032B4112832B011231618280FA
:1010E0001D7186CEA2CCA6CACAC880102326A4FA37
:1010F0002324B4FA93070000232CF4FC232804FAD9
:10110000232A04FA232C04FA232E04FA232004FCB5
:10111000232204FC232404FC231604FC11A8638D61
:101120000438268585218327C4FA85072326F4FA07
:101130008327C4FA83C70700BE8493075002E39055
:10114000F4FE8327C4FA85072326F4FA8327C4FA1A
:10115000232AF4FC232204FE232E04FC8327C4FA52
:10116000138717002326E4FA83C70700BE8493077A
:1011700050026380F4329307500263CFF430930738
:10118000800763CB97309307300663C7F4309387AB
:10119000D4F955476362F73013972700973700005B
:1011A0009387C704BA97984397370000938707043B
:1011B000BA978287832744FE85072322F4FE85475A
:1011C000232EF4FCD5A4832784FA13874700232415
:1011D000E4FA9C433E857D26C1AC832784FA1387BD
:1011E00047002324E4FA03A90700631A090017390A
:1011F0000000130929FF21A02685692605098347D8
:101200000900BE84F5F84DA4A9472328F4FC032760
:1012100044FE854763D1E702832784FA9D07E19B5B
:10122000138787002324E4FA9843DC432324E4FE55
:101230002326F4FE3DA8032744FE8547631FF700DD
:10124000832784FA138747002324E4FA9C4323244A
:10125000F4FEFD872326F4FE29A8832784FA13874A
:1012600047002324E4FA9C432324F4FEFD8723262D
:10127000F4FE032784FE8327C4FE63DB0702130505
:10128000D0020926032584FE8325C4FE0147814739
:101290003306A740328833380701B386B740B38797
:1012A0000641BE863287B6872324E4FE2326F4FE59
:1012B000832704FD3E86032584FE8325C4FEF13981
:1012C000E5A2832784FA9D07E19B138787002324E7
:1012D000E4FA9843DC433A85BE85EF20D033AA87F1
:1012E000232CF4FC930704FB1946BE85032584FDDB
:1012F000EFF01F81232004FE25A0832704FE13079F
:1013000004FFBA9783C707FC3E85AD2C032704FE74
:10131000F54763C0E702832704FE85072320F4FE18
:10132000832704FE130704FFBA9783C707FCF1F76E
:10133000A5AA010095AAA9472328F4FC032744FE87
:10134000854763D1E702832784FA9D07E19B1387D2
:1013500087002324E4FA9843DC432324E4FE232675
:10136000F4FE1DA8832744FE89CF832784FA1387C0
:1013700047002324E4FA9C432324F4FE232604FE9E
:1013800021A8832784FA138747002324E4FA9C4387
:101390002324F4FE232604FE832704FD3E86032532
:1013A00084FE8325C4FED53E01A2A1472328F4FC78
:1013B000032744FE854763D1E702832784FA9D070C
:1013C000E19B138787002324E4FA9843DC4323241A
:1013D000E4FE2326F4FE1DA8832744FE89CF83273D
:1013E00084FA138747002324E4FA9C432324F4FE61
:1013F000232604FE21A8832784FA13874700232489
:10140000E4FA9C432324F4FE232604FE832704FDF0
:101410003E86032584FE8325C4FE413671A0C14764
:101420002328F4FC032744FE854763D1E702832782
:1014300084FA9D07E19B138787002324E4FA9843ED
:10144000DC432324E4FE2326F4FE1DA8832744FE68
:1014500089CF832784FA138747002324E4FA9C4327
:101460002324F4FE232604FE21A8832784FA13876D
:1014700047002324E4FA9C432324F4FE232604FE9D
:10148000832704FD3E86032584FE8325C4FE313672
:1014900021A82685C52809A813055002E520832721
:1014A00044FD2326F4FA01008327C4FD81C7232EBF
:1014B00004FC6DB10100ADB90100F6406644D644AC
:1014C0004649256182805D7106D622D40018232EFC
:1014D000A4FC4CC010C454C418C85CC8232C04011C
:1014E000232E140193070402232CF4FC832784FD8C
:1014F00091172326F4FE8327C4FEBE850325C4FD71
:10150000C53681473E85B250225461618280011107
:1015100022CE0010232604FE2DA08327C4FE93872D
:101520003711A207BE86174701001307A7B4832708
:10153000C4FE8A07BA9794C38327C4FE850723266F
:10154000F4FE0327C4FE8947E3D9E7FC010001004C
:10155000724405618280411122C60008010097474C
:101560000100938727B19C4383C7C700918BE5DBBC
:1015700097470100938707B09C439C473E853244C0
:1015800041018280011122CE00102326A4FE010019
:1015900097470100938707AE9C4383C7C700898B99
:1015A000E5FB974701009387E7AC9C430327C4FE04
:1015B000D8C381473E85724405618280797122D605
:1015C0000018232EA4FC232CB4FC232604FE83271E
:1015D00084FD920737F7FA0213070708B357F7029B
:1015E0002326F4FE8327C4FE139707014183832734
:1015F000C4FD2390E700010032544561828001114F
:1016000022CE00102326A4FEAE87A305F4FE832776
:10161000C4FE0347B4FE238CE70001007244056159
:101620008280011122CE00102326A4FEAE87A305DE
:10163000F4FE01008327C4FE83C7C700898BFDFB2E
:101640000347B4FE8327C4FED8C381473E85724456
:1016500005618280797106D622D40018232EA4FC5D
:10166000232CB4FC232604FE8327C4FE1387170013
:101670002326E4FE032784FDBA9783C70700A3054A
:10168000F4FE8347B4FEBE850325C4FD593F83475E
:10169000B4FEF9FB81473E85B250225445618280F9
:1016A000797122D60018232EA4FC232CB4FCA307A6
:1016B00004FE01008327C4FD83C7C700918BFDDBB7
:1016C0008327C4FD9C47A307F4FE832784FD0347BB
:1016D000F4FE2380E70085473E85325445618280D1
:1016E000797106D622D40018232EA4FC232CB4FC36
:1016F000232604FEA30504FE01008327C4FD83C73F
:10170000C700918BFDDB8327C4FD9C47A305F4FE36
:101710008327C4FE138717002326E4FE032784FDD6
:10172000BA970347B4FE2380E7008347B4FE3E85A3
:10173000913D0347B4FEB547E310F7FC8327C4FE91
:10174000138717002326E4FE032784FDBA97294751
:101750002380E7008327C4FE138717002326E4FEB7
:10176000032784FDBA97238007008327C4FE93F7DD
:10177000F70F3E85B250225445618280797122D69E
:101780000018232EA4FC31A08327C4FD9C47A30787
:10179000F4FE8327C4FD83C7C700918BF5F70100D2
:1017A0000100325445618280411122C600080100C7
:1017B000324441018280411106C622C40008173517
:1017C0000000130525A8EFF08FED974701009387E0
:1017D000678217F7FFFF1307675E98C397470100FB
:1017E0009387478117F7FFFF1307475DD8C39747D4
:1017F00001009387278017F7FFFF1307275C98C71F
:10180000973701009387077F17F7FFFF1307075BE1
:10181000D8C7973701009387E77D17F7FFFF1307B6
:10182000E75998CB973701009387C77C17F7FFFFDD
:101830001307C758D8CB973701009387A77B17F7B3
:10184000FFFF1307A75798CF973701009387877A31
:10185000170700001307672FD8CF9737010093872A
:10186000677917F7FFFF1307675598D3973701007C
:101870009387477817F7FFFF13074754D8D3973755
:1018800001009387277717F7FFFF1307275398D790
:10189000973701009387077617070000130707475C
:1018A000D8D7973701009387E77417F7FFFF13071F
:1018B000E75098DB973701009387C77317F7FFFF4F
:1018C0001307C74FD8DB973701009387A77217F725
:1018D000FFFF1307A74E98DF9737010093878771A3
:1018E00017F7FFFF1307874DD8DF9737010093875E
:1018F000677417F7FFFF1307674C98C3973701000A
:101900009387477317F7FFFF1307474BD8C39737E2
:1019100001009387277217F7FFFF1307274A98C71D
:10192000973701009387077117F7FFFF13070749E0
:10193000D8C7973701009387E76F17F7FFFF1307A3
:10194000E74798CB973701009387C76E17F7FFFFDC
:101950001307C746D8CB973701009387A76D17F7B2
:10196000FFFF1307A74598CF973701009387876C30
:1019700017F7FFFF13078744D8CF973701009387E6
:10198000676B17F7FFFF1307674398D3973701007B
:101990009387476A17F7FFFF13074742D8D3973754
:1019A00001009387276917F7FFFF1307274198D78F
:1019B000973701009387076817F7FFFF1307074062
:1019C000D8D7973701009387E76617F7FFFF13070C
:1019D000E73E98DB973701009387C76517F7FFFF4E
:1019E0001307C73DD8DB973701009387A76417F724
:1019F000FFFF1307A73C98DF9737010093878763A2
:101A000017F7FFFF1307873BD8DF173500001305D3
:101A1000E584EFF0CFC80100B2402244410182804A
:101A2000411106C622C40008DD3417350000130535
:101A30002584EFF0CFC64133EFE0AFFA1735000051
:101A400013050584EFF0AFC50100B2402244410107
:101A50008280411122C60008B7C70002E1179C43EB
:101A60003E85324441018280411122C60008B7C739
:101A70000002F1179C433E853244410182804111AE
:101A800006C622C44AC24EC00008E137AA873E8972
:101A900081494A87CE873A85BE85B24022441249A1
:101AA000824941018280011106CE22CC00102324FC
:101AB000A4FE2326B4FE172500001305657DEFF074
:101AC0000FBE9387C1839C439843DC439386018474
:101AD00003A80600032584FE8325C4FE3306A70061
:101AE000B288B3B8E800B386B700B387D800BE8623
:101AF0003287B6872320E8002322F80093870184E9
:101B00009C439843DC433A86BE86172500001305A4
:101B1000E579EFF00FBB9387C1839C439843DC4387
:101B20003A86BE86172500001305C579EFF06FB918
:101B3000172500001305457AEFF06FB60100F2405B
:101B4000624405618280011106CE22CC001023265A
:101B5000A4FE2324B4FE172500001305A579EFF099
:101B60000FB49387018494437D57FD5798C2DCC21C
:101B7000938701849C439843DC433A86BE861725AD
:101B8000000013052579EFF00FB6B7C70002E11783
:101B90009C43BE851725000013054579EFF0AFB4CF
:101BA000172500001305C579EFF06FAF0100F24073
:101BB000624405618280797106D622D40018232EF2
:101BC000A4FC1725000013056579EFF04FADB707AA
:101BD000010CC1072326F4FE8327C4FE0327C4FD9E
:101BE00098C3173701001307A7498327C4FD92073D
:101BF000BA97094798C71737010013076748832723
:101C0000C4FD9207BA97DC47138717009736010087
:101C1000938606478327C4FD9207B697D8C7173720
:101C200001001307E7458327C4FD9207BA979C4735
:101C30003E868325C4FD1725000013052574EFF0AB
:101C40008FAA173701001307A7438327C4FD920704
:101C5000BA978C4317370100130787428327C4FDC7
:101C60009207BA97904717370100130767418327F8
:101C7000C4FD9207BA97D4431737010013074740B2
:101C80008327C4FD9207BA97DC473E8717250000DB
:101C900013054571EFF02FA51725000013050576F4
:101CA000EFF0EF9F0100B250225445618280011194
:101CB00006CE22CC0010232604FE172500001305B3
:101CC000A575EFF0CF9DB707010CC1072326F4FEE1
:101CD0008327C4FE9C432324F4FE0326C4FE8325ED
:101CE00084FE1725000013056575EFF0CF9F1725BB
:101CF000000013056577EFF08F9A832784FE3E85F9
:101D0000F240624405618280797106D622D40018BF
:101D1000232EA4FC232CB4FC172500001305C57644
:101D2000EFF0EF9769372326A4FE8325C4FE17251D
:101D3000000013052577EFF00F9B8327C4FE91C7A2
:101D40000327C4FEF14763FAE7008325C4FE172585
:101D500000001305E576EFF0CF9F1737010013075A
:101D600027328327C4FE9207BA97054798C71737CB
:101D700001001307E7308327C4FE9207BA979C47F8
:101D80003E868325C4FE172500001305255FEFF06E
:101D90008F95173701001307A74A8327C4FE8A07C8
:101DA000BA979C430325C4FE82970325C4FE2135C0
:101DB0008325C4FE172500001305C573EFF0AF920D
:101DC000172500001305C574EFF06F8D0100B250A8
:101DD000225445618280011106CE22CC00102326B8
:101DE000A4FE1725000013056574EFF04F8B8327C1
:101DF000C4FE85CB0327C4FE994763E4E702194775
:101E00008327C4FEB307F7403E857125AA8791EB6F
:101E100019478327C4FEB307F740930500083E85A2
:101E200019258325C4FE172500001305A571EFF0C1
:101E30004F89172500001305A572EFF04F860100AA
:101E4000F240624405618280797106D622D400187E
:101E5000232EA4FCA30704FE172500001305C5715B
:101E6000EFF0EF838325C4FD17250000130585726D
:101E7000EFF06F870966B705000C17250000130502
:101E8000A572EFF04F868327C4FD13D73700B7271D
:101E9000000CBA972324F4FE832784FE83C707002F
:101EA000A307F4FE8347F4FE3E86832584FE1725B0
:101EB00000001305A572EFF00F838327C4FD9D8BEF
:101EC0000547B317F7001397870161878307F4FE6F
:101ED000D98FE207E187A303F4FE832784FE03473B
:101EE00074FE2380E700834774FEBE85172500003B
:101EF0001305C571EFE03FFF172500001305C572FC
:101F0000EFE0FFF90100B2502254456182807971FF
:101F100006D622D40018232EA4FC232604FEA305F3
:101F200004FE172500001305E571EFE05FF7832538
:101F3000C4FD172500001305E565EFE0DFFA8326F1
:101F4000C4FD0966B705000C17250000130585714F
:101F5000EFE07FF98327C4FD13D73700B727000CC4
:101F6000BA972326F4FE8327C4FE83C70700A30580
:101F7000F4FE8347B4FE3E868325C4FE1725000089
:101F800013058572EFE03FF68327C4FD9D8B05475F
:101F9000B317F700E207E18793C7F7FF13978701AD
:101FA00061878307B4FEF98FE207E1872305F4FE1A
:101FB0008327C4FE0347A4FE2380E70017370100F0
:101FC0001307070C8327C4FD9207BA9723A40700C1
:101FD000173701001307C70A8327C4FD9207BA9772
:101FE0009C473E868325C4FD17250000130505394F
:101FF000EFE07FEF172500001305456EEFE03FEAA5
:102000000100B250225445618280797106D622D4F3
:102010000018232EA4FC172500001305E56DEFE042
:102020001FE8232604FEB707010C2326F4FE8327AE
:10203000C4FE0327C4FD98C38327C4FE9C43BE850A
:10204000172500001305856DEFE0FFE91725000057
:102050001305856EEFE0BFE40100B25022544561E4
:102060008280797106D622D40018232EA4FC232C5A
:10207000B4FC8325C4FD172500001305E56DEFE0D2
:102080001FE2832784FD13972700B707000CBA9738
:102090002326F4FE8325C4FE172500001305456E94
:1020A000EFE07FE48327C4FE9C43BE851725000034
:1020B0001305456FEFE03FE38327C4FE0327C4FD0C
:1020C00098C38327C4FE9C43BE85172500001305D3
:1020D000A570EFE05FE1172500001305E572EFE062
:1020E0001FDC0100B250225445618280797106D60E
:1020F00022D40018232EA4FC172500001305C57256
:10210000EFE0FFD9B707040013850710EFE03FBFEA
:102110002326A4FE8325C4FE17250000130505739E
:10212000EFE07FDC8327C4FDE5170547B317F70011
:1021300093C7F7FF3E878327C4FEF98FBE85B70795
:10214000040013850710EFE0BFBEB7070400138536
:102150000710EFE0DFBAAA87BE8517250000130538
:102160002571EFE05FD81725000013056573EFE0D8
:102170001FD30100B250225445618280011106CE66
:1021800022CC0010232604FE1725000013054573FA
:10219000EFE0FFD0973701009387C7E517070000EE
:1021A0001307C7B6D8D7AD451725000013058572AC
:1021B000EFE07FD397370100938787EC23A40700D4
:1021C000973701009387C7EB23A0070097370100DB
:1021D000938707EB23A2070097370100938747EA0D
:1021E00023A6070085472326F4FEE5A01737010044
:1021F000130707E98327C4FE9207BA9723A40700B1
:10220000173701001307C7E78327C4FE9207BA9761
:102210000327C4FE98C317370100130767E6832717
:10222000C4FE9207BA970947D8C3173701001307AE
:1022300027E58327C4FE9207BA9723A60700172530
:1022400000001305E56BEFE01FCA0325C4FEC13192
:10225000173701001307C7FE8327C4FE8A07BA9702
:1022600017070000130767B798C38325C4FE094505
:10227000CD3B173701001307A7E08327C4FE920761
:10228000BA978C4317370100130787DF8327C4FEF3
:102290009207BA97904717370100130767DE832725
:1022A000C4FE9207BA97D44317370100130747DDDE
:1022B0008327C4FE9207BA97DC473E8717250000A4
:1022C00013054567EFE03FC28327C4FE8507232639
:1022D000F4FE0327C4FEED47E3FAE7F00545353386
:1022E000172500001305056EEFE07FBB0100F240EB
:1022F000624405618280011106CE22CC00102326A3
:10230000A4FE172500001305256DEFE05FB9032734
:10231000C4FE994763FAE7000327C4FED54763E587
:10232000E7000325C4FED9330325C4FE313E17253B
:1023300000001305656CEFE09FB60100F2406244B7
:1023400005618280797106D622D40018232EA4FC60
:10235000232CB4FC032784FDC167634DF700C167DC
:102360009385F7FF172500001305056BEFE03FBCD1
:10237000814725A88327C4FD93870730A20723261A
:10238000F4FE832784FD1397070141878327C4FE4A
:102390002390E700032684FD8325C4FD1725000054
:1023A0001305C56AEFE0FFB185473E85B250225460
:1023B00045618280797106D622D40018232EA4FCB0
:1023C000232CB4FC032784FDC167634DF700C1676C
:1023D0009385F7FF172500001305456AEFE03FB529
:1023E00081472DA88327C4FD93870730A207910753
:1023F0002326F4FE832784FD139707014187832753
:10240000C4FE2390E700032684FD8325C4FD172521
:1024100000001305A569EFE0DFAA85473E85B250AD
:10242000225445618280797106D622D40018232E69
:10243000A4FC232CB4FC032784FD9307F00F63DC7A
:10244000E7009305F00F1725000013052569EFE05D
:102450001FAE814725A88327C4FD93870730A207B5
:10246000A1072326F4FE832784FD13F7F70F8327A4
:10247000C4FE2380E700032684FD8325C4FD1725C1
:1024800000001305E568EFE0DFA385473E85B25005
:10249000225445618280797106D622D40018232EF9
:1024A000A4FC8327C4FD93870730A207A107232636
:1024B000F4FE8327C4FE83C7070093F7F70FA18BB1
:1024C0002324F4FE832784FE8D87BE851725000014
:1024D00013054567EFE0FF9E832784FE13D737403F
:1024E00085476314F700854711A081473E85B250A8
:1024F000225445618280797106D622D40018232E99
:10250000A4FC232CB4FC032784FDC167634DF700B2
:10251000C1679385F7FF1725000013052565EFE0D8
:102520001FA181471DA08327C4FD93870730A20701
:10253000B1072326F4FE832784FD13970701418703
:102540008327C4FE2390E70085473E85B25022547E
:1025500045618280011106CE22CC00102326A4FE04
:1025600081450325C4FEF93B81450325C4FE993509
:1025700081450325C4FE453D81450325C4FEA53F95
:102580008325C4FE1725000013058561EFE07F93C6
:102590000100F240624405618280011106CE22CC26
:1025A0000010232604FE09A80325C4FE65378327EF
:1025B000C4FE85072326F4FE0327C4FE9147E3D516
:1025C000E7FE1725000013056560EFE09F8F01000F
:1025D000F240624405618280797106D622D40018E7
:1025E000232EA4FC232604FE8327C4FD9DE7172584
:1025F00000001305A560EFE0DF8C8327C4FE890788
:102600002326F4FE8327C4FE91072326F4FE8327A6
:10261000C4FEC1072326F4FEB9A00327C4FD8547E5
:10262000631EF700172500001305855FEFE07F8923
:102630008327C4FE91072326F4FE35A00327C4FD9B
:1026400089476312F7021725000013056560EFE064
:102650005F878327C4FE91072326F4FE8327C4FEE9
:10266000A1072326F4FE8327C4FE3E85B2502254E0
:1026700045618280797106D622D40018232EA4FCED
:10268000232CB4FC032584FD813F2326A4FE83254F
:10269000C4FE0325C4FD413BAA8789CB8325C4FD25
:1026A000172500001305055EEFE0BF818325C4FEFA
:1026B0000325C4FD8D3BAA8789EB8325C4FD17251F
:1026C00000001305A55EEFE09F860100B250225482
:1026D00045618280797122D60018232EA4FCAE8732
:1026E000A30DF4FC8327C4FD93870730A207A1073D
:1026F0002326F4FE8347B4FD99C78327C4FE8507CC
:102700002326F4FE09A88327C4FE91C78327C4FEAD
:10271000FD172326F4FE0100325445618280011129
:1027200006CE22CC00102326A4FE2324B4FE83254B
:1027300084FE0325C4FEC133AA8799E7172500004C
:1027400013050559EFE0AFFE0100F2406244056158
:102750008280011106CE22CC00102326A4FE232461
:10276000B4FE832584FE0325C4FEA931AA8799E718
:102770001725000013050558EFE06FFB0100F2403C
:10278000624405618280011106CE22CC001023260E
:10279000A4FE2324B4FE832584FE0325C4FE5D36F7
:1027A000AA8799E71725000013050557EFE02FF8D2
:1027B0000100F240624405618280797106D622D41C
:1027C00000182326A4FE2324B4FE2322C4FE2320C3
:1027D000D4FEBA87A30FF4FC832544FE0325C4FE70
:1027E0005D37832504FE0325C4FEA537832584FEBB
:1027F0000325C4FE2D378347F4FDBE850325C4FEA3
:10280000D13D8325C4FE1725000013052553EFE0B5
:102810004FEB0100B250225445618280011106CE77
:1028200022CC00102326A4FE81450325C4FEE53EEC
:102830008325C4FE1725000013054552EFE06FE81D
:102840000100F240624405618280797106D622D48B
:102850000018232EA4FC8327C4FD93870730A2070A
:102860002326F4FE8327C4FD93870730A207910730
:102870002324F4FE8327C4FD93870730A207A10712
:102880002322F4FE8327C4FD93870730A207B107F4
:102890002320F4FE8327C4FE83D70700C207C18329
:1028A000BE85172500001305E54DEFE08FE1832776
:1028B00084FE83D70700C207C183BE8517250000A9
:1028C0001305854EEFE0EFDF832744FE83C7070043
:1028D00093F7F70FBE85172500001305254FEFE08E
:1028E0004FDE832704FE83D70700C207C183BE855E
:1028F0001725000013050550EFE0AFDC0100B250D2
:10290000225445618280AA88AE8732883685468304
:1029100063990620B7560080938606E563F0C50CE0
:1029200041676376E60A1307F00F3337C7000E07D7
:102930003355E600AA9683C60600130500023697B3
:10294000B306E540630CE500B397D70033D7E80042
:102950003318D600B365F7003393D80093580801B5
:10296000B3D7150313160801418213570301B3F6B9
:1029700015033E85B305F602C206558F637CB7008A
:1029800042971385F7FF636707016375B7001385E7
:10299000E7FF42970D8FB3771703420313530301E9
:1029A00033571703C20733E36700B306E6023A86DC
:1029B000637BD30042931306F7FF636603016374DE
:1029C000D3001306E7FF4205518D81455DA8370509
:1029D00000014147E36EA6F4614799BF01E6054750
:1029E0003358C7024167637FE8081307F00F63732A
:1029F000070121453357A800BA9603C706001306FE
:102A000000022A97B306E6406315E608B38707413C
:102A10008545935808011316080141821357030195
:102A2000B3F61703B3D71703C206558F330EF6025A
:102A30003E85637CC70142971385F7FF63670701F3
:102A40006375C7011385E7FF42973307C741B37723
:102A5000170342031353030133571703C20733E32A
:102A60006700B306E6023A86637BD30042931306FF
:102A7000F7FF636603016374D3001306E7FF4205A3
:102A8000518D8280370700014145E365E8F66145D5
:102A900095B73318D800B3D5E7003393D800B39770
:102AA000D70033D7E800935808013366F70033F7AF
:102AB000150393170801C18313550601B3D51503F8
:102AC0004207498FB386B7022E85637CD7004297B1
:102AD0001385F5FF636707016375D7001385E5FF6D
:102AE0004297B306D74033F7160342064182B3D666
:102AF00016034207B388D702B367C700368763FC63
:102B00001701C2971387F6FF63E7070163F5170103
:102B10001387E6FFC29793150501B3871741D98D37
:102B2000CDBD63E2D514416763FFE6021307F00FE2
:102B3000B335D7008E053757008033D5B60013075D
:102B400007E52A9703470700130500022E97B305F0
:102B5000E5406311E5020545E3E5F6F233B5C8004B
:102B60001345150039BF37070001C145E3E5E6FC11
:102B7000E145D1B73353E600B396B6003363D300D3
:102B800013550301B31EB60033D6E700B376A60291
:102B9000B397B70033D7E8003368F7009317030102
:102BA000C183135708013356A602C206558F338FCF
:102BB000C702328E637CE7011A97130EF6FF636734
:102BC00067006375E701130EE6FF1A973307E741C5
:102BD000B376A7023357A702C2063386E7029317DC
:102BE0000801C183D58FBA8663FCC7009A97930604
:102BF000F7FF63E7670063F5C7009306E7FF9A975F
:102C000013150E01416E558D9306FEFF3378D500E6
:102C1000918FB3F6DE001356050193DE0E013303E8
:102C2000D802B306D602135703013308D8033698E7
:102C300042973306D6036373D70072969356070103
:102C4000369663E0C702E392C7D8C167FD177D8F50
:102C500042073373F300B398B8001A978145E3F243
:102C6000E8E27D159DB38145014521BDB2883687D7
:102C7000AA872E886398061CB7560080938606E5BF
:102C800063F8C50A4163637E66081303F00F63733C
:102C9000C30021473353E6009A9603CE06003A9EBE
:102CA000130700023303C741630CC701B3956500E6
:102CB000335EC501B31866003368BE00B317650004
:102CC00013D608013377C80213950801418193D6C2
:102CD00007013358C8024207D98E3308050363F849
:102CE0000601C69663E5160163F30601C696B38630
:102CF000064133F7C602C207C183B3D6C602B30684
:102D0000D50213150701C98F63F8D700C69763E58D
:102D1000170163F3D700C697958F33D567008145B8
:102D20008280370300014147E36666F661479DB73D
:102D300001E60546B3581603416663F3C808130657
:102D4000F00F63731601214733D6E800B29603CE25
:102D500006003A9E130700023303C7416319C707F1
:102D6000B385154113D7080113950801418113D686
:102D70000701B3F6E502B3D5E502C206D18EB3056D
:102D8000B50263F8B600C69663E5160163F3B600B4
:102D9000C696B385B640B3F6E502C207C183B3D584
:102DA000E502B305B50213950601C98F63F8B700B4
:102DB000C69763E5170163F3B700C6978D8FB1BF60
:102DC000370600014147E3E1C8F86147B5BFB39852
:102DD000680033D7C501B3176500335EC50113D54D
:102DE0000801B376A702B3956500336EBE009395D4
:102DF0000801C18113560E013357A702C206D18EB6
:102E00003387E50263F8E600C69663E5160163F3CF
:102E1000E600C6963386E640B376A602420E135EFF
:102E20000E013356A602C2063386C502B3E5C601BB
:102E300063F8C500C69563E5150163F3C500C69543
:102E4000918D0DB7E3EED5EC416763F5E604130E03
:102E5000F00F3337DE000E07B758008033D3E6009B
:102E6000938808E59A9803CE08003A9E130700025B
:102E70003303C7416317C70363E4B6006369C50042
:102E8000B307C540958D3335F5003388A5403E85A1
:102E9000C28579B5B70800014147E3EF16FB6147EA
:102EA00065BF3357C601B3966600336FD700B3D7FB
:102EB000C50113570F01B3F8E702B3956500335806
:102EC000C5013368B80093150F01C18193560801FD
:102ED0003316660033156500B3D7E702C208B3E6C0
:102EE000D800B38EF502BE8863FCD601FA969388AB
:102EF000F7FF63E7E60163F5D6019388E7FFFA96EB
:102F0000B386D641B3FEE602420813580801B3D691
:102F1000E602C20EB3EE0E01B385D502B68763FC9E
:102F2000BE00FA9E9387F6FF63E7EE0163F5BE00ED
:102F30009387E6FFFA9EB385BE40C208C16EB3E830
:102F4000F8009387FEFF33F8F8009356060193D8F4
:102F50000801F18F3307F802B387F8023308D8026B
:102F6000B388D8023E9893560701C29663F3F600E1
:102F7000F698C167FD1713D80601FD8EC2067D8F36
:102F8000C298369763E61501639C1501637AE500E4
:102F90003306C7403337C7007A97B388E840328793
:102FA0003307E5403335E500B3851541898DB39787
:102FB000C5013357670033E5E700B3D565008DB32E
:102FC000370810007D180111B377B80013D74501F9
:102FD0003378D80093D8460122CC8E071374F77F3C
:102FE0001357D50126CAD98F93D4F5011357D601AB
:102FF00093F8F87F93D5F6010E0806CE4AC84EC660
:103000000E05336707010E06B30614416395B4221B
:103010006351D00E63980802B365C700638B052027
:103020009385F6FF89E92A963335A600BA97AA97C1
:1030300032850544B1A81308F07F639D060113048F
:10304000F07F71AA9305F07F630BB418B705800079
:103050004D8FB6859306800363C9B608FD4663C0ED
:10306000B606130800023308B840B3160701B35878
:10307000B60033160601B3E616013336C000558E8E
:103080003357B7002A963E97B337A600BA973285D2
:10309000139787006355071405041307F07F630532
:1030A000E448B70680FFFD16FD8E9355150005898F
:1030B0009397F6014D8D5D8D93D716000DA29386E3
:1030C00005FE93080002B356D70001486388150136
:1030D00013080004B305B8403318B7003366C800BE
:1030E0003336C000558E014771BF598E3336C0004C
:1030F000DDBFD5CAB38588400DE4B3E6A700638C75
:1031000006409386F5FF99E63295BA973336C500A7
:10311000B29705B71308F07F639D0501BA87328522
:1031200039BF9306F07FE38BD8FEB7068000D58FBA
:10313000AE869305800363C4D506FD4563CBD502F7
:10314000130800023308D8403353D500B395070164
:1031500033150501B3E565003335A0004D8DB3D6B9
:10316000D7003295B387E6003336C500B297468460
:1031700005B7938506FE13030002B3D5B7000148D7
:103180006388660013080004B306D8403398D7005C
:103190003365A8003335A0004D8D8146D9B75D8DCC
:1031A0003335A000DDBF9306140093F5E67FBDE143
:1031B000B3E6A70029E463840636B366C70085C278
:1031C0002A96BA973335A600AA97139787003285B7
:1031D00063570700370780FF7D17F98F0544137782
:1031E0007500630507341377F50091466300D73403
:1031F0009306450033B5A600AA97368505AE99DE3D
:10320000598EE30E06E28144B707400001451304DE
:10321000F07F29AE9305F07F6386B6302A963E97FD
:10322000B337A6003E971315F7010582518D9357CA
:10323000170036846DB76356D00C63910808B365E8
:10324000C700E5D99385F6FF91E93306C5403335CC
:10325000C500998F898F32850544B1A01308F07F8E
:10326000E38F06DD9306800363C9B608FD4663C09D
:10327000B606130800023308B840B3160701B35866
:10328000B60033160601B3E616013336C000558E7C
:103290003357B7003306C5403387E740B337C5001F
:1032A000B307F740328513978700E35A07F23709CF
:1032B00080007D1933F92701AA8975A29305F07F53
:1032C000E30FB4F0B70580004D8FB68561BF9386DC
:1032D00005FE93080002B356D70001486388150124
:1032E00013080004B305B8403318B7003366C800AC
:1032F0003336C000558E014771BF598E3336C0003A
:10330000DDBFF9C23388884015E8B3E6A700638FB4
:1033100006269306F8FF91EA3305A640B307F74067
:103320003336A600918FAE8405BF1303F07F631F71
:103330006800BA8732851304F07F7DA09306F07F82
:10334000E389D8FEB7068000D58FC28613088003B4
:103350006348D8067D48634ED80213030002330346
:10336000D340335ED500339867003315650033686A
:10337000C8013335A0003365A800B3D6D7003305A4
:10338000A640B307D7403336A600918F4684AE845B
:1033900019BF138806FE130E000233D8070101433C
:1033A0006388C60113030004B306D3403393D700E8
:1033B0003365A3003335A0003365A8008146C1B74B
:1033C0005D8D3335A000DDBF9306140093F6E67FD4
:1033D000B5E633E8A700B366C70031E46318080018
:1033E000638A061ABA873285AE84D5BBE38906DEC6
:1033F0003308C540B3380501B386E740B3861641AC
:103400009398860063DA08003305A640B307F740B7
:103410003336A600918FC9BF3365D8006300051805
:10342000B68742856DBB63180800638B0616BA87A2
:103430003285AE8429B1E38406C0F1B3B309C54037
:10344000B33635013389E7403309D94093168900F3
:1034500063D80606B309A640B307F74033363601F2
:103460003389C740AE84630309064A85EF00B02C58
:10347000130785FFFD4763C1E70693060002998E97
:10348000B317E900B3D6D900DD8E3395E900634E5A
:103490008706018F930717007D466345F6041307DF
:1034A00000021D8FB355F5003396E6003315E50095
:1034B0004D8E3335A000518DB3D7F600014405B3CE
:1034C00033E529014DF181470144F9A04E85EF0014
:1034D00090261305050269BF130585FDB396A90063
:1034E000014575B705179305000233D7E60001467D
:1034F0006387B700130600041D8E3396C600518DF6
:103500003335A000598D814755BFB70780FFFD17A0
:10351000198CF58FE9B1BA8732852E84C9B1BA8783
:10352000328575B91304F07F8147014513978700F1
:10353000635B070005041307F07F6308E4063707A1
:1035400080FF7D17F98F1397D7010D81598D1307D0
:10355000F07F8D836319E4005D8D814709C5B7074E
:1035600008000145814413174401B706F07FB207F4
:10357000F2406244758FB183FE04D98F33E7970020
:103580004249D244B249BA8505618280BA87328500
:10359000428499BD81470145814449BF8147EDBFC0
:1035A00001458144B70740009DB18147014561BF96
:1035B000370780007D17935675013378A70013D61F
:1035C00075019357F50193F6F60F1305F00F6D8F04
:1035D0001376F60FFD816395A60005456314080276
:1035E0001305F00F6314A600054509EF0545639B1D
:1035F000C6006319E8006386B70089E63335000129
:1036000082800145828093567501B7078000FD17BF
:1036100013D7750193F6F60F1308F00F33F6A700D2
:103620001377F70FED8F7D81FD816395060139C218
:103630000945828063130701E5FF9DEE11E38DCB01
:1036400001CA6314B5006359D7000DC17D5582804E
:103650007D5591C52E85828063D4E60065D9828030
:10366000E3E5C7FEE36CF6FE0145828005458280F6
:1036700065DEE1BFE302D7FC69F7E1DBD9B70111F1
:103680004AC81359750126CA4EC652C493149500F0
:1036900006CE22CC56C21379F90F2E8AA5809359F3
:1036A000F501630609069307F00F630FF9068E0410
:1036B000B7070004DD8C130919F8814A93577A0182
:1036C00013149A0093F7F70F2580135AFA01B5C720
:1036D0001307F00F638FE7060E0437070004598CB9
:1036E000938717F8014793962A00D98ECA97FD163B
:1036F000B94533C549011386170063E5D506B757A9
:103700000080938747E18A06BE969C4282879DC0CF
:103710002685EF0050029307B5FF1309A0F8B39474
:10372000F4003309A94051BF1309F00F894AD9D4D5
:103730008D4A69B70149854A51B715C02285EF0006
:10374000807F9307B5FF3314F4009307A0F8898FA7
:1037500051BF9307F00F094759D40D4769B7814707
:10376000054751B741679308F7FF93D60401935576
:103770000401B3F414013374140133089402338444
:103780008602B386B602B385950293540801A295CA
:10379000AE9463F38400BA9633F71401420733788A
:1037A0001801429713146700C18033348000698385
:1037B000B694418F9A0433E4E400139744006357AE
:1037C00007069357140005885D8C1307F6076351AD
:1037D000E0069377740099C79377F400914663836A
:1037E000D70011049317440063D80700B70700F807
:1037F000FD177D8C130706089307E00F0D8063DD2E
:10380000E70601441307F00F85A84E8526845687E6
:103810008947E308F7FE8D47630BF7048547E316F6
:10382000F7FA0144014789A85285DDB73E8671BF8A
:103830008547998F6D47E346F7FE1306E609B357B0
:10384000F4003314C400333480005D8C937774002B
:1038500099C79377F40011476383E7001104931726
:1038600054000D80E3D007FC0144054731A0370424
:1038700040001307F00F01455E07B707807F26045D
:103880007D8F2580598C7E05F240418D6244D24463
:103890004249B249224A924A05618280B7068000B5
:1038A0004111FD161356750193D87501B3F7A600A3
:1038B00026C2ED8E4AC01376F60F9354F50193F8A5
:1038C000F80F06C622C41305F00F32898E0746870B
:1038D000FD818E066393A80099E293C51500330815
:1038E000164163929512635D000763920804638E2C
:1038F00006267D1863160802B697328793965700FE
:1039000063DD060C05079306F00F6306D726B7069E
:10391000007E13F61700FD168583F58FD18F75A8ED
:103920001307F00F631CE6001307F00F7DA01307C9
:10393000F00FE30BE6FE37070004D98EED4505478F
:1039400063CE050113070002B3D506013308074112
:10395000B3960601B336D00033E7D500BA9771BFEE
:10396000630A0804B385C84009EE63820720FD1589
:1039700099E1B69761B71306F00F639BC800B6874D
:1039800065B71306F00FE38CC8FE37060004D18F2D
:103990006D450546634DB500130600020D8E33D507
:1039A000B700B397C700B337F0003366F500B3072D
:1039B000D600A9B79305160013F7E50F0DEF0DEA32
:1039C0006387071A99CAB6979396570063D706007C
:1039D000370700FC7D17F98F054793F67700638D55
:1039E000061893F6F70011466388C618910769A276
:1039F000D9D79DDA09AA1307F00F638CE516B6979D
:103A000085832E87D9BF63570007639B08043287DD
:103A1000E9D67D18631D0800958F93965700E3DE65
:103A200006FA370400047D147D8C3A89E5A89305D5
:103A3000F00F1307F00FE302B6FAED45054763CE2A
:103A4000050113070002B3D5060133080741B396F9
:103A50000601B336D00033E7D500998F328775BFA2
:103A60009305F00F1307F00FE309B6F637070004CC
:103A7000D98EE1B7630C08043385C84019EEB9CF7D
:103A80007D1509E5B387F640AE8441BF1306F00FFC
:103A9000639CC800B687AE8441BD1306F00FE38B6C
:103AA000C8FE37060004D18F6D480546634DA80057
:103AB00013060002098E33D8A700B397C700B337A7
:103AC000F0003366F800B387C6407DBF13071600C9
:103AD0001377E70F1DEF0DE681E785C2B68719A8BA
:103AE000E38D06EE3386D740131556006356050066
:103AF000B387F640AE84D5B571E681478144ADA861
:103B0000E39907EEC1FA8144B70700021307F00FEB
:103B1000A5A03384D74013175400635D0702338494
:103B2000F640AE84228501291307B5FF3314E40063
:103B30006346270333072741050793060002B3575F
:103B4000E4003387E6403314E40033348000C18F4F
:103B5000014761B561F8814701474DB7B70700FCE0
:103B6000FD173307E940E18F8DBD3287BDB5B687BC
:103B7000ADB51307F00F81479396570063DB06003E
:103B800005079306F00F6301D704B70600FCFD1686
:103B9000F58F9306F00F8D836316D70081C7B707A3
:103BA00040008144B24022443705807F5E07A6076B
:103BB000698FA5831395F401D98F924402495D8DD5
:103BC00041018280B28711BD8147E1B7370680008D
:103BD000135775019307F6FF1377F70F9305E00767
:103BE000E98F9356F50163F1E5049305D00963F875
:103BF000E500370500801345F5FF3695828033E5F3
:103C0000C7009307500963DAE7001307A7F63315D7
:103C1000E50081CE3305A040828093076009338799
:103C2000E7403355E500F5B701458280411106C6EE
:103C300022C426C255C59357F54133C4A7001D8C35
:103C40009354F5012285C52C9307E0092A87338513
:103C5000A7409307600963C4A702A14763D5E700A3
:103C600061173314E40026045E052580498C139502
:103C7000F401B240418D2244924441018280930775
:103C8000900963DDA7009547998F9306B701B35755
:103C9000F4003314D400333480005D8C954763D630
:103CA000E7009307B7FF3314F400B70700FCFD17D4
:103CB00093767400E18F91C63D8891466303D400EA
:103CC00091079396570063DA0600B70600FCFD16CD
:103CD0001304F009F58F3305E44013D4370061B7BE
:103CE0008144014449B7411122C406C62A84814750
:103CF00019CD91249307E009898F13076009634167
:103D0000F70221476355A70061153314A400260468
:103D1000258013957701B240418D22444101828074
:103D200013079009635DF7001307B5019546331734
:103D3000E400898E3337E0003354D400598C1547A2
:103D40006356A7001307B5FF3314E400370700FCE0
:103D50007D1793767400618F91C63D889146630309
:103D6000D40011079316570063D90600B70700FC6B
:103D7000FD177D8F9307F009898F1354370041BFDA
:103D800093577501411193F7F70F22C426C21314FC
:103D900095009354F5011385170006C61375E50FBA
:103DA00025800DC513850738935734007604B20774
:103DB0005205B183C98F1395F401B24033E7A700D0
:103DC000228522449244BA854101828095EB65D0D8
:103DD00022859522A94763CFA700AD47898F130796
:103DE0005501B357F4003314E4001307903833053A
:103DF000A74075BF930755FFB317F4000144F5B70B
:103E0000814719C493573400370708007604D98FC7
:103E10001305F07F69BF1396C50013D8450193576A
:103E2000D5011378F87F25825D8E9307180093F7EC
:103E3000E77FFD8113173500D1C3930608C89307A8
:103E4000E00F63CBD7086342D006A55763CAF60CD0
:103E5000B707800079455D8E158DFD4763C3A702C6
:103E6000130828C8B3170701B337F000331606014B
:103E70003355A700D18FC98F814613F7770025C32B
:103E800055A0F957B386D74093070002B356D60022
:103E900081486306F500130828CAB3180601B3E782
:103EA000E800B337F000D58FC1BF1A053335A00045
:103EB0000E069357D701498ED18FC1B7B367E6007D
:103EC00063150800B337F00045BF9306F00F81CBB0
:103ED0000E06B7070002CDB781479306F00F139780
:103EE0005700635B070085061307F00F6383E60442
:103EF000370700FC7D17F98F1307F00F8D8363964A
:103F0000E60081C7B707400081453705807FDE06A0
:103F1000A607E98EA583D58F1395F5015D8D828067
:103F20008547814613F7F7001146E30AC7FA910760
:103F30007DB78147D1B7C1676376F5029307F00F6C
:103F4000B3B7A7008E0737570080930600029D8EF7
:103F50003355F500930707E53E9503450500338586
:103F6000A640828037070001C147E36EE5FCE147C8
:103F7000D9BFB367B5008D8BB1EF9841B7867F7F0E
:103F80009386F6F7B377D700B697D98FD58F7D563E
:103F9000639BC7042A867D5818C2D8419105110633
:103FA000B377D700B697D98FD58FE38707FF83C73D
:103FB000050003C7150083C625002300F60099C736
:103FC000A300E60001C72301D60091E28280A3018D
:103FD00006008280AA8703C7050085078505A38F91
:0A3FE000E7FE75FB82802A86D9B740
:103FF0000A45726173696E672E2E2E0A000000005A
:104000000A457261736520636F6D706C6574652E0F
:104010000A0000000A57726974696E672E2E2E001E
:104020002E0000000A0A577269746520636F6D7074
:104030006C6574652E0A00000A506C65617365201A
:1040400072657365742E0A000A20636D643A202538
:10405000783B64313A2025783B2064323A20257839
:1040600000000000666C617368207374617475737E
:104070002072656769737465722076616C2025789B
:104080000A0000004465766963652049442025786C
:10409000200A000065787472616374656420646549
:1040A00076696365206964202578200A0000000095
:1040B00061646472203D2025782064617461203D34
:1040C0002025780A0000000048AFBC9AF2D77A3E5B
:1040D0000A657874726163745F69655F636F6465B4
:1040E00020656E74657265640A000000657863651A
:1040F0007074696F6E20636F6465203D2025780AB7
:1041000000000000657874726163745F69655F63C5
:104110006F6465206578697465640A000A64656681
:1041200061756C745F68616E646C657220656E7435
:10413000657265640A0000000A68616E646C655F00
:104140007472617020656E74657265640A000000A7
:104150000A547261703A206D6361757365203D2069
:1041600025782C20657063203D2025780A0000000A
:1041700073697A656F662875696E74707472292028
:10418000203D202564200A00536F75726365206FFF
:104190006620547261703A20496E7465727275704F
:1041A000740A0000536F75726365206F6620547245
:1041B00061703A20536F6674776172650A0000007F
:1041C00068616E646C655F74726170206578697493
:1041D00065640A000A2070616E6963200A000000AD
:1041E000286E756C6C290000DECFFFFF20D0FFFF2A
:1041F000B0D2FFFFDAD0FFFFB0D2FFFFB0D2FFFF97
:10420000B0D2FFFFB0D2FFFFB0D2FFFFCCCFFFFF95
:10421000B0D2FFFFB0D2FFFFC2D1FFFFB0D2FFFF8D
:10422000B0D2FFFFB0D2FFFFF2CFFFFFB0D2FFFF4F
:104230004ED1FFFFB0D2FFFFB0D2FFFF36D2FFFF5B
:10424000747261705F696E697420656E7465726501
:1042500064200A2000000000747261705F696E695A
:104260007420657869746564200A2000696E697439
:1042700020656E7465726564200A2000696E697439
:10428000206578697465640A000000000A636F6E37
:104290006669677572655F636F756E7465722065B8
:1042A0006E74657265640A006D74696D65636D7026
:1042B0002076616C7565203D2025640A00000000B1
:1042C0006D74696D652076616C7565203D2025648F
:1042D0000A0000000A636F6E6669677572655F6346
:1042E0006F756E746572206578697465640A000084
:1042F0000A6D6163685F636C696E745F68616E64A8
:104300006C657220656E74657265640A0000000059
:104310006D74696D65636D702076616C7565203DA7
:104320002025780A000000006D74696D65207661B3
:104330006C7565203D2025780A0000006D6163687A
:104340005F636C696E745F68616E646C6572206532
:1043500078697465640A00000A696E746572727522
:1043600070745F636F6D706C65746520656E7465E5
:104370007265640A00000000696E7465727275707F
:10438000742069642025642C207374617465206333
:1043900068616E67656420746F2025640A00000000
:1043A000696E74657272757074206964203D202591
:1043B00078200A20726573657420746F20646566C6
:1043C00061756C742076616C7565732073746174AB
:1043D00065203D20257820090920200A2070726977
:1043E0006F72697479203D2025780A20636F756E9D
:1043F00074203D2025780A00696E746572727570AC
:10440000745F636F6D706C65746520657869746541
:10441000640A00000A696E746572727570745F6375
:104420006C61696D5F7265717565737420656E741A
:10443000657265640A000000696E74657272757059
:1044400074206964205B25785D20636C61696D650B
:104450006420206174206164647265737320257820
:104460000A000000696E746572727570745F636C27
:1044700061696D5F726571756573742065786974C3
:1044800065640A000A6D6163685F706C69635F68E8
:10449000616E646C657220656E74657265640A0095
:1044A000696E7465727275707420696420636C61E2
:1044B000696D6564203D2025780A000046617461BD
:1044C0006C206572726F722C20696E7465727275E1
:1044D0007074206964205B25785D20636C61696D70
:1044E00065642069732077726F6E670A00000000B0
:1044F000696E746572727570742069642025642019
:10450000636F6D706C657465200A00000A6D6163ED
:10451000685F706C69635F68616E646C657220656A
:1045200078697465640A00000A6973725F6465667D
:1045300061756C7420656E74657265640A000000B4
:10454000696E74657272757074205B25645D20738A
:10455000657276696365640A000000000A69737217
:104560005F64656661756C74206578697465640A5A
:10457000000000000A696E746572727570745F6580
:104580006E61626C6520656E7465726564200A00F8
:10459000696E746572727570745F6964203D202560
:1045A000780A0000504C4943204241534520414481
:1045B0004452455353203D2025782C20504C4943EC
:1045C00020454E41424C45204F4646534554203DE0
:1045D0002025780A00000000696E7465727275709B
:1045E000745F656E61626C655F61646472203D201A
:1045F00025782063757272656E745F76616C75657F
:10460000203D202578200A0076616C756520726552
:1046100061643A206E65775F76616C7565203D2038
:1046200025780A000A696E746572727570745F6528
:104630006E61626C6520657869746564200A0000AB
:104640000A696E746572727570745F646973616211
:104650006C6520656E7465726564200A0000000058
:10466000504C494320424153452041444452455314
:1046700053203D2025782C20504C494320454E4165
:10468000424C45204F4646534554203D2025782036
:10469000696E746572727570745F6964203D20255F
:1046A000780A0000696E746572727570745F64696F
:1046B0007361626C655F61646472203D20257820BF
:1046C00063757272656E745F76616C7565203D20EE
:1046D0002578200A00000000696E7465727275709A
:1046E000745F64697361626C652065786974656480
:1046F0000A0000000A73657420696E746572727531
:1047000070745F7468726573686F6C6420656E7432
:10471000657265640A000000706C696320746872D9
:104720006573686F6C642073657420746F202564F2
:104730000A00000073657420696E7465727275708A
:10474000745F7468726573686F6C642065786974EF
:1047500065640A000A2073657420696E746572725C
:10476000757074207072696F7269747920656E74E7
:10477000657265642025780A00000000696E746522
:1047800072727570745F7072696F726974795F614B
:10479000646472657373203D2025780A0000000070
:1047A00063757272656E7420646174612061742037
:1047B000696E746572727570745F7072696F726918
:1047C00074795F61646472657373203D2025780A93
:1047D00000000000206E65772064617461206174C0
:1047E00020696E746572727570745F7072696F7231
:1047F0006974795F61646472657373203D20257804
:104800000A00000073657420696E746572727570B9
:1048100074207072696F7269747920657869746543
:10482000640A00000A636F6E6669677572652069C5
:104830006E746572727570742070696E20656E7426
:10484000657265640A0000004750494F2044495290
:10485000454354494F4E20524547495354455220F1
:1048600056414C5545203D2025780A00446174612D
:10487000207772697474656E20746F204750494FB9
:1048800020444952454354494F4E204354524C20F2
:10489000524547203D2025780A000000636F6E6670
:1048A000696775726520696E7465727275707420BF
:1048B00070696E206578697465640A000A706C69B5
:1048C000635F696E697420656E74657265640A0061
:1048D00041737369676E6564206D6163685F706CB6
:1048E00069635F68616E646C657220746F207472B6
:1048F0006170206964203A2025640A000A2A2A2A65
:104900002A2A2A2A2A2A2A2A2A2A2A2A2A2A2A2A07
:104910002A2A2A2A2A2A2A2A2A2A2A2A2A2A2A2AF7
:104920002A2A2A2A2A2A2A2A2A2A2A2A2A00000065
:104930000A696E74657272757074206964203D2016
:104940002578200A726573657420746F206465662B
:1049500061756C742076616C756573207374617415
:1049600065203D2025782009090920200A707269F8
:104970006F72697479203D2025780A636F756E74B3
:10498000203D2025780A2009090920200A2A2A2A00
:104990002A2A2A2A2A2A2A2A2A2A2A2A2A2A2A2A77
:1049A0002A2A2A2A2A2A2A2A2A2A2A2A2A2A2A2A67
:1049B0002A2A2A2A2A2A2A2A2A2A2A2A2A2A0000AB
:1049C000706C69635F696E69742065786974656489
:1049D000200A00000A636F6E6669677572655F6919
:1049E0006E7465727275707420656E74657265643C
:1049F000200A0000636F6E6669677572655F696E95
:104A00007465727275707420657869746564200AC3
:104A1000000000000A506572696F64205265676982
:104A2000737465722056616C756520686967686586
:104A300072207468616E206D61782076616C756596
:104A400020282578290000000A20506572696F64CB
:104A5000205265676973746572206F66206D6F649C
:104A6000756C65206E756D626572202564207365B6
:104A70007420746F202578000A447574792052657B
:104A80006769737465722056616C75652068696723
:104A9000686572207468616E206D61782076616C43
:104AA00075652028257829000A20447574792052DC
:104AB00065676973746572206F66206D6F64756CCD
:104AC00065206E756D6265722025642073657420A3
:104AD000746F2025780000000A436F6E74726F6C4B
:104AE0002052656769737465722056616C75652024
:104AF000686967686572207468616E206D617820EE
:104B000076616C7565202825782900000A20436F9E
:104B10006E74726F6C205265676973746572206F72
:104B200066206D6F64756C65206E756D62657220B0
:104B300025642073657420746F20257800000000C0
:104B40000A2052756E6E696E6720696E20636F6E03
:104B500074696E756F7573206D6F646528312F30C1
:104B6000293A2025640000000A436C6F636B2052D1
:104B7000656769737465722056616C756520686934
:104B800067686572207468616E206D617820766157
:104B90006C75652028257829000000000A20416CEA
:104BA0006C20726567697374657273206F66206D1F
:104BB0006F64756C65206E756D626572202564206A
:104BC000636C6561726564000A20416C6C205265FB
:104BD0006769737465722076616C756573206F66A2
:104BE00020616C6C206D6F64756C657320636C65FF
:104BF00061726564000000000A2043757272656E80
:104C000074204D6F64756C65206973207365742022
:104C1000746F2050574D206D6F6465000A204375F6
:104C20007272656E74204D6F64756C6520697320B7
:104C300073657420746F2074696D6572206F6E6384
:104C400065206F6E6C79206D6F6465000A20437576
:104C50007272656E74204D6F64756C652069732087
:104C600073657420746F2074696D657220636F6E54
:104C700074696E756F7573206D6F64650000000058
:104C80000A2050574D206D6F64756C65206E756DF0
:104C900062657220256420686173206265656E20FC
:104CA000656E7465726564000A2050574D206D6F03
:104CB00064756C65206E756D626572202564206E6A
:104CC0006F7420656E746572656400000A20457219
:104CD000726F7220696E2073657474696E672063E9
:104CE0006C6F636B20726567697374657200000096
:104CF0000A204572726F7220696E20736574746940
:104D00006E67206475747920726567697374657263
:104D1000000000000A204572726F7220696E2073D5
:104D2000657474696E6720706572696F642072655E
:104D300067697374657200000A50574D202564201E
:104D400073756363657366756C6C7920636F6E66EB
:104D500069677572656400000A2050574D206D6FB9
:104D600064756C65206E756D6265722025642068BF
:104D70006173206265656E2073746F707065640086
:104D80000A5468652076616C7565206F66207065D1
:104D900072696F64207265676973746572206973E4
:104DA000202578000A5468652076616C7565206F4F
:104DB0006620647574792072656769737465722002
:104DC00069732025780000000A5468652076616CBC
:104DD0007565206F6620636F6E74726F6C207265EC
:104DE000676973746572206973202578000000007C
:104DF0000A5468652076616C7565206F6620636C67
:104E00006F636B20726567697374657220697320C4
:104E10002578000010380080103800802838008085
:104E20000C3800800C3800806E38008028380080F4
:104E30000C3800806E3800800C38008028380080E4
:104E40000A3800800A3800800A3800806E380080F6
:104E50000001020203030303040404040404040421
:104E600005050505050505050505050505050505F2
:104E700006060606060606060606060606060606D2
:104E800006060606060606060606060606060606C2
:104E900007070707070707070707070707070707A2
:104EA0000707070707070707070707070707070792
:104EB0000707070707070707070707070707070782
:104EC0000707070707070707070707070707070772
:104ED0000808080808080808080808080808080852
:104EE0000808080808080808080808080808080842
:104EF0000808080808080808080808080808080832
:104F00000808080808080808080808080808080821
:104F10000808080808080808080808080808080811
:104F20000808080808080808080808080808080801
:104F300008080808080808080808080808080808F1
:104F400008080808080808080808080808080808E1
:104F50001000000000000000037A5200017C0101F3
:104F60001B0D020010000000180000009AD9FFFF7E
:104F70006603000000000000100000002C0000008C
:0C4F8000ECDCFFFF540300000000000008
:104F8C000000020004000200080002000C000200F5
:104F9C001000020014000200180002001C000200A5
:104FAC00200002002400020028000200E0FFFF8F16
:104FBC0046A90088AC52018046A90088F8BF0002BF
:044FCC00004000029F
:104FEC0000400000970200009382020E7390523032
:104FFC00AD4273B0023085629382828873B04230C6
:10500C00B72F000C137E0E00130E0E002380CF0161
:10501C00A380CF012381CF01A381CF01B70F000C57
:10502C00137E0E002380CF01A380CF012381CF01FB
:10503C00A381CF0181400141814101428142014361
:10504C008143014481440145814501468146014724
:10505C0081470148814801498149014A814A014BF4
:10506C00814B014C814C014D814D014E814E014FC4
:10507C00814F97D100009381A10D138581E797E5AE
:10508C00000093852596014610C16374B500110587
:10509C00E5BF1385C19C938501A0014610C16374C3
:1050AC00B5001105E5BF170100101301E1F117E27E
:1050BC00000013025297137202FC6F00304C01A0D7
:1050CC0000000000197101001300000006C20AC4A0
:1050DC000EC612C816CA1ACC1ECE22D026D22AD47C
:1050EC002ED632D836DA3ADC3EDEC2C0C6C2CAC4CC
:1050FC00CEC6D2C8D6CADACCDECEE2D0E6D2EAD45C
:10510C00EED6F2D8F6DAFADCFEDE73252034F3257F
:10511C0010340A86EF00800B731015349240224134
:10512C00B2414242D2426243F2430254925422555B
:10513C00B2554256D2566257F257064896482649FF
:10514C00B649464AD64A664BF64B065C965C265DDB
:10515C00B65D465ED65E665FF65F09617300203011
:10516C000000797106D622D40018232EA4FC17B5A2
:10517C000000130565C5212A0327C4FDB70700806D
:10518C0093C7F7FFF98F2326F4FE8325C4FE17B5CA
:10519C000000130525C5812217B50000130505C6AF
:1051AC00FD208327C4FE3E85B25022544561828087
:1051BC00011106CE22CC00102326A4FE2324B4FE1B
:1051CC0017B50000130505C5D92001A0797106D6C5
:1051DC0022D40018232EA4FC232CB4FC232604FE7A
:1051EC00232404FE17B50000130585C44D200326A7
:1051FC0084FD8325C4FD17B500001305E5C45528AF
:10520C00914517B50000130525C6F120FD47232451
:10521C00F4FE832784FE0547B317F7003E878327E8
:10522C00C4FDF98F85CB0325C4FD253F2326A4FEA1
:10523C0017B500001305C5C4AD28138781E7832774
:10524C00C4FE8A07BA979C43832584FD0325C4FDBD
:10525C00829715A017B50000130545C4992813872C
:10526C0081EB8327C4FD8A07BA979C43832584FD71
:10527C000325C4FD829717B500001305E5C301286B
:10528C00832784FD3E85B2502254456182805D7136
:10529C0022D60018232EA4FC4CC010C454C418C829
:1052AC005CC8232C0401232E1401010032546161CB
:1052BC0082805D7122D60018232EA4FC4CC010C431
:1052CC0054C418C85CC8232C0401232E14010100FB
:1052DC003254616182805D7122D60018232EA4FCA9
:1052EC004CC010C454C418C85CC8232C0401232E11
:1052FC00140101003254616182805D7122D6001864
:10530C00232EA4FC4CC010C454C418C85CC8232C55
:10531C000401232E140101003254616182805D71FD
:10532C0022D60018232EA4FC4CC010C454C418C898
:10533C005CC8232C0401232E14010100325461613A
:10534C0082805D7106D622D40018232EA4FC4CC09A
:10535C0010C454C418C85CC8232C0401232E140197
:10536C0093070402232CF4FC832784FD9117232636
:10537C00F4FE8327C4FEBE850325C4FD912A17B510
:10538C0000001305A5B4353701A02971232E111285
:10539C00232C8112232A2113232831132326411372
:1053AC0023245113232261132320711380022324FD
:1053BC00A4EC2326B4EC2322C4EC232E04FC232CD3
:1053CC0004FC832744EC3E8B814B032784EC83271E
:1053DC00C4EC5A86DE863A85BE85EF7020772A8724
:1053EC00AE878327C4FD8A07930604FEB69723ACC9
:1053FC00E7EE832744EC3E8981498327C4EC4E8732
:10540C0063E4E7048327C4EC4E876397E7008327A4
:10541C0084EC4A8763EAE702832744EC3E8A814A9C
:10542C005286D686032584EC8325C4ECEF70A03B12
:10543C002A87AE872324E4EC2326F4EC8327C4FDCF
:10544C008507232EF4FCB5BF01008327C4FD850717
:10545C00232EF4FC91A08327C4FD8A07130704FEB6
:10546C00BA9703A787EFA54763F7E7009307700583
:10547C00232CF4FC29A093070003232CF4FC832792
:10548C00C4FD8A07130704FEBA9703A787EF832787
:10549C0084FDBA973E85C9298327C4FD1387F7FF7E
:1054AC00232EE4FCE349F0FA010001008320C11330
:1054BC00032481130329411383290113032AC112E5
:1054CC00832A8112032B4112832B011231618280BA
:1054DC001D7186CEA2CCA6CACAC880102326A4FAF7
:1054EC002324B4FA93070000232CF4FC232804FA99
:1054FC00232A04FA232C04FA232E04FA232004FC76
:10550C00232204FC232404FC231604FC11A8638D21
:10551C000438268591298327C4FA85072326F4FAB3
:10552C008327C4FA83C70700BE8493075002E39015
:10553C00F4FE8327C4FA85072326F4FA8327C4FADA
:10554C00232AF4FC232204FE232E04FC8327C4FA12
:10555C00138717002326E4FA83C70700BE8493073A
:10556C0050026380F4329307500263CFF4309307F8
:10557C00800763CB97309307300663C7F43093876B
:10558C00D4F955476362F7301397270097B700009B
:10559C0093870795BA97984397B7000093874794DA
:1055AC00BA978287832744FE85072322F4FE85471A
:1055BC00232EF4FCD5A4832784FA138747002324D5
:1055CC00E4FA9C433E854D26C1AC832784FA1387AD
:1055DC0047002324E4FA03A90700631A090017B94A
:1055EC0000001309698F21A02685BD2E050983476C
:1055FC000900BE84F5F84DA4A9472328F4FC032721
:10560C0044FE854763D1E702832784FA9D07E19B1B
:10561C00138787002324E4FA9843DC432324E4FE15
:10562C002326F4FE3DA8032744FE8547631FF7009D
:10563C00832784FA138747002324E4FA9C4323240A
:10564C00F4FEFD872326F4FE29A8832784FA13870A
:10565C0047002324E4FA9C432324F4FEFD872326ED
:10566C00F4FE032784FE8327C4FE63DB07021305C5
:10567C00D002DD2C032584FE8325C4FE014781471F
:10568C003306A740328833380701B386B740B38757
:10569C000641BE863287B6872324E4FE2326F4FE19
:1056AC00832704FD3E86032584FE8325C4FEF13941
:1056BC00E5A2832784FA9D07E19B138787002324A7
:1056CC00E4FA9843DC433A85BE85EF90905EAA8756
:1056DC00232CF4FC930704FB1946BE85032584FD9B
:1056EC00EF00100D232004FE25A0832704FE1307D2
:1056FC0004FFBA9783C707FC3E85BD24032704FE2D
:10570C00F54763C0E702832704FE85072320F4FED8
:10571C00832704FE130704FFBA9783C707FCF1F72E
:10572C00A5AA010095AAA9472328F4FC032744FE47
:10573C00854763D1E702832784FA9D07E19B138792
:10574C0087002324E4FA9843DC432324E4FE232635
:10575C00F4FE1DA8832744FE89CF832784FA138780
:10576C0047002324E4FA9C432324F4FE232604FE5E
:10577C0021A8832784FA138747002324E4FA9C4347
:10578C002324F4FE232604FE832704FD3E860325F2
:10579C0084FE8325C4FED53E01A2A1472328F4FC38
:1057AC00032744FE854763D1E702832784FA9D07CC
:1057BC00E19B138787002324E4FA9843DC432324DA
:1057CC00E4FE2326F4FE1DA8832744FE89CF8327FD
:1057DC0084FA138747002324E4FA9C432324F4FE21
:1057EC00232604FE21A8832784FA13874700232449
:1057FC00E4FA9C432324F4FE232604FE832704FDB1
:10580C003E86032584FE8325C4FE413671A0C14724
:10581C002328F4FC032744FE854763D1E702832742
:10582C0084FA9D07E19B138787002324E4FA9843AD
:10583C00DC432324E4FE2326F4FE1DA8832744FE28
:10584C0089CF832784FA138747002324E4FA9C43E7
:10585C002324F4FE232604FE21A8832784FA13872D
:10586C0047002324E4FA9C432324F4FE232604FE5D
:10587C00832704FD3E86032584FE8325C4FE313632
:10588C0021A82685D52009A813055002F1288327C5
:10589C0044FD2326F4FA01008327C4FD81C7232E7F
:1058AC0004FC6DB10100ADB90100F6406644D6446C
:1058BC004649256182805D7106D622D40018232EBC
:1058CC00A4FC4CC010C454C418C85CC8232C0401DC
:1058DC00232E140193070402232CF4FC832784FD4C
:1058EC0091172326F4FE8327C4FEBE850325C4FD31
:1058FC00C53681473E85B2502254616182800111C8
:10590C0022CE0010232604FE1DA08327C4FE9387FD
:10591C003711A207BE86138781EF8327C4FE8A073F
:10592C00BA9794C38327C4FE85072326F4FE032766
:10593C00C4FE8947E3DBE7FC01000100724405610A
:10594C008280411122C600080100938781EF9C439D
:10595C0083C7C700918BF5DB938781EF9C439C47F2
:10596C003E85324441018280011122CE0010232653
:10597C00A4FE0100938781EF9C4383C7C700898BEA
:10598C00F5FB938781EF9C430327C4FED8C3814763
:10599C003E85724405618280797122D60018232ECF
:1059AC00A4FC232CB4FC232604FE832784FD92073D
:1059BC0037F7FA0213070708B357F7022326F4FE4A
:1059CC008327C4FE1397070141838327C4FD2390CB
:1059DC00E7000100325445618280011122CE001093
:1059EC002326A4FEAE87A305F4FE8327C4FE03473B
:1059FC00B4FE238CE7000100724405618280011122
:105A0C0022CE00102326A4FEAE87A305F4FE0100CF
:105A1C008327C4FE83C7C700898BFDFB0347B4FEF5
:105A2C008327C4FED8C381473E85724405618280BA
:105A3C00797106D622D40018232EA4FC232CB4FC96
:105A4C00232604FE8327C4FE138717002326E4FEB7
:105A5C00032784FDBA9783C70700A305F4FE834789
:105A6C00B4FEBE850325C4FD593F8347B4FEF9FB44
:105A7C0081473E85B250225445618280797122D68D
:105A8C000018232EA4FC232CB4FCA30704FE010055
:105A9C008327C4FD83C7C700918BFDDB8327C4FD1F
:105AAC009C47A307F4FE832784FD0347F4FE238061
:105ABC00E70085473E85325445618280797106D670
:105ACC0022D40018232EA4FC232CB4FC232604FE81
:105ADC00A30504FE01008327C4FD83C7C700918B77
:105AEC00FDDB8327C4FD9C47A305F4FE8327C4FE7E
:105AFC00138717002326E4FE032784FDBA97034778
:105B0C00B4FE2380E7008347B4FE3E85B13D0347D6
:105B1C00B4FEB547E310F7FC8327C4FE13871700C8
:105B2C002326E4FE032784FDBA9729472380E70048
:105B3C008327C4FE138717002326E4FE032784FD66
:105B4C00BA97238007008327C4FE93F7F70F3E858F
:105B5C00B250225445618280797122D60018232ECE
:105B6C00A4FC31A08327C4FD9C47A307F4FE832724
:105B7C00C4FD83C7C700918BF5F7010001003254B7
:105B8C0045618280411122C6000801003244410166
:105B9C008280411106C622C4000817A50000130517
:105BAC00A539EFF0CFEE938781E717F7FFFF1307C7
:105BBC00676098C3938781E717F7FFFF1307875F29
:105BCC00D8C3938781E717F7FFFF1307A75E98C722
:105BDC00938781E717F7FFFF1307C75DD8C7938734
:105BEC0081E717F7FFFF1307E75C98CB938781E7F3
:105BFC0017F7FFFF1307075CD8CB938781E717F7DD
:105C0C00FFFF1307275B98CF938781E717070000E7
:105C1C0013076770D8CF938781E717F7FFFF130738
:105C2C00675998D3938781E717F7FFFF13078758B6
:105C3C00D8D3938781E717F7FFFF1307A75798D798
:105C4C00938781E71717000013070787D8D7938727
:105C5C0081E717F7FFFF1307E75598DB938781E779
:105C6C0017F7FFFF13070755D8DB938781E717F763
:105C7C00FFFF1307275498DF938781E717F7FFFF80
:105C8C0013074753D8DF938781EB17F7FFFF1307F1
:105C9C00675298C3938781EB17F7FFFF1307875160
:105CAC00D8C3938781EB17F7FFFF1307A75098C74B
:105CBC00938781EB17F7FFFF1307C74FD8C793875D
:105CCC0081EB17F7FFFF1307E74E98CB938781EB18
:105CDC0017F7FFFF1307074ED8CB938781EB17F706
:105CEC00FFFF1307274D98CF938781EB17F7FFFF23
:105CFC001307474CD8CF938781EB17F7FFFF130798
:105D0C00674B98D3938781EB17F7FFFF1307874AED
:105D1C00D8D3938781EB17F7FFFF1307A74998D7C1
:105D2C00938781EB17F7FFFF1307C748D8D79387E3
:105D3C0081EB17F7FFFF1307E74798DB938781EB9E
:105D4C0017F7FFFF13070747D8DB938781EB17F78C
:105D5C00FFFF1307274698DF938781EB17F7FFFFA9
:105D6C0013074745D8DF17A500001305651EEFF094
:105D7C000FD20100B240224441018280411106C67B
:105D8C0022C40008AD3E17A500001305A51DEFF0B9
:105D9C000FD00135EF50600A17A500001305851DC3
:105DAC00EFF0EFCE0100B2402244410182807971C4
:105DBC0022D60018232EA4FC232604FE01008327E0
:105DCC00C4FE138717002326E4FE0327C4FDE3E873
:105DDC00E7FE01000100325445618280797122D6C0
:105DEC000018232EA4FC0327C4FD9307803EB307A1
:105DFC00F7022326F4FE29A89307803E2324F4FE01
:105E0C000100832784FE1387F7FF2324E4FEF5FBB0
:105E1C008327C4FE1387F7FF2326E4FEF1FF01005E
:105E2C000100325445618280797106D622D4001863
:105E3C00232EA4FC85472326F4FE232404FE31A83C
:105E4C000327C4FEBA878A07BA9786072326F4FE6F
:105E5C00832784FE85072324F4FE032784FE8327EF
:105E6C00C4FDE36FF7FC0325C4FEEF908051AA87B5
:105E7C003E85B250225445618280797122D6001839
:105E8C00232EA4FC232CB4FC232604FE832784FDA0
:105E9C00FD172324F4FE99A88327C4FE0327C4FD11
:105EAC00BA9783C70700A303F4FE832784FE032756
:105EBC00C4FD3E978327C4FE8326C4FDB6970347D3
:105ECC0007002380E700832784FE0327C4FDBA97CD
:105EDC00034774FE2380E7008327C4FE850723262F
:105EEC00F4FE832784FEFD172324F4FE0327C4FE4F
:105EFC00832784FEE342F7FA010001003254456126
:105F0C008280797106D622D40018232EA4FC232C6F
:105F1C00B4FC232AC4FC232604FE3DA80327C4FD9D
:105F2C00A947B367F70213F7F70F832684FD83277E
:105F3C00C4FEB697130707031377F70F2380E70008
:105F4C008327C4FE85072326F4FE0327C4FDA94737
:105F5C00B347F702232EF4FC8327C4FDE1F339A8E1
:105F6C00032784FD8327C4FEBA97130700032380FD
:105F7C00E7008327C4FE85072326F4FE0327C4FE0F
:105F8C00832744FDE36EF7FC8327C4FEBE850325FF
:105F9C0084FDE535032784FD8327C4FEBA9723804F
:105FAC0007008327C4FE3E85B2502254456182808F
:105FBC005D7186C6A2C48008232EA4FA232CB4FAE1
:105FCC00232AC4FA232604FE232004FC232204FCE7
:105FDC00232404FC232604FC232804FC232A04FC8D
:105FEC00232C04FC231E04FC0325C4FBEF9000436C
:105FFC002A87AE8797A60000938686FA9042D442F1
:10600C003A85BE85EF60D0692A87AE873A85BE8512
:10601C00EF90204AAA87232EF4FA0325C4FBEF90B5
:10602C00A024AA872324F4FE032584FEEF90C02924
:10603C00AA87BE850325C4FBEF801070AA87232294
:10604C00F4FE232004FE930500000325C4FBEF801F
:10605C005045AA8763DE0700832704FE032784FBD1
:10606C00BA971307D0022380E70085472320F4FE5C
:10607C00832784FE85E3832704FE032784FBBA97DA
:10608C00130700032380E700832704FE85072320E2
:10609C00F4FE3DA8832784FE63D80700832784FE83
:1060AC00B307F0402324F4FE930704FC0146BE859D
:1060BC00032584FEB9352326A4FE832704FE03277B
:1060CC0084FBBA97130704FCBA853E85EF90005FFA
:1060DC000327C4FE832704FEBA972326F4FE8327E6
:1060EC0044FBADCF8327C4FE032784FBBA97130769
:1060FC00E0022380E70093050000032544FEEF80B7
:10610C00503AAA8763DA0700032744FEB7070080DA
:10611C00B98F2322F4FE39A093050000032544FE19
:10612C00EF80502B032544FB0133AA87BE85032542
:10613C0044FEEF80903EAA872322F4FE032544FE02
:10614C00EF908012AA868327C4FE8507032784FB61
:10615C00BA97032644FBBE85368565330100B640ED
:10616C00264461618280797122D60018232EA4FC0A
:10617C00232CB4FC832784FD2326F4FE29A8832733
:10618C0084FD2326F4FE01008327C4FE1387F7FF4A
:10619C002326E4FEF5FB8327C4FD1387F7FF232E8C
:1061AC00E4FCF1FF010001003254456182800111D1
:1061BC0006CE22CC00102326A4FE8327C4FE9C43CB
:1061CC003E868325C4FE17A500001305E5DBEFF022
:1061DC008F908327C4FE9C433E85F2406244056148
:1061EC008280011106CE22CC00102326A4FE23248B
:1061FC00B4FE8327C4FE032784FE98C38327C4FE02
:10620C009C433E868325C4FE17A500001305C5D705
:10621C00EFF06F8C0100F240624405618280411105
:10622C0022C60008B7C70002E1179C433E853244E2
:10623C0041018280411122C60008B7C70002F11744
:10624C009C433E85324441018280411106C622C4E2
:10625C004AC24EC00008E137AA873E8981494A8765
:10626C00CE873A85BE85B24022441249824941010B
:10627C008280011106CE22CC00102324A4FE2326FA
:10628C00B4FE17A50000130525D2EFF04F809387BD
:10629C00C1959C439843DC439386019603A8060062
:1062AC00032584FE8325C4FE3306A700B288B3B849
:1062BC00E800B386B700B387D800BE863287B687AE
:1062CC002320E8002322F800938701969C439843EF
:1062DC00DC433A86BE8617A500001305A5CEEFE079
:1062EC005FFD9387C1959C439843DC433A86BE86F9
:1062FC0017A50000130585CEEFE0BFFB17A5000026
:10630C00130505CFEFE0BFF80100F24062440561D0
:10631C008280011106CE22CC00102326A4FE232459
:10632C00B4FE17A50000130565CEEFE05FF693876A
:10633C00019694437D57FD5798C2DCC29387019612
:10634C009C439843DC433A86BE8617A50000130590
:10635C00E5CDEFE05FF8B7C70002E1179C43BE85BF
:10636C0017A50000130505CEEFE0FFF617A50000FA
:10637C00130585CEEFE0BFF10100F24062440561E8
:10638C008280797106D622D40018232EA4FC17A57E
:10639C000000130525CEEFE09FEFB707010CC107F6
:1063AC002326F4FE8327C4FE0327C4FD98C313875A
:1063BC0041F08327C4FD9207BA97094798C7138702
:1063CC0041F08327C4FD9207BA97DC471387170067
:1063DC00938641F08327C4FD9207B697D8C71387DD
:1063EC0041F08327C4FD9207BA979C473E868325CC
:1063FC00C4FD17A500001305E5C9EFE0DFED138719
:10640C0041F08327C4FD9207BA978C43138741F060
:10641C008327C4FD9207BA979047138741F08327CF
:10642C00C4FD9207BA97D443138741F08327C4FD68
:10643C009207BA97DC473E8717A50000130505C8DD
:10644C00EFE07FE917A500001305C5CCEFE03FE4B2
:10645C000100B250225445618280011106CE22CC3B
:10646C000010232604FE17A50000130565CCEFE0F1
:10647C001FE2B707010CC1072326F4FE8327C4FED5
:10648C009C432324F4FE0326C4FE832584FE17A517
:10649C000000130525CCEFE01FE417A50000130541
:1064AC0025CEEFE0DFDE832784FE3E85F24062449A
:1064BC0005618280797106D622D40018232EA4FCA3
:1064CC00232CB4FC17A50000130585CDEFE03FDCB1
:1064DC0069372326A4FE8325C4FE17A500001305E7
:1064EC00E5CDEFE05FDF8327C4FE91C70327C4FE31
:1064FC00F14763FAE7008325C4FE17A500001305D6
:10650C00A5CDEFE01FE4138741F08327C4FE92076B
:10651C00BA97054798C7138741F08327C4FE9207A3
:10652C00BA979C473E868325C4FE17A50000130529
:10653C0065B6EFE05FDA1387410C8327C4FE8A0748
:10654C00BA979C430325C4FE82970325C4FE153DD0
:10655C008325C4FE17A50000130545CBEFE0BFD77C
:10656C0017A50000130545CCEFE07FD20100B25017
:10657C00225445618280011106CE22CC00102326C4
:10658C00A4FE17A500001305E5CBEFE05FD0832731
:10659C00C4FE85CB0327C4FE994763E4E702194781
:1065AC008327C4FEB307F7403E85B125AA8791EB3C
:1065BC0019478327C4FEB307F740930500083E85AF
:1065CC00D9238325C4FE17A50000130525C9EFE0C8
:1065DC005FCE17A50000130525CAEFE05FCB0100C5
:1065EC00F240624405618280797106D622D400188B
:1065FC00232EA4FCA30704FE17A50000130545C910
:10660C00EFE0FFC88325C4FD17A50000130505CADC
:10661C00EFE07FCC0966B705000C17A50000130549
:10662C0025CAEFE05FCB8327C4FD13D73700B7270C
:10663C00000CBA972324F4FE832784FE83C707003B
:10664C00A307F4FE8347F4FE3E86832584FE17A53C
:10665C000000130525CAEFE01FC88327C4FD9D8BDE
:10666C000547B317F7001397870161878307F4FE7B
:10667C00D98FE207E187A303F4FE832784FE034747
:10668C0074FE2380E700834774FEBE8517A50000C7
:10669C00130545C9EFE03FC417A50000130545CA13
:1066AC00EFE0FFBE0100B250225445618280797147
:1066BC0006D622D40018232EA4FC232604FEA30500
:1066CC0004FE17A50000130565C9EFE05FBC832528
:1066DC00C4FD17A50000130565BDEFE0DFBF8326E1
:1066EC00C4FD0966B705000C17A50000130505C904
:1066FC00EFE07FBE8327C4FD13D73700B727000C0C
:10670C00BA972326F4FE8327C4FE83C70700A3058C
:10671C00F4FE8347B4FE3E868325C4FE17A5000015
:10672C00130505CAEFE03FBB8327C4FD9D8B0547CE
:10673C00B317F700E207E18793C7F7FF13978701B9
:10674C0061878307B4FEF98FE207E1872305F4FE26
:10675C008327C4FE0347A4FE2380E700138741F080
:10676C008327C4FD9207BA9723A40700138741F02F
:10677C008327C4FD9207BA979C473E868325C4FDA8
:10678C0017A5000013050591EFE0FFB417A5000055
:10679C00130545C6EFE0BFAF0100B250225445616E
:1067AC008280797106D622D40018232EA4FC17A55A
:1067BC0000001305E5C5EFE09FAD232604FEB707E7
:1067CC00010C2326F4FE8327C4FE0327C4FD98C3C3
:1067DC008327C4FE9C43BE8517A50000130585C501
:1067EC00EFE07FAF17A50000130585C6EFE03FAAC9
:1067FC000100B250225445618280797106D622D4B0
:10680C000018232EA4FC232CB4FC8325C4FD17A54F
:10681C0000001305E5C5EFE09FA7832784FD1397C0
:10682C002700B707000CBA972326F4FE8325C4FE75
:10683C0017A50000130545C6EFE0FFA98327C4FE8A
:10684C009C43BE8517A50000130545C7EFE0BFA804
:10685C008327C4FE0327C4FD98C38327C4FE9C432F
:10686C00BE8517A500001305A5C8EFE0DFA617A588
:10687C0000001305E5CAEFE09FA10100B2502254BD
:10688C0045618280797106D622D40018232EA4FC8F
:10689C0017A500001305C5CAEFE07F9FB7070400DA
:1068AC0013850710EFF0BF902326A4FE8325C4FEAA
:1068BC0017A50000130505CBEFE0FFA18327C4FD4E
:1068CC00E5170547B317F70093C7F7FF3E878327F4
:1068DC00C4FEF98FBE85B707040013850710EFF0CF
:1068EC005F90B707040013850710EFF05F8CAA8741
:1068FC00BE8517A50000130525C9EFE0DF9D17A580
:10690C000000130565CBEFE09F980100B2502254B4
:10691C0045618280011106CE22CC0010232604FE94
:10692C0017A50000130545CBEFE07F96938781E711
:10693C0017070000130747B8D8D7AD4517A50000B7
:10694C001305C5CAEFE03F99938741F023A40700D4
:10695C00938741F023A00700938741F023A20700FF
:10696C00938741F023A6070085472326F4FED1A088
:10697C00138741F08327C4FE9207BA9723A407001C
:10698C00138741F08327C4FE9207BA970327C4FEEE
:10699C0098C3138741F08327C4FE9207BA9709471F
:1069AC00D8C3138741F08327C4FE9207BA9723A656
:1069BC00070017A50000130525C6EFE0DF9103259E
:1069CC00C4FEF5311387410C8327C4FE8A07BA979E
:1069DC0017070000130767BA98C38325C4FE09453F
:1069EC00293D138741F08327C4FE9207BA978C4345
:1069FC00138741F08327C4FE9207BA9790471387F9
:106A0C0041F08327C4FE9207BA97D443138741F011
:106A1C008327C4FE9207BA97DC473E8717A5000070
:106A2C001305C5C2EFE03F8B8327C4FE85072326E1
:106A3C00F4FE0327C4FEED47E3FCE7F2054595336E
:106A4C0017A50000130585C9EFE07F840100F24013
:106A5C00624405618280011106CE22CC00102326EF
:106A6C00A4FE17A500001305A5C8EFE05F8203275D
:106A7C00C4FE994763FAE7000327C4FED54763E5D4
:106A8C00E7000325C4FEFD3B0325C4FEB13E17A55C
:106A9C0000001305E5C7EFE08FFF0100F2406244F0
:106AAC0005618280797106D622D40018232EA4FCAD
:106ABC00232CB4FC032784FDC167634DF700C16729
:106ACC009385F7FF17A50000130585C6EFE03F85FA
:106ADC00814725A88327C4FD93870730A207232667
:106AEC00F4FE832784FD1397070141878327C4FE97
:106AFC002390E700032684FD8325C4FD17A5000021
:106B0C00130545C6EFE0EFFA85473E85B250225497
:106B1C0045618280797106D622D40018232EA4FCFC
:106B2C00232CB4FC032784FDC167634DF700C167B8
:106B3C009385F7FF17A500001305C5C5EFE02FFEE1
:106B4C0081472DA88327C4FD93870730A20791079F
:106B5C002326F4FE832784FD13970701418783279F
:106B6C00C4FE2390E700032684FD8325C4FD17A5EE
:106B7C000000130525C5EFE0CFF385473E85B250E5
:106B8C00225445618280797106D622D40018232EB6
:106B9C00A4FC232CB4FC032784FD9307F00F63DCC7
:106BAC00E7009305F00F17A500001305A5C4EFE04F
:106BBC000FF7814725A88327C4FD93870730A207C9
:106BCC00A1072326F4FE832784FD13F7F70F8327F1
:106BDC00C4FE2380E700032684FD8325C4FD17A58E
:106BEC000000130565C4EFE0CFEC85473E85B2503D
:106BFC00225445618280797106D622D40018232E46
:106C0C00A4FC8327C4FD93870730A207A107232682
:106C1C00F4FE8327C4FE83C7070093F7F70FA18BFD
:106C2C002324F4FE832784FE8D87BE8517A50000E0
:106C3C001305C5C2EFE0EFE7832784FE13D7374077
:106C4C0085476314F700854711A081473E85B250F4
:106C5C00225445618280797106D622D40018232EE5
:106C6C00A4FC232CB4FC032784FDC167634DF700FF
:106C7C00C1679385F7FF17A500001305A5C0EFE0CA
:106C8C000FEA81471DA08327C4FD93870730A20715
:106C9C00B1072326F4FE832784FD13970701418750
:106CAC008327C4FE2390E70085473E85B2502254CB
:106CBC0045618280011106CE22CC00102326A4FE51
:106CCC0081450325C4FEF93B81450325C4FE993556
:106CDC0081450325C4FE453D81450325C4FEA53FE2
:106CEC008325C4FE17A50000130505BDEFE06FDC7E
:106CFC000100F240624405618280011106CE22CC73
:106D0C000010232604FE09A80325C4FE653783273B
:106D1C00C4FE85072326F4FE0327C4FE9147E3D562
:106D2C00E7FE17A500001305E5BBEFE08FD80100C7
:106D3C00F240624405618280797106D622D4001833
:106D4C00232EA4FC232604FE8327C4FD9DE717A550
:106D5C000000130525BCEFE0CFD58327C4FE8907BF
:106D6C002326F4FE8327C4FE91072326F4FE8327F3
:106D7C00C4FEC1072326F4FEB9A00327C4FD854732
:106D8C00631EF70017A50000130505BBEFE06FD2DB
:106D9C008327C4FE91072326F4FE35A00327C4FDE8
:106DAC0089476312F70217A500001305E5BBEFE056
:106DBC004FD08327C4FE91072326F4FE8327C4FEFD
:106DCC00A1072326F4FE8327C4FE3E85B25022542D
:106DDC0045618280797106D622D40018232EA4FC3A
:106DEC00232CB4FC032584FD813F2326A4FE83259C
:106DFC00C4FE0325C4FD413BAA8789CB8325C4FD72
:106E0C0017A50000130585B9EFE0AFCA8325C4FEB2
:106E1C000325C4FD8D3BAA8789EB8325C4FD17A5EB
:106E2C000000130525BAEFE08FCF0100B2502254B9
:106E3C0045618280797122D60018232EA4FCAE877E
:106E4C00A30DF4FC8327C4FD93870730A207A10789
:106E5C002326F4FE8347B4FD99C78327C4FE850718
:106E6C002326F4FE09A88327C4FE91C78327C4FEFA
:106E7C00FD172326F4FE0100325445618280011176
:106E8C0006CE22CC00102326A4FE2324B4FE832598
:106E9C0084FE0325C4FEC133AA8799E717A5000019
:106EAC00130585B4EFE0AFC70100F2406244056101
:106EBC008280011106CE22CC00102326A4FE2324AE
:106ECC00B4FE832584FE0325C4FEA931AA8799E765
:106EDC0017A50000130585B3EFE06FC40100F24065
:106EEC00624405618280011106CE22CC001023265B
:106EFC00A4FE2324B4FE832584FE0325C4FE5D3644
:106F0C00AA8799E717A50000130585B2EFE02FC1FA
:106F1C000100F240624405618280797106D622D468
:106F2C0000182326A4FE2324B4FE2322C4FE23200F
:106F3C00D4FEBA87A30FF4FC832544FE0325C4FEBC
:106F4C005D37832504FE0325C4FEA537832584FE07
:106F5C000325C4FE2D378347F4FDBE850325C4FEEF
:106F6C00D13D8325C4FE17A500001305A5AEEFE0A7
:106F7C004FB40100B250225445618280011106CEFB
:106F8C0022CC00102326A4FE81450325C4FEE53E39
:106F9C008325C4FE17A500001305C5ADEFE06FB146
:106FAC000100F240624405618280797106D622D4D8
:106FBC000018232EA4FC8327C4FD93870730A20757
:106FCC002326F4FE8327C4FD93870730A20791077D
:106FDC002324F4FE8327C4FD93870730A207A1075F
:106FEC002322F4FE8327C4FD93870730A207B10741
:106FFC002320F4FE8327C4FE83D70700C207C18376
:10700C00BE8517A50000130565A9EFE08FAA83279D
:10701C0084FE83D70700C207C183BE8517A5000075
:10702C00130505AAEFE0EFA8832744FE83C70700EA
:10703C0093F7F70FBE8517A500001305A5AAEFE07F
:10704C004FA7832704FE83D70700C207C183BE85E1
:10705C0017A50000130585ABEFE0AFA50100B250FA
:10706C00225445618280011122CE00102326A4FEF9
:10707C002324B4FE8327C4FE9843832784FEF98F10
:10708C00B337F00093F7F70F3E85724405618280A9
:10709C00797122D60018232EA4FC0327C4FD930774
:1070AC00401FB307F7022326F4FE232404FE39A065
:1070BC000100832784FE85072324F4FE832784FEA6
:1070CC000327C4FEE3E6E7FE0100010032544561EC
:1070DC008280797122D60018232EA4FC0327C4FDCC
:1070EC00B7A7070093870712B307F7022326F4FE0E
:1070FC00232404FE39A00100832784FE8507232462
:10710C00F4FE832784FE0327C4FEE3E6E7FE0100BA
:10711C000100325445618280797122D60018232EE9
:10712C00A4FC8327C4FD2326F4FE29A89307C012D0
:10713C002324F4FE0100832784FE1387F7FF232406
:10714C00E4FEF5FB8327C4FE1387F7FF2326E4FE3A
:10715C00F1FF01000100325445618280011122CE01
:10716C0000102326A4FE2324B4FE8327C4FE9843D8
:10717C00832784FE5D8F8327C4FE98C3010072446D
:10718C0005618280011122CE00102326A4FE232447
:10719C00B4FE8327C4FE9843832784FE93C7F7FF6E
:1071AC007D8F8327C4FE98C30100724405618280E1
:1071BC00011122CE00102326A4FE31A08327C4FE89
:1071CC00FD172326F4FE8327C4FEEDFB010001000E
:1071DC00724405618280411106C622C40008B705BD
:1071EC000002B7070400138587108D3F2945C93766
:1071FC00B7050002B70704001385871061372945CE
:10720C00453F0100B240224441018280411122C617
:10721C000008B7070400938707109443B7070400CE
:10722C009387071037070001558F98C3B7070400E1
:10723C00938787109443B707040093878710370709
:10724C0000FF7D17758F98C3B7070400938707104D
:10725C009443B70704009387071037070002558F34
:10726C0098C3B7070400938787109443B7070400AB
:10727C0093878710370700FE7D17758F98C3B70764
:10728C000400938707109443B707040093870710F3
:10729C0037070004558F98C3B707040093878710EE
:1072AC009443B70704009387871037070004558F62
:1072BC0098C3B7070400938707109443B7070400DB
:1072CC009387071037070008558F98C3B70704003A
:1072DC00938787109443B707040093878710370769
:1072EC000008558F98C3B707040093870710944381
:1072FC00B70704009387071037070010558F98C302
:10730C00B7070400938787109443B707040093874B
:10731C00871037070010558F98C3B7070400938761
:10732C0007109443B7070400938707103707002012
:10733C00558F98C3B7070400938787109443B707FA
:10734C0004009387871037070020558F98C30100DE
:10735C00324441018280011106CE22CC0010AA8752
:10736C00A307F4FE8307F4FE63D00702B7070400FB
:10737C00938787109443B7070400938787103707C8
:10738C000020558F98C339A8B7070400938787103E
:10739C009443B707040093878710370700E07D17E5
:1073AC00758F98C38347F4FE93F7070499CFB707FB
:1073BC000400938787109443B707040093878710C2
:1073CC0037070010558F98C339A8B7070400938767
:1073DC0087109443B707040093878710370700F092
:1073EC007D17758F98C38347F4FE93F7070299CFE7
:1073FC00B7070400938787109443B707040093875B
:10740C00871037070008558F98C339A8B7070400B1
:10741C00938787109443B707040093878710370727
:10742C0000F87D17758F98C38347F4FEC18B99CFF5
:10743C00B7070400938787109443B707040093871A
:10744C00871037070004558F98C339A8B707040075
:10745C00938787109443B7070400938787103707E7
:10746C0000FC7D17758F98C3BD330100F240624458
:10747C0005618280011106CE22CC0010AA87A307D9
:10748C00F4FE8347F4FEA18B99CFB70704009387D2
:10749C0087109443B70704009387871037070020A1
:1074AC00558F98C339A8B707040093878710944366
:1074BC00B707040093878710370700E07D17758F97
:1074CC0098C38347F4FE918B99CFB7070400938739
:1074DC0087109443B7070400938787103707001071
:1074EC00558F98C339A8B707040093878710944326
:1074FC00B707040093878710370700F07D17758F47
:10750C0098C38347F4FE898B99CFB7070400938700
:10751C0087109443B7070400938787103707000838
:10752C00558F98C339A8B7070400938787109443E5
:10753C00B707040093878710370700F87D17758FFE
:10754C0098C38347F4FE858B99CFB70704009387C4
:10755C0087109443B70704009387871037070004FC
:10756C00558F98C339A8B7070400938787109443A5
:10757C00B707040093878710370700FC7D17758FBA
:10758C0098C391390100F240624405618280011177
:10759C0006CE22CC0010AA87A307F4FE8347F4FE84
:1075AC00918393F7F70F3E85F1358347F4FE3E85C3
:1075BC00D1351305A00FED3E0100F2406244056188
:1075CC008280011106CE22CC0010AA87A307F4FEFC
:1075DC00B7050002B7070400138587106536B70599
:1075EC000001B707040013858710693E8347F4FE3A
:1075FC003E85713F0100F2406244056182800111B9
:10760C0006CE22CC0010AA87A307F4FEB705000211
:10761C00B707040013858710B536B7050001B70707
:10762C000400138587101D3E8347F4FE3E85853785
:10763C000100F240624405618280011106CE22CC29
:10764C000010AA87A307F4FE8347F4FE3E85453F4E
:10765C000100F240624405618280011106CE22CC09
:10766C0000102326A4FE21A88327C4FE83C707008D
:10767C003E85E1378327C4FE85072326F4FE832746
:10768C00C4FE83C70700EDF301000100F240624421
:10769C0005618280011106CE22CC00102326A4FEA7
:1076AC002324B4FE0327C4FE8547631DF7008327FC
:1076BC0084FE93F7F70F938707F893F7F70F3E8540
:1076CC00093705A00327C4FE8947631CF7008327ED
:1076DC0084FE93F7F70F938707FC93F7F70F3E851C
:1076EC00CD350100F240624405618280411106C62D
:1076FC0022C400080545F1350945E1350545293C0D
:10770C000100B240224441018280411106C622C4CC
:10771C000008B7070400938787109443B707040049
:10772C0093878710370700E07D17758F98C3B707CD
:10773C000400938787109443B7070400938787103E
:10774C00370700F07D17758F98C3B7070400938730
:10775C0087109443B70704009387871037070008F6
:10776C00558F98C3B7070400938787109443B707C6
:10777C0004009387871037070004558F98C3A13CEA
:10778C001305401F3534813C1305401F1534A134BB
:10779C001305401F313CB7070400938787109443AF
:1077AC00B707040093878710370700E07D17758FA4
:1077BC0098C3B7070400938787109443B707040056
:1077CC0093878710370700F07D17758F98C3B7071D
:1077DC000400938787109443B7070400938787109E
:1077EC0037070008558F98C3B70704009387871095
:1077FC009443B707040093878710370700FC7D1765
:10780C00758F98C3C93A1305401F5D320100B24011
:10781C00224441018280411106C622C40008B705EA
:10782C00003FB7070400138507100D3AC532F13D30
:10783C00753D130500037133130580025933394527
:10784C0049330545BD3B1945AD3B05459D3B010005
:10785C00B240224441018280797106D622D40018AC
:10786C002326A4FE2324B4FE2322C4FE2320D4FE0C
:10787C00BA87A30FF4FC8347F4FD91C3853D8325A0
:10788C0084FE0325C4FE3935032544FEF933032554
:10789C0004FE59300100B2502254456182804111DE
:1078AC0006C622C400089305000FB7070400138511
:1078BC000710C9380100B24022444101828079711D
:1078CC0006D622D40018232EA4FC232CB4FC232689
:1078DC0004FEA30504FE75A01795000013054525AD
:1078EC00EFD07FFD8327C4FD9C47A305F4FE8327BF
:1078FC00C4FE138717002326E4FE032784FDBA97E2
:10790C000347B4FE2380E7008347B4FE3E85EFE0D7
:10791C00AF850347B4FEB5476315F706179500000E
:10792C0013054521EFD03FF931A08327C4FD9C47B7
:10793C00A305F4FE8327C4FD83C7C700918BF5F71D
:10794C008327C4FE138717002326E4FE032784FD38
:10795C00BA9729472380E7008327C4FE13871700B3
:10796C002326E4FE032784FDBA9723800700938720
:10797C00C119054798C3938781EF9C433E85EFE07F
:10798C00AF9D9387C11998438947E307F7F417957F
:10799C0000001305651AEFD01FF28327C4FE93F77E
:1079AC00F70F3E85B250225445618280411106C6C4
:1079BC0022C400089387C119094798C329A8938743
:1079CC0081EF9C439385C13C3E85D53DAA873E877C
:1079DC009387C15398C3938781EF9C4383C7C70098
:1079EC00918BF1FF9387C1539C4395CB1795000066
:1079FC001305C514EFD03FEC9385C13C17950000DF
:107A0C0013050514EFD03FEB130640068145138593
:107A1C00C13CEF7030409387C15323A00700010095
:107A2C00B240224441018280411106C622C40008A2
:107A3C00EFD0FFEC938781EFD84389679385075884
:107A4C003A85EFD07FF5179500001305A50FEFD001
:107A5C009FE6938781EFDC433E85EFE0EF8F0100DB
:107A6C00B240224441018280411106C622C4000862
:107A7C00B7050040B707040013850710EFE06FF659
:107A8C00B70700C09385F7FFB7070400138587106D
:107A9C00EFE02FF5179500001305850CEFD0BFE133
:107AAC000100B240224441018280797122D6001833
:107ABC00232EA4FCAE87231DF4FCFD572317F4FEE4
:107ACC00231604FE85A88357C4FE0327C4FDBA976A
:107ADC0083C707001397070141838357E4FEB98FCF
:107AEC002317F4FE231504FE25A88357E4FE858B8B
:107AFC0091CF8357E4FE85832317F4FE0357E4FEEE
:107B0C00E9778507B98F2317F4FE31A08357E4FE7C
:107B1C0085832317F4FE8357A4FE85072315F4FEF3
:107B2C000357A4FE9D47E3F2E7FC8357C4FE850789
:107B3C002316F4FE0357C4FE8357A4FDE365F7F840
:107B4C008357E4FE3E85325445618280397106DEEE
:107B5C0022DC4ADA4ED880002326A4FC8327C4FCFE
:107B6C0063D40700FD5711A085472322F4FE832719
:107B7C00C4FCDD8793F7F70F2320F4FE0327C4FC26
:107B8C00B7078000FD17F98F232EF4FC832704FE22
:107B9C008DEB032744FE8327C4FDB307F70293D66E
:107BAC00F741370780007D17758FBA97DD873E85C3
:107BBC00EF6010262A87AE872324E4FE2326F4FEEA
:107BCC00F9A8032704FE9307F00F6314F704832727
:107BDC00C4FD8DE7032544FEEF70006F2A8797A73D
:107BEC000000938767AD8C433A85EF700013AA872A
:107BFC003E85EF70B0022A87AE8739A097A70000A8
:107C0C00938707AC9843DC432324E4FE2326F4FE3D
:107C1C0079A0032544FEEF60B01F2A89AE890325A5
:107C2C00C4FDEF60F01E2A87AE8797A600009386EE
:107C3C00A6A99042D4423A85BE85EF5070052A879A
:107C4C00AE873A85BE8597A70000938767A89043B7
:107C5C00D443EF50E0242A87AE873A86BE864A8505
:107C6C00CE85EF50B0722A87AE873A89BE898327BA
:107C7C0004FE938717F80547B317F7003E85EF60AE
:107C8C0030192A87AE873A86BE864A85CE85EF5054
:107C9C00F06F2A87AE872324E4FE2326F4FE032705
:107CAC0084FE8327C4FE3A85BE85F2506254525935
:107CBC00C25921618280797106D622D44AD24ED023
:107CCC000018232EA4FC8327C4FDFD832324F4FE7B
:107CDC008327C4FDDD8793F7F70F2322F4FE0327D8
:107CEC00C4FDB7078000FD17F98F2320F4FE03278E
:107CFC0044FE9307F00F631EF702832704FE95E3FF
:107D0C00832784FE99C797A700009387E79C9C4321
:107D1C0031A097A700009387279A9C432326F4FE53
:107D2C00CDA897A700009387679B9C432326F4FE5E
:107D3C00CDA0832744FEA9EF832704FE99EF832768
:107D4C0084FE99C797A70000938787999C4319A035
:107D5C00930700002326F4FE6DA8032504FEEF70A4
:107D6C00A0562A8797A700009387C7978C433A851C
:107D7C00EF60D041AA873E8797A700009387C796EC
:107D8C008C433A85EF607079AA872326F4FE51A0C4
:107D9C00032504FEEF7040532A8797A700009387B2
:107DAC0067948C433A85EF60703EAA873E8797A70D
:107DBC0000009387A7938C433A85EF60F00BAA875A
:107DCC003E85EF70A0652A89AE89832744FE938790
:107DDC0017F83E85EF60D0032A86AE8697A7000081
:107DEC00938707919843DC433A85BE85EF30D013D7
:107DFC002A87AE873A86BE864A85CE85EF501059C3
:107E0C002A87AE873A85BE85EF70A06AAA8723269B
:107E1C00F4FE832784FE81CB0327C4FEB7070080C2
:107E2C00B98F2326F4FE8327C4FE3E85B25022541C
:107E3C001259825945618280797106D622D426D294
:107E4C000018232EA4FC930500000325C4FDEF604D
:107E5C007058AA8799E3814719A2854493050000BD
:107E6C000325C4FDEF60F063AA8763C30700814458
:107E7C0093F7F40F2324F4FE930500000325C4FDAF
:107E8C00EF603062AA8763D807000327C4FDB707E9
:107E9C000080B98F19A08327C4FD232EF4FC232660
:107EAC0004FE15A08327C4FE85072326F4FE97A79E
:107EBC000000938767848C430325C4FDEF60102D6D
:107ECC00AA87232EF4FC97A700009387E7828C43A4
:107EDC000325C4FDEF607055AA87E3D507FC39A8CC
:107EEC008327C4FEFD172326F4FE8327C4FDBE851D
:107EFC003E85EF606078AA87232EF4FC97970000EC
:107F0C009387C77E8C430325C4FDEF609059AA87E5
:107F1C00E3C807FC979700009387C77C8C43032525
:107F2C00C4FDEF60905FAA873E85EF70E0332A872F
:107F3C00B7078000FD17F98F2322F4FE832784FEF8
:107F4C001397F7018327C4FE9387F707DE075D8F2E
:107F5C00832744FED98F2320F4FE832704FE3E851D
:107F6C00B2502254925445618280011106CE22CC2B
:107F7C000010AA87A307F4FE8347F4FEBE8517956D
:107F8C0000001305E5BEEFD01F9397970000938771
:107F9C00E77698438347F4FE85461306E002C14515
:107FAC003E85AD229797000093878775984383474A
:107FBC00F4FE854613060003C1453E85812A97973A
:107FCC0000009387277498438347F4FE8546130675
:107FDC002003C1453E851D2A9797000093870771A2
:107FEC0098438347F4FE854613064003C1453E85FE
:107FFC00312A979700009387676F98438347F4FE65
:10800C00854613066003C1453E85092297970000FB
:10801C009387C76D98438347F4FE85461306800308
:10802C00C1453E85E520979700009387276C9843C0
:10803C008347F4FE854613068004C1453E85F9202E
:10804C000545EFD0BFD90100F24062440561828042
:10805C00011106CE22CC0010AA872E87A307F4FEAE
:10806C00BA872307F4FE0347E4FE8547631BF70238
:10807C008347F4FEBE85179500001305A5B1EFD01C
:10808C009F83979700009387276898438347F4FE54
:10809C00854613062003C1453E858D280545EFD046
:1080AC00FFD38347E4FE95EB8347F4FEBE8517951B
:1080BC0000001305E5B0EFD01F8097970000938761
:1080CC00676498438347F4FE854613062003C14535
:1080DC003E852D280545EFD07FD00347E4FE85472C
:1080EC006301F7028347E4FE89CF8347F4FEBE8524
:1080FC0017950000130585AFEFD0EFFB0545EFD0CA
:10810C00FFCD0100F240624405618280597186D630
:10811C00A2D48018AA87232AE4F8A30FF4F8AE8718
:10812C00230FF4F8B287231EF4F8B687231DF4F856
:10813C0001009387013C03C707008547E30BF7FE5B
:10814C008347F4F9BE85179500001305E5ACEFD015
:10815C008FF69387612A0347F4F92380E70093870E
:10816C00813C0347E4F92380E7008357C4F913F7F4
:10817C00F70F9387D12A2380E700231704FEA30669
:10818C0004FE8357A4F913F7F70F93870154238048
:10819C00E7008357A4F98607231DF4F89387813BE6
:1081AC000357A4F92390E700230604FE032544F9A2
:1081BC0061312324A4FE8347D4FE13871700A30642
:1081CC00E4FE0307F4F9930604FFB697238EE7FA4F
:1081DC008347D4FE13871700A306E4FE0307E4F9D4
:1081EC00930604FFB697238EE7FA8357C4F9A1834D
:1081FC0093960701C1828347D4FE13871700A30609
:10820C00E4FE139786016187930604FFB697238ECD
:10821C00E7FA8347D4FE13871700A306E4FE03573F
:10822C00C4F962076187930604FFB697238EE7FAB9
:10823C008357A4F9A18393960701C1828347D4FE87
:10824C0013871700A306E4FE139786016187930634
:10825C0004FFB697238EE7FA8347D4FE13871700E3
:10826C00A306E4FE0357A4F962076187930604FF93
:10827C00B697238EE7FA8347D4FE13871700A3061D
:10828C00E4FE130704FFBA971147238EE7FA8327FE
:10829C0084FE93D687018347D4FE13871700A30669
:1082AC00E4FE139786016187930604FFB697238E2D
:1082BC00E7FA832784FE93D607018347D4FE1387FE
:1082CC001700A306E4FE139786016187930604FF4B
:1082DC00B697238EE7FA832784FE93D687008347CD
:1082EC00D4FE13871700A306E4FE1397860161875B
:1082FC00930604FFB697238EE7FA8347D4FE1387C1
:10830C001700A306E4FE032784FE62076187930629
:10831C0004FFB697238EE7FA9307C4FAAD453E8562
:10832C00EFF0AFF8AA872317F4FE8347D4FE138728
:10833C001700A306E4FE0357E4FE62076187930669
:10834C0004FFB697238EE7FA8357E4FEA183939636
:10835C000701C1828347D4FE13871700A306E4FEEE
:10836C00139786016187930604FFB697238EE7FA6D
:10837C00A30604FEB7050040B70704001385871059
:10838C00EFD03FE6938781EFD4438347D4FE138726
:10839C001700A306E4FE130704FFBA978387C7FBF5
:1083AC0093F7F70FBE853685EFD06FE5938781EF96
:1083BC00D4438347D4FE13871700A306E4FE1307A8
:1083CC0004FFBA978387C7FB93F7F70FBE853685F3
:1083DC00EFD0EFE2938781EFD4438347D4FE13872A
:1083EC001700A306E4FE130704FFBA978387C7FBA5
:1083FC0093F7F70FBE853685EFD06FE0938781EF4B
:10840C00D4438347D4FE13871700A306E4FE130757
:10841C0004FFBA978387C7FB93F7F70FBE853685A2
:10842C00EFD0EFDD938781EFD4438347D4FE1387DE
:10843C001700A306E4FE130704FFBA978387C7FB54
:10844C0093F7F70FBE853685EFD06FDB938781EFFF
:10845C00D4438347D4FE13871700A306E4FE130707
:10846C0004FFBA978387C7FB93F7F70FBE85368552
:10847C00EFD0EFD8938781EFD4438347D4FE138793
:10848C001700A306E4FE130704FFBA978387C7FB04
:10849C0093F7F70FBE853685EFD06FD6938781EFB4
:1084AC00D4438347D4FE13871700A306E4FE1307B7
:1084BC0004FFBA978387C7FB93F7F70FBE85368502
:1084CC00EFD0EFD3938781EFD4438347D4FE138748
:1084DC001700A306E4FE130704FFBA978387C7FBB4
:1084EC0093F7F70FBE853685EFD06FD1938781EF69
:1084FC00D4438347D4FE13871700A306E4FE130767
:10850C0004FFBA978387C7FB93F7F70FBE853685B1
:10851C00EFD0EFCE938781EFD4438347D4FE1387FC
:10852C001700A306E4FE130704FFBA978387C7FB63
:10853C0093F7F70FBE853685EFD06FCC938781EF1D
:10854C00D4438347D4FE13871700A306E4FE130716
:10855C0004FFBA978387C7FB93F7F70FBE85368561
:10856C00EFD0EFC9938781EFD4438347D4FE1387B1
:10857C001700A306E4FE130704FFBA978387C7FB13
:10858C0093F7F70FBE853685EFD06FC7A30604FEB1
:10859C000100938781EFDC4383C7C700858BF5DB34
:1085AC00B70700C09385F7FFB70704001385871042
:1085BC00EFD03FC3938781EFDC433E85EFD0CFD91B
:1085CC0001009387013C03C707008547E30BF7FEC7
:1085DC009387013C05472380E7000100B6502654E1
:1085EC0065618280011106CE22CC0010AA872E87ED
:1085FC002317F4FEBA87A306F4FE9387811A23800F
:10860C0007006F00A06A8357E4FE1307C00C638851
:10861C00E7621307C00C6340F7681307A00C638470
:10862C00E75C1307A00C6348F7661307A0046346C6
:10863C00F70263C207661307A004636EF76413970F
:10864C0027009787000093876763BA9798439787AB
:10865C0000009387A762BA9782871307800C638800
:10866C00E7526F00406393858196178500001305D0
:10867C00655DEFD04FA49387811A83C707001387DA
:10868C0017009376F70F1387811A2300D7001387EF
:10869C0001618A07BA979C433E85EF6030582A8760
:1086AC00AE873A86BE86178500001305255AEFD093
:1086BC008FA08357E4FE89072317F4FEDDA393856F
:1086CC000197178500001305E557EFD0CF9E9387D0
:1086DC00811A83C70700138717009376F70F138748
:1086EC00811A2300D700138701618A07BA979C432C
:1086FC003E85EF60B0522A87AE873A86BE861785D4
:10870C00000013052555EFD00F9B8357E4FE890716
:10871C002317F4FE79A39385819717850000130521
:10872C006552EFD04F999387811A83C7070013873F
:10873C0017009376F70F1387811A2300D70013873E
:10874C0001618A07BA979C433E85EF60304D2A87BA
:10875C00AE873A86BE86178500001305A54FEFD06D
:10876C008F958357E4FE89072317F4FE1DAB938581
:10877C0081A0178500001305E54CEFD0CF939387AC
:10878C00811A83C70700138717009376F70F138797
:10879C00811A2300D700138701618A07BA979C437B
:1087AC003E85EF60B0472A87AE873A86BE8617852E
:1087BC0000001305254AEFD00F908357E4FE89077C
:1087CC002317F4FEF9A9938541A117850000130521
:1087DC006547EFD04F8E9387811A83C707001387A5
:1087EC0017009376F70F1387811A2300D70013878E
:1087FC0001618A07BA979C433E85EF6030422A8715
:10880C00AE873A86BE86178500001305A544EFD0C7
:10881C008F8A8357E4FE89072317F4FE59A19385A9
:10882C0001A2178500001305E541EFD0CF8893878F
:10883C00811A83C70700138717009376F70F1387E6
:10884C00811A2300D700138701618A07BA979C43CA
:10885C003E85EF60B03C2A87AE873A86BE86178588
:10886C0000001305253FEFD00F858357E4FE8907E1
:10887C002317F4FE3DA1938501981785000013057D
:10888C00653CEFD04F839387811A83C7070013870A
:10889C0017009376F70F1387811A2300D7001387DD
:1088AC0001618A07BA979C433E85EF6030372A876F
:1088BC00AE873A86BE86178500001305A539EFC032
:1088CC009FFF8357E4FE89072317F4FED9AE9385E7
:1088DC008198178500001305E536EFC0DFFD9387FF
:1088EC00811A83C70700138717009376F70F138736
:1088FC00811A2300D700138701618A07BA979C431A
:10890C003E85EF60B0312A87AE873A86BE861785E2
:10891C00000013052534EFC01FFA8357E4FE8907C6
:10892C002317F4FEBDAE938501991785000013053E
:10893C006531EFC05FF89387811A83C707001387EF
:10894C0017009376F70F1387811A2300D70013872C
:10895C0001618A07BA979C433E85EF60302C2A87C9
:10896C00AE873A86BE86178500001305A52EEFC08C
:10897C009FF48357E4FE89072317F4FE1DA6938505
:10898C008199178500001305E52BEFC0DFF2938763
:10899C00811A83C70700138717009376F70F138785
:1089AC00811A2300D700138701618A07BA979C4369
:1089BC003E85EF60B0262A87AE873A86BE8617853D
:1089CC00000013052529EFC01FEF8357E4FE89072C
:1089DC002317F4FEF9A49385019A1785000013055B
:1089EC006526EFC05FED9387811A83C70700138755
:1089FC0017009376F70F1387811A2300D70013877C
:108A0C0001618A07BA979C433E85EF6030212A8723
:108A1C00AE873A86BE86178500001305A523EFC0E6
:108A2C009FE98357E4FE89072317F4FE9DAC9385D9
:108A3C00819A178500001305E520EFC0DFE79387C7
:108A4C00811A83C70700138717009376F70F1387D4
:108A5C00811A2300D700138701618A07BA979C43B8
:108A6C003E85EF60B01B2A87AE873A86BE86178597
:108A7C0000001305251EEFC01FE48357E4FE890791
:108A8C002317F4FE39AC9385C1A21785000013059A
:108A9C00651BEFC05FE29387811A83C707001387BA
:108AAC0017009376F70F1387811A2300D7001387CB
:108ABC0001618A07BA979C433E85EF6030162A877E
:108ACC00AE873A86BE86178500001305A518EFC041
:108ADC009FDE8357E4FE89072317F4FED9A2938502
:108AEC0081A3178500001305E515EFC0DFDC938724
:108AFC00811A83C70700138717009376F70F138724
:108B0C00811A2300D700138701618A07BA979C4307
:108B1C003E85EF60B0102A87AE873A86BE861785F1
:108B2C00000013052513EFC01FD98357E4FE8907F6
:108B3C002317F4FEBDA2938541A4178500001305ED
:108B4C006510EFC05FD79387811A83C7070013871F
:108B5C0017009376F70F1387811A2300D70013871A
:108B6C0001618A07BA979C433E85EF60300B2A87D8
:108B7C00AE873A86BE86178500001305A50DEFC09B
:108B8C009FD38357E4FE89072317F4FE19AA938514
:108B9C00019B178500001305E50AEFC0DFD1938711
:108BAC00811A83C70700138717009376F70F138773
:108BBC00811A2300D700138701618A07BA979C4357
:108BCC003E85EF60B0052A87AE873A86BE8617854C
:108BDC00000013052508EFC01FCE8357E4FE89075C
:108BEC002317F4FE7DA89385819B17850000130540
:108BFC006505EFC05FCC9387811A83C70700138785
:108C0C0017009376F70F1387811A2300D700138769
:108C1C0001618A07BA979C433E85EF6030002A8732
:108C2C00AE873A86BE86178500001305A502EFC0F5
:108C3C009FC88357E4FE89072317F4FE9DA09385F4
:108C4C00019C178500001305E5FFEFC0DFC6938775
:108C5C00811A83C70700138717009376F70F1387C2
:108C6C00811A2300D700138701618A07BA979C43A6
:108C7C003E85EF60A07A2A87AE873A86BE86178536
:108C8C000000130525FDEFC01FC38357E4FE8907C1
:108C9C002317F4FE39A017850000130525FCEFC03F
:108CAC009FC18347D4FEFD17A306F4FE8347D4FE71
:108CBC00E39B079401000100F2406244056182804D
:108CCC00011106CE22CC0010AA872E87A307F4FE32
:108CDC00BA872307F4FE8347F4FE11476387E71C2A
:108CEC001147634AF7240D47638AE7120D47634423
:108CFC00F72405476386E7000947638AE70825AC34
:108D0C000347E4FE85476311F7041785000013053C
:108D1C00A509EFC05FBA178500001305E509EF0040
:108D2C003024930540061305800CEFD0CFC3178574
:108D3C00000013056509EF00B0229305401F1305D1
:108D4C00401FEFD04FC2D5AA8347E4FE6397071E9E
:108D5C001785000013050508EFC0FFB51785000047
:108D6C0013058505EF00D01F930540061305800CF5
:108D7C00EFD06FBF1785000013050507EF00501EDD
:108D8C009305401F1305401FEFD0EFBD7DA2034795
:108D9C00E4FE85476311F70417850000130585056C
:108DAC00EFC07FB11785000013050501EF00501BC4
:108DBC00930540061305800CEFD0EFBA1785000021
:108DCC0013054504EF00D0199305401F1305401FF0
:108DDC00EFD06FB9ADA28347E4FE639207161785F7
:108DEC0000001305E502EFC01FAD17850000130549
:108DFC00A5FCEF00F016930540061305800CEFD090
:108E0C008FB6178500001305E501EF00701593056B
:108E1C00401F1305401FEFD00FB515A20347E4FE0A
:108E2C0085476311F7041785000013056500EFC033
:108E3C009FA817850000130525F8EF007012930505
:108E4C0040061305800CEFD00FB2178500001305F8
:108E5C0025FFEF00F0109305401F1305401FEFD0C6
:108E6C008FB0C5A08347E4FE639D070C17850000F7
:108E7C001305C5FDEFC03FA4178500001305C5F30E
:108E8C00EF00100E930540061305800CEFD0AFAD2C
:108E9C00178500001305C5FCEF00900C9305401FCF
:108EAC001305401FEFD02FAC69A80347E4FE85479C
:108EBC006311F70417850000130545FBEFC0BF9F36
:108ECC0017850000130545EFEF0090099305400648
:108EDC001305800CEFD02FA917850000130505FA98
:108EEC00EF0010089305401F1305401FEFD0AFA7EC
:108EFC0099A88347E4FEA1EB178500001305C5F87C
:108F0C00EFC07F9B17850000130505EBEF005005A4
:108F1C00930540061305800CEFD0EFA417850000D5
:108F2C001305C5F7EF00D0039305401F1305401F31
:108F3C00EFD06FA309A8010001A8010031A0010026
:108F4C0021A0010011A001000100F2406244056162
:108F5C008280011106CE22CC0010AA872E87A3078F
:108F6C00F4FEBA872307F4FE8347F4FE11476386A9
:108F7C00E7121147634FF7160D476384E70C0D4753
:108F8C006349F71605476386E7000947638FE704D3
:108F9C008DA20347E4FECD476317F7048347F4FE25
:108FAC000347E4FE3A86BE85178500001305C5EF1E
:108FBC00EFC07F9017850000130505E0EF00407AA5
:108FCC00930540061305800CEFD0EF991785000030
:108FDC00130585EFEF00C0789305401F1305401F64
:108FEC00EFD06F9811A0010031A20347E4FECD47EA
:108FFC006317F7048347F4FE0347E4FE3A86BE8505
:10900C0017850000130545EAEFC0FF8A178500009D
:10901C00130585DAEF00C074930540061305800C28
:10902C00EFD06F94178500001305C5EAEF0040736D
:10903C009305401F1305401FEFD0EF9211A00100C4
:10904C0055A80347E4FECD476317F7048347F4FEA6
:10905C000347E4FE3A86BE85178500001305C5E478
:10906C00EFC07F8517850000130505D5EF00406F15
:10907C00930540061305800CEFD0EF8E178500008A
:10908C00130505E6EF00C06D9305401F1305401F47
:10909C00EFD06F8D11A00100B1A80347E4FECD47BE
:1090AC006317F7048347F4FE0347E4FE3A86BE8554
:1090BC0017850000130545DFEFC0EFFF1785000093
:1090CC00130585CFEF00C069930540061305800C8E
:1090DC00EFD06F8917850000130545E1EF0040685C
:1090EC009305401F1305401FEFD0EF8711A001001F
:1090FC0011A001000100F24062440561828001115F
:10910C0006CE22CC0010AA872E87A307F4FEBA87BE
:10911C002307F4FE8347F4FE11476381E7221147CE
:10912C006342F72C0D476386E7160D47634CF72A0D
:10913C0005476386E70009476388E70A65A4034788
:10914C00E4FE85476318F704178500001305C5DA9C
:10915C00EFC06FF617850000130585DBEF00502775
:10916C0013054006EF109042178500001305C5C586
:10917C00EF00102613054006EF105041938781EF46
:10918C009C47E9453E85EFC09F8713054006EF10CD
:10919C00F03F99AC8347E4FE6398072417850000E1
:1091AC00130585D8EFC02FF117850000130545D6A0
:1091BC00EF00102213054006EF10503D17850000FC
:1091CC00130585C2EF00D02013054006EF10103CAC
:1091DC00938781EF9C47E9453E85EFC05F8213057D
:1091EC004006EF10B03A09A40347E4FE8547631824
:1091FC00F704178500001305A5D4EFC0CFEB178536
:10920C0000001305E5D0EF00B01C13054006EF106D
:10921C00F037178500001305E5BEEF00701B130532
:10922C004006EF10B036938781EF9C47E9453E85A9
:10923C00EFC0EFFC13054006EF10503545AA8347ED
:10924C00E4FE6395071A178500001305E5D0EFC0FF
:10925C008FE6178500001305A5CBEF0070171305DB
:10926C004006EF10B032178500001305A5BBEF00C8
:10927C00301613054006EF107031938781EF9C4731
:10928C00E9453E85EFC0AFF713054006EF101030EF
:10929C00B1AA0347E4FE85476318F704178500005D
:1092AC00130505CDEFC02FE117850000130545C64A
:1092BC00EF00101213054006EF10502D178500001B
:1092CC00130505B8EF00D01013054006EF10102C55
:1092DC00938781EF9C47E9453E85EFC04FF213051C
:1092EC004006EF10B02A29A28347E4FE63920710D0
:1092FC0017850000130545C9EFC0EFDB178500008B
:10930C00130505C1EF00D00C13054006EF10102813
:10931C00178500001305C5B4EF00900B130540062C
:10932C00EF10D026938781EF9C47E9453E85EFC02F
:10933C000FED13054006EF1070255DA80347E4FE02
:10934C0085476318F70417850000130565C5EFC042
:10935C008FD6178500001305A5BBEF00700713050A
:10936C004006EF10B02217850000130525B1EF0061
:10937C00300613054006EF107021938781EF9C4750
:10938C00E9453E85EFC0AFE713054006EF1010200E
:10939C0095A08347E4FEB9EF178500001305C5C1FE
:1093AC00EFC06FD117850000130585B6EF00500292
:1093BC0013054006EF10901D17850000130505AE30
:1093CC00EF00100113054006EF10501C938781EF3E
:1093DC009C47E9453E85EFC08FE213054006EF1030
:1093EC00F01A09A8010001A8010031A0010021A078
:1093FC00010011A001000100F2406244056182806D
:10940C00011106CE22CC0010AA872E87A307F4FEEA
:10941C00BA872307F4FE8347F4FE11476389E712EA
:10942C0011476343F7180D476386E70C0D47634DEF
:10943C00F71605476386E70009476380E706ADA288
:10944C000347E4FECD476318F704178500001305A6
:10945C0025B8EFC04FC617850000130565ABEF00AC
:10946C00207713054006EF107012178500001305C6
:10947C00A5A5EF00E07513054006EF10301193879A
:10948C0081EF9C47E9453E85EFC06FD71305400639
:10949C00EF10D00F11A0010009AA0347E4FECD473D
:1094AC006318F704178500001305C5B3EFC0AFC0F0
:1094BC00178500001305C5A5EF0080711305400644
:1094CC00EF10D00C178500001305C5A0EF004070FD
:1094DC0013054006EF10900B938781EF9C47E945ED
:1094EC003E85EFC0CFD113054006EF10300A11A016
:1094FC00010065A80347E4FECD476318F704178500
:10950C000000130565AFEFC00FBB178500001305F6
:10951C0025A0EF00E06B13054006EF103007178510
:10952C0000001305E59BEF00A06A13054006EF1041
:10953C00F005938781EF9C47E9453E85EFC02FCC22
:10954C0013054006EF10900411A00100B9A80347C1
:10955C00E4FECD476318F70417850000130505AB2F
:10956C00EFC06FB5178500001305859AEF004066B4
:10957C0013054006EF1090011785000013050597A1
:10958C00EF00006513054006EF105000938781EF44
:10959C009C47E9453E85EFC08FC613054006EF108A
:1095AC00E07E11A0010011A001000100F240624414
:1095BC0005618280011122CE0010232604FE31A009
:1095CC008327C4FE85072326F4FE0327C4FEE16728
:1095DC009387076AE3D6E7FE010001007244056138
:1095EC008280011122CE0010232604FE31A0832795
:1095FC00C4FE85072326F4FE0327C4FEB797040098
:10960C009387073EE3D5E7FE010001007244056134
:10961C008280411106C622C400081785000013057C
:10962C0025A0EFC04FA9178500001305E5A08D28D4
:10963C009305401F1305401FEFC0FFB21385415423
:10964C007122178500001305A59F99289305200307
:10965C0013052003EFC03FB113854154852A1785AC
:10966C0000001305259E2D289305200313052003C8
:10967C00EFC07FAF13854154912A17850000130565
:10968C00E59C39289305200313052003EFC0BFADDB
:10969C0013854154252A0100B240224441018280A5
:1096AC00011106CE22CC00102326A4FE0DA0938718
:1096BC0081EF98478327C4FE83C70700BE853A8590
:1096CC00EFC0EFB38327C4FE85072326F4FE832760
:1096DC00C4FE83C70700E1FF938781EF9C47B54524
:1096EC003E85EFC0CFB1938781EF9C47A9453E855E
:1096FC00EFC0EFB081473E85F24062440561828045
:10970C00011106CE22CC00102326A4FE0DA09387B7
:10971C0081EF98478327C4FE83C70700BE853A852F
:10972C00EFC0EFAD8327C4FE85072326F4FE832705
:10973C00C4FE83C70700E1FF938781EF9C47B545C3
:10974C003E85EFC0CFAB938781EF9C47A9453E8503
:10975C00EFC0EFAA81473E85F240624405618280EA
:10976C00011106CE22CC00102326A4FE0DA0938757
:10977C0081EFD8438327C4FE83C70700BE853A8593
:10978C00EFC0EFA78327C4FE85072326F4FE8327AB
:10979C00C4FE83C70700E1FF938781EFDC43B54527
:1097AC003E85EFC0CFA5938781EFDC43A9453E856D
:1097BC00EFC0EFA49305C0121305C012EFC0BF9AFF
:1097CC0081473E85F240624405618280797106D6FC
:1097DC0022D40018232EA4FC8327C4FD2326F4FED8
:1097EC008327C4FD2322F4FE232404FE41A893877F
:1097FC0081EF9C47130704FEBA853E85EFC00FA886
:10980C00832704FE13F7F70F8327C4FE2380E7009A
:10981C008327C4FE85072326F4FE8327C4FE2380FA
:10982C000700978500009385E582032544FEEF60D1
:10983C000029AA8799CB832544FE178500001305C0
:10984C00A581EFC04F87814799A897850000938524
:10985C002582032544FEEF608026AA8799CB8325B9
:10986C0044FE177500001305257FEFC0CF84814798
:10987C003DA0832784FE85072324F4FE032784FE62
:10988C009307500CE3D5E7F68327C4FE238007002B
:10989C00177500001305457EEFC0EF8185473E85A7
:1098AC00B250225445618280411106C622C4000880
:1098BC001775000013054578E5339305803E1305B5
:1098CC00803EEFC05F8A138541540937177500003D
:1098DC001305857BEFB03FFE177500001305457B24
:1098EC00C1339305200313052003EFC0DF871385D5
:1098FC004154E93D177500001305457AEFB0BFFBE5
:10990C00177500001305057A613B138541547D3DA5
:10991C00177500001305C579EFB0FFF91775000036
:10992C0013058579B53B138541544D3517750000EA
:10993C001305C579EFB03FF80100B2402244410154
:10994C008280411106C622C40008014793064006D6
:10995C00177600001306067881450945EFD0DFEF36
:10996C00177500001305456DE53B177500001305D1
:10997C00A577EFB05FF41145EFC04FC61775000027
:10998C001305456CF13B1775000013056576EFB0B8
:10999C009FF29305401F1305401FEFC0CFFC1775B6
:1099AC0000001305A5756D3B177500001305C575F3
:1099BC00EFB07FF09305401F1305401FEFC0AFFAC7
:1099CC00177500001305C575613B1775000013056D
:1099DC002576EFB05FEE9305401F1305401FEFC0D7
:1099EC008FF8177500001305E56B9D3B177500008C
:1099FC001305056CEFB03FEC9305401F1305401F9A
:109A0C00EFC06FF6177500001305056B913B1775CA
:109A1C0000001305A56BEFB01FEA9305401F13055B
:109A2C00401FEFC04FF4177500001305E5710D3B97
:109A3C001775000013050572EFB0FFE79305401F83
:109A4C001305401FEFC02FF201479306400617760F
:109A5C0000001306667181450945EFD0FFDF010058
:109A6C00B240224441018280011106CE22CC00106A
:109A7C002326A4FE97750000938545700325C4FE2C
:109A8C00EF60E003AA8791CB8325C4FE1775000015
:109A9C001305456FEFB03FE225A89775000093853D
:109AAC00E56F0325C4FEEF608001AA8791CB832567
:109ABC00C4FE177500001305E56EEFB0DFDF09A8D3
:109ACC008325C4FE177500001305456FEFB0BFDE8C
:109ADC000100F240624405618280411106C622C435
:109AEC000008014793064006177600001306C66E61
:109AFC0081450945EFD05FD6177500001305455415
:109B0C00C12813054006EF106028177500001305D7
:109B1C0065537D2813054006EF104027177500008C
:109B2C001305C56C752013054006EF10202617751C
:109B3C0000001305656C692813054006EF1000251D
:109B4C00177500001305856C612013054006EF1096
:109B5C00E023014793064006177600001306C66003
:109B6C0081450945EFD05FCF0100B240224441014D
:109B7C008280011106CE22CC00102326A4FE0DA05B
:109B8C00938781EFD8438327C4FE83C70700BE8524
:109B9C003A85EFB0DFE68327C4FE85072326F4FE63
:109BAC008327C4FE83C70700E1FF938781EFDC4363
:109BBC00B5453E85EFB0BFE4938781EFDC43A94503
:109BCC003E85EFB0DFE30100F24062440561828024
:109BDC00011106CE22CC00102326A4FE0DA09387E3
:109BEC0081EF98478327C4FE83C70700BE853A855B
:109BFC00EFB0FFE08327C4FE85072326F4FE8327FE
:109C0C00C4FE83C70700E1FF938781EF9C47B545EE
:109C1C003E85EFB0DFDE938781EF9C47A9453E85FB
:109C2C00EFB0FFDD0100F24062440561828041111A
:109C3C0022C60008EDA29387B19E83C707003E871A
:109C4C0093874166BA9703C70700B5476317F718A0
:109C5C009387B19E83C70700850713F7F70F938788
:109C6C00B19E2380E7009387B19E03C7070093073B
:109C7C00400663F6E7009387B19E23800700938725
:109C8C00D19E83C70700FD1713F7F70F9387D19E5B
:109C9C002380E7009387B19E83C707003E87938795
:109CAC004166BA9703C70700A9476315F70E938758
:109CBC00B19E83C70700850713F7F70F9387B19EF3
:109CCC002380E7009387B19E03C7070093074006E4
:109CDC0063F6E7009387B19E238007009387D19E9C
:109CEC0083C70700FD1713F7F70F9387D19E2380C7
:109CFC00E700A5A09387919E83C707003E869387B4
:109D0C00A19E83C70700138717009376F70F13875D
:109D1C00A19E2300D700BE8693874166B29703C7E6
:109D2C00070093874113B6972380E7009387919E92
:109D3C0083C70700850713F7F70F9387919E23803E
:109D4C00E7009387919E03C707009307400663F6CD
:109D5C00E7009387919E238007009387919E03C70A
:109D6C0007009387B19E83C70700E315F7F8938725
:109D7C00A19E83C707003E8793874113BA97238020
:109D8C0007009387A19E238007009387412B0547EB
:109D9C0098C371A89387B19E83C70700850713F7F3
:109DAC00F70F9387B19E2380E7009387B19E03C77B
:109DBC0007009307400663F6E7009387B19E238064
:109DCC0007009387D19E83C70700FD1713F7F70F82
:109DDC009387D19E2380E70099A09387B19E83C778
:109DEC000700850713F7F70F9387B19E2380E700D1
:109DFC009387B19E03C707009307400663F6E700FD
:109E0C009387B19E238007009387D19E83C7070059
:109E1C00FD1713F7F70F9387D19E2380E7009387E5
:109E2C00D19E03C707008547E3E7E7E00100010087
:109E3C00324441018280411122C60008EDA2938771
:109E4C00419F83C707003E879387812BBA9703C72F
:109E5C000700B5476317F7189387419F83C707001F
:109E6C00850713F7F70F9387419F2380E7009387AC
:109E7C00419F03C707009307A00F63F6E700938782
:109E8C00419F238007009387519F83C70700FD17CD
:109E9C0013F7F70F9387519F2380E7009387419F18
:109EAC0083C707003E879387812BBA9703C70700A8
:109EBC00A9476315F70E9387419F83C70700850752
:109ECC0013F7F70F9387419F2380E7009387419FF8
:109EDC0003C707009307A00F63F6E7009387419F22
:109EEC00238007009387519F83C70700FD1713F743
:109EFC00F70F9387519F2380E700A5A09387119FAD
:109F0C0083C707003E869387219F83C7070013876B
:109F1C0017009376F70F1387219F2300D700BE8677
:109F2C009387812BB29703C707009387816CB697F1
:109F3C002380E7009387119F83C70700850713F7DA
:109F4C00F70F9387119F2380E7009387119F03C717
:109F5C0007009307A00F63F6E7009387119F2380F8
:109F6C0007009387119F03C707009387419F83C7FF
:109F7C000700E315F7F89387219F83C707003E87F7
:109F8C009387816CBA97238007009387219F238046
:109F9C0007009387C160054798C371A89387419FB9
:109FAC0083C70700850713F7F70F9387419F23801B
:109FBC00E7009387419F03C707009307A00F63F641
:109FCC00E7009387419F238007009387519F83C7A6
:109FDC000700FD1713F7F70F9387519F2380E700B6
:109FEC0099A09387419F83C70700850713F7F70F45
:109FFC009387419F2380E7009387419F03C7070006
:10A00C009307A00F63F6E7009387419F2380070017
:10A01C009387519F83C70700FD1713F7F70F93879B
:10A02C00519F2380E7009387519F03C70700854703
:10A03C00E3E7E7E001000100324441018280411175
:10A04C0022C60008EDA29387B19F83C707003E8705
:10A05C009387C11ABA9703C70700B5476317F71858
:10A06C009387B19F83C70700850713F7F70F938773
:10A07C00B19F2380E7009387B19F03C70700930725
:10A08C00A00F63F6E7009387B19F238007009387A7
:10A09C00C19F83C70700FD1713F7F70F9387C19F65
:10A0AC002380E7009387B19F83C707003E87938780
:10A0BC00C11ABA9703C70700A9476315F70E938710
:10A0CC00B19F83C70700850713F7F70F9387B19FDD
:10A0DC002380E7009387B19F03C707009307A00F66
:10A0EC0063F6E7009387B19F238007009387C19F96
:10A0FC0083C70700FD1713F7F70F9387C19F2380C2
:10A10C00E700A5A09387819F83C707003E869387AE
:10A11C00919F83C70700138717009376F70F138758
:10A12C00919F2300D700BE869387C11AB29703C7AD
:10A13C00070093870143B6972380E7009387819F9D
:10A14C0083C70700850713F7F70F9387819F238039
:10A15C00E7009387819F03C707009307A00F63F65F
:10A16C00E7009387819F238007009387819F03C714
:10A17C0007009387B19F83C70700E315F7F8938710
:10A18C00919F83C707003E8793870143BA9723802B
:10A19C0007009387919F238007009387C13B054756
:10A1AC0098C371A89387B19F83C70700850713F7DE
:10A1BC00F70F9387B19F2380E7009387B19F03C765
:10A1CC0007009307A00F63F6E7009387B19F2380E6
:10A1DC0007009387C19F83C70700FD1713F7F70F7D
:10A1EC009387C19F2380E70099A09387B19F83C772
:10A1FC000700850713F7F70F9387B19F2380E700BC
:10A20C009387B19F03C707009307A00F63F6E7007E
:10A21C009387B19F238007009387C19F83C7070053
:10A22C00FD1713F7F70F9387C19F2380E7009387E0
:10A23C00C19F03C707008547E3E7E7E00100010082
:10A24C00324441018280411106C622C40008654592
:10A25C00EFC07F809387410C170700001307C705D9
:10A26C00F8D317750000130525FBEFB0CFE4A1421E
:10A27C0073A0023085629382028073A04230F32770
:10A28C000030F3274030F3274034938781EF9C4311
:10A29C0091453E85EFB06FF40545EFB03FB41775AF
:10A2AC0000001305A5F8EFB00FE10100B240224405
:10A2BC0041018280411122C6000875A0938781EF6D
:10A2CC009C439C4713F7F70F9387011A2380E700F1
:10A2DC009387C19E83C70700BE869387011A03C765
:10A2EC00070093874166B6972380E7009387C19E4A
:10A2FC0083C70700850713F7F70F9387C19E238049
:10A30C00E7009387C19E03C707009307400663F6D7
:10A31C00E7009387C19E238007009387D19E83C754
:10A32C000700850713F7F70F9387D19E2380E7006B
:10A33C009387D19E03C707009307400663FDE70090
:10A34C009387D19E130740062380E7009387E19EF5
:10A35C0005472380E7009387D19E03C707009387A7
:10A36C00F19E2380E700938781EF9C4383C7C7004E
:10A37C00918BA9F701000100324441018280411107
:10A38C0006C622C400086945EFC0EFEC9387410C68
:10A39C00170700001307C705B8D71775000013057A
:10A3AC00A5E7EFB04FD1A14273A002308562938232
:10A3BC00028073A04230F3270030F3274030F3279C
:10A3CC004034938781EFDC4391453E85EFB0EFE05D
:10A3DC000545EFB0BFA017750000130525E5EFB0DC
:10A3EC008FCD0100B240224441018280411122C62E
:10A3FC0000084DA8938781EFDC439C4713F7F70FB8
:10A40C00978700009387075E2380E7009387319F2F
:10A41C0083C70700BE86978700009387A75C03C796
:10A42C0007009387812BB6972380E7009387319F92
:10A43C0083C70700850713F7F70F9387319F238096
:10A44C00E7009387319F03C707009307A00F63F6BC
:10A45C00E7009387319F238007009387519F83C721
:10A46C000700850713F7F70F9387519F2380E700A9
:10A47C009387519F03C707009307A00F63FCE70066
:10A48C009387519F69572380E7009387C12A05471B
:10A49C002380E7009387519F03C707009387619F31
:10A4AC002380E700938781EFDC4383C7C700918B40
:10A4BC00B1F301000100324441018280011106CE4A
:10A4CC0022CC26CA0010A30704FE9387813B83D7B6
:10A4DC00070093F7F70F860793F7F70F950713F716
:10A4EC00F70F9387A13B2380E700230704FE232467
:10A4FC0004FE8D47A301F4FEA30004FE232404FEF6
:10A50C0035A8938781EFDC439447832784FE138718
:10A51C0017002324E4FE13F7F60F93864154B697E5
:10A52C002380E700938781EFDC4383C7C700918BBF
:10A53C00E9FB832784FE85072324F4FE9387A13B44
:10A54C0083C707003E87832784FEE3CDE7FC85475E
:10A55C002301F4FE232404FE5DA08347E4FE13874D
:10A56C004154BA9783C707002300F4FE8347E4FEE7
:10A57C0085072307F4FE032784FE894763DCE7067F
:10A58C009387A13B83C70700F917032784FE635306
:10A59C00F706034704FE834734FE8E07B317F70014
:10A5AC003E87832744FED98F2322F4FE834734FE53
:10A5BC001387F7FFA301E4FE95EF832644FE834740
:10A5CC00F4FE13871700A307E4FEBE843685EFD094
:10A5DC008FEEAA861387016193972400BA9794C3D0
:10A5EC00232204FE8D47A301F4FE834724FE850736
:10A5FC002301F4FE832784FE85072324F4FE93872E
:10A60C00A13B83C707003E87832784FEE3C7E7F49B
:10A61C009387D12A83C70700139707014183938738
:10A62C00015483C70700BE853A85EFD0BFFB177571
:10A63C000000130565C0EFB00FA8938781EFDC43D2
:10A64C003E85EFB06FD1B7050040B7070400138506
:10A65C008710EFB01FB99387013C238007000100DE
:10A66C00F2406244D24405618280411106C622C484
:10A67C0000086D45EFC02FBE9387410C17070000F3
:10A68C001307A705F8D7177500001305A5BDEFB084
:10A69C008FA2A14273A0023085629382028073A0C4
:10A6AC004230F3270030F3274030F327403417753E
:10A6BC000000130565BCEFB00FA0EFE0BFEF938770
:10A6CC0081EF9C4791453E85EFB02FB10100B24020
:10A6DC00224441018280411122C600086DA093875B
:10A6EC0081EF9C479C4713F7F70F938711542380F6
:10A6FC00E7009387A19F83C70700BE8693871154F9
:10A70C0003C707009387C11AB6972380E700938786
:10A71C00A19F83C70700850713F7F70F9387A19FA6
:10A72C002380E7009387A19F03C707009307A00F1F
:10A73C0063F6E7009387A19F238007009387C19F4F
:10A74C0083C70700850713F7F70F9387C19F2380F3
:10A75C00E7009387C19F03C707009307A00F63FC13
:10A76C00E7009387C19F69572380E7009387815344
:10A77C0005472380E7009387C19F03C70700938792
:10A78C00D19F2380E700938781EF9C4783C7C70045
:10A79C00918BB1F701000100324441018280397183
:10A7AC0006DE22DC8000177500001305E5ADEFB066
:10A7BC008F909387411A23A007000100938781EFA4
:10A7CC009C4783C7C700918BF5DB0DA8938781EF5E
:10A7DC009C4790479387319F83C7070013871700C7
:10A7EC009376F70F1387319F2300D700BE8613771C
:10A7FC00F60F9387812BB6972380E700938781EF21
:10A80C009C4783C7C700918BF1F397750000938524
:10A81C00E5A81385812BEF50802AAA87638607222F
:10A82C0017750000130505A8EFB0EF889387413C1E
:10A83C00094798C3232604FE232404FE3DA00327C6
:10A84C0084FE930717002324F4FE8327C4FE93860B
:10A85C0017002326D4FE9386812B369703470700D7
:10A86C00930604FFB6972384E7FE1387812B832777
:10A87C0084FEBA9703C707009307C002E311F7FCE5
:10A88C00832784FE85072324F4FE8327C4FE8507D3
:10A89C002326F4FE8327C4FE130704FFBA972384F0
:10A8AC0007FE232604FE3DA0032784FE9307170012
:10A8BC002324F4FE8327C4FE938617002326D4FE9C
:10A8CC009386812B369703470700930604FFB697B0
:10A8DC00238EE7FC1387812B832784FEBA9703C74B
:10A8EC0007009307A003E311F7FC832784FE850779
:10A8FC002324F4FE8327C4FE85072326F4FE832736
:10A90C00C4FE130704FFBA97238E07FC232604FE0C
:10A91C003DA0032784FE930717002324F4FE83270E
:10A92C00C4FE938617002326D4FE9386812B36977C
:10A93C0003470700930604FFB6972388E7FC1387A9
:10A94C00812B832784FEBA9783C70700F9F38327EB
:10A95C0084FE85072324F4FE8327C4FE8507232663
:10A96C00F4FE8327C4FE130704FFBA97238807FC61
:10A97C00232604FE930604FC1307C4FC930784FDF2
:10A98C003A86BE851775000013054593EFA0BFF2FC
:10A99C00834704FC130730036383E70C130730036E
:10A9AC006341F70C130710036387E70013072003B9
:10A9BC00638BE70A7DA0834724FC1307400363885D
:10A9CC00E70613074003634FF7061307300363854D
:10A9DC00E704130730036347F70613071003638775
:10A9EC00E70013072003638EE700A9A81775000082
:10A9FC001305458EEFA03FEC9387413B054798C369
:10AA0C0099A0177500001305E58DEFA0DFEA938779
:10AA1C00413B094798C305A8177500001305858DA0
:10AA2C00EFA07FE99387413B0D4798C329A8177581
:10AA3C0000001305258DEFA01FE89387413B1147BC
:10AA4C0098C311A001000DA09387413C054798C302
:10AA5C00177500001305058CEFA0FFE531A0010070
:10AA6C0021A0010011A00100177500001305458BF2
:10AA7C00EFA07FE49387319F83C70700850713F707
:10AA8C00F70F9387319F2380E7009387319F03C78C
:10AA9C0007009307A00F63F6E7009387319F23808D
:10AAAC0007009387519F83C70700850713F7F70F9C
:10AABC009387519F2380E7009387519F03C707001B
:10AACC009307A00F63FCE7009387519F695723807E
:10AADC00E7009387C12A05472380E7009387519F9E
:10AAEC0003C707009387619F2380E700232204FE9E
:10AAFC0025A01387812B832744FEBA9703C7070031
:10AB0C009386816C832744FEB6972380E7008327C6
:10AB1C0044FE85072322F4FE032744FE9307F00F1F
:10AB2C00E3D9E7FC9387319F238007009385812B22
:10AB3C001775000013050580EFA0FFD71306A00FB3
:10AB4C0081451385812BEF40F02C17650000130510
:10AB5C00E57FEFA05FD60100F25062542161828044
:10AB6C00011122CE00109387419F83C707003E87B7
:10AB7C009387812BBA9783C70700A307F4FE9387AB
:10AB8C00419F83C70700850713F7F70F9387419FF2
:10AB9C002380E7009387419F03C707009307A00F0B
:10ABAC0063F6E7009387419F238007009387519FAB
:10ABBC0083C7070081CF9387519F83C70700FD1779
:10ABCC0013F7F70F9387519F2380E7008347F4FE19
:10ABDC003E85724405618280797106D622D40018B4
:10ABEC00232EA4FC1385816CEF40D034AA87232438
:10ABFC00F4FE032784FE9307900F63CAE7008325B6
:10AC0C00C4FD1385816CEF40906B2326A4FE832733
:10AC1C00C4FE3E85B250225445618280411106C665
:10AC2C0022C400081765000013058541EFE05FA7FB
:10AC3C0013052003A12A9385816C17650000130569
:10AC4C006573EFA05FC71306A00F81451385816C58
:10AC5C00EF40501C0100B24022444101828001119E
:10AC6C0006CE22CC00102326A4FE2324B4FE13050A
:10AC7C002003292A01A80325C4FEB93FAA8799C33A
:10AC8C00854701A8832784FE1387F7FF2324E4FE5E
:10AC9C00FDF33E85F240624405618280411106C697
:10ACAC0022C400089387411A9C436398070C93872E
:10ACBC00413C984389476317F70817650000130553
:10ACCC00A56CEFA05FBF9387413B98438547631901
:10ACDC00F700176500001305656DEFA0DFBD51A8E7
:10ACEC009387413B984389476319F7001765000028
:10ACFC001305856CEFA03FBCADA89387413B9843EF
:10AD0C008D476319F700176500001305A56BEFA0BD
:10AD1C009FBA85A09387413B984391476319F700ED
:10AD2C00176500001305C56AEFA0FFB899A09387BB
:10AD3C00413B9C439DEF176500001305256AEFA06E
:10AD4C009FB705A89387413C984385476319F70043
:10AD5C001765000013058569EFA0FFB519A8938747
:10AD6C00413C9C4399E7176500001305256AEFA049
:10AD7C009FB49387413C23A007009387411A054752
:10AD8C0098C30100B240224441018280797122D6DD
:10AD9C000018232EA4FC8327C4FD2326F4FE29A827
:10ADAC009307C0122324F4FE0100832784FE13872B
:10ADBC00F7FF2324E4FEF5FB8327C4FE1387F7FF7C
:10ADCC002326E4FEF1FF010001003254456182802C
:10ADDC00011106CE22CC0010232604FEA1A00327CD
:10ADEC00C4FEBD4763CEE7000547854617660000E5
:10ADFC001306C6638325C4FE0545EFC0FFA531A825
:10AE0C008327C4FEC1170547854617660000130645
:10AE1C00E661BE850945EFC03FA48327C4FE8507C4
:10AE2C002326F4FE0327C4FEF947E3DAE7FA010010
:10AE3C000100F240624405618280397106DE22DC39
:10AE4C008000938741969C431307500598C3EFC02D
:10AE5C001FA5EFC05F9CAD3F0547930640061766E4
:10AE6C0000001306E65C81450545EFC0FF9E930587
:10AE7C000002B707040013858710EFC0CF9EAA8786
:10AE8C0063900714054793064006176600001306E7
:10AE9C00665B81450545EFC03F9C01479306400624
:10AEAC00176600001306465B81450945EFC0DF9A23
:10AEBC000D45EFA0BFF2054793064006176600004C
:10AECC001306C65A81450545EFC01F9901479306E5
:10AEDC004006176600001306A65A81450945EFC0C7
:10AEEC00BF9793050002B707040013858710EFC0C6
:10AEFC008F97AA879DE3176500001305A559EFA04E
:10AF0C009F9B01479306400617660000130646599F
:10AF1C0081450545EFC05F94E9B7C145B70704000B
:10AF2C0013858710EFC02F94AA879DE31765000047
:10AF3C0013054558EFA03F98014793064006176646
:10AF4C0000001306E65781450545EFC0FF9051BF41
:10AF5C0093050004B707040013858710EFC0AF906A
:10AF6C00AA879DE3176500001305C556EFA0BF9493
:10AF7C000147930640061766000013066656814586
:10AF8C000545EFC07F8DB1BF93050008B7070400DE
:10AF9C0013858710EFC02F8DAA87A1F717650000C6
:10AFAC0013054555EFA03F910147930640061766E0
:10AFBC0000001306E65481450545EFC0FF8915B71F
:10AFCC001765000013050555EFA0FF8E9387412BE5
:10AFDC00094798C39387C160094798C39387C13BBE
:10AFEC00094798C39387013C23800700EFA03F914A
:10AFFC00EFB05F92EFF02FA5EFF06FB8EFF0EFE648
:10B00C00938781EFD8438967938507583A85EFA0DA
:10B01C00BF98938781EF98478967938507583A853E
:10B02C00EFA09F97938781EFDC433E85EFA0DFB2C3
:10B03C00938781EF9C473E85EFA01FB2EFE07F9096
:10B04C00930580251305800CEFB0EF91EFE0FFA87E
:10B05C000545EFA0BFD81306A00F81451385816C61
:10B06C00EF40405B1306A00F81451385812BEF4009
:10B07C00605A1306A00F81451385C11AEF40805901
:10B08C001306A00F814513850143EF40A05813060A
:10B09C004006814513854113EF40C0571306400607
:10B0AC00814513854166EF40E05613064006814505
:10B0BC001385C13CEF4000569387C15323A0070072
:10B0CC00938781EF9C433E85EFA01FA9938781EF67
:10B0DC00DC433E85EFA05FA8938781EF9C473E85BC
:10B0EC00EFA09FA70545EFA07FCF0547930640062D
:10B0FC00176600001306864381450545EFC0CFF562
:10B10C00176500001305C543EFA0EFFA232404FED6
:10B11C0085472322F4FE85472320F4FEEFE03FB160
:10B12C009387412B984385476314F72617650000D6
:10B13C001305C541EFA02FF8938541131765000047
:10B14C00130505A0EFA02FF79765000093858540A8
:10B15C0013854113EF40B016AA87638E070E014783
:10B16C009306803E176600001306463F814509454D
:10B17C00EFC08FEE9387411383C7670013077007E7
:10B18C006380E708130770076349F70A1307200762
:10B19C00638FE700130720076341F70A13072005A5
:10B1AC006387E70013077005638CE70479A0938726
:10B1BC00411383C77700938707FD2322F4FC938701
:10B1CC00411383C78700138707FDBA878A07BA978D
:10B1DC0086073E879387411383C79700938707FDA4
:10B1EC00BA972320F4FC832744FC93F7F70F03272B
:10B1FC0004FC1377F70FBA853E85EFD09FD53DA899
:10B20C009387411383C77700938707FD2326F4FCAC
:10B21C009387411383C78700938707FD2324F4FC8E
:10B22C008327C4FC93F7F70F032784FC1377F70FDE
:10B23C00BA853E85EFD0DFA811A00100513E05472D
:10B24C0093064006176600001306462E81450545F9
:10B25C00EFC08FE01DA297650000938565311385C3
:10B26C004113EF40D005AA87638907100147930665
:10B27C00803E176600001306263081450945EFC055
:10B28C00AFDD9387411383C767001307700763868D
:10B29C00E708130770076345F70C13072007638F44
:10B2AC00E70013072007634DF70A13072005638790
:10B2BC00E700130770056382E7065DA017650000C1
:10B2CC001305C52CEFA02FDF9387411383C777009D
:10B2DC00938707FD232AF4FC9387411383C78700C8
:10B2EC00138707FDBA878A07BA9786073E87938725
:10B2FC00411383C79700938707FDBA972328F4FC63
:10B30C00832744FD93F7F70F032704FD1377F70FFB
:10B31C00BA853E85EFE0CF8EA9A017650000130516
:10B32C00E527EFA04FD99387411383C77700938705
:10B33C0007FD232EF4FC9387411383C78700938763
:10B34C0007FD232CF4FC8327C4FD93F7F70F032789
:10B35C0084FD1377F70FBA853E85EFD05FDA11A025
:10B36C000100BD340547930640061766000013061E
:10B37C00E61B81450545EFC02FCE130640068145DF
:10B38C0013854113EF4000299387412B094798C33C
:10B39C00EFE07FAA9387C16098438547631CF7064B
:10B3AC001765000013058520EFA0EFD09385816C05
:10B3BC00175500001305C578EFA0EFCF9765000077
:10B3CC009385451F1385816CEF40606FAA8785CBF1
:10B3DC0001478567938607FA176600001306061E59
:10B3EC0081450945EFC04FC70547930640061766D0
:10B3FC0000001306A61381450545EFC0EFC51306E3
:10B40C00A00F81451385816CEF40C0209387C160EC
:10B41C00094798C3EFE0BFC29387C13B9843854768
:10B42C006310F728176500001305851AEFA0AFC845
:10B43C00938501431755000013058570EFA0AFC726
:10B44C0097650000938505C113850143EF40206784
:10B45C00AA87639C072297650000938565C11385B5
:10B46C000143EF40C065AA876391072297650000EE
:10B47C009385851613850143EF406064AA87B1CB91
:10B48C00232604FE29A8138701438327C4FEBA97F9
:10B49C0083C70700138707FD9387016698C383272B
:10B4AC00C4FE138717002326E4FE13870143BA97C3
:10B4BC0003C707009307C002E317F7FC17650000EA
:10B4CC0013050512EFE0CFF013052003EFF01F8CEE
:10B4DC006DAA976500009385251113850143EF40F4
:10B4EC00005EAA8795CB1765000013056510EFA0C9
:10B4FC008FBC938501431765000013052510EFA041
:10B50C008FBB17650000130525CFEFE06FEC13051B
:10B51C002003EFF0BF8795AA9765000093858509F6
:10B52C0013850143EF40A059AA87A5CF17650000EA
:10B53C001305050DEFA02FB8938501431765000087
:10B54C001305C50BEFA02FB701478567938607FA44
:10B55C00176600001306860B81450945EFC0CFAF77
:10B56C0005479306400617660000130626FC814526
:10B57C000545EFC06FAE176500001305E5C7EFE09A
:10B58C002FE513052003EFF07F800147930640065B
:10B59C0017660000130646BD81450945EFC0CFABC9
:10B5AC00EDA0976500009385A50713850143EF4037
:10B5BC000051AA87639B070C9765000093850507CC
:10B5CC0013850143EF40A04FAA87A1C705479306F7
:10B5DC004006176600001306260681450545EFC098
:10B5EC00AFA7014785679386873817660000130657
:10B5FC00E60581450945EFC02FA605479306400691
:10B60C0017660000130686F281450545EFC0CFA4EE
:10B61C00ADA8976500009385A50413850143EF4001
:10B62C00004AAA87BDE3976500009385250413851E
:10B63C000143EF40C048AA87A9CB054793064006B3
:10B64C00176600001306460381450545EFC0CFA0E1
:10B65C000147856793868738176600001306060333
:10B66C0081450945EFC04F9F17650000130505BACA
:10B67C00EFE00FD605479306400617660000130649
:10B68C00E6EA81450545EFC02F9D1306A00F8145C5
:10B69C0013850143EF3010789387C13B094798C35A
:10B6AC00C145B707040013858710EFB0DF9BAA874D
:10B6BC0091EBEFE00FA99305803E1305800CEFA0F2
:10B6CC009FAAA9BC93050002B70704001385871035
:10B6DC00EFB07F99AA8799E7EFE02FC00545EFA05F
:10B6EC00EFEF2DBC93050004B707040013858710FA
:10B6FC00EFB07F97AA87E39307A2176500001305A5
:10B70C0025FAEFA04F9BEFF0AFEC054793064006F0
:10B71C0017660000130686E181450545EFC0CF93FF
:10B72C000545EFA0AFEBDDBA011122CC26CA4AC801
:10B73C004EC652C456C206CEAA892E89B28436840D
:10B74C008D2203A701A0FD57AA8A2E8A630BF7044A
:10B75C0026862685A286A285EF20F06739E14E86E3
:10B76C004E85CA86CA85EF20106749E54E85CA8585
:10B77C0001468146EF20202621E12685A28501463F
:10B78C008146EF20402535CD2685A285EF00F05669
:10B79C0009C92685A28501468146EF20C034634C39
:10B7AC00050AF2406244D2444249B2495685D285D8
:10B7BC00924A224A056182805685D285EF00F05369
:10B7CC0021C95685D28501468146EF20C02071F9EA
:10B7DC004E85CA85EF00705269D52685A285EF008B
:10B7EC00D05161D1EF30B062930720021CC1814A65
:10B7FC00014A45BF2685A28501468146EF20A01D42
:10B80C004DF1B7D7008083AA879603AAC79651BF7C
:10B81C004E85CA85EF00704E4DD52685A285EF006A
:10B82C00D04D45D156865685D286D285EF20B05A5A
:10B83C0039E9EF30D05D9306200214C101468146F0
:10B84C004E85CA85EF20202A6341050283AA018117
:10B85C0003AA4181B9B7EF30905B83AA818003AA18
:10B86C00C180930710021CC12DBF2685A285EF0055
:10B87C00704A2686A286EF20001669D983AA818099
:10B88C0003AAC18039BFEF309058930710020146CC
:10B89C0081461CC1B6853285EF10903FAA8A2E8A4C
:10B8AC0009B7B7070080597193C7F7FFDEC6B3FB22
:10B8BC00F60086D6A2D4A6D2CAD0CECED2CCD6CAC8
:10B8CC00DAC8E2C4E6C2EAC06EDE33E7CB0055C785
:10B8DC00B3F9B700B707F07F2A8B2E8A2E8CAA8C6F
:10B8EC0063DB3703B70710C0CE97B3E76701814A14
:10B8FC00B705F03FD1EBB650265496540659F6498D
:10B90C00664A464BB64B264C964C064DF25D568518
:10B91C00D64A656182803684B2846384F906E3C3B7
:10B92C0077FDB707F07F6381FB1C014963420C086C
:10B93C00D5ECB707F07F6387FB14B707F03F63853F
:10B94C00FB16B7070040E303F414B707E03F631F8F
:10B95C00F408634D0C082654B65096540659F64913
:10B96C00D64AB64B264C964C064DF25D5A85D2857E
:10B97C00464B664A65616F00B01B814AB705F03FC4
:10B98C009DBF19E1E3DF79F92654B6509654065958
:10B99C00F649664AD64A464BB64B264C964C064D53
:10B9AC00F25D37D500801305859265616F00F03527
:10B9BC00B707404363DDFB12B707F03F63C7FB02D9
:10B9CC0093D74B41938717C05147E35AF70C130792
:10B9DC004003B307F74033D7F400B317F70063966F
:10B9EC009700058B09493309E940A1D85A85D285BE
:10B9FC00EF005030AA8A63880C049357FA01FD17A4
:10BA0C003367F9006307070E3707E0416358770F78
:10BA1C003707F04363547779B707F03F63D6F90AD9
:10BA2C006351040803A6818383A6C1833285B6853E
:10BA3C00EF20C015AA8AC1B55A85D285EF00902B8C
:10BA4C00AA8A63980C0A6389090093172A008983D0
:10BA5C003707F03FE393E7FA634B0406E35D0CE82A
:10BA6C00B70710C0CE97B3E72701E39407085686B3
:10BA7C00AE865685EF2000562A86AE86EF105021F2
:10BA8C00AA8A95BDB70710C0CE97B3E76701E386C6
:10BA9C0007EEB707F03F63C3F96EA285814AE35CFA
:10BAAC0004E4814A814581BDDA8AD285E35504E4F8
:10BABC00B7D7008003A5879683A5C7965A86D286EA
:10BACC00EF10101DAA8A05BDE34E80F4D9BF37D7FD
:10BADC000080AE87032587968325C7965686BE863B
:10BAEC00EF10101BAA8A9DBFE38104E4E5BB094952
:10BAFC0081B55A865A85D286D285ADBF3707F07F7D
:10BB0C00337A47010145631F0A0003A6018783A608
:10BB1C00418756853EC0EF2060078247AA8AAE89CE
:10BB2C001305B0FCB705100013D649411387F5FF78
:10BB3C00B7A60300B3F9E900130616C0370AF03FA5
:10BB4C009386E6883307A60033EA490163D036654D
:10BB5C00B7B60B009386966763D5367BB7DC00804F
:10BB6C0003A88C9683A8CC960507330ABA40014BE0
:10BB7C00814B5A83DE83014C4286C6865685D2851C
:10BB8C001AD41ED63AD23ED042C046C2EF208044D0
:10BB9C00024892482E8E4286C686AA8DD28556853C
:10BBAC00F28942C846CAEF10A02F2A86AE8603A59A
:10BBBC008C9683A5CC96014DEF10900D2A86AE86FF
:10BBCC002ACC2EC66E85CE854EC0EF10307C935697
:10BBDC001A4037060020D18E370E0800F296338EAD
:10BBEC0086012A8FF28601466A85AE897A8C72C4E8
:10BBFC00EF10D079AE8682452A866E85EF20803D87
:10BC0C00224E4248D2482E8F4286F285C686AA8D95
:10BC1C0001457AC0EF20003C2A86AE865685D28537
:10BC2C00EF20403B6A86CE86EF105076024F2A8674
:10BC3C00AE866E85FA85EF20E039E24EB242814D38
:10BC4C0076869686EF109074AA882E886286CE86A9
:10BC5C006285CE8546C042C4EF10507303A681871F
:10BC6C0083A6C187AA8A2E8AEF10507203A6018878
:10BC7C0083A64188EF10C0225686D286EF10107131
:10BC8C0003A6818883A6C188EF1080215686D286B0
:10BC9C00EF10D06F03A6018983A64189EF104020D5
:10BCAC005686D286EF10906E03A6818983A6C18931
:10BCBC00EF10001F5686D286EF10506D03A6018A36
:10BCCC0083A6418AEF10C01DAA882E885686D2867C
:10BCDC005685D285C68A428AEF10506B2A86AE866C
:10BCEC005685D285EF10906AAA8A2E8A6A86CE86ED
:10BCFC006285CE85EF10C01A0246A246EF1010697D
:10BD0C005686D286EF10C0192E88AA8A6A86CE86ED
:10BD1C006A85CE85428AEF10706703A6818A83A656
:10BD2C00C18A2ACE2EC8EF10A0175686D28652C6CC
:10BD3C00EF1000172E8A6E86AE866A85CE85EF10C0
:10BD4C00F06403A6818A83A6C18A2E882A8DD285A7
:10BD5C006E8542CCEF200028F248424E4686F28691
:10BD6C00EF204027AE86B2452A865685EF208026E6
:10BD7C006286CE86EF1090612A88AE890245A24574
:10BD8C006E86D286428AEF1070602A86AE86528505
:10BD9C00CE85EF10E010E24D2A8AAE892A86AE8657
:10BDAC006A85EE85EF10C00F03A6018B83A6418B2D
:10BDBC000145AE8AEF10905D2E882A8C6A86EE863D
:10BDCC00D6850145428DEF20E0202A86AE8652852D
:10BDDC00CE85EF20202003A6818B83A6C18BEF108C
:10BDEC00F05A03A6018C83A6418C2A8AAE890145A0
:10BDFC00D685EF10B0592A86AE865285CE85EF10C7
:10BE0C00200A2253B2531A869E86EF1060091257ED
:10BE1C00AA8DAE8A3A85EF20A07F2A8AAE89D68673
:10BE2C006E86EA85628556C0EF108007DE865A86DC
:10BE3C00EF1000075286CE86EF108006014842852F
:10BE4C005286CE86428AAE8AEF20C018DE865A868B
:10BE5C00EF204018EA866286EF20C017AE86824536
:10BE6C002A866E85EF20001782572A8DAE8B7D199E
:10BE7C00B367F900639F072E03A9018383A941834C
:10BE8C00014C6286A2862685A285EF20A0145286DC
:10BE9C00D686EF10B04FAE872A8B2686A286DE851B
:10BEAC006A85BE84EF10904E2A86AE865A85A6858A
:10BEBC00EF00107FAA876286A2862E8B5285D685CC
:10BECC00BE8AEF10B04C2A86AE86AA842E8A56857E
:10BEDC00DA85EF00F07CB70790402E84AA8B2E8C6D
:10BEEC0063CEF522B387F540C98F6393073E03A653
:10BEFC00818C83A6C18C5685DA85EF00707A2A87EF
:10BF0C00AE8726865E85D286A285BA8B3E84EF20CC
:10BF1C00600C2A86AE865E85A285EF10703263496E
:10BF2C00A03A93574C4193F7F77F3705100093874E
:10BF3C0027C0B357F540E29713D747411377F77FE4
:10BF4C009306F5FF130717C0B3D5E64093C5F5FF6D
:10BF5C00FD8DD14BF58FC98F3387EB400146AE86F3
:10BF6C00B3DBE74063540C00B30B70412685D285DC
:10BF7C00EF2040062A86AE86AA842E8A5685DA855C
:10BF8C00EF001072139D4B012E8403A6818D83A6A6
:10BF9C00C18D814DA2856E85EF10503FAE872A8CE6
:10BFAC002686D286A2856E85BE84EF20A0022A86C4
:10BFBC00AE865685DA85EF20E00103A6018E83A6B6
:10BFCC00418EEF10B03C03A6818E83A6C18EAE8746
:10BFDC002A8AA2856E853E84EF10503B2A86AE8657
:10BFEC005285A285EF00D06B2A8B2E842A86AE86D2
:10BFFC006285A685EF00D06A6286A686AA8A2E8AFA
:10C00C00EF10507D2A86AE865A85A285EF10907C63
:10C01C002A8C2E8B5686D2865685D285EF101037F9
:10C02C0003A6018F83A6418FAA842E84EF101036AD
:10C03C0003A6818F83A6C18FEF10D0792686A286A6
:10C04C00EF10D03403A6019083A64190EF00506509
:10C05C002686A286EF10903303A6819083A6C1900A
:10C06C00EF1050772686A286EF10503203A601916E
:10C07C0083A64191EF00D0622686A286EF10103184
:10C08C002A86AE865685D285EF10D074AA842E846B
:10C09C002A86AE865685D285EF10502F03A6819145
:10C0AC0083A6C1912A87AE872685A285BA843E8451
:10C0BC00EF1050722A86AE862685A285EF10403D81
:10C0CC00AA842E846286DA865685D285EF10102CCF
:10C0DC006286DA86EF00D05C2A86AE862685A2853B
:10C0EC00EF10506F5686D286EF10D06EAE862A8631
:10C0FC0083A5CC9603A58C96EF10D06DB307BD002D
:10C10C0093D647412A876350D0223A85BE854A860A
:10C11C00CE86EF10B027AA8A6FF0EFFD939715002B
:10C12C00B7D6904085839386F6BF63DBF618B73796
:10C13C006F3F93870740AE97C98F99EB2686D286BF
:10C14C00EF1050695686DA86EF10900FE34B05DC42
:10C15C0003A6018D83A6418D4A85CE85EF10102351
:10C16C0003A6018D83A6418DEF105022AA8A6FF091
:10C17C008FF803A98C9683A9CC9619B3E353049238
:10C18C00B7050080814AA18D6FF0EFF6B7DC008017
:10C19C0003A88C9683A8CC966FF07F9D3707F03F51
:10C1AC009306E7FFE3DE3687E3403793B7DC008086
:10C1BC0003A68C9683A6CC9656853EC0EF10906154
:10C1CC0003A6018483A641842A8AAE89EF10101C31
:10C1DC0003A6818483A6C184AA8BAE8A5285CE85A0
:10C1EC00EF10D01A03A6018583A641852E8B2A8CCD
:10C1FC00CE855285EF1090192A86AE8603A58185CF
:10C20C0083A5C185EF10105D5286CE86EF101018F5
:10C21C002A86AE8603A5018683A54186EF10905B26
:10C22C002A882E875286CE865285CE85428ABA8936
:10C23C00EF10D0152A86AE865285CE85EF101015DC
:10C24C0003A6818683A6C186EF1050142A86AE867B
:10C25C006285DA85EF1010582A86AE862A8BAE8955
:10C26C005E85D685EF00D04301485E86D686428532
:10C27C00428AAE8AEF1010562A86AE865A85CE8533
:10C28C00EF10505582472A8DAE8BD5B65A865A85FB
:10C29C00D286D285EF10900FAA8A6FF0CFE5639DFE
:10C2AC0004F8B307F74033D7FB40B317F7002689E0
:10C2BC00639577E9058B09493309E9406FF0EFE79E
:10C2CC003707E03F014D814BE351F7CCD187B1B932
:10C2DC0003A6818383A6C1834A85CE85EF10100BFC
:10C2EC0003A6818383A6C183EF10500AAA8A6FF03C
:10C2FC008FE085476311F9E0B7070080BD8D6FF0C3
:10C30C008FDF03AB818183ABC18103A3018283A344
:10C31C00418203A8818283A8C182370C0400B7DC58
:10C32C0000806FF07F855E86AD2E2A87AE87F1BBCD
:10C33C0041113707F07F22C426C206C63376B700F8
:10C34C00AE842A846305E616AA866357B00E13D60C
:10C35C004541AE8763020610370710009305F7FFBF
:10C36C00ED8FD98F930416C01397170013F6140092
:10C37C0093D7F601BA971397160011C67D838607DB
:10C38C00BA97139726008584D945014E8146370606
:10C39C0020003385C6001358F701FD1563C6A700AE
:10C3AC00898FB306C500329E8607C29706070582A1
:10C3BC00EDF10143130500023706008019A86388CC
:10C3CC00D70C1358F70186077D15C297060705820F
:10C3DC0015C93308B600E3D4F6FEB305C800B68819
:10C3EC006341080A958FB3360701958F33070741D0
:10C3FC001358F70186077D153293C686C297060738
:10C40C00058261F9D98FC9EF1355130093571E405C
:10C41C003707E03F137E1E00BA9763050E003707FF
:10C42C000080598DD2042A84BE94B24022852244C5
:10C43C00A685924441018280939715008583C98F0C
:10C44C00EDD70146D1E513D7B6002D16BA87D6061F
:10C45C007DDB93554701D1E9814586071397B700DA
:10C46C002E858505E35B07FE930800023688B388AA
:10C47C00B8403E87B396B600B3571801098ED98FD2
:10C48C00E1BD93C8F5FF93D8F801B698A1BFE36A54
:10C49C0007F3B305C800E34608FEBE888147B9B769
:10C4AC00FD576302F30413051300058185B72A8633
:10C4BC00AE86EF10A06D2286A686EF00701E2A8431
:10C4CC00B24022852244AE84A685924441018280EA
:10C4DC002A86AE86EF1010302A86AE86EF00507B8F
:10C4EC002A84AE8499B7050E15B7368893080002D6
:10C4FC007D5559B786058581828013951500058178
:10C50C00B70510802E957D81828003A5019283A5AD
:10C51C004192828093D64541797193F6F67F22D46D
:10C52C0006D626D24AD04ECE138816C04D46AE87BC
:10C53C002A87AE8E13D4F501634D06096346080EA7
:10C54C00370610007D1633560641F18DC98D2A83AE
:10C55C003E8EBDC513551600337FF500336FEF00CB
:10C56C0063050F021386E6BEB70E040013361600E1
:10C57C001345F5FF370F00803306C040E98F33D8E1
:10C58C000E41337FCF00B3EE070137C600809318FE
:10C59C00340013068672B29803A4080083A44800E2
:10C5AC007A86F6862285A685EF00900F2AC42EC6C1
:10C5BC002245B2452286A686EF10D0212A832E8EE4
:10C5CC00B250225492540259F2491A85F2854561AF
:10C5DC0082809308300363DF0801930600402A83AE
:10C5EC002E8EE31FD8FC2A86F686EF00700B2A836A
:10C5FC002E8EF9B79386D6BE7D563356D600B375BC
:10C60C00A6002A833E8ECDDD0582B377A6002A8F45
:10C61C00ADDF370F00401346F6FF3377A600B35655
:10C62C00DF40336FD70095B7370E00809344FEFF81
:10C63C00B3F6B400C98E2A832E8ED9D29397C50037
:10C64C00B18333E7A700B307E040D98F37C7008029
:10C65C009316340013078772369703290700832932
:10C66C004700B1838175370E0800B3F5D50133FE51
:10C67C00C701336EBE00F2862A86CE854A85EF004E
:10C68C0030022AC42EC62245B2454A86CE86EF1009
:10C69C00701433FEB4009318F401336E1E012A8318
:10C6AC0005B7411193D6454122C406C63284139670
:10C6BC00560125EA939715008583C98FDDC783A69C
:10C6CC00C19203A68192EF10604CD176938606CB73
:10C6DC002E876349D40E93D7454193F7F77F938701
:10C6EC00A7FCA2979306E07F63CDF604634FF00A94
:10C6FC009306B0FC63D6D708B1679387073563C23E
:10C70C00870403A8018D83A8418D63C9050C03A67A
:10C71C00018D83A6418D4285C685EF102047AA87DF
:10C72C0081A093F7F67F9306F07F2E87E39BD7FAD1
:10C73C002A86AE86B527B2402244AA873E8541019F
:10C74C00828003A8818383A8C18363C6050203A6E4
:10C75C00818383A6C1834285C685EF102043AA87B7
:10C76C00B24022443E8541018280B2402244AA87D5
:10C77C003E854101828003A8019383A84193C1BFE8
:10C78C00B7051080FD15938767036D8FD207D98F7E
:10C79C0003A6019483A64194BE85EF10203FB240BE
:10C7AC002244AA873E8541018280B2402244B705CB
:10C7BC001080FD156D8F93954701AA87D98D3E8505
:10C7CC004101828003A6018D83A6418DEF10003CB0
:10C7DC00B2402244AA873E854101828003A88193FE
:10C7EC0083A8C1932DB7AA88AE8732883685468335
:10C7FC0063990620B7D600809386868263F0C50CB9
:10C80C0041676376E60A1307F00F3337C7000E074C
:10C81C003355E600AA9683C6060013050002369728
:10C82C00B306E540630CE500B397D70033D7E800B7
:10C83C003318D600B365F7003393D800935808012A
:10C84C00B3D7150313160801418213570301B3F62E
:10C85C0015033E85B305F602C206558F637CB700FF
:10C86C0042971385F7FF636707016375B70013855C
:10C87C00E7FF42970D8FB37717034203135303015E
:10C88C0033571703C20733E36700B306E6023A8651
:10C89C00637BD30042931306F7FF63660301637453
:10C8AC00D3001306E7FF4205518D81455DA837057E
:10C8BC0000014147E36EA6F4614799BF01E60547C5
:10C8CC003358C7024167637FE8081307F00F63739F
:10C8DC00070121453357A800BA9603C70600130673
:10C8EC0000022A97B306E6406315E608B3870741B2
:10C8FC00854593580801131608014182135703010B
:10C90C00B3F61703B3D71703C206558F330EF602CF
:10C91C003E85637CC70142971385F7FF6367070168
:10C92C006375C7011385E7FF42973307C741B37798
:10C93C00170342031353030133571703C20733E39F
:10C94C006700B306E6023A86637BD3004293130674
:10C95C00F7FF636603016374D3001306E7FF420518
:10C96C00518D8280370700014145E365E8F661454A
:10C97C0095B73318D800B3D5E7003393D800B397E5
:10C98C00D70033D7E800935808013366F70033F724
:10C99C00150393170801C18313550601B3D515036D
:10C9AC004207498FB386B7022E85637CD700429726
:10C9BC001385F5FF636707016375D7001385E5FFE2
:10C9CC004297B306D74033F7160342064182B3D6DB
:10C9DC0016034207B388D702B367C700368763FCD8
:10C9EC001701C2971387F6FF63E7070163F5170179
:10C9FC001387E6FFC29793150501B3871741D98DAD
:10CA0C00CDBD63E2D514416763FFE6021307F00F57
:10CA1C00B335D7008E0537D7008033D5B600130752
:10CA2C0087822A9703470700130500022E97B30548
:10CA3C00E5406311E5020545E3E5F6F233B5C800C0
:10CA4C001345150039BF37070001C145E3E5E6FC86
:10CA5C00E145D1B73353E600B396B6003363D30048
:10CA6C0013550301B31EB60033D6E700B376A60206
:10CA7C00B397B70033D7E8003368F7009317030177
:10CA8C00C183135708013356A602C206558F338F44
:10CA9C00C702328E637CE7011A97130EF6FF6367A9
:10CAAC0067006375E701130EE6FF1A973307E7413A
:10CABC00B376A7023357A702C2063386E702931751
:10CACC000801C183D58FBA8663FCC7009A97930679
:10CADC00F7FF63E7670063F5C7009306E7FF9A97D4
:10CAEC0013150E01416E558D9306FEFF3378D5005C
:10CAFC00918FB3F6DE001356050193DE0E0133035E
:10CB0C00D802B306D602135703013308D80336985C
:10CB1C0042973306D6036373D70072969356070178
:10CB2C00369663E0C702E392C7D8C167FD177D8FC5
:10CB3C0042073373F300B398B8001A978145E3F2B8
:10CB4C00E8E27D159DB38145014521BDB28836874C
:10CB5C00AA872E886398061CB7D600809386868297
:10CB6C0063F8C50A4163637E66081303F00F6373B1
:10CB7C00C30021473353E6009A9603CE06003A9E33
:10CB8C00130700023303C741630CC701B39565005B
:10CB9C00335EC501B31866003368BE00B317650079
:10CBAC0013D608013377C80213950801418193D637
:10CBBC0007013358C8024207D98E3308050363F8BE
:10CBCC000601C69663E5160163F30601C696B386A5
:10CBDC00064133F7C602C207C183B3D6C602B306F9
:10CBEC00D50213150701C98F63F8D700C69763E503
:10CBFC00170163F3D700C697958F33D5670081452E
:10CC0C008280370300014147E36666F661479DB7B2
:10CC1C0001E60546B3581603416663F3C8081306CC
:10CC2C00F00F63731601214733D6E800B29603CE9A
:10CC3C0006003A9E130700023303C7416319C70766
:10CC4C00B385154113D7080113950801418113D6FB
:10CC5C000701B3F6E502B3D5E502C206D18EB305E2
:10CC6C00B50263F8B600C69663E5160163F3B60029
:10CC7C00C696B385B640B3F6E502C207C183B3D5F9
:10CC8C00E502B305B50213950601C98F63F8B70029
:10CC9C00C69763E5170163F3B700C6978D8FB1BFD5
:10CCAC00370600014147E3E1C8F86147B5BFB398C7
:10CCBC00680033D7C501B3176500335EC50113D5C2
:10CCCC000801B376A702B3956500336EBE00939549
:10CCDC000801C18113560E013357A702C206D18E2B
:10CCEC003387E50263F8E600C69663E5160163F345
:10CCFC00E600C6963386E640B376A602420E135E75
:10CD0C000E013356A602C2063386C502B3E5C60130
:10CD1C0063F8C500C69563E5150163F3C500C695B8
:10CD2C00918D0DB7E3EED5EC416763F5E604130E78
:10CD3C00F00F3337DE000E07B7D8008033D3E60090
:10CD4C00938888829A9803CE08003A9E13070002B3
:10CD5C003303C7416317C70363E4B6006369C500B7
:10CD6C00B307C540958D3335F5003388A5403E8516
:10CD7C00C28579B5B70800014147E3EF16FB61475F
:10CD8C0065BF3357C601B3966600336FD700B3D770
:10CD9C00C50113570F01B3F8E702B395650033587B
:10CDAC00C5013368B80093150F01C1819356080172
:10CDBC003316660033156500B3D7E702C208B3E635
:10CDCC00D800B38EF502BE8863FCD601FA96938820
:10CDDC00F7FF63E7E60163F5D6019388E7FFFA9660
:10CDEC00B386D641B3FEE602420813580801B3D607
:10CDFC00E602C20EB3EE0E01B385D502B68763FC14
:10CE0C00BE00FA9E9387F6FF63E7EE0163F5BE0062
:10CE1C009387E6FFFA9EB385BE40C208C16EB3E8A5
:10CE2C00F8009387FEFF33F8F8009356060193D869
:10CE3C000801F18F3307F802B387F8023308D802E0
:10CE4C00B388D8023E9893560701C29663F3F60056
:10CE5C00F698C167FD1713D80601FD8EC2067D8FAB
:10CE6C00C298369763E61501639C1501637AE50059
:10CE7C003306C7403337C7007A97B388E840328708
:10CE8C003307E5403335E500B3851541898DB397FC
:10CE9C00C5013357670033E5E700B3D565008DB3A3
:10CEAC00370810007D180111B377B80013D745016E
:10CEBC003378D80093D8460122CC8E071374F77FB1
:10CECC001357D50126CAD98F93D4F5011357D60120
:10CEDC0093F8F87F93D5F6010E0806CE4AC84EC6D5
:10CEEC000E05336707010E06B30614416395B42291
:10CEFC006351D00E63980802B365C700638B05209D
:10CF0C009385F6FF89E92A963335A600BA97AA9736
:10CF1C0032850544B1A81308F07F639D0601130404
:10CF2C00F07F71AA9305F07F630BB418B7058000EE
:10CF3C004D8FB6859306800363C9B608FD4663C062
:10CF4C00B606130800023308B840B3160701B358ED
:10CF5C00B60033160601B3E616013336C000558E03
:10CF6C003357B7002A963E97B337A600BA97328547
:10CF7C00139787006355071405041307F07F6305A7
:10CF8C00E448B70680FFFD16FD8E93551500058904
:10CF9C009397F6014D8D5D8D93D716000DA2938658
:10CFAC0005FE93080002B356D700014863881501AB
:10CFBC0013080004B305B8403318B7003366C80033
:10CFCC003336C000558E014771BF598E3336C000C1
:10CFDC00DDBFD5CAB38588400DE4B3E6A700638CEA
:10CFEC0006409386F5FF99E63295BA973336C5001D
:10CFFC00B29705B71308F07F639D0501BA87328598
:10D00C0039BF9306F07FE38BD8FEB7068000D58F2F
:10D01C00AE869305800363C4D506FD4563CBD5026C
:10D02C00130800023308D8403353D500B3950701D9
:10D03C0033150501B3E565003335A0004D8DB3D62E
:10D04C00D7003295B387E6003336C500B2974684D5
:10D05C0005B7938506FE13030002B3D5B70001484C
:10D06C006388660013080004B306D8403398D700D1
:10D07C003365A8003335A0004D8D8146D9B75D8D41
:10D08C003335A000DDBF9306140093F5E67FBDE1B8
:10D09C00B3E6A70029E463840636B366C70085C2ED
:10D0AC002A96BA973335A600AA971397870032852C
:10D0BC0063570700370780FF7D17F98F05441377F7
:10D0CC007500630507341377F50091466300D73478
:10D0DC009306450033B5A600AA97368505AE99DEB2
:10D0EC00598EE30E06E28144B70740000145130454
:10D0FC00F07F29AE9305F07F6386B6302A963E9773
:10D10C00B337A6003E971315F7010582518D93573F
:10D11C00170036846DB76356D00C63910808B3655D
:10D12C00C700E5D99385F6FF91E93306C540333541
:10D13C00C500998F898F32850544B1A01308F07F03
:10D14C00E38F06DD9306800363C9B608FD4663C012
:10D15C00B606130800023308B840B3160701B358DB
:10D16C00B60033160601B3E616013336C000558EF1
:10D17C003357B7003306C5403387E740B337C50094
:10D18C00B307F740328513978700E35A07F2370944
:10D19C0080007D1933F92701AA8975A29305F07FC8
:10D1AC00E30FB4F0B70580004D8FB68561BF938651
:10D1BC0005FE93080002B356D70001486388150199
:10D1CC0013080004B305B8403318B7003366C80021
:10D1DC003336C000558E014771BF598E3336C000AF
:10D1EC00DDBFF9C23388884015E8B3E6A700638F2A
:10D1FC0006269306F8FF91EA3305A640B307F740DD
:10D20C003336A600918FAE8405BF1303F07F631FE6
:10D21C006800BA8732851304F07F7DA09306F07FF7
:10D22C00E389D8FEB7068000D58FC2861308800329
:10D23C006348D8067D48634ED802130300023303BB
:10D24C00D340335ED50033986700331565003368DF
:10D25C00C8013335A0003365A800B3D6D700330519
:10D26C00A640B307D7403336A600918F4684AE84D0
:10D27C0019BF138806FE130E000233D807010143B1
:10D28C006388C60113030004B306D3403393D7005D
:10D29C003365A3003335A0003365A8008146C1B7C0
:10D2AC005D8D3335A000DDBF9306140093F6E67F49
:10D2BC00B5E633E8A700B366C70031E4631808008D
:10D2CC00638A061ABA873285AE84D5BBE38906DE3B
:10D2DC003308C540B3380501B386E740B386164121
:10D2EC009398860063DA08003305A640B307F7402D
:10D2FC003336A600918FC9BF3365D800630005187B
:10D30C00B68742856DBB63180800638B0616BA8717
:10D31C003285AE8429B1E38406C0F1B3B309C540AC
:10D32C00B33635013389E7403309D9409316890068
:10D33C0063D80606B309A640B307F7403336360167
:10D34C003389C740AE84630309064A85EF20602801
:10D35C00130785FFFD4763C1E70693060002998E0C
:10D36C00B317E900B3D6D900DD8E3395E900634ECF
:10D37C008706018F930717007D466345F604130754
:10D38C0000021D8FB355F5003396E6003315E5000A
:10D39C004D8E3335A000518DB3D7F600014405B343
:10D3AC0033E529014DF181470144F9A04E85EF2069
:10D3BC0040221305050269BF130585FDB396A9002C
:10D3CC00014575B705179305000233D7E6000146F2
:10D3DC006387B700130600041D8E3396C600518D6B
:10D3EC003335A000598D814755BFB70780FFFD1716
:10D3FC00198CF58FE9B1BA8732852E84C9B1BA87F9
:10D40C00328575B91304F07F814701451397870066
:10D41C00635B070005041307F07F6308E406370716
:10D42C0080FF7D17F98F1397D7010D81598D130745
:10D43C00F07F8D836319E4005D8D814709C5B707C3
:10D44C0008000145814413174401B706F07FB20769
:10D45C00F2406244758FB183FE04D98F33E7970095
:10D46C004249D244B249BA8505618280BA87328575
:10D47C00428499BD81470145814449BF8147EDBF35
:10D48C0001458144B70740009DB18147014561BF0B
:10D49C00797193D7450126D24AD052CC5AC862C46E
:10D4AC009394C50006D622D44ECE56CA5EC61397A8
:10D4BC0057012A89328B368CB18013DAF50151C7AA
:10D4CC0093FAF77F9307F07F638BFA0C9359D5018E
:10D4DC008E04B3E49900B7098000B3E93401131446
:10D4EC003500938A1AC0814B93574C011315CC000D
:10D4FC00139757019354C50093F5F77F135CFC0108
:10D50C0071C39307F07F638AF5101395340093571A
:10D51C00DB015D8DB7048000C98C931F3B00138524
:10D52C0015C0014693972B00D18FFD173947B34691
:10D53C008A01B385AA406364F71037C700808A0755
:10D54C0013078773BA979C438287B3E9A40063825D
:10D55C0009069DC82685EF20C007930755FF714724
:10D56C006349F702F549130485FFB389F940B39475
:10D57C008400B3593901B3E9990033148900930538
:10D58C00D0C0B38AA54085B7EF20A00413050502CF
:10D59C00E9B7930485FDB31999000144CDB7B3E9FC
:10D5AC00A400638C09002A84A689930AF07F8D4B12
:10D5BC0025BF0144814A854B05BF0144930AF07F86
:10D5CC00894B1DB7B3EF640163820F069DC8268596
:10D5DC00EF202000AA85938755FF71476349F70216
:10D5EC00F546938F85FF9D8E3395F401B356DB0082
:10D5FC00B3E4A600B31FFB011307D0C03305B7403B
:10D60C000DB75A85EF10F07C93050502E9B7138529
:10D61C0085FDB314AB00814FC5B7B3EF6401638BC9
:10D62C000F00DA8F1305F07F0D46EDBD81440145E7
:10D63C000546CDBD81441305F07F0946E5B563E68B
:10D64C0034016396992A6364F42B1396F9011357EA
:10D65C0014009317F40193D919003364E600139561
:10D66C00840093D88F01B3E8A800418133D8A90274
:10D67C00939E080193DE0E011357040113938F0040
:10D68C00B3F4A902C28F33860E0393990401336756
:10D69C003701637CC7004697930FF8FF6367170148
:10D6AC006375C700930FE8FF4697118F335EA7028F
:10D6BC00420441803377A70272863388CE03420737
:10D6CC00418F637C070146971306FEFF63671701C2
:10D6DC00637507011306EEFF469733040741C20F2B
:10D6EC004168B3EFCF00130EF8FF13D60F0133F7D9
:10D6FC00CF01135F0301337EC301B303EE02B30406
:10D70C00C6033307EF02B302E6033306970013D7C1
:10D71C000301329763739700C29213560701169652
:10D72C00C162FD12337857004208B3F353001E98C0
:10D73C006367C400FE84631EC40263FC07039A97EC
:10D74C0033B7670046973A949384FFFF63E68800EB
:10D75C006391880263EF67006366C400631B8600F5
:10D76C0063F907019A9733B7670046979384EFFFE5
:10D77C003A9433880741118CB3B707011D8CFD5FB8
:10D78C006387880EB35FA402135708013374A40295
:10D79C007E86B387FE034204598C637CF400469466
:10D7AC001386FFFF636714016375F4001386EFFFA4
:10D7BC0046941D8C3357A402420813580801337445
:10D7CC00A402BA87B38EEE02420433648800637CF1
:10D7DC00D40146949307F7FF636714016375D40172
:10D7EC009307E7FF469442065D8E93170601C183AB
:10D7FC00135706013308EF023304D441330FFF02F1
:10D80C00B38EC703330EC70393D70E01729FFA97DB
:10D81C0063F4C70141673A9813D7070142974168EF
:10D82C007D1833F507014205B3FE0E01769563664C
:10D83C00E4006310E41AB28F1DC94694930FF6FFEF
:10D84C00636114036366E4006314E418637DA3004E
:10D85C009317130033B367009A98930FE6FF46941F
:10D86C003E836314E4006304650093EF1F00938709
:10D87C00F53F635BF00A13F77F0001CF13F7FF004E
:10D88C0011466308C70013864F00B33FF601FE94A0
:10D89C00B28F1397740063580700B70700FFFD178A
:10D8AC00FD8C938705401307E07F6342F70693DFF7
:10D8BC003F001397D4013367F70113D53400D20717
:10D8CC003706F07F3205B2502254F18F31815D8DD5
:10D8DC00FE06B367D50092540259F249624AD24A05
:10D8EC00424BB24B224C3A85BE8545618280FD1578
:10D8FC008147B5B3D286CE84A28F5E868D47630BEB
:10D90C00F60A8547630FF60A8947E312F6F60145D6
:10D91C0001479307F07F65B7E286CDB7B7040800DF
:10D92C00814F81460D46D9BF05451D8D13078003D8
:10D93C006349A7087D476349A7049385E541B397DD
:10D94C00B40033D7AF00B395BF00D98FB335B00057
:10D95C00CD8F33D5A40013F7770001CF13F7F70061
:10D96C0011466308C70013874700B337F7003E958D
:10D97C00BA8713178500634907041317D5018D83E4
:10D98C005D8F0D81814725BF0557B307F7401306FF
:10D99C000002B3D7F40001476306C5009385E54345
:10D9AC003397B400B36FF701B33FF001B3E7F7015E
:10D9BC00014555B73705080001479307F07F8146AD
:10D9CC00FDBD014501477DBF014501478547C5BDEB
:10D9DC007E86B28F59BD13D74501B7071000FD17CE
:10D9EC0013D846012A83AA8E1377F77F1305F07F8D
:10D9FC00B3F8B700328FF58FFD811378F87FFD8275
:10DA0C00631AA70033EE6800054563140E00630526
:10DA1C00E80082806315A8005D8E05457DFA0545FA
:10DA2C00E31907FFE397F8FEE395EEFF6388D50053
:10DA3C006DF333E568003335A000828001458280A8
:10DA4C00370710007D1713D84501B378B700AA87A4
:10DA5C002A831378F87F13D5F501930EF07F93D5B5
:10DA6C004601758F328E93F5F57FFD826318D801D0
:10DA7C00B3EEF80063840E06795582806396D50167
:10DA8C00B36EC700E39A0EFE631C0804B3E7F800FC
:10DA9C0093B7170099E1598E0DCE81EB6314D50025
:10DAAC0063D905010DC57D5582807D5591C636859E
:10DABC0082806354B80065D98280E36517FF639C4C
:10DACC00E800E3616EFEE368C3FF01458280054513
:10DADC008280E5FFC1BFE3E0E8FEC5BFE38205FB42
:10DAEC00D5FD81474DBF370710007D1713D8450171
:10DAFC00B378B700AA872A831378F87F13D5F5017A
:10DB0C00930EF07F93D54601758F328E93F5F57F8A
:10DB1C00FD826318D801B3EEF80063840E06094544
:10DB2C0082806396D501B36EC700E39A0EFE631C28
:10DB3C000804B3E7F80093B7170099E1598E0DCE9E
:10DB4C0081EB6314D50063D905010DC57D55828029
:10DB5C007D5591C6368582806354B80065D9828024
:10DB6C00E36517FF639CE800E3616EFEE368C3FFA7
:10DB7C000145828005458280E5FFC1BFE3E0E8FEF8
:10DB8C00C5BFE38205FBD5FD81474DBF797193D7A6
:10DB9C00450122D426D24ECE52CC56CA9394C500FF
:10DBAC0006D64AD05AC85EC6139757012A84B28942
:10DBBC00B68AB18013DAF50159C313FBF77F9307CB
:10DBCC00F07F6306FB0C9357D5018E04DD8CB707F1
:10DBDC008000DD8C13193500130B1BC0814B93D7C0
:10DBEC004A011394CA0013975701318013F5F77F3C
:10DBFC0093DAFA015DCF9307F07F6304F51093D7A6
:10DC0C00D9010E045D8CB70780005D8C130515C01F
:10DC1C0093973900014793962B00D98E5A95FD1690
:10DC2C00394833465A0193051500636DD80E37C534
:10DC3C0000808A0613054577AA969442828633E9BA
:10DC4C00A400630F09048DC82685EF1090181307E4
:10DC5C0055FFF14763C7E702F547130985FF998F15
:10DC6C00B3942401B357F400DD8C33192401130B46
:10DC7C00D0C0330BAB409DB7EF10B01513050502A8
:10DC8C00F9B7930485FDB31494000149CDB733E97A
:10DC9C00A400630B09002A89130BF07F8D4B81B70D
:10DCAC008144014B854B25BF8144130BF07F894B7D
:10DCBC003DB7B3673401B1CF0DC82285EF10701199
:10DCCC00930655FFF14763C8D7027547930785FF45
:10DCDC00158F3314F40033D7E900598CB397F9003E
:10DCEC001307D0C03305A74035B74E85EF10700E23
:10DCFC0013050502F1B7130485FD339489008147A0
:10DD0C00C5B7B367340191CBCE871305F07F0D47B0
:10DD1C0019B7014401450547FDBD01441305F07FCA
:10DD2C000947D5BD416F1307FFFF9356090113D364
:10DD3C0007013379E900F98FB30823033308F9029B
:10DD4C00B38FF602B38EF80193580801F698338E10
:10DD5C00660263F3F8017A9E93D20801B3F8E800E7
:10DD6C003378E800135F0401C208798CC2983387BA
:10DD7C0086023308890233092F03B30EE9001359C5
:10DD8C0008017699B386E6036374E9004167BA9695
:10DD9C00935E0901B69EC166938FF6FF3379F90144
:10DDAC003378F80113D704014209B3F4F401B383B7
:10DDBC0097024299CA9233089302B307F702B30F42
:10DDCC00E3023303F80013D803011A986373F800C5
:10DDDC00B69F93570801C166BE9F9387F6FF3378B1
:10DDEC00F800B3F7F300B303940242083E983304EF
:10DDFC008702B3049F023303EF02A29413D70301EB
:10DE0C00BA9463F384003693C167FD17B3F6F4003C
:10DE1C00C206B3F7F300169EBE9633392E01F69662
:10DE2C0033872601429E33380E01330FF701B302BC
:10DE3C000F01B3B6D60133372701558F33B8020122
:10DE4C00C180B33FFF01269733E80F0193179E0063
:10DE5C0042971A97B3E717012607B337F000135E02
:10DE6C007E0113D47201B3E7C701A60293167700A3
:10DE7C00598CB3E7570063DA060A13D71700858B62
:10DE8C00D98F1317F401D98F05809386F53F635012
:10DE9C00D00A13F7770001CF13F7F7001145630889
:10DEAC00A70013874700B337F7003E94BA871317C0
:10DEBC00740063580700370700FF7D17798C938631
:10DECC0005401307E07F634ED70E13D73700931727
:10DEDC00D401D98F0D80139746013204B706F07F19
:10DEEC00758F3180598C7E06B2503367C400225432
:10DEFC0092540259F249624AD24A424BB24B3E8585
:10DF0C00BA854561828052862684CA875E87894697
:10DF1C006309D70A8D46630FD7088546E317D7F6F2
:10DF2C00014481479DA05686DDB7AA85B9BF05453A
:10DF3C00158D13078003E345A7FE7D476349A704AE
:10DF4C009385E5413317B400B3D6A700B397B70058
:10DF5C00558FB337F000D98F3354A40013F77700E3
:10DF6C0001CF13F7F70091466308D70013874700DA
:10DF7C00B337F7003E94BA8713178400634807043D
:10DF8C001317D4018D83D98F0D808146A9B70557FE
:10DF9C00158F130800023357E40081466306050110
:10DFAC009385E543B316B400D58FB337F000D98F02
:10DFBC0001446DB73704080081479306F07F014692
:10DFCC0019BF014481479306F07F31B70144814763
:10DFDC00854611B7370810007D180111B377B800CA
:10DFEC0013D745013378D80093D8460122CC8E073D
:10DFFC001374F77F1357D50126CAD98F93D4F50123
:10E00C001357D60193D5F6010E0806CE4AC84EC654
:10E01C0093F8F87F9306F07F0E05336707010E0621
:10E02C006395D800B366C70099E293C51500330811
:10E03C00144163939522635C000F63950804B366E7
:10E04C00C7008DC21308F4FF631A08002A963335F3
:10E05C00A600BA97AA973285054495A89306F07F37
:10E06C006319D402137775006305074E1377F50017
:10E07C0091466300D74E9306450033B5A600AA9788
:10E08C003685C1A99306F07FE30ED4FCB706800059
:10E09C00558F9306800363C80609FD4663C00607C7
:10E0AC0093050002B3850541B316B700B3580601BA
:10E0BC003316B600B3E616013336C000558E33570F
:10E0CC0007012A963E97B337A600BA973285139765
:10E0DC008700E35907F805041307F07F6309E4464A
:10E0EC00B70680FFFD16FD8E935515000589939795
:10E0FC00F6014D8D5D8D93D71600ADB7930608FED6
:10E10C0093080002B356D7008145630818019305A4
:10E11C00000433880541B31507014D8E3336C0001A
:10E12C00558E014779BF598E3336C000DDBF630B66
:10E13C00080AB38588400DE4B3E6A7006380064067
:10E14C009386F5FF99E63295BA973336C500B297A8
:10E15C0021B71308F07F639D0501BA873285EDACBA
:10E16C009306F07FE38BD8FEB7068000D58FAE8682
:10E17C009305800363C4D506FD4563CBD502130814
:10E18C0000023308D8403353D500B395070133153B
:10E19C000501B3E565003335A0004D8DB3D6D7002E
:10E1AC003295B387E6003336C500B297468405B77F
:10E1BC00938506FE13030002B3D5B70001486388AC
:10E1CC00660013080004B306D8403398D7003365B3
:10E1DC00A8003335A0004D8D8146D9B75D8D333500
:10E1EC00A000DDBF9306140093F5E67FA9E5B3E626
:10E1FC00A7001DE463880634B366C700E38406E613
:10E20C002A96BA973335A600AA97139787003285BA
:10E21C00E35A07E4370780FF7D17F98F054499B55A
:10E22C008DDE598E630A06228144B70740000145F2
:10E23C001304F07F39AE9305F07F6388B6302A96CD
:10E24C003E97B337A6003E971315F7010582518D03
:10E25C0093571700368439B56356000D639308083D
:10E26C00B366C700E38006E01308F4FF631B0800E5
:10E27C003306C5403335C500998F898F32850544E7
:10E28C00B1A09306F07FE30FD4DC9306800363C741
:10E29C000609FD4663CF060593050002B3850541CB
:10E2AC00B316B700B35806013316B600B3E6160121
:10E2BC003336C000558E335707013306C5403387BC
:10E2CC00E740B337C500B307F74032851397870093
:10E2DC00E35A07D8370980007D1933F92701AA8939
:10E2EC0075A29306F07FE30FD4D6B7068000558F46
:10E2FC0069BF930608FE93080002B356D700814508
:10E30C00630818019305000433880541B315070110
:10E31C004D8E3336C000558E014745B7598E333676
:10E32C00C000DDBF6304080C3388884015E8B3E6F1
:10E33C00A700638006289306F8FF91EA3305A640F0
:10E34C00B307F7403336A600918FAE840DBF13038D
:10E35C00F07F631F6800BA8732851304F07F7DA0BD
:10E36C009306F07FE389D8FEB7068000D58FC2866E
:10E37C00130880036348D8067D48634ED802130304
:10E38C0000023303D340335ED50033986700331556
:10E39C0065003368C8013335A0003365A800B3D6D7
:10E3AC00D7003305A640B307D7403336A600918F6C
:10E3BC004684AE8421BF138806FE130E000233D8A8
:10E3CC00070101436388C60113030004B306D3405D
:10E3DC003393D7003365A3003335A0003365A80011
:10E3EC008146C1B75D8D3335A000DDBF93061400A7
:10E3FC0093F6E67FBDE633E8A700B366C70031E4C9
:10E40C0063180800638B061ABA873285AE8499B9F3
:10E41C00E38A06C43308C540B3380501B386E74028
:10E42C00B38616419398860063DA08003305A6403C
:10E43C00B307F7403336A600918FC9BF3365D800B8
:10E44C0063010518B687428531B9631A0800638CDD
:10E45C000616BA873285AE841304F07F21B1EDDE47
:10E46C00E1B3B309C540B33635013389E74033090D
:10E47C00D9409316890063D80606B309A640B307A2
:10E48C00F740333636013389C740AE84630309063F
:10E49C004A85EF100014130785FFFD4763C1E7069B
:10E4AC0093060002998EB317E900B3D6D900DD8E1E
:10E4BC003395E900634E8706018F930717007D465D
:10E4CC006345F604130700021D8FB355F500339610
:10E4DC00E6003315E5004D8E3335A000518DB3D7D2
:10E4EC00F600014441B633E529014DF18147014461
:10E4FC00F9A04E85EF10E00D1305050269BF130559
:10E50C0085FDB396A900014575B705179305000263
:10E51C0033D7E60001466387B700130600041D8E4F
:10E52C003396C600518D3335A000598D814755BFA8
:10E53C00B70780FFFD17198CF58F2DB6BA8732857A
:10E54C002E840DB6BA87328531BE1304F07F814715
:10E55C00014513978700635B070005041307F07FE1
:10E56C006308E406370780FF7D17F98F1397D701EF
:10E57C000D81598D1307F07F8D836319E4005D8D38
:10E58C00814709C5B70708000145814413174401A9
:10E59C00B706F07FB207F2406244758FB183FE0478
:10E5AC00D98F33E797004249D244B249BA85056105
:10E5BC008280BA873285428491BD8147014581446E
:10E5CC0049BF8147EDBF01458144B70740008DB17C
:10E5DC008147014561BF370710009307F7FF33F7F9
:10E5EC00B700D18193C5F5FFF58F13985501D182F2
:10E5FC0093F6F67F63150800498F054509EB130761
:10E60C00F07F01456395E600D18F3335F0008280B1
:10E61C00411106C622C426C229CD9357F54133C4F5
:10E62C00A7001D8C9354F5012285EF00907A1307F7
:10E63C00E041A947098F63C8A702AD47898F5505EB
:10E64C00B357F4003314A4002685B2075207B183E4
:10E65C007E05D98FB24033E7A7002285224492442D
:10E66C00BA85410182805515B317A4002685014453
:10E67C00E9BF01478147E5BF4111135775013706C3
:10E68C0080007D164AC01379F70F13D77501B37745
:10E69C00A60026C26D8E1377F70F06C622C49354BC
:10E6AC00F501FD818E070E06B306E9406394B412A2
:10E6BC00635AD00621E3630C0626FD168DE6B2974D
:10E6CC004A879396570063DB060C05079306F00FF9
:10E6DC006305D726B706007E13F61700FD16858353
:10E6EC00F58FD18F65A81307F00F631CE900130792
:10E6FC00F00F6DA01307F00FE30BE9FE37070004D2
:10E70C00598EED45054763CDD5009305000233576F
:10E71C00D600B386D5403316D6003336C000518FA1
:10E72C00BA9779BFA9CAB3052741631D090089CBE4
:10E73C00FD1599E1B29771B79306F00F631BD700E3
:10E74C00B287A9A89306F00FE30CD7FEB706000416
:10E75C00D58F6D458546634DB500930600028D8EB1
:10E76C0033D5B700B397D700B337F000B366F500D5
:10E77C00B387C600B9B79305190013F7E50F39E352
:10E78C0063190902D5DF19CAB2979396570063D75C
:10E79C000600370700FC7D17F98F054793F67700C5
:10E7AC00638E061893F6F70011466389C618910715
:10E7BC0071A26380071805DE8144B70700021307B6
:10E7CC00F00FADAA1307F00F6387E516B297858398
:10E7DC002E87E9B76354D00621EB4A8761D2FD1628
:10E7EC0081EE918F93965700E3DA06FA3704000412
:10E7FC007D147D8C3A89C5A89305F00F1307F00F93
:10E80C00E30EB9F8ED45054763CDD500930500023D
:10E81C003357D600B386D5403316D6003336C000F6
:10E82C00518F998F4A877DBF9305F00F1307F00F17
:10E83C00E306B9F637070004598EE9B7A1CE3305C4
:10E84C0027416310090299CB7D1509E5B307F64002
:10E85C00AE8449BF9306F00F631CD700B287AE8419
:10E86C0035BF9306F00FE30BD7FEB7060004D58F28
:10E87C006D488546634DA80093060002898E33D8F7
:10E88C00A700B397D700B337F000B366F800B3070F
:10E89C00D6407DBF130719001377E70F05EF6314FC
:10E8AC00090289E745FE8147814449A8E30806EE41
:10E8BC00B386C74013955600B307F640E34105FAFB
:10E8CC00FDD2B687E1BDE39807EEE30706EEB2870B
:10E8DC00AE8431BD3384C74013175400635E070206
:10E8EC003304F640AE842285EF00B04E1307B5FF1B
:10E8FC003314E400634627033307274105079306C7
:10E90C000002B357E4003387E6403314E400333499
:10E91C008000C18F014759B579F48147014769B728
:10E92C00B70700FCFD173307E940E18F85BD4A8727
:10E93C00B5B5B2876DBB1307F00F8147939657009F
:10E94C0063DB060005079306F00F630FD702B706CB
:10E95C0000FCFD16F58F9306F00F8D836316D70020
:10E96C0081C7B70740008144B24022443705807FFD
:10E97C005E07A607698FA5831395F401D98F92447E
:10E98C0002495D8D410182808147F1B7011126CA90
:10E99C00935475014AC84EC652C49319950006CEBD
:10E9AC0022CC56C293F4F40F2E8A93D999001359A2
:10E9BC00F501A5C49307F00F638EF4068E09B70713
:10E9CC000004B3E9F900938414F8814A93577A014F
:10E9DC0013149A0093F7F70F2580135AFA01ADC759
:10E9EC001307F00F638EE7060E0437070004598CEB
:10E9FC00938717F8814613962A00558E9D8C7D16A9
:10EA0C00B9473345490163E6C706B7C7008093870A
:10EA1C00077B0A063E961C428287638409024E8558
:10EA2C00EF00303B9307B5FF9304A0F8B399F900BE
:10EA3C00898C61BF9304F00F894AE38909F88D4AE8
:10EA4C0071B78144854A59B715C02285EF007038DB
:10EA5C009307B5FF3314F4009307A0F8898F59BFBF
:10EA6C009307F00F894641D88D4671B7814785468B
:10EA7C0059B79315540063FB890CFD14814613D4CC
:10EA8C000501B3D88902C167FD17ED8FC18233F739
:10EA9C0089024686338817034207558F637C07012A
:10EAAC002E971386F8FF6367B7006375070113860B
:10EABC00E8FF2E97330707413358870233778702D5
:10EACC00B386070393170701428763FCD700AE9701
:10EADC001307F8FF63E7B70063F5D7001307E8FFE8
:10EAEC00AE9713140601958F598CB337F0005D8CDB
:10EAFC001387F4076358E0089377740099C79377EA
:10EB0C00F40091466383D70011049317440063D833
:10EB1C000700B70700F8FD177D8C138704089307CF
:10EB2C00E00F0D8063C5E7045E07B707807F2604FE
:10EB3C007D8F2580598C7E05F240418D6244D244F4
:10EB4C004249B249224A924A056182809396F90160
:10EB5C0093D919002DB74A854E84D6868D4763828A
:10EB6C00F60685476385F6068947E393F6F8014474
:10EB7C001307F00F55BF5285D5B737044000014538
:10EB8C008D46E9BF8547998F6D476342F70493849F
:10EB9C00E409B357F40033149400333480005D8CD3
:10EBAC009377740099C79377F40011476383E70058
:10EBBC001104931754000D8063DC070001440547D2
:10EBCC00A5B7370440001307F00F0145B1BF01444E
:10EBDC00014799BF370780007D179356750133782D
:10EBEC00A70013D675019357F50193F6F60F13058D
:10EBFC00F00F6D8F1376F60FFD816395A60005451A
:10EC0C00631408021305F00F6314A600054509EF01
:10EC1C000545639BC6006319E8006386B70089E667
:10EC2C003335000182800145828093567501B70708
:10EC3C008000FD1713D7750193F6F60F1308F00F2C
:10EC4C0033F6A7001377F70FED8F7D81FD81639568
:10EC5C00060139C27955828063130701E5FF9DEEE9
:10EC6C0011E38DCB01CA6314B5006359D7000DC1F4
:10EC7C007D5582807D5591C52E85828063D4E600BA
:10EC8C0065D98280E3E5C7FEE36CF6FE0145828020
:10EC9C000545828065DEE1BFE302D7FC69F7E1DB65
:10ECAC00D9B793567501B7078000FD1713D77501B7
:10ECBC0093F6F60F1308F00F33F6A7001377F70F40
:10ECCC00ED8F7D81FD816395060139C209458280F6
:10ECDC0063130701E5FF9DEE11E38DCB01CA6314AD
:10ECEC00B5006359D7000DC17D5582807D5591C506
:10ECFC002E85828063D4E60065D98280E3E5C7FE69
:10ED0C00E36CF6FE014582800545828065DEE1BF3D
:10ED1C00E302D7FC69F7E1DBD9B701114AC81359F3
:10ED2C00750126CA4EC652C49314950006CE22CC49
:10ED3C0056C21379F90F2E8AA5809359F5016306F3
:10ED4C0009069307F00F630FF9068E04B70700044A
:10ED5C00DD8C130919F8814A93577A0113149A0020
:10ED6C0093F7F70F2580135AFA01B5C71307F00F65
:10ED7C00638FE7060E0437070004598C938717F846
:10ED8C00014793962A00D98ECA97FD16B94533C50B
:10ED9C0049011386170063E5D506B7C70080938732
:10EDAC00C77E8A06BE969C4282879DC02685EF0050
:10EDBC0050029307B5FF1309A0F8B394F40033097C
:10EDCC00A94051BF1309F00F894AD9D48D4A69B7AC
:10EDDC000149854A51B715C02285EF00807F930702
:10EDEC00B5FF3314F4009307A0F8898F51BF930734
:10EDFC00F00F094759D40D4769B78147054751B7FB
:10EE0C0041679308F7FF93D6040193550401B3F4BB
:10EE1C001401337414013308940233848602B386CC
:10EE2C00B602B385950293540801A295AE9463F390
:10EE3C008400BA9633F714014207337818014297CD
:10EE4C0013146700C180333480006983B694418FFA
:10EE5C009A0433E4E400139744006357070693576E
:10EE6C00140005885D8C1307F6076351E006937751
:10EE7C00740099C79377F40091466383D70011040B
:10EE8C009317440063D80700B70700F8FD177D8C73
:10EE9C00130706089307E00F0D8063DDE7060144B6
:10EEAC001307F00F85A84E85268456878947E308FB
:10EEBC00F7FE8D47630BF7048547E316F7FA014419
:10EECC00014789A85285DDB73E8671BF8547998F6A
:10EEDC006D47E346F7FE1306E609B357F400331407
:10EEEC00C400333480005D8C9377740099C793779A
:10EEFC00F40011476383E7001104931754000D804D
:10EF0C00E3D007FC0144054731A037044000130748
:10EF1C00F00F01455E07B707807F26047D8F2580A3
:10EF2C00598C7E05F240418D6244D2444249B2492B
:10EF3C00224A924A05618280B70680004111FD1673
:10EF4C001356750193D87501B3F7A60026C2ED8E42
:10EF5C004AC01376F60F9354F50193F8F80F06C6D2
:10EF6C0022C41305F00F32898E074687FD818E0669
:10EF7C006393A80099E293C5150033081641639278
:10EF8C009512635D000763920804638E06267D1854
:10EF9C0063160802B69732879396570063DD060C0A
:10EFAC0005079306F00F6306D726B706007E13F607
:10EFBC001700FD168583F58FD18F75A81307F00FF9
:10EFCC00631CE6001307F00F7DA01307F00FE30B93
:10EFDC00E6FE37070004D98EED45054763CE0501E3
:10EFEC0013070002B3D5060133080741B396060197
:10EFFC00B336D00033E7D500BA9771BF630A080463
:10F00C00B385C84009EE63820720FD1599E1B697D8
:10F01C0061B71306F00F639BC800B68765B713067C
:10F02C00F00FE38CC8FE37060004D18F6D45054602
:10F03C00634DB500130600020D8E33D5B700B397A0
:10F04C00C700B337F0003366F500B307D600A9B795
:10F05C009305160013F7E50F0DEF0DEA6387071AFA
:10F06C0099CAB6979396570063D70600370700FCEA
:10F07C007D17F98F054793F67700638D061893F685
:10F08C00F70011466388C618910769A2D9D79DDA93
:10F09C0009AA1307F00F638CE516B69785832E87A4
:10F0AC00D9BF63570007639B08043287E9D67D18E4
:10F0BC00631D0800958F93965700E3DE06FA37041C
:10F0CC0000047D147D8C3A89E5A89305F00F130795
:10F0DC00F00FE302B6FAED45054763CE05011307C1
:10F0EC000002B3D5060133080741B3960601B336C7
:10F0FC00D00033E7D500998F328775BF9305F00F99
:10F10C001307F00FE309B6F637070004D98EE1B701
:10F11C00630C08043385C84019EEB9CF7D1509E599
:10F12C00B387F640AE8441BF1306F00F639CC80052
:10F13C00B687AE8441BD1306F00FE38BC8FE3706CD
:10F14C000004D18F6D480546634DA80013060002DC
:10F15C00098E33D8A700B397C700B337F0003366D6
:10F16C00F800B387C6407DBF130716001377E70F6F
:10F17C001DEF0DE681E785C2B68719A8E38D06EE73
:10F18C003386D7401315560063560500B387F640F7
:10F19C00AE84D5B571E681478144ADA8E39907EEFD
:10F1AC00C1FA8144B70700021307F00FA5A03384FE
:10F1BC00D74013175400635D07023384F640AE84C6
:10F1CC00228501291307B5FF3314E4006346270396
:10F1DC0033072741050793060002B357E400338732
:10F1EC00E6403314E40033348000C18F014761B52D
:10F1FC0061F8814701474DB7B70700FCFD1733078E
:10F20C00E940E18F8DBD3287BDB5B687ADB513072B
:10F21C00F00F81479396570063DB060005079306B2
:10F22C00F00F6301D704B70600FCFD16F58F9306AB
:10F23C00F00F8D836316D70081C7B7074000814458
:10F24C00B24022443705807F5E07A607698FA583ED
:10F25C001395F401D98F924402495D8D410182804E
:10F26C00B28711BD8147E1B737068000135775018E
:10F27C009307F6FF1377F70F9305E007E98F935683
:10F28C00F50163F1E5049305D00963F8E500370552
:10F29C0000801345F5FF3695828033E5C700930750
:10F2AC00500963DAE7001307A7F63315E50081CEA2
:10F2BC003305A0408280930760093387E7403355BC
:10F2CC00E500F5B701458280411106C622C426C26D
:10F2DC0055C59357F54133C4A7001D8C9354F501C4
:10F2EC002285C52C9307E0092A873385A74093070D
:10F2FC00600963C4A702A14763D5E7006117331403
:10F30C00E40026045E052580498C1395F401B24077
:10F31C00418D22449244410182809307900963DD20
:10F32C00A7009547998F9306B701B357F400331490
:10F33C00D400333480005D8C954763D6E700930787
:10F34C00B7FF3314F400B70700FCFD179376740075
:10F35C00E18F91C63D8891466303D4009107939643
:10F36C00570063DA0600B70600FCFD161304F0091B
:10F37C00F58F3305E44013D4370061B78144014461
:10F38C0049B7411122C406C62A84814719CD91245C
:10F39C009307E009898F130760096341F70221473E
:10F3AC006355A70061153314A4002604258013951A
:10F3BC007701B240418D22444101828013079009AC
:10F3CC00635DF7001307B50195463317E400898E8A
:10F3DC003337E0003354D400598C15476356A700DB
:10F3EC001307B5FF3314E400370700FC7D17937641
:10F3FC007400618F91C63D8891466303D400110758
:10F40C009316570063D90600B70700FCFD177D8FD4
:10F41C009307F009898F1354370041BF9357750137
:10F42C00411193F7F70F22C426C21314950093547D
:10F43C00F5011385170006C61375E50F25800DC55C
:10F44C0013850738935734007604B2075205B183FD
:10F45C00C98F1395F401B24033E7A70022852244EB
:10F46C009244BA854101828095EB65D02285952224
:10F47C00A94763CFA700AD47898F13075501B35731
:10F48C00F4003314E400130790383305A74075BF1C
:10F49C00930755FFB317F4000144F5B7814719C41E
:10F4AC0093573400370708007604D98F1305F07F83
:10F4BC0069BF1396C50013D845019357D50113782E
:10F4CC00F87F25825D8E9307180093F7E77FFD8107
:10F4DC0013173500D1C3930608C89307E00F63CB0D
:10F4EC00D7086342D006A55763CAF60CB70780004D
:10F4FC0079455D8E158DFD4763C3A702130828C897
:10F50C00B3170701B337F000331606013355A700C4
:10F51C00D18FC98F814613F7770025C355A0F957B2
:10F52C00B386D74093070002B356D60081486306D2
:10F53C00F500130828CAB3180601B3E7E800B3377F
:10F54C00F000D58FC1BF1A053335A0000E069357B6
:10F55C00D701498ED18FC1B7B367E6006315080098
:10F56C00B337F00045BF9306F00F81CB0E06B707FB
:10F57C000002CDB781479306F00F13975700635BDA
:10F58C00070085061307F00F6383E604370700FCBA
:10F59C007D17F98F1307F00F8D836396E60081C7F3
:10F5AC00B707400081453705807FDE06A607E98E48
:10F5BC00A583D58F1395F5015D8D82808547814696
:10F5CC0013F7F7001146E30AC7FA91077DB7814795
:10F5DC00D1B7C1676376F5029307F00FB3B7A700F5
:10F5EC008E0737D70080930600029D8E3355F500A9
:10F5FC00930787823E95034505003385A64082809C
:10F60C0037070001C147E36EE5FCE147D9BF03A50D
:10F61C00819C82803D432A876373C3029377F700F2
:10F62C00BDEFADE5937606FF3D8ABA960CC34CC38D
:10F63C000CC74CC74107E36BD7FE11E28280B306BF
:10F64C00C3408A069702000096966780A60023079F
:10F65C00B700A306B7002306B700A305B700230520
:10F66C00B700A304B7002304B700A303B700230318
:10F67C00B700A302B7002302B700A301B700230110
:10F68C00B700A300B7002300B700828093F5F50FF5
:10F69C0093968500D58D93960501D58D61B793967C
:10F6AC0027009702000096968682E78086FA96805D
:10F6BC00C1171D8F3E96E374C3F8A5B7B367B500A9
:10F6CC008D8BB1EF9841B7867F7F9386F6F7B37732
:10F6DC00D700B697D98FD58F7D56639BC7042A86E2
:10F6EC007D5818C2D84191051106B377D700B6974B
:10F6FC00D98FD58FE38707FF83C7050003C7150094
:10F70C0083C625002300F60099C7A300E60001C7B5
:10F71C002301D60091E28280A30106008280AA8791
:10F72C0003C7050085078505A38FE7FE75FB82805F
:10F73C002A86D9B7937735002A8795EFB7867F7FCE
:10F74C009386F6F7FD5510431107B377D600B6979D
:10F75C00D18FD58FE389B7FE8346C7FF0346D7FF0A
:10F76C008347E7FF098F8DC60DC23335F0003A95FC
:10F77C0079158280E1D68347070005079376370019
:10F78C00F5FB098F1305F7FF82801305D7FF8280E5
:10F79C001305C7FF8280130101BB2324814423225C
:10F7AC009144232E314323248143232611442320C7
:10F7BC002145232C4143232A5143232861432326EB
:10F7CC007143232291432320A143232EB14185472A
:10F7DC00B6892A842E8CB28463F0D72E0146854DCF
:10F7EC008546FD5C09A8B38D97413E868546B307D7
:10F7FC00D60063F73703338794013697B385F4004B
:10F80C0083C5050003470700E3EFE5FC6386E514B9
:10F81C00B28C85460506B307D600854DE3ED37FD62
:10F82C008145054805467D55054709A83308A7407D
:10F83C00BA8505463387C50063773703B387C400A1
:10F84C00B386E400AA9783C6060083C70700E3EFDC
:10F85C00D7FC6387F6102E85054685053387C500D2
:10F86C000548E36D37FD0505850C63649501C28D74
:10F87C00AA8C1C081307014123A037019107E31D33
:10F88C00F7FE1389F9FFB385990026873386240187
:10F89C00638F09008347070013050141B306E64057
:10F8AC008A07AA97050723A0D7C0E395E5FE6686CD
:10F8BC00B385B40126856D2663150512856B054A43
:10F8CC009387FCFF938B0B80014B014D330A9A41BC
:10F8DC003EC6B38AB941B3EB7901B305A401B38732
:10F8EC00250183C70700130701418A07BA9783A72D
:10F8FC0007C0BDCB63050B0063F3B701D6873E9DF4
:10F90C00014BB3073C41E3FAA7FD33058401DE85C7
:10F91C0049292A9CB3073C41E3F1A7FD014583200B
:10F92C00C144032481448324414403290144832991
:10F93C00C143032A8143832A4143032B0143832B75
:10F94C00C142032C8142832C4142032D0142832D61
:10F95C00C141130101458280638BDD14850641BDD5
:10F96C00630406150506F9B5668763F36C015A87BF
:10F97C0063702703B307A7013388E400A29783467B
:10F98C00080083C707006393F6040507E36427FFA9
:10F99C003247668863669B011DA0630D67032A8747
:10F9AC00B307A701B386E400A29783C6060083C7FA
:10F9BC000700130817001305F7FFE380F6FE130684
:10F9CC001B00636EC8006E9D568B25BF529D3A9DE1
:10F9DC00014B05BF5A8813061B00E376C8FE2E8523
:10F9EC003DBFB38A994163EF9A0B056B054A130B24
:10F9FC000B80850A814B330A9A417D5D33EB69019B
:10FA0C0033067401B307260183C7070013070141AE
:10FA1C008A07BA9783A707C085CFBE9BB3073C4123
:10FA2C00E3F077FF33058401DA85A52E2A9CB30712
:10FA3C003C41E3E577EF33067401B307260183C736
:10FA4C000700130701418A07BA9783A707C0F1F78C
:10FA5C00668763E62C0115A0050763702703B307BF
:10FA6C0077013388E400A2978346080083C7070018
:10FA7C00E384F6FED29BBA9B55B79387FCFF639544
:10FA8C00A7010DA86388A70333877701B386F40019
:10FA9C00229783C6060003470700FD17E384E6FEA2
:10FAAC00D69BADBFE68A91B7B295054661B36E960B
:10FABC00854635BB3285A5B5854D814C5DBB1D7129
:10FACC00A2CCA6CA86CECAC8CEC6D2C4D6C2AE8472
:10FADC0083C505002A84E1C183C614006382061223
:10FAEC0003C7240079C303C63400630E061083C712
:10FAFC004400F1CF2685EFF0FFC32A8993650520DA
:10FB0C0022854524636C250F9307E00F63E32715CB
:10FB1C00B309254113060004930519000A85A2991F
:10FB2C00EFF05FAF630509021376F90F2687B30573
:10FB3C0099002696834707008800B306E64093F7A2
:10FB4C00F703AA9705072380D7FCE395E5FE856AA2
:10FB5C00938A0A807D14B307240183C70700980099
:10FB6C0093F7F703BA9703C507FC2A9463F6890049
:10FB7C00D1A0529463E0890CB307240183C707001A
:10FB8C009800228593F7F703BA974A86A68503CA8D
:10FB9C0007FCF92079FDF64022856644D644464997
:10FBAC00B649264A964A25618280C205034705005C
:10FBBC00D58D814711A03684C207D98F21C3034745
:10FBCC00140093061400E398F5FE7D14E9B793979F
:10FBDC000601E20583460500CD8FD18F2207D98F10
:10FBEC0091CE014719A06383E706228522070504FD
:10FBFC00558F83460400E5FA638AE704014461BF2C
:10FC0C004D282A8449BF93978501939506012207B5
:10FC1C00CD8FD98F83460500014711A03284558FB3
:10FC2C002207E9DE8346140013061400E398E7FE6E
:10FC3C00791495B73385290183470500E1D3D6851F
:10FC4C008D22AA99E3F889F00144B1B71304D5FFCA
:10FC5C0099B7AA85CA8622852686353E2A8425BF71
:10FC6C008D4763F0C702B367B5008D8B8D469DEF52
:10FC7C0018419C41631CF702711611059105E3E9CB
:10FC8C00C6FE9306F6FF0DC28506AE9619A0638DCF
:10FC9C00D5008347050003C7050005058505E388E6
:10FCAC00E7FE3385E7408280014582809306F6FFAC
:10FCBC00E1BF93F6F50F93773500D1CA91CB83470B
:10FCCC000500C1C76384D708050593773500E5FBAC
:10FCDC0093F5F50F93978500DD8D1841139305016E
:10FCEC003363B3003708FFFE3346E3001308F8EF25
:10FCFC00B3070601B30507011346F6FF1347F7FFD9
:10FD0C00F18F6D8FB7888080D98F93880808B3F7EF
:10FD1C0017019DE35841110533466700B3070701EE
:10FD2C00B30506011347F7FF1346F6FFF98F6D8EE7
:10FD3C00D18FB3F71701F9DF8347050099C76381AA
:10FD4C00F606834715000505FDFB0145828081CB36
:10FD5C0083470500E5DF050593773500F5FB184172
:10FD6C003706FFFE1306F6EFB307C700B786808091
:10FD7C001347F7FFF98F93860608F58F91EB5841DF
:10FD8C001105B307C7001347F7FFF98FF58FE5DBB4
:10FD9C0083470500C5DF834715000505EDFF82800D
:10FDAC0082802A86B306B6002E85B28789E511A813
:10FDBC0085076387F60003C707007DFB3385C740C3
:10FDCC00828082800A657874726163745F69655F92
:10FDDC00636F646520656E74657265640A0000006B
:10FDEC00657863657074696F6E20636F6465203D20
:10FDFC002025780A00000000657874726163745FD6
:10FE0C0069655F636F6465206578697465640A0071
:10FE1C000A64656661756C745F68616E646C6572AA
:10FE2C0020656E74657265640A0000000A68616E74
:10FE3C00646C655F7472617020656E746572656464
:10FE4C000A0000000A547261703A206D6361757388
:10FE5C0065203D2025782C20657063203D20257879
:10FE6C000A00000073697A656F662875696E747094
:10FE7C0074722920203D202564200A00536F75726E
:10FE8C006365206F6620547261703A20496E746508
:10FE9C0072727570740A0000536F75726365206F0F
:10FEAC006620547261703A20536F66747761726584
:10FEBC000A00000068616E646C655F74726170208A
:10FECC006578697465640A000A2070616E69632044
:10FEDC000A000000286E756C6C290000DA56FFFFD2
:10FEEC001C57FFFFAC59FFFFD657FFFFAC59FFFF64
:10FEFC00AC59FFFFAC59FFFFAC59FFFFAC59FFFFEA
:10FF0C00C856FFFFAC59FFFFAC59FFFFBE58FFFFAF
:10FF1C00AC59FFFFAC59FFFFAC59FFFFEE56FFFF8A
:10FF2C00AC59FFFF4A58FFFFAC59FFFFAC59FFFF1C
:10FF3C003259FFFF747261705F696E697420656E6F
:10FF4C007465726564200A20000000007472617090
:10FF5C005F696E697420657869746564200A200095
:10FF6C00696E697420656E7465726564200A200080
:10FF7C00696E6974206578697465640A0000000014
:10FF8C000000000061646472203D202578206461CB
:10FF9C007461203D2025780A0000000048AFBC9A0F
:10FFAC00F2D77A3E0A636F6E6669677572655F6336
:10FFBC006F756E74657220656E74657265640A0087
:10FFCC006D74696D65636D702076616C7565203D2F
:10FFDC002025640A000000006D74696D652076614F
:10FFEC006C7565203D2025640A0000000A636F6E65
:04FFFC006669677556
:02000004800179
:1000000072655F636F756E7465722065786974657B
:10001000640A00000A6D6163685F636C696E745FF7
:1000200068616E646C657220656E74657265640AE1
:10003000000000006D74696D65636D702076616C01
:100040007565203D2025780A000000006D74696DFB
:10005000652076616C7565203D2025780A000000DA
:100060006D6163685F636C696E745F68616E646C18
:100070006572206578697465640A00000A696E74A7
:100080006572727570745F636F6D706C65746520F6
:10009000656E74657265640A00000000696E7465BF
:1000A00072727570742069642025642C20737461E9
:1000B0007465206368616E67656420746F202564D1
:1000C0000A000000696E746572727570742069644C
:1000D000203D202578200A20726573657420746F96
:1000E0002064656661756C742076616C756573203B
:1000F0007374617465203D20257820090920200A49
:10010000207072696F72697479203D2025780A2009
:10011000636F756E74203D2025780A00696E7465E2
:1001200072727570745F636F6D706C657465206555
:1001300078697465640A00000A696E746572727584
:1001400070745F636C61696D5F72657175657374FE
:1001500020656E74657265640A000000696E7465DE
:100160007272757074206964205B25785D20636C01
:1001700061696D65642020617420616464726573D7
:10018000732025780A000000696E746572727570BC
:10019000745F636C61696D5F7265717565737420FE
:1001A0006578697465640A000A6D6163685F706CE4
:1001B00069635F68616E646C657220656E746572F8
:1001C00065640A00696E7465727275707420696482
:1001D00020636C61696D6564203D2025780A00000C
:1001E000466174616C206572726F722C20696E7446
:1001F000657272757074206964205B25785D206378
:100200006C61696D65642069732077726F6E670A2F
:1002100000000000696E7465727275707420696404
:1002200020256420636F6D706C657465200A000082
:100230000A6D6163685F706C69635F68616E646CAE
:100240006572206578697465640A00000A697372D2
:100250005F64656661756C7420656E746572656453
:100260000A000000696E74657272757074205B25F7
:10027000645D2073657276696365640A000000003E
:100280000A6973725F64656661756C74206578696C
:100290007465640A000000000A696E746572727504
:1002A00070745F656E61626C6520656E7465726501
:1002B00064200A00696E746572727570745F696497
:1002C000203D2025780A0000504C494320424153EC
:1002D000452041444452455353203D2025782C204D
:1002E000504C494320454E41424C45204F464653D1
:1002F0004554203D2025780A00000000696E746591
:1003000072727570745F656E61626C655F61646462
:1003100072203D2025782063757272656E745F7659
:10032000616C7565203D202578200A0076616C752A
:100330006520726561643A206E65775F76616C75E1
:1003400065203D2025780A000A696E746572727511
:1003500070745F656E61626C652065786974656450
:10036000200A00000A696E746572727570745F64A9
:10037000697361626C6520656E7465726564200ADC
:1003800000000000504C4943204241534520414465
:100390004452455353203D2025782C20504C49434E
:1003A00020454E41424C45204F4646534554203D42
:1003B00020257820696E746572727570745F696447
:1003C000203D2025780A0000696E74657272757090
:1003D000745F64697361626C655F61646472203D1F
:1003E0002025782063757272656E745F76616C7516
:1003F00065203D202578200A00000000696E7465A4
:1004000072727570745F64697361626C652065787F
:10041000697465640A0000000A73657420696E746B
:100420006572727570745F7468726573686F6C64FE
:1004300020656E74657265640A000000706C696303
:10044000207468726573686F6C64207365742074BF
:100450006F2025640A00000073657420696E74655E
:1004600072727570745F7468726573686F6C642003
:100470006578697465640A000A2073657420696E82
:1004800074657272757074207072696F72697479B4
:1004900020656E74657265642025780A000000008E
:1004A000696E746572727570745F7072696F72696B
:1004B00074795F61646472657373203D2025780AE6
:1004C0000000000063757272656E7420646174616F
:1004D00020617420696E746572727570745F7072D9
:1004E000696F726974795F61646472657373203DCA
:1004F0002025780A00000000206E65772064617472
:100500006120617420696E746572727570745F70B9
:1005100072696F726974795F616464726573732064
:100520003D2025780A00000073657420696E7465AB
:100530007272757074207072696F72697479206557
:1005400078697465640A00000A636F6E666967758E
:10055000726520696E746572727570742070696E50
:1005600020656E74657265640A0000004750494F4B
:1005700020444952454354494F4E20524547495320
:100580005445522056414C5545203D2025780A00BF
:1005900044617461207772697474656E20746F2091
:1005A0004750494F20444952454354494F4E2043F8
:1005B00054524C20524547203D2025780A00000027
:1005C000636F6E66696775726520696E74657272B5
:1005D0007570742070696E206578697465640A00AE
:1005E0000A706C69635F696E697420656E74657208
:1005F00065640A0041737369676E6564206D6163A9
:10060000685F706C69635F68616E646C65722074AA
:100610006F2074726170206964203A2025640A009A
:100620000A2A2A2A2A2A2A2A2A2A2A2A2A2A2A2A4A
:100630002A2A2A2A2A2A2A2A2A2A2A2A2A2A2A2A1A
:100640002A2A2A2A2A2A2A2A2A2A2A2A2A2A2A2A0A
:100650002A0000000A696E746572727570742069F0
:1006600064203D202578200A726573657420746FBC
:100670002064656661756C742076616C75657320A5
:100680007374617465203D202578200909092020B4
:100690000A7072696F72697479203D2025780A6347
:1006A0006F756E74203D2025780A200909092020E5
:1006B0000A2A2A2A2A2A2A2A2A2A2A2A2A2A2A2ABA
:1006C0002A2A2A2A2A2A2A2A2A2A2A2A2A2A2A2A8A
:1006D0002A2A2A2A2A2A2A2A2A2A2A2A2A2A2A2A7A
:1006E0002A2A0000706C69635F696E6974206578FE
:1006F00069746564200A00000A636F6E6669677535
:1007000072655F696E7465727275707420656E745F
:1007100065726564200A0000636F6E6669677572B2
:10072000655F696E7465727275707420657869743E
:100730006564200A000000000A506572696F642039
:1007400052656769737465722056616C75652068BF
:100750006967686572207468616E206D61782076C3
:10076000616C756520282578290000000A205065F5
:1007700072696F64205265676973746572206F6671
:10078000206D6F64756C65206E756D6265722025D5
:10079000642073657420746F202578000A44757492
:1007A000792052656769737465722056616C75654E
:1007B00020686967686572207468616E206D617871
:1007C0002076616C75652028257829000A204475FB
:1007D0007479205265676973746572206F66206D45
:1007E0006F64756C65206E756D626572202564207E
:1007F00073657420746F2025780000000A436F6EC3
:1008000074726F6C205265676973746572205661EB
:100810006C756520686967686572207468616E2010
:100820006D61782076616C75652028257829000037
:100830000A20436F6E74726F6C205265676973741F
:100840006572206F66206D6F64756C65206E756DC6
:100850006265722025642073657420746F2025788A
:10086000000000000A2052756E6E696E6720696E86
:1008700020636F6E74696E756F7573206D6F64653C
:1008800028312F30293A2025640000000A436C6F7C
:10089000636B2052656769737465722056616C756D
:1008A0006520686967686572207468616E206D6193
:1008B000782076616C756520282578290000000075
:1008C0000A20416C6C2072656769737465727320CD
:1008D0006F66206D6F64756C65206E756D626572F4
:1008E00020256420636C6561726564000A20416C98
:1008F0006C2052656769737465722076616C7565EA
:1009000073206F6620616C6C206D6F64756C65730D
:1009100020636C6561726564000000000A20437505
:100920007272656E74204D6F64756C6520697320FA
:1009300073657420746F2050574D206D6F6465008F
:100940000A2043757272656E74204D6F64756C6514
:100950002069732073657420746F2074696D6572EB
:10096000206F6E6365206F6E6C79206D6F6465001B
:100970000A2043757272656E74204D6F64756C65E4
:100980002069732073657420746F2074696D6572BB
:1009900020636F6E74696E756F7573206D6F64651B
:1009A000000000000A2050574D206D6F64756C6583
:1009B000206E756D62657220256420686173206207
:1009C00065656E20656E7465726564000A20505717
:1009D0004D206D6F64756C65206E756D626572205B
:1009E0002564206E6F7420656E7465726564000006
:1009F0000A204572726F7220696E20736574746983
:100A00006E6720636C6F636B2072656769737465D2
:100A1000720000000A204572726F7220696E2073A6
:100A2000657474696E67206475747920726567698E
:100A300073746572000000000A204572726F7220A4
:100A4000696E2073657474696E6720706572696F72
:100A50006420726567697374657200000A50574DAF
:100A60002025642073756363657366756C6C7920EB
:100A7000636F6E6669677572656400000A2050577F
:100A80004D206D6F64756C65206E756D62657220AA
:100A9000256420686173206265656E2073746F70D1
:100AA000706564000A5468652076616C7565206F16
:100AB0006620706572696F6420726567697374651A
:100AC00072206973202578000A5468652076616C6D
:100AD0007565206F66206475747920726567697327
:100AE0007465722069732025780000000A546865D7
:100AF0002076616C7565206F6620636F6E74726F0F
:100B00006C2072656769737465722069732025783B
:100B1000000000000A5468652076616C7565206FDE
:100B20006620636C6F636B207265676973746572AE
:100B30002069732025780000320000003300000097
:100B40003400000035000000257300004D4F444282
:100B500055535F554152545F494E495449414C49A0
:100B600053454420210D0A000A4750494F20333095
:100B700020494E4954200A002D2D2D2D2D4D6574F0
:100B800065722049642025643A494E495420262044
:100B90004F46462D2D2D2D2D0A0000002D2D2D2DDB
:100BA0002D2D2D2D2D2D2D2D2D4D6574657220494A
:100BB000642025643A4F4E2D2D2D2D2D2D2D2D2DBC
:100BC0002D2D2D0A000000002D2D2D2D2D2D2D2D2C
:100BD0002D2D2D2D4D657465722049642025643AB4
:100BE0004F46462D2D2D2D2D2D2D2D2D2D2D2D0A04
:100BF000000000002D2D2D2D2D2D2D2D4D65746502
:100C0000722049642025643A546F67676C652045FB
:100C100072726F722D2D2D2D2D2D2D0A00000000CA
:100C20002D2D2D2D2D2D2D2D2D52656164696E6775
:100C3000204D657465722049643A2564202D2D2D60
:100C40002D2D2D2D2D2D2D0A000000002573203D6A
:100C500020000000256C66200A000000256C660A52
:100C6000000000004E616D65206F6620706172614A
:100C70006D65746572206E6F7420666F756E64208A
:100C80000A000000EE79FFFF1E80FFFF467AFFFF9B
:100C90001E80FFFF9E7AFFFF1E80FFFFF67AFFFF98
:100CA0001E80FFFF4E7BFFFF1E80FFFFA67BFFFF26
:100CB0001E80FFFFFE7BFFFF1E80FFFF567CFFFFB5
:100CC0001E80FFFFAE7CFFFF1E80FFFF1E80FFFF28
:100CD0001E80FFFF1E80FFFF1E80FFFF1E80FFFFA4
:100CE0001E80FFFF067DFFFF1E80FFFF5E7DFFFF72
:100CF0001E80FFFFB67DFFFF1E80FFFF1E80FFFFEF
:100D00001E80FFFF1E80FFFF1E80FFFF1E80FFFF73
:100D10001E80FFFF1E80FFFF1E80FFFF1E80FFFF63
:100D20001E80FFFF1E80FFFF1E80FFFF1E80FFFF53
:100D30001E80FFFF1E80FFFF1E80FFFF1E80FFFF43
:100D40001E80FFFF1E80FFFF1E80FFFF1E80FFFF33
:100D50001E80FFFF1E80FFFF1E80FFFF1E80FFFF23
:100D60001E80FFFF1E80FFFF1E80FFFF1E80FFFF13
:100D70001E80FFFF1E80FFFF1E80FFFF1E80FFFF03
:100D80001E80FFFF1E80FFFF1E80FFFF1E80FFFFF3
:100D90001E80FFFF1E80FFFF1E80FFFF0E7EFFFFF5
:100DA0001E80FFFF667EFFFF1E80FFFFBE7EFFFFEF
:100DB0000A3E3E3E4D657465722031204F4E0A005A
:100DC00041542B43495053454E443D302C31300063
:100DD00024434D443A313731000000000A3E3E3E84
:100DE0004D657465722031204F46460A00000000B0
:100DF00024434D443A313730000000000A3E3E3E65
:100E00004D657465722032204F4E0A0024434D44D4
:100E10003A323731000000000A3E3E3E4D657465AF
:100E2000722032204F46460A0000000024434D4401
:100E30003A323730000000000A3E3E3E4D65746590
:100E4000722033204F4E0A0024434D443A33373149
:100E5000000000000A3E3E3E4D657465722033205E
:100E60004F46460A0000000024434D443A333730D1
:100E7000000000000A3E3E3E4D657465722034203D
:100E80004F4E0A0024434D443A34373100000000ED
:100E90000A3E3E3E4D657465722034204F46460A38
:100EA0000000000024434D443A3437300000000075
:100EB0000A3E3E3E2052656164204D657465722590
:100EC0006420506172616D6574657225640A00006A
:100ED00024434D443A3131390000000024434D444D
:100EE0003A3231390000000024434D443A3331395D
:100EF0000000000024434D443A3431390000000022
:100F00000A3E3E3E20444342204D657465722031C6
:100F1000204F4E0A0000000041542B434D47533DE3
:100F20002230383434363636333838342200000034
:100F30000A3E3E3E20444342204D65746572203196
:100F4000204F46460A0000000A3E3E3E20444342EF
:100F5000204D657465722032204F4E0A000000005B
:100F60000A3E3E3E20444342204D65746572203265
:100F7000204F46460A0000000A3E3E3E20444342BF
:100F8000204D657465722033204F4E0A000000002A
:100F90000A3E3E3E20444342204D65746572203334
:100FA000204F46460A0000000A3E3E3E204443428F
:100FB000204D657465722034204F4E0A00000000F9
:100FC0000A3E3E3E20444342204D65746572203403
:100FD000204F46460A0000000A3E3E3E2052656110
:100FE00064204D6574657220310A00000A3E3E3E61
:100FF0002052656164204D6574657220320A0000DC
:101000000A3E3E3E2052656164204D657465722043
:10101000330A00000A3E3E3E2052656164204D6561
:1010200074657220340A0000436865636B206D6F3D
:1010300064756C652070726573656E740A000000DB
:1010400041542B5253540000415400004154453048
:101050000000000041542B474D5200004F4B000050
:10106000726561642066726F6D2065737038323608
:10107000362025730A0000004552524F52000000EE
:1010800072656164206578656375746564200A0023
:101090005245534554310A0041542B43574D4F4458
:1010A000453D32004D4F44450A00000041542B435A
:1010B00049504D55583D31004D55580A000000002B
:1010C00041542B4349505345525645523D312C38DB
:1010D000300000005345525645520A00436F6E6E71
:1010E000656374696E6720576946692000000000D7
:1010F00052455345540A00004543484F204F464649
:101100000A00000041542B534C4545503D3000002F
:10111000534C454550204D4F44452044495341428E
:101120004C45440A0000000041542B43574155549C
:101130004F434F4E4E3D31004155544F20434F4E8B
:101140004E45435420454E41424C45440A00000060
:1011500041542B43495053544F3D300054494D4561
:101160004F55542044495341424C45440A00000025
:10117000202020202020202020202020202020206F
:10118000000000002B4950442C3000004461746181
:101190002066726F6D20636C69656E7420303A2032
:1011A00025730A002B4950442C31000044617461BE
:1011B0002066726F6D20636C69656E7420313A2011
:1011C00025730A00556E6B6E6F776E2064617461D3
:1011D00020736F757263653A2025730A0000000062
:1011E000436F6E6E656374696E672047534D2020B0
:1011F0000000000041542B434D47463D31000000A4
:1012000041542B434D4744413D44454C20414C4CB7
:101210000000000041542B435245473D310000007F
:101220000A55415254312049535220696E69740A5B
:101230000000000049535220454E41424C450A00EF
:101240000A2D2D2D2D2D2D2D2D2D2D2D2D2D2D2DF1
:101250002D2D2D2D2D2D2D2D2D2D2D2D2D2D2D2DBE
:101260002D2D2D2D2D2D2D0A000000000A55415247
:1012700054322049535220696E69740A00000000FC
:1012800049535220454E41424C45440A000000005B
:101290004953525F75617274325F656E7465726531
:1012A00064200A002B4950442C000000495352206E
:1012B0006461746120636F6E7461696E73202B4981
:1012C00050440A00737363616E6620646F6E65201C
:1012D00025732C2025732C2025730A005245414488
:1012E0004D303120434153450A00000052454144EE
:1012F0004D303220434153450A00000052454144DD
:101300004D303320434153450A00000052454144CB
:101310004D303420434153450A0000004E4F202BEE
:10132000495044200A0000004953525F75617274AD
:10133000325F72656164200A000000004953522048
:101340007265636569766564202D3E202573200AE9
:10135000000000004953525F75617274325F657816
:101360006974203D3D3D3D3D3D3D3D3D3D3D3D3D67
:101370003D3D3D3D3D3D3D3D200A0000455350383B
:10138000323636206973723A202573200A00000035
:101390003E3E3E3E3E3E3E436F6D6D756E696361FF
:1013A00074696F6E20747269673C3C3C3C3C3C3C09
:1013B0000A000000524D303120747269670A000043
:1013C000524D303220747269670A0000524D30333A
:1013D00020747269670A0000524D303420747269BB
:1013E000670A00004E4F5245414420747269670AF3
:1013F000000000003E3E3E3E3E3E3E3E3E3E4C6FC6
:1014000063616C20747269673C3C3C3C3C3C3C3CF6
:101410003C3C0A003E3E3E3E3E3E3E3E4E6F4461F8
:10142000746120747269673C3C3C3C3C3C3C3C3CF5
:101430000A0000002020000020202020414E5348B8
:10144000554D414E20202020000000004553542DD2
:101450005368616B74692074657374200000000028
:101460006D6F646520696E697469617465642120BB
:1014700000000000205072657373207377697463F5
:10148000686573200000000020533420205333206F
:1014900020533220205331200000000053312070AF
:1014A0007265737365640A002020202020202020AC
:1014B00020202020204F4B200000000053322070BD
:1014C0007265737365640A0020202020202020208C
:1014D000204F4B202020202000000000533320709C
:1014E0007265737365640A0020202020204F4B2012
:1014F00020202020202020200000000053342070D5
:101500007265737365640A00204F4B2020202020F1
:101510002020202020202020000000000A3D3D3D0A
:101520003D3D3D3D3D4855423D3D3D3D3D3D3D3DC3
:101530000A000000202020202020485542202020A2
:1015400020202020000000000A48554220726561DA
:1015500064790A005541525430200A002444432D36
:101560004100000020436F6D6D616E6420746F2038
:1015700044432D41000000002444432D420000005C
:1015800020436F6D6D616E6420746F2044432D4263
:10159000000000000A2044432D42204341534520CF
:1015A000520000000A2044432D422043415345206D
:1015B000570000005541525431200A002B5253501D
:1015C0000000000020446174612066726F6D204449
:1015D000432D4120000000005541525432200A00A2
:1015E0002B434D54493A000041542B434D474C0086
:1015F00024434D4400000000436F6D6D616E642D07
:101600003E00000025730A00526573706F6E7365AB
:101610002D3E000020446174612066726F6D20448D
:10162000432D4220000000002B435245473A203012
:10163000000000002B435245473A203100000000D3
:10164000202047534D206E6574776F726B202020E9
:10165000000000002020202020666F756E6420208E
:1016600020202020000000002B435245473A203222
:10167000000000002B435245473A20330000000091
:10168000202047534D20536561726368696E67205F
:1016900000000000202020206E6574776F726B20A0
:1016A00020202020000000005333207072657373E7
:1016B0006564206C6364207265736574200A0000A1
:1016C0000000807F00000000000000000000F87FA4
:1016D0000000000000006041000000000000F03F3A
:1016E000000080FF0000C07F000000800000004B71
:1016F000000080000000803F00000000000000406B
:1017000000000040000000430000104200002041A3
:101710000000AA420000000000000000000030436A
:1017200000000000000030C32A890080DE890080AC
:1017300034890080DE890080D0890080DE890080C5
:10174000348900802A8900802A890080D08900801D
:101750003489008010890080108900801089008001
:10176000388900802A8F00802A8F0080428F008075
:10177000248F0080248F0080D08F0080428F0080D3
:10178000248F0080D08F0080248F0080428F0080C3
:10179000228F0080228F0080228F0080D08F0080D7
:1017A0008A9B0080EA9B0080929B0080EA9B0080DD
:1017B000DE9B0080EA9B0080929B00808A9B0080D9
:1017C0008A9B0080DE9B0080929B0080729B008041
:1017D000729B0080729B0080969B0080C89E008058
:1017E000C89E0080E09E0080C49E0080C49E008051
:1017F000269F0080E09E0080C49E0080269F00807F
:10180000C49E0080E09E0080C29E0080C29E008038
:10181000C29E0080269F0080000102020303030392
:101820000404040404040404050505050505050570
:101830000505050505050505060606060606060650
:101840000606060606060606060606060606060638
:101850000606060606060606070707070707070720
:101860000707070707070707070707070707070708
:1018700007070707070707070707070707070707F8
:1018800007070707070707070707070707070707E8
:1018900007070707070707070808080808080808D0
:1018A00008080808080808080808080808080808B8
:1018B00008080808080808080808080808080808A8
:1018C0000808080808080808080808080808080898
:1018D0000808080808080808080808080808080888
:1018E0000808080808080808080808080808080878
:1018F0000808080808080808080808080808080868
:101900000808080808080808080808080808080857
:101910000808080808080808000000001000000077
:1019200000000000037A5200017C01011B0D02003F
:101930001000000018000000BAAEFFFF66030000B0
:1019400000000000100000002C0000000CB2FFFF9F
:101950005403000000000000000000000000F03F01
:10196000000000000000F0FF000000000000F07F19
:101970000000004003B8E23F06D0CF43EBFD4C3EF1
:10198000000000000000F83F000000000000F0BF71
:101990009C7500883CE4377E000000604715F73FE7
:1019A00044DF5DF80BAE543E000000000000D03F65
:1019B000555555555555D53F000000000000E03FF6
:1019C000FE822B654715F73F0000000000004043F2
:1019D000EF4E454A287ECA3F65DBC9934A86CD3F14
:1019E00001411DA96074D13F4D268F515555D53FFA
:1019F000FFAB6FDBB66DDB3F033333333333E33F92
:101A00000000000000000840000000E009C7EE3FB1
:101A1000FD033ADC09C7EE3FF5015B14E02F3EBE43
:101A2000FE822B654715973C59F3F8C21F6EA5013E
:101A300000000000432EE63FEF39FAFE422EE63F5B
:101A4000396CA80C615C20BED0A4BE726937663EBA
:101A5000F16BD2C541BDBB3E2CDE25AF6A56113FAE
:101A600093BDBE166CC1663F3E5555555555C53F95
:101A70000000000000000040000000000000F87FAF
:101A800000000000000050439C7500883CE437FED5
:101A900059F3F8C21F6EA581000000000000903CC1
:101AA000B8CB0080E0FFFF8FF06C008800DA008088
:101AB000F06C0088F8BF000200400002101504001E
:101AC000564F4C5431000000564F4C543200000029
:101AD000564F4C543300000057415454310000001D
:101AE0005741545432000000574154543300000011
:101AF00056415231000000005641523200000000B1
:101B00005641523300000000564C20312D32000067
:101B1000564C20322D330000564C20332D3100001E
:101B2000B8CB0080000000000000000000000000B2
:101B300000000000000000000000000000000000A5
:101B40000000000000000000000000000000000095
:101B50000000000000000000000000000000000085
:101B600043555252454E54310000000043555252E5
:101B7000454E54320000000043555252454E5433F6
:101B8000000000004672657175656E6379000000A3
:101B9000576820496D706F727400000057682045C7
:101BA00078706F727400000000000000A4CE008006
:101BB0000CCF008074CF0080000000000000000007
:101BC0000000000000000000000000000000000015
:101BD0000000000000000000000000000000000005
:101BE00000000000000000000000000000000000F5
:101BF00000000000000000000000000000000000E5
:101C000000000000000000000000000000000000D4
:101C100000000000000000000000000000000000C4
:101C200000000000000000000000000000000000B4
:101C300000000000000000000000000000000000A4
:101C40000000000000000000000000000000000094
:101C500001000000000000000E33CDAB34126DE631
:101C6000ECDE05000B00000000000000000000009A
:101C70000000000000000000000000000000000064
:101C80000000000000000000000000000000000054
:101C90000000000000000000000000000000000044
:101CA0000000000000000000000000000000000034
:101CB0000000000000000000000000000000000024
:101CC0000000000000000000000000000000000014
:101CD0000000000000000000000000000000000004
:101CE00000000000000000000000000000000000F4
:101CF00000000000000000000000000000000000E4
:101D000000000000000000000000000000000000D3
:101D100000000000000000000000000000000000C3
:101D200000000000000000000000000000000000B3
:101D300000000000000000000000000000000000A3
:101D40000000000000000000000000000000000093
:101D50000000000000000000000000000000000083
:101D60000000000000000000000000000000000073
:101D70000000000000000000000000000000000063
:101D80000000000000000000000000000000000053
:101D90000000000000000000000000000000000043
:101DA0000000000000000000000000000000000033
:101DB0000000000000000000000000000000000023
:101DC0000000000000000000000000000000000013
:101DD0000000000000000000000000000000000003
:101DE00000000000000000000000000000000000F3
:101DF00000000000000000000000000000000000E3
:101E000000000000000000000000000000000000D2
:101E100000000000000000000000000000000000C2
:101E200000000000000000000000000000000000B2
:101E300000000000000000000000000000000000A2
:101E40000000000000000000000000000000000092
:101E50000000000000000000000000000000000082
:101E60000000000000000000000000000000000072
:101E70000000000000000000000000000000000062
:101E80000000000000000000000000000000000052
:101E90000000000000000000000000000000000042
:101EA0000000000000000000000000000000000032
:101EB0000000000000000000000000000000000022
:101EC0000000000000000000000000000000000012
:101ED0000000000000000000000000000000000002
:101EE00000000000000000000000000000000000F2
:101EF00000000000000000000000000000000000E2
:101F000000000000000000000000000000000000D1
:101F100000000000000000000000000000000000C1
:101F200000000000000000000000000000000000B1
:101F300000000000000000000000000000000000A1
:101F40000000000000000000000000000000000091
:101F50000000000000000000000000000000000081
:101F60000000000000000000000000000000000071
:101F70000000000000000000000000000000000061
:101F80000000000000000000000000000000000051
:101F90000000000000000000000000000000000041
:101FA0000000000000000000000000000000000031
:101FB0000000000000000000000000000000000021
:101FC0000000000000000000000000000000000011
:101FD0000000000000000000000000000000000001
:101FE00000000000000000000000000000000000F1
:101FF00000000000000000000000000000000000E1
:1020000000000000000000000000000000000000D0
:1020100000000000000000000000000000000000C0
:1020200000000000000000000000000000000000B0
:1020300000000000000000000000000000000000A0
:102040000000000000000000000000000000000090
:102050000000000000000000000000000000000080
:102060000000000000000000000000000000000070
:102070000000000000000000000000000000000060
:102080000000000000000000000000000000000050
:102090000000000000000000000000000000000040
:1020A0000000000000000000000000000000000030
:1020B0000000000000000000000000000000000020
:1020C0000000000000000000000000000000000010
:1020D0000000000000000000000000000000000000
:1020E00000000000000000000000000000000000F0
:1020F00000000000000000000000000000000000E0
:1021000000000000000000000000000000000000CF
:1021100000000000000000000000000000000000BF
:1021200000000000000000000000000000000000AF
:10213000000000000000000000000000000000009F
:10214000000000000000000000000000000000008F
:10215000000000000000000000000000000000007F
:10216000000000000000000000000000000000006F
:10217000000000000000000000000000000000005F
:10218000000000000000000000000000000000004F
:10219000000000000000000000000000000000003F
:1021A000000000000000000000000000000000002F
:1021B000000000000000000000000000000000001F
:1021C000000000000000000000000000000000000F
:1021D00000000000000000000000000000000000FF
:1021E00000000000000000000000000000000000EF
:1021F00000000000000000000000000000000000DF
:1022000000000000000000000000000000000000CE
:1022100000000000000000000000000000000000BE
:1022200000000000000000000000000000000000AE
:10223000000000000000000000000000000000009E
:10224000000000000000000000000000000000008E
:10225000000000000000000000000000000000007E
:10226000000000000000000000000000000000006E
:10227000000000000000000000000000000000005E
:10228000000000000000000000000000000000004E
:10229000000000000000000000000000000000003E
:1022A000000000000000000000000000000000002E
:1022B000000000000000000000000000000000001E
:1022C000000000000000000000000000000000000E
:1022D00000000000000000000000000000000000FE
:1022E00000000000000000000000000000000000EE
:1022F00000000000000000000000000000000000DE
:1023000000000000000000000000000000000000CD
:1023100000000000000000000000000000000000BD
:1023200000000000000000000000000000000000AD
:10233000000000000000000000000000000000009D
:10234000000000000000000000000000000000008D
:10235000000000000000000000000000000000007D
:10236000000000000000000000000000000000006D
:10237000000000000000000000000000000000005D
:10238000000000000000000000000000000000004D
:10239000000000000000000000000000000000003D
:1023A000000000000000000000000000000000002D
:1023B000000000000000000000000000000000001D
:1023C000000000000000000000000000000000000D
:1023D00000000000000000000000000000000000FD
:1023E00000000000000000000000000000000000ED
:1023F00000000000000000000000000000000000DD
:1024000000000000000000000000000000000000CC
:1024100000000000000000000000000000000000BC
:1024200000000000000000000000000000000000AC
:10243000000000000000000000000000000000009C
:10244000000000000000000000000000000000008C
:10245000000000000000000000000000000000007C
:10246000000000000000000000000000000000006C
:10247000000000000000000000000000000000005C
:10248000000000000000000000000000000000004C
:10249000000000000000000000000000000000003C
:1024A000000000000000000000000000000000002C
:1024B000000000000000000000000000000000001C
:1024C000000000000000000000000000000000000C
:1024D00000000000000000000000000000000000FC
:1024E00000000000000000000000000000000000EC
:1024F00000000000000000000000000000000000DC
:1025000000000000000000000000000000000000CB
:1025100000000000000000000000000000000000BB
:1025200000000000000000000000000000000000AB
:10253000000000000000000000000000000000009B
:10254000000000000000000000000000000000008B
:10255000000000000000000000000000000000007B
:10256000000000000000000000000000000000006B
:10257000000000000000000000000000000000005B
:10258000000000000000000000000000000000004B
:10259000000000000000000000000000000000003B
:1025A000000000000000000000000000000000002B
:1025B000000000000000000000000000000000001B
:1025C000000000000000000000000000000000000B
:1025D00000000000000000000000000000000000FB
:1025E00000000000000000000000000000000000EB
:1025F00000000000000000000000000000000000DB
:1026000000000000000000000000000000000000CA
:1026100000000000000000000000000000000000BA
:1026200000000000000000000000000000000000AA
:10263000000000000000000000000000000000009A
:10264000000000000000000000000000000000008A
:10265000000000000000000000000000000000007A
:10266000000000000000000000000000000000006A
:10267000000000000000000000000000000000005A
:10268000000000000000000000000000000000004A
:10269000000000000000000000000000000000003A
:1026A000000000000000000000000000000000002A
:1026B000000000000000000000000000000000001A
:1026C000000000000000000000000000000000000A
:1026D00000000000000000000000000000000000FA
:1026E00000000000000000000000000000000000EA
:1026F00000000000000000000000000000000000DA
:1027000000000000000000000000000000000000C9
:1027100000000000000000000000000000000000B9
:1027200000000000000000000000000000000000A9
:102730000000000000000000000000000000000099
:102740000000000000000000000000000000000089
:102750000000000000000000000000000000000079
:102760000000000000000000000000000000000069
:102770000000000000000000000000000000000059
:102780000000000000000000000000000000000049
:102790000000000000000000000000000000000039
:1027A0000000000000000000000000000000000029
:1027B0000000000000000000000000000000000019
:1027C0000000000000000000000000000000000009
:1027D00000000000000000000000000000000000F9
:1027E00000000000000000000000000000000000E9
:1027F00000000000000000000000000000000000D9
:1028000000000000000000000000000000000000C8
:1028100000000000000000000000000000000000B8
:1028200000000000000000000000000000000000A8
:102830000000000000000000000000000000000098
:102840000000000000000000000000000000000088
:102850000000000000000000000000000000000078
:102860000000000000000000000000000000000068
:102870000000000000000000000000000000000058
:102880000000000000000000000000000000000048
:102890000000000000000000000000000000000038
:1028A0000000000000000000000000000000000028
:1028B0000000000000000000000000000000000018
:1028C0000000000000000000000000000000000008
:1028D00000000000000000000000000000000000F8
:1028E00000000000000000000000000000000000E8
:1028F00000000000000000000000000000000000D8
:1029000000000000000000000000000000000000C7
:1029100000000000000000000000000000000000B7
:1029200000000000000000000000000000000000A7
:102930000000000000000000000000000000000097
:102940000000000000000000000000000000000087
:102950000000000000000000000000000000000077
:102960000000000000000000000000000000000067
:102970000000000000000000000000000000000057
:102980000000000000000000000000000000000047
:102990000000000000000000000000000000000037
:1029A0000000000000000000000000000000000027
:1029B0000000000000000000000000000000000017
:1029C0000000000000000000000000000000000007
:1029D00000000000000000000000000000000000F7
:1029E00000000000000000000000000000000000E7
:1029F00000000000000000000000000000000000D7
:102A000000000000000000000000000000000000C6
:102A100000000000000000000000000000000000B6
:102A200000000000000000000000000000000000A6
:102A30000000000000000000000000000000000096
:102A40000000000000000000000000000000000086
:102A50000000000000000000000000000000000076
:102A60000000000000000000000000000000000066
:102A70000000000000000000000000000000000056
:102A80000000000000000000000000000000000046
:102A90000000000000000000000000000000000036
:102AA0000000000000000000000000000000000026
:102AB0000000000000000000000000000000000016
:102AC0000000000000000000000000000000000006
:102AD00000000000000000000000000000000000F6
:102AE00000000000000000000000000000000000E6
:102AF00000000000000000000000000000000000D6
:102B000000000000000000000000000000000000C5
:102B100000000000000000000000000000000000B5
:102B200000000000000000000000000000000000A5
:102B30000000000000000000000000000000000095
:102B40000000000000000000000000000000000085
:102B50000000000000000000000000000000000075
:102B60000000000000000000000000000000000065
:102B70000000000000000000000000000000000055
:102B80000000000000000000000000000000000045
:102B90000000000000000000000000000000000035
:102BA0000000000000000000000000000000000025
:102BB0000000000000000000000000000000000015
:102BC0000000000000000000000000000000000005
:102BD00000000000000000000000000000000000F5
:102BE00000000000000000000000000000000000E5
:102BF00000000000000000000000000000000000D5
:102C000000000000000000000000000000000000C4
:102C100000000000000000000000000000000000B4
:102C200000000000000000000000000000000000A4
:102C30000000000000000000000000000000000094
:102C40000000000000000000000000000000000084
:102C50000000000000000000000000000000000074
:102C60000000000000000000000000000000000064
:102C70000000000000000000000000000000000054
:102C80000000000000000000000000000000000044
:102C90000000000000000000000000000000000034
:102CA0000000000000000000000000000000000024
:102CB0000000000000000000000000000000000014
:102CC0000000000000000000000000000000000004
:102CD00000000000000000000000000000000000F4
:102CE00000000000000000000000000000000000E4
:102CF00000000000000000000000000000000000D4
:102D000000000000000000000000000000000000C3
:102D100000000000000000000000000000000000B3
:102D200000000000000000000000000000000000A3
:102D30000000000000000000000000000000000093
:102D40000000000000000000000000000000000083
:102D50000000000000000000000000000000000073
:102D60000000000000000000000000000000000063
:102D70000000000000000000000000000000000053
:102D80000000000000000000000000000000000043
:102D90000000000000000000000000000000000033
:102DA0000000000000000000000000000000000023
:102DB0000000000000000000000000000000000013
:102DC0000000000000000000000000000000000003
:102DD00000000000000000000000000000000000F3
:102DE00000000000000000000000000000000000E3
:102DF00000000000000000000000000000000000D3
:102E000000000000000000000000000000000000C2
:102E100000000000000000000000000000000000B2
:102E200000000000000000000000000000000000A2
:102E30000000000000000000000000000000000092
:102E40000000000000000000000000000000000082
:102E50000000000000000000000000000000000072
:102E60000000000000000000000000000000000062
:102E70000000000000000000000000000000000052
:102E80000000000000000000000000000000000042
:102E90000000000000000000000000000000000032
:102EA0000000000000000000000000000000000022
:102EB0000000000000000000000000000000000012
:102EC0000000000000000000000000000000000002
:102ED00000000000000000000000000000000000F2
:102EE00000000000000000000000000000000000E2
:102EF00000000000000000000000000000000000D2
:102F000000000000000000000000000000000000C1
:102F100000000000000000000000000000000000B1
:102F200000000000000000000000000000000000A1
:102F30000000000000000000000000000000000091
:102F40000000000000000000000000000000000081
:102F50000000000000000000000000000000000071
:102F60000000000000000000000000000000000061
:102F70000000000000000000000000000000000051
:102F80000000000000000000000000000000000041
:102F90000000000000000000000000000000000031
:102FA0000000000000000000000000000000000021
:102FB0000000000000000000000000000000000011
:102FC0000000000000000000000000000000000001
:102FD00000000000000000000000000000000000F1
:102FE00000000000000000000000000000000000E1
:102FF00000000000000000000000000000000000D1
:1030000000000000000000000000000000000000C0
:1030100000000000000000000000000000000000B0
:1030200000000000000000000000000000000000A0
:103030000000000000000000000000000000000090
:103040000000000000000000000000000000000080
:103050000000000000000000000000000000000070
:103060000000000000000000000000000000000060
:103070000000000000000000000000000000000050
:103080000000000000000000000000000000000040
:103090000000000000000000000000000000000030
:1030A0000000000000000000000000000000000020
:1030B0000000000000000000000000000000000010
:1030C0000000000000000000000000000000000000
:1030D00000000000000000000000000000000000F0
:1030E00000000000000000000000000000000000E0
:1030F00000000000000000000000000000000000D0
:1031000000000000000000000000000000000000BF
:1031100000000000000000000000000000000000AF
:10312000000000000000000000000000000000009F
:10313000000000000000000000000000000000008F
:10314000000000000000000000000000000000007F
:10315000000000000000000000000000000000006F
:10316000000000000000000000000000000000005F
:10317000000000000000000000000000000000004F
:10318000000000000000000000000000000000003F
:10319000000000000000000000000000000000002F
:1031A000000000000000000000000000000000001F
:1031B000000000000000000000000000000000000F
:1031C00000000000000000000000000000000000FF
:1031D00000000000000000000000000000000000EF
:1031E00000000000000000000000000000000000DF
:1031F00000000000000000000000000000000000CF
:1032000000000000000000000000000000000000BE
:1032100000000000000000000000000000000000AE
:10322000000000000000000000000000000000009E
:10323000000000000000000000000000000000008E
:10324000000000000000000000000000000000007E
:10325000000000000000000000000000000000006E
:10326000000000000000000000000000000000005E
:10327000000000000000000000000000000000004E
:10328000000000000000000000000000000000003E
:10329000000000000000000000000000000000002E
:1032A000000000000000000000000000000000001E
:1032B000000000000000000000000000000000000E
:1032C00000000000000000000000000000000000FE
:1032D00000000000000000000000000000000000EE
:1032E00000000000000000000000000000000000DE
:1032F00000000000000000000000000000000000CE
:1033000000000000000000000000000000000000BD
:1033100000000000000000000000000000000000AD
:10332000000000000000000000000000000000009D
:10333000000000000000000000000000000000008D
:10334000000000000000000000000000000000007D
:10335000000000000000000000000000000000006D
:10336000000000000000000000000000000000005D
:10337000000000000000000000000000000000004D
:10338000000000000000000000000000000000003D
:10339000000000000000000000000000000000002D
:1033A000000000000000000000000000000000001D
:1033B000000000000000000000000000000000000D
:1033C00000000000000000000000000000000000FD
:1033D00000000000000000000000000000000000ED
:1033E00000000000000000000000000000000000DD
:1033F00000000000000000000000000000000000CD
:1034000000000000000000000000000000000000BC
:1034100000000000000000000000000000000000AC
:10342000000000000000000000000000000000009C
:10343000000000000000000000000000000000008C
:10344000000000000000000000000000000000007C
:10345000000000000000000000000000000000006C
:10346000000000000000000000000000000000005C
:10347000000000000000000000000000000000004C
:10348000000000000000000000000000000000003C
:10349000000000000000000000000000000000002C
:1034A000000000000000000000000000000000001C
:1034B000000000000000000000000000000000000C
:1034C00000000000000000000000000000000000FC
:1034D00000000000000000000000000000000000EC
:1034E00000000000000000000000000000000000DC
:1034F00000000000000000000000000000000000CC
:1035000000000000000000000000000000000000BB
:1035100000000000000000000000000000000000AB
:10352000000000000000000000000000000000009B
:10353000000000000000000000000000000000008B
:10354000000000000000000000000000000000007B
:10355000000000000000000000000000000000006B
:10356000000000000000000000000000000000005B
:10357000000000000000000000000000000000004B
:10358000000000000000000000000000000000003B
:10359000000000000000000000000000000000002B
:1035A000000000000000000000000000000000001B
:1035B000000000000000000000000000000000000B
:1035C00000000000000000000000000000000000FB
:1035D00000000000000000000000000000000000EB
:1035E00000000000000000000000000000000000DB
:1035F00000000000000000000000000000000000CB
:1036000000000000000000000000000000000000BA
:1036100000000000000000000000000000000000AA
:10362000000000000000000000000000000000009A
:10363000000000000000000000000000000000008A
:10364000000000000000000000000000000000007A
:10365000000000000000000000000000000000006A
:10366000000000000000000000000000000000005A
:10367000000000000000000000000000000000004A
:10368000000000000000000000000000000000003A
:10369000000000000000000000000000000000002A
:1036A000000000000000000000000000000000001A
:1036B000000000000000000000000000000000000A
:1036C00000000000000000000000000000000000FA
:1036D00000000000000000000000000000000000EA
:1036E00000000000000000000000000000000000DA
:1036F00000000000000000000000000000000000CA
:1037000000000000000000000000000000000000B9
:1037100000000000000000000000000000000000A9
:103720000000000000000000000000000000000099
:103730000000000000000000000000000000000089
:103740000000000000000000000000000000000079
:103750000000000000000000000000000000000069
:103760000000000000000000000000000000000059
:103770000000000000000000000000000000000049
:103780000000000000000000000000000000000039
:103790000000000000000000000000000000000029
:1037A0000000000000000000000000000000000019
:1037B0000000000000000000000000000000000009
:1037C00000000000000000000000000000000000F9
:1037D00000000000000000000000000000000000E9
:1037E00000000000000000000000000000000000D9
:1037F00000000000000000000000000000000000C9
:1038000000000000000000000000000000000000B8
:1038100000000000000000000000000000000000A8
:103820000000000000000000000000000000000098
:103830000000000000000000000000000000000088
:103840000000000000000000000000000000000078
:103850000000000000000000000000000000000068
:103860000000000000000000000000000000000058
:103870000000000000000000000000000000000048
:103880000000000000000000000000000000000038
:103890000000000000000000000000000000000028
:1038A0000000000000000000000000000000000018
:1038B0000000000000000000000000000000000008
:1038C00000000000000000000000000000000000F8
:1038D00000000000000000000000000000000000E8
:1038E00000000000000000000000000000000000D8
:1038F00000000000000000000000000000000000C8
:1039000000000000000000000000000000000000B7
:1039100000000000000000000000000000000000A7
:103920000000000000000000000000000000000097
:103930000000000000000000000000000000000087
:103940000000000000000000000000000000000077
:103950000000000000000000000000000000000067
:103960000000000000000000000000000000000057
:103970000000000000000000000000000000000047
:103980000000000000000000000000000000000037
:103990000000000000000000000000000000000027
:1039A0000000000000000000000000000000000017
:1039B0000000000000000000000000000000000007
:1039C00000000000000000000000000000000000F7
:1039D00000000000000000000000000000000000E7
:1039E00000000000000000000000000000000000D7
:1039F00000000000000000000000000000000000C7
:103A000000000000000000000000000000000000B6
:103A100000000000000000000000000000000000A6
:103A20000000000000000000000000000000000096
:103A30000000000000000000000000000000000086
:103A40000000000000000000000000000000000076
:103A50000000000000000000000000000000000066
:103A60000000000000000000000000000000000056
:103A70000000000000000000000000000000000046
:103A80000000000000000000000000000000000036
:103A90000000000000000000000000000000000026
:103AA0000000000000000000000000000000000016
:103AB0000000000000000000000000000000000006
:103AC00000000000000000000000000000000000F6
:103AD00000000000000000000000000000000000E6
:103AE00000000000000000000000000000000000D6
:103AF00000000000000000000000000000000000C6
:103B000000000000000000000000000000000000B5
:103B100000000000000000000000000000000000A5
:103B20000000000000000000000000000000000095
:103B30000000000000000000000000000000000085
:103B40000000000000000000000000000000000075
:103B50000000000000000000000000000000000065
:103B60000000000000000000000000000000000055
:103B70000000000000000000000000000000000045
:103B80000000000000000000000000000000000035
:103B90000000000000000000000000000000000025
:103BA0000000000000000000000000000000000015
:103BB0000000000000000000000000000000000005
:103BC00000000000000000000000000000000000F5
:103BD00000000000000000000000000000000000E5
:103BE00000000000000000000000000000000000D5
:103BF00000000000000000000000000000000000C5
:103C000000000000000000000000000000000000B4
:103C100000000000000000000000000000000000A4
:103C20000000000000000000000000000000000094
:103C30000000000000000000000000000000000084
:103C40000000000000000000000000000000000074
:103C50000000000000000000000000000000000064
:103C60000000000000000000000000000000000054
:103C70000000000000000000000000000000000044
:103C80000000000000000000000000000000000034
:103C90000000000000000000000000000000000024
:103CA0000000000000000000000000000000000014
:103CB0000000000000000000000000000000000004
:103CC00000000000000000000000000000000000F4
:103CD00000000000000000000000000000000000E4
:103CE00000000000000000000000000000000000D4
:103CF00000000000000000000000000000000000C4
:103D000000000000000000000000000000000000B3
:103D100000000000000000000000000000000000A3
:103D20000000000000000000000000000000000093
:103D30000000000000000000000000000000000083
:103D40000000000000000000000000000000000073
:103D50000000000000000000000000000000000063
:103D60000000000000000000000000000000000053
:103D70000000000000000000000000000000000043
:103D80000000000000000000000000000000000033
:103D90000000000000000000000000000000000023
:103DA0000000000000000000000000000000000013
:103DB0000000000000000000000000000000000003
:103DC00000000000000000000000000000000000F3
:103DD00000000000000000000000000000000000E3
:103DE00000000000000000000000000000000000D3
:103DF00000000000000000000000000000000000C3
:103E000000000000000000000000000000000000B2
:103E100000000000000000000000000000000000A2
:103E20000000000000000000000000000000000092
:103E30000000000000000000000000000000000082
:103E40000000000000000000000000000000000072
:103E50000000000000000000000000000000000062
:103E60000000000000000000000000000000000052
:103E70000000000000000000000000000000000042
:103E80000000000000000000000000000000000032
:103E90000000000000000000000000000000000022
:103EA0000000000000000000000000000000000012
:103EB0000000000000000000000000000000000002
:103EC00000000000000000000000000000000000F2
:103ED00000000000000000000000000000000000E2
:103EE00000000000000000000000000000000000D2
:103EF00000000000000000000000000000000000C2
:103F000000000000000000000000000000000000B1
:103F100000000000000000000000000000000000A1
:103F20000000000000000000000000000000000091
:103F30000000000000000000000000000000000081
:103F40000000000000000000000000000000000071
:103F50000000000000000000000000000000000061
:103F60000000000000000000000000000000000051
:103F70000000000000000000000000000000000041
:103F80000000000000000000000000000000000031
:103F90000000000000000000000000000000000021
:103FA0000000000000000000000000000000000011
:103FB0000000000000000000000000000000000001
:103FC00000000000000000000000000000000000F1
:103FD00000000000000000000000000000000000E1
:103FE00000000000000000000000000000000000D1
:103FF00000000000000000000000000000000000C1
:1040000000000000000000000000000000000000B0
:1040100000000000000000000000000000000000A0
:104020000000000000000000000000000000000090
:104030000000000000000000000000000000000080
:104040000000000000000000000000000000000070
:104050000000000000000000000000000000000060
:104060000000000000000000000000000000000050
:104070000000000000000000000000000000000040
:104080000000000000000000000000000000000030
:104090000000000000000000000000000000000020
:1040A0000000000000000000000000000000000010
:1040B0000000000000000000000000000000000000
:1040C00000000000000000000000000000000000F0
:1040D00000000000000000000000000000000000E0
:1040E00000000000000000000000000000000000D0
:1040F00000000000000000000000000000000000C0
:1041000000000000000000000000000000000000AF
:10411000000000000000000000000000000000009F
:10412000000000000000000000000000000000008F
:10413000000000000000000000000000000000007F
:10414000000000000000000000000000000000006F
:10415000000000000000000000000000000000005F
:10416000000000000000000000000000000000004F
:10417000000000000000000000000000000000003F
:10418000000000000000000000000000000000002F
:10419000000000000000000000000000000000001F
:1041A000000000000000000000000000000000000F
:1041B00000000000000000000000000000000000FF
:1041C00000000000000000000000000000000000EF
:1041D00000000000000000000000000000000000DF
:1041E00000000000000000000000000000000000CF
:1041F00000000000000000000000000000000000BF
:1042000000000000000000000000000000000000AE
:10421000000000000000000000000000000000009E
:10422000000000000000000000000000000000008E
:10423000000000000000000000000000000000007E
:10424000000000000000000000000000000000006E
:10425000000000000000000000000000000000005E
:10426000000000000000000000000000000000004E
:10427000000000000000000000000000000000003E
:10428000000000000000000000000000000000002E
:10429000000000000000000000000000000000001E
:1042A000000000000000000000000000000000000E
:1042B00000000000000000000000000000000000FE
:1042C00000000000000000000000000000000000EE
:1042D00000000000000000000000000000000000DE
:1042E00000000000000000000000000000000000CE
:1042F00000000000000000000000000000000000BE
:1043000000000000000000000000000000000000AD
:10431000000000000000000000000000000000009D
:10432000000000000000000000000000000000008D
:10433000000000000000000000000000000000007D
:10434000000000000000000000000000000000006D
:10435000000000000000000000000000000000005D
:10436000000000000000000000000000000000004D
:10437000000000000000000000000000000000003D
:10438000000000000000000000000000000000002D
:10439000000000000000000000000000000000001D
:1043A000000000000000000000000000000000000D
:1043B00000000000000000000000000000000000FD
:1043C00000000000000000000000000000000000ED
:1043D00000000000000000000000000000000000DD
:1043E00000000000000000000000000000000000CD
:1043F00000000000000000000000000000000000BD
:1044000000000000000000000000000000000000AC
:10441000000000000000000000000000000000009C
:10442000000000000000000000000000000000008C
:10443000000000000000000000000000000000007C
:10444000000000000000000000000000000000006C
:10445000000000000000000000000000000000005C
:10446000000000000000000000000000000000004C
:10447000000000000000000000000000000000003C
:10448000000000000000000000000000000000002C
:10449000000000000000000000000000000000001C
:1044A000000000000000000000000000000000000C
:1044B00000000000000000000000000000000000FC
:1044C00000000000000000000000000000000000EC
:1044D00000000000000000000000000000000000DC
:1044E00000000000000000000000000000000000CC
:1044F00000000000000000000000000000000000BC
:1045000000000000000000000000000000000000AB
:10451000000000000000000000000000000000009B
:10452000000000000000000000000000000000008B
:10453000000000000000000000000000000000007B
:10454000000000000000000000000000000000006B
:10455000000000000000000000000000000000005B
:10456000000000000000000000000000000000004B
:10457000000000000000000000000000000000003B
:10458000000000000000000000000000000000002B
:10459000000000000000000000000000000000001B
:1045A000000000000000000000000000000000000B
:1045B00000000000000000000000000000000000FB
:1045C00000000000000000000000000000000000EB
:1045D00000000000000000000000000000000000DB
:1045E00000000000000000000000000000000000CB
:1045F00000000000000000000000000000000000BB
:1046000000000000000000000000000000000000AA
:10461000000000000000000000000000000000009A
:10462000000000000000000000000000000000008A
:10463000000000000000000000000000000000007A
:10464000000000000000000000000000000000006A
:10465000000000000000000000000000000000005A
:10466000000000000000000000000000000000004A
:10467000000000000000000000000000000000003A
:10468000000000000000000000000000000000002A
:10469000000000000000000000000000000000001A
:1046A000000000000000000000000000000000000A
:1046B00000000000000000000000000000000000FA
:1046C00000000000000000000000000000000000EA
:1046D00000000000000000000000000000000000DA
:1046E00000000000000000000000000000000000CA
:1046F00000000000000000000000000000000000BA
:1047000000000000000000000000000000000000A9
:104710000000000000000000000000000000000099
:104720000000000000000000000000000000000089
:104730000000000000000000000000000000000079
:104740000000000000000000000000000000000069
:104750000000000000000000000000000000000059
:104760000000000000000000000000000000000049
:104770000000000000000000000000000000000039
:104780000000000000000000000000000000000029
:104790000000000000000000000000000000000019
:1047A0000000000000000000000000000000000009
:1047B00000000000000000000000000000000000F9
:1047C00000000000000000000000000000000000E9
:1047D00000000000000000000000000000000000D9
:1047E00000000000000000000000000000000000C9
:1047F00000000000000000000000000000000000B9
:1048000000000000000000000000000000000000A8
:104810000000000000000000000000000000000098
:104820000000000000000000000000000000000088
:104830000000000000000000000000000000000078
:104840000000000000000000000000000000000068
:104850000000000000000000000000000000000058
:104860000000000000000000000000000000000048
:104870000000000000000000000000000000000038
:104880000000000000000000000000000000000028
:104890000000000000000000000000000000000018
:1048A0000000000000000000000000000000000008
:1048B00000000000000000000000000000000000F8
:1048C00000000000000000000000000000000000E8
:1048D00000000000000000000000000000000000D8
:1048E00000000000000000000000000000000000C8
:1048F00000000000000000000000000000000000B8
:1049000000000000000000000000000000000000A7
:104910000000000000000000000000000000000097
:104920000000000000000000000000000000000087
:104930000000000000000000000000000000000077
:104940000000000000000000000000000000000067
:104950000000000000000000000000000000000057
:104960000000000000000000000000000000000047
:104970000000000000000000000000000000000037
:104980000000000000000000000000000000000027
:104990000000000000000000000000000000000017
:1049A0000000000000000000000000000000000007
:1049B00000000000000000000000000000000000F7
:1049C00000000000000000000000000000000000E7
:1049D00000000000000000000000000000000000D7
:1049E00000000000000000000000000000000000C7
:1049F00000000000000000000000000000000000B7
:104A000000000000000000000000000000000000A6
:104A10000000000000000000000000000000000096
:104A20000000000000000000000000000000000086
:104A30000000000000000000000000000000000076
:104A40000000000000000000000000000000000066
:104A50000000000000000000000000000000000056
:104A60000000000000000000000000000000000046
:104A70000000000000000000000000000000000036
:104A80000000000000000000000000000000000026
:104A90000000000000000000000000000000000016
:104AA0000000000000000000000000000000000006
:104AB00000000000000000000000000000000000F6
:104AC00000000000000000000000000000000000E6
:104AD00000000000000000000000000000000000D6
:104AE00000000000000000000000000000000000C6
:104AF00000000000000000000000000000000000B6
:104B000000000000000000000000000000000000A5
:104B10000000000000000000000000000000000095
:104B20000000000000000000000000000000000085
:104B30000000000000000000000000000000000075
:104B40000000000000000000000000000000000065
:104B50000000000000000000000000000000000055
:104B60000000000000000000000000000000000045
:104B70000000000000000000000000000000000035
:104B80000000000000000000000000000000000025
:104B90000000000000000000000000000000000015
:104BA0000000000000000000000000000000000005
:104BB00000000000000000000000000000000000F5
:104BC00000000000000000000000000000000000E5
:104BD00000000000000000000000000000000000D5
:104BE00000000000000000000000000000000000C5
:104BF00000000000000000000000000000000000B5
:104C000000000000000000000000000000000000A4
:104C10000000000000000000000000000000000094
:104C20000000000000000000000000000000000084
:104C30000000000000000000000000000000000074
:104C40000000000000000000000000000000000064
:104C50000000000000000000000000000000000054
:104C60000000000000000000000000000000000044
:104C70000000000000000000000000000000000034
:104C80000000000000000000000000000000000024
:104C90000000000000000000000000000000000014
:104CA0000000000000000000000000000000000004
:104CB00000000000000000000000000000000000F4
:104CC00000000000000000000000000000000000E4
:104CD00000000000000000000000000000000000D4
:104CE00000000000000000000000000000000000C4
:104CF00000000000000000000000000000000000B4
:104D000000000000000000000000000000000000A3
:104D10000000000000000000000000000000000093
:104D20000000000000000000000000000000000083
:104D30000000000000000000000000000000000073
:104D40000000000000000000000000000000000063
:104D50000000000000000000000000000000000053
:104D60000000000000000000000000000000000043
:104D70000000000000000000000000000000000033
:104D80000000000000000000000000000000000023
:104D90000000000000000000000000000000000013
:104DA0000000000000000000000000000000000003
:104DB00000000000000000000000000000000000F3
:104DC00000000000000000000000000000000000E3
:104DD00000000000000000000000000000000000D3
:104DE00000000000000000000000000000000000C3
:104DF00000000000000000000000000000000000B3
:104E000000000000000000000000000000000000A2
:104E10000000000000000000000000000000000092
:104E20000000000000000000000000000000000082
:104E30000000000000000000000000000000000072
:104E40000000000000000000000000000000000062
:104E50000000000000000000000000000000000052
:104E60000000000000000000000000000000000042
:104E70000000000000000000000000000000000032
:104E80000000000000000000000000000000000022
:104E90000000000000000000000000000000000012
:104EA0000000000000000000000000000000000002
:104EB00000000000000000000000000000000000F2
:104EC00000000000000000000000000000000000E2
:104ED00000000000000000000000000000000000D2
:104EE00000000000000000000000000000000000C2
:104EF00000000000000000000000000000000000B2
:104F000000000000000000000000000000000000A1
:104F10000000000000000000000000000000000091
:104F20000000000000000000000000000000000081
:104F30000000000000000000000000000000000071
:104F40000000000000000000000000000000000061
:104F50000000000000000000000000000000000051
:104F60000000000000000000000000000000000041
:104F70000000000000000000000000000000000031
:104F80000000000000000000000000000000000021
:104F90000000000000000000000000000000000011
:104FA0000000000000000000000000000000000001
:104FB00000000000000000000000000000000000F1
:104FC00000000000000000000000000000000000E1
:104FD00000000000000000000000000000000000D1
:104FE00000000000000000000000000000000000C1
:040000058000000077
:00000001FF
