:0200000480007A
:10000000971200009382028673905230AD4273B013
:10001000023085629382828873B04230B72F000C21
:10002000137E0E00130E0E002380CF01A380CF019C
:100030002381CF01A381CF01B70F000C137E0E00E7
:100040002380CF01A380CF012381CF01A381CF01E2
:100050008140014181410142814201438143014488
:100060008144014581450146814601478147014858
:10007000814801498149014A814A014B814B014C28
:10008000814C014D814D014E814E014F814F975161
:1000900000009381E16F175501001305A5F59755F1
:1000A00001009385A520014610C16374B5001105B8
:1000B000E5BF138541849385C185014610C16374F2
:1000C000B5001105E5BF17010200130161F31752D6
:1000D00001001302D221137202FC6F10701401A0F0
:1000E000011106CE22CC0010B707B0002326F4FE83
:1000F000232004FE232204FE0145F5283524EF00C9
:10010000606C1305800CEF00807F1745000013051D
:1001100065EEEF10403B0D260325C4FEEF00A06402
:10012000EF006066174500001305C5EDEF10A0391C
:10013000975700009387C7EB9C43BE850325C4FEF9
:10014000D1298327C4FE91072326F4FE174500001A
:10015000130585ECEF102037232404FE81A8130536
:10016000800CEF00C079832784FE850717570000B5
:10017000130707E88A07BA979C43BE850325C4FE88
:1001800051298327C4FE91072326F4FE832784FE8A
:1001900093F7F71F99E7174500001305A5E8EF103F
:1001A0008032832784FE85072324F4FE97570000BE
:1001B000938707E49843832784FEE3E2E7FA174531
:1001C0000000130565E6EF10003017450000130529
:1001D000E5E6EF10402F02900100F2406244056115
:1001E0008280411106C622C40008DD3D0100B240F4
:1001F000224441018280011122CE00102326A4FE58
:100200000327C4FEB7070200BA973E87975700003E
:10021000938707D898C30327C4FEB7070200910746
:10022000BA973E87975700009387C7D698C303278E
:10023000C4FEB7070200A107BA973E879387818063
:1002400098C30327C4FEB7070200B107BA973E87D9
:100250009387C18098C30327C4FEB7070200C10774
:10026000BA973E879387018198C30327C4FEB707D7
:100270000200D107BA973E879387418198C303272D
:10028000C4FEB7070200E107BA973E8793878181D2
:1002900098C30327C4FEB7070200F107BA973E8749
:1002A0009387C18198C30327C4FEB70702009387D1
:1002B0000702BA973E879387018298C30327C4FE3B
:1002C000B707020093874702BA973E879387418218
:1002D00098C30327C4FEB707020093878702BA9723
:1002E0003E879387818298C30100724405618280B2
:1002F000011122CE00102326A4FE2324B4FE83275E
:10030000C4FE032784FE98C3010072440561828005
:10031000011122CE00102326A4FE8327C4FE9C4395
:100320003E85724405618280411106C622C40008E0
:10033000975700009387C7C59C439305B0033E853C
:10034000453F0100B240224441018280411106C66E
:1003500022C40008975700009387C7C39C43C16518
:100360003E8579370100B24022444101828041112B
:1003700006C622C40008975700009387A7C19C4374
:10038000A1653E85B5370100B2402244410182801B
:10039000011122CE00102326A4FE2324B4FE232222
:1003A000C4FE832784FE0547B317F7001387F7FFC2
:1003B000832744FEFD178326C4FEB3D7F640F98F8A
:1003C0003E85724405618280011106CE22CC001068
:1003D000232604FE19A81305400615239387818060
:1003E0009C433E8535372326A4FE8327C4FE858B98
:1003F000FDD385473E85F24062440561828001114C
:1004000006CE22CC0010930700082326F4FE11A884
:100410002945F521938781809C433E85D53D232640
:10042000A4FE8327C4FE93F70708FDF385473E85A6
:10043000F240624405618280411106C622C4000870
:100440009387C1809C43B70500063E855535938749
:10045000C1819C4399453E85613D97570000938734
:1004600027B39843B70708009385B7073A854935FE
:10047000793785473E85B24022444101828041114F
:1004800006C622C400089387C1809C43B70500308C
:100490003E85B93D9387C1819C43930500033E850A
:1004A000813D975700009387A7AE9843B707080090
:1004B0009385B7073A852D3D993785473E85B240EC
:1004C000224441018280797106D622D40018232E5D
:1004D000A4FC232CB4FC2546E145032584FD4D3DB9
:1004E0002326A4FE0546A145032584FD5535232476
:1004F000A4FE0327C4FD8327C4FED98F2322F4FE64
:10050000832784FEE2072324F4FE9387C1809C4363
:10051000832544FE3E85E93B938701819C438325E7
:1005200084FE3E85F1339387C1819C4381453E859E
:10053000C133975700009387A7A59843B7072800B2
:100540009385B7073A856D335145552E4D3D854707
:100550003E85B250225445618280797106D622D4FC
:100560000018232EA4FC232CB4FC232AC4FC8327CC
:1005700084FD13D787008327C4FDD98F2326F4FE7B
:10058000832784FDE2073E87832744FDA183D98F1B
:100590002324F4FE832744FDE2072322F4FE83266E
:1005A00044FE032684FE8325C4FE17450000130580
:1005B000E5A9EF0050139387C1809C438325C4FEB7
:1005C0003E853D33938701819C43832584FE3E8590
:1005D0000533938741819C43832544FE3E85093B37
:1005E0009387C1819C4381453E851933975700000D
:1005F0009387079A9843B70748009385B7073A85CA
:10060000C5395145ED2CE53BBD2A0100B2502254BD
:1006100045618280011106CE22CC00102326A4FE63
:100620002324B4FE113D032684FE8325C4FE370532
:1006300000122537892A0100F24062440561828058
:10064000797106D622D40018232EA4FC232CB4FCE6
:100650000546A145032584FD253B2324A4FE8327CD
:1006600084FEE2072324F4FE9387C180944383270A
:1006700084FD13D787008327C4FDD98FBE853685B7
:100680008539938701819843832784FDE207BE85DE
:100690003A85B9399387C1819C4381453E85893923
:1006A0007531975700009387A78E9843B70730207E
:1006B0009385B7073A852D391305007D89242933A1
:1006C000AA8799C79387C1819C439C432326F4FE44
:1006D0008327C4FE3E85B2502254456182807971E1
:1006E00006D622D40018232EA4FC8325C4FD37058A
:1006F000000CB9372326A4FE8327C4FE3E85B250E2
:10070000225445618280797106D622D40018232EA6
:10071000A4FC9387C1809C438325C4FD3E85C93ECC
:100720009387C1819C438325C4FD3E85D1363939E9
:10073000975700009387C7859843B707082093858C
:10074000B7073A8575364931AA8799C79387C1811A
:100750009C439C432326F4FE8327C4FE3E85B2506F
:10076000225445618280011106CE22CC001023263E
:10077000A4FE8325C4FE370500DCB1330100F2403E
:10078000624405618280011106CE22CC00108D47A3
:100790002326F4FE31A837050005B5372326A4FE2D
:1007A0008325C4FE174500001305058CEF00A073D8
:1007B0008327C4FE8D8BE5F381473E85F24062447A
:1007C00005618280011106CE22CC0010B5319387DD
:1007D000C1809C43B705009F3E85193E9387C18128
:1007E0009C43B705009F3E8521368D369747000014
:1007F0009387077A9843B70708189385B7073A8510
:10080000C53CD936AA8799C79387C1819C439C432D
:100810002326F4FE4546A1450325C4FE953E232428
:10082000A4FE0546C1450325C4FE9D362322A4FE31
:10083000832584FE1745000013050585EF00A06A97
:10084000832544FE1745000013050585EF00A069C8
:1008500085473E85F24062440561828000000000C9
:10086000197101001300000006C20AC40EC612C8A6
:1008700016CA1ACC1ECE22D026D22AD42ED632D8D0
:1008800036DA3ADC3EDEC2C0C6C2CAC4CEC6D2C860
:10089000D6CADACCDECEE2D0E6D2EAD4EED6F2D8B0
:1008A000F6DAFADCFEDE73252034F32510340A86EE
:1008B000EF0040527310153492402241B24142423F
:1008C000D2426243F243025492542255B2554256E8
:1008D000D2566257F257064896482649B649464AC4
:1008E000D64A664BF64B065C965C265DB65D465E68
:1008F000D65E665FF65F0961730020300000797193
:1009000022D60018232EA4FC232604FE01008327F0
:10091000C4FE138717002326E4FE0327C4FDE3E883
:10092000E7FE01000100325445618280797122D6D0
:100930000018232EA4FC0327C4FD9307803EB307B1
:10094000F7022326F4FE29A89307803E2324F4FE11
:100950000100832784FE1387F7FF2324E4FEF5FBC1
:100960008327C4FE1387F7FF2326E4FEF1FF01006F
:100970000100325445618280797106D622D4001874
:10098000232EA4FC85472326F4FE232404FE31A84D
:100990000327C4FEBA878A07BA9786072326F4FE80
:1009A000832784FE85072324F4FE032784FE832700
:1009B000C4FDE36FF7FC0325C4FEEF30C032AA8705
:1009C0003E85B250225445618280797122D600184A
:1009D000232EA4FC232CB4FC232604FE832784FDB1
:1009E000FD172324F4FE99A88327C4FE0327C4FD22
:1009F000BA9783C70700A303F4FE832784FE032767
:100A0000C4FD3E978327C4FE8326C4FDB6970347E3
:100A100007002380E700832784FE0327C4FDBA97DD
:100A2000034774FE2380E7008327C4FE850723263F
:100A3000F4FE832784FEFD172324F4FE0327C4FE5F
:100A4000832784FEE342F7FA010001003254456136
:100A50008280797106D622D40018232EA4FC232C80
:100A6000B4FC232AC4FC232604FE3DA80327C4FDAE
:100A7000A947B367F70213F7F70F832684FD83278F
:100A8000C4FEB697130707031377F70F2380E70019
:100A90008327C4FE85072326F4FE0327C4FDA94748
:100AA000B347F702232EF4FC8327C4FDE1F339A8F2
:100AB000032784FD8327C4FEBA971307000323800E
:100AC000E7008327C4FE85072326F4FE0327C4FE20
:100AD000832744FDE36EF7FC8327C4FEBE85032510
:100AE00084FDE535032784FD8327C4FEBA97238060
:100AF00007008327C4FE3E85B250225445618280A0
:100B00005D7186C6A2C48008232EA4FA232CB4FAF1
:100B1000232AC4FA232604FE232004FC232204FCF7
:100B2000232404FC232604FC232804FC232A04FC9D
:100B3000232C04FC231E04FC0325C4FBEF304024BB
:100B40002A87AE8797360000938646589042D44253
:100B50003A85BE85EF20C0462A87AE873A85BE8596
:100B6000EF30602BAA87232EF4FA0325C4FBEF3065
:100B7000E005AA872324F4FE032584FEEF30000B52
:100B8000AA87BE850325C4FBEF205051AA872322E4
:100B9000F4FE232004FE930500000325C4FBEF2090
:100BA0009026AA8763DE0700832704FE032784FBC1
:100BB000BA971307D0022380E70085472320F4FE6D
:100BC000832784FE85E3832704FE032784FBBA97EB
:100BD000130700032380E700832704FE85072320F3
:100BE000F4FE3DA8832784FE63D80700832784FE94
:100BF000B307F0402324F4FE930704FC0146BE85AE
:100C0000032584FEB9352326A4FE832704FE03278B
:100C100084FBBA97130704FCBA853E85EF30603534
:100C20000327C4FE832704FEBA972326F4FE8327F6
:100C300044FBADCF8327C4FE032784FBBA97130779
:100C4000E0022380E70093050000032544FEEF2027
:100C5000901BAA8763DA0700032744FEB7070080CA
:100C6000B98F2322F4FE39A093050000032544FE2A
:100C7000EF201014032544FB0133AA87BE8503250A
:100C800044FEEF20D01FAA872322F4FE032544FE52
:100C9000EF20D073AA868327C4FE8507032784FB31
:100CA000BA97032644FBBE85368565330100B640FE
:100CB000264461618280797122D60018232EA4FC1B
:100CC000232CB4FC832784FD2326F4FE29A8832744
:100CD00084FD2326F4FE01008327C4FE1387F7FF5B
:100CE0002326E4FEF5FB8327C4FD1387F7FF232E9D
:100CF000E4FCF1FF010001003254456182800111E2
:100D000006CE22CC00102326A4FE8327C4FE9C43DB
:100D10003E868325C4FE173500001305A539E12260
:100D20008327C4FE9C433E85F24062440561828075
:100D3000011106CE22CC00102326A4FE2324B4FEEB
:100D40008327C4FE032784FE98C38327C4FE9C43E5
:100D50003E868325C4FE173500001305A5356122A4
:100D60000100F240624405618280797106D622D486
:100D70000018232EA4FC173500001305A535052205
:100D80000327C4FDB707008093C7F7FFF98F232619
:100D9000F4FE8325C4FE1735000013056535A12236
:100DA0001735000013054536DD288327C4FE3E8530
:100DB000B250225445618280011106CE22CC00102F
:100DC0002326A4FE2324B4FE173500001305453561
:100DD000F92001A0797106D622D40018232EA4FC94
:100DE000232CB4FC232604FE232404FE1735000024
:100DF0001305C5346D20032684FD8325C4FD1735F6
:100E00000000130525357528914517350000130599
:100E10006536D128FD472324F4FE832784FE054749
:100E2000B317F7003E878327C4FDF98F95CB0325C1
:100E3000C4FD253F2326A4FE173500001305053504
:100E40004920174701001307E71A8327C4FE8A07C2
:100E5000BA979C43832584FD0325C4FD829725A072
:100E60001735000013054534A9281747010013075B
:100E7000671C8327C4FD8A07BA979C43832584FD9A
:100E80000325C4FD8297173500001305A5330128FB
:100E9000832784FD3E85B2502254456182805D7176
:100EA00022D60018232EA4FC4CC010C454C418C869
:100EB0005CC8232C0401232E14010100325461610B
:100EC00082805D7122D60018232EA4FC4CC010C471
:100ED00054C418C85CC8232C0401232E140101003B
:100EE0003254616182805D7122D60018232EA4FCE9
:100EF0004CC010C454C418C85CC8232C0401232E51
:100F0000140101003254616182805D7122D60018A3
:100F1000232EA4FC4CC010C454C418C85CC8232C95
:100F20000401232E140101003254616182805D713D
:100F300022D60018232EA4FC4CC010C454C418C8D8
:100F40005CC8232C0401232E14010100325461617A
:100F500082805D7106D622D40018232EA4FC4CC0DA
:100F600010C454C418C85CC8232C0401232E1401D7
:100F700093070402232CF4FC832784FD9117232676
:100F8000F4FE8327C4FEBE850325C4FD912A1735D0
:100F9000000013056524353701A02971232E111295
:100FA000232C8112232A21132328311323264113B2
:100FB000232451132322611323207113800223243D
:100FC000A4EC2326B4EC2322C4EC232E04FC232C13
:100FD00004FC832744EC3E8B814B032784EC83275E
:100FE000C4EC5A86DE863A85BE85EF1030482A87E3
:100FF000AE878327C4FD8A07930604FEB69723AC09
:10100000E7EE832744EC3E8981498327C4EC4E8771
:1010100063E4E7048327C4EC4E876397E7008327E4
:1010200084EC4A8763EAE702832744EC3E8A814ADC
:101030005286D686032584EC8325C4ECEF10B00CD1
:101040002A87AE872324E4EC2326F4EC8327C4FD0F
:101050008507232EF4FCB5BF01008327C4FD850757
:10106000232EF4FC91A08327C4FD8A07130704FEF6
:10107000BA9703A787EFA54763F7E70093077005C3
:10108000232CF4FC29A093070003232CF4FC8327D2
:10109000C4FD8A07130704FEBA9703A787EF8327C7
:1010A00084FDBA973E85F9298327C4FD1387F7FF8E
:1010B000232EE4FCE349F0FA010001008320C11370
:1010C000032481130329411383290113032AC11225
:1010D000832A8112032B4112832B011231618280FA
:1010E0001D7186CEA2CCA6CACAC880102326A4FA37
:1010F0002324B4FA93070000232CF4FC232804FAD9
:10110000232A04FA232C04FA232E04FA232004FCB5
:10111000232204FC232404FC231604FC11A8638D61
:101120000438268585218327C4FA85072326F4FA07
:101130008327C4FA83C70700BE8493075002E39055
:10114000F4FE8327C4FA85072326F4FA8327C4FA1A
:10115000232AF4FC232204FE232E04FC8327C4FA52
:10116000138717002326E4FA83C70700BE8493077A
:1011700050026380F4329307500263CFF430930738
:10118000800763CB97309307300663C7F4309387AB
:10119000D4F955476362F73013972700973700005B
:1011A0009387C704BA97984397370000938707043B
:1011B000BA978287832744FE85072322F4FE85475A
:1011C000232EF4FCD5A4832784FA13874700232415
:1011D000E4FA9C433E857D26C1AC832784FA1387BD
:1011E00047002324E4FA03A90700631A090017390A
:1011F0000000130929FF21A02685692605098347D8
:101200000900BE84F5F84DA4A9472328F4FC032760
:1012100044FE854763D1E702832784FA9D07E19B5B
:10122000138787002324E4FA9843DC432324E4FE55
:101230002326F4FE3DA8032744FE8547631FF700DD
:10124000832784FA138747002324E4FA9C4323244A
:10125000F4FEFD872326F4FE29A8832784FA13874A
:1012600047002324E4FA9C432324F4FEFD8723262D
:10127000F4FE032784FE8327C4FE63DB0702130505
:10128000D0020926032584FE8325C4FE0147814739
:101290003306A740328833380701B386B740B38797
:1012A0000641BE863287B6872324E4FE2326F4FE59
:1012B000832704FD3E86032584FE8325C4FEF13981
:1012C000E5A2832784FA9D07E19B138787002324E7
:1012D000E4FA9843DC433A85BE85EF20D033AA87F1
:1012E000232CF4FC930704FB1946BE85032584FDDB
:1012F000EFF01F81232004FE25A0832704FE13079F
:1013000004FFBA9783C707FC3E85AD2C032704FE74
:10131000F54763C0E702832704FE85072320F4FE18
:10132000832704FE130704FFBA9783C707FCF1F76E
:10133000A5AA010095AAA9472328F4FC032744FE87
:10134000854763D1E702832784FA9D07E19B1387D2
:1013500087002324E4FA9843DC432324E4FE232675
:10136000F4FE1DA8832744FE89CF832784FA1387C0
:1013700047002324E4FA9C432324F4FE232604FE9E
:1013800021A8832784FA138747002324E4FA9C4387
:101390002324F4FE232604FE832704FD3E86032532
:1013A00084FE8325C4FED53E01A2A1472328F4FC78
:1013B000032744FE854763D1E702832784FA9D070C
:1013C000E19B138787002324E4FA9843DC4323241A
:1013D000E4FE2326F4FE1DA8832744FE89CF83273D
:1013E00084FA138747002324E4FA9C432324F4FE61
:1013F000232604FE21A8832784FA13874700232489
:10140000E4FA9C432324F4FE232604FE832704FDF0
:101410003E86032584FE8325C4FE413671A0C14764
:101420002328F4FC032744FE854763D1E702832782
:1014300084FA9D07E19B138787002324E4FA9843ED
:10144000DC432324E4FE2326F4FE1DA8832744FE68
:1014500089CF832784FA138747002324E4FA9C4327
:101460002324F4FE232604FE21A8832784FA13876D
:1014700047002324E4FA9C432324F4FE232604FE9D
:10148000832704FD3E86032584FE8325C4FE313672
:1014900021A82685C52809A813055002E520832721
:1014A00044FD2326F4FA01008327C4FD81C7232EBF
:1014B00004FC6DB10100ADB90100F6406644D644AC
:1014C0004649256182805D7106D622D40018232EFC
:1014D000A4FC4CC010C454C418C85CC8232C04011C
:1014E000232E140193070402232CF4FC832784FD8C
:1014F00091172326F4FE8327C4FEBE850325C4FD71
:10150000C53681473E85B250225461618280011107
:1015100022CE0010232604FE2DA08327C4FE93872D
:101520003711A207BE86174701001307A7B4832708
:10153000C4FE8A07BA9794C38327C4FE850723266F
:10154000F4FE0327C4FE8947E3D9E7FC010001004C
:10155000724405618280411122C60008010097474C
:101560000100938727B19C4383C7C700918BE5DBBC
:1015700097470100938707B09C439C473E853244C0
:1015800041018280011122CE00102326A4FE010019
:1015900097470100938707AE9C4383C7C700898B99
:1015A000E5FB974701009387E7AC9C430327C4FE04
:1015B000D8C381473E85724405618280797122D605
:1015C0000018232EA4FC232CB4FC232604FE83271E
:1015D00084FD920737F7FA0213070708B357F7029B
:1015E0002326F4FE8327C4FE139707014183832734
:1015F000C4FD2390E700010032544561828001114F
:1016000022CE00102326A4FEAE87A305F4FE832776
:10161000C4FE0347B4FE238CE70001007244056159
:101620008280011122CE00102326A4FEAE87A305DE
:10163000F4FE01008327C4FE83C7C700898BFDFB2E
:101640000347B4FE8327C4FED8C381473E85724456
:1016500005618280797106D622D40018232EA4FC5D
:10166000232CB4FC232604FE8327C4FE1387170013
:101670002326E4FE032784FDBA9783C70700A3054A
:10168000F4FE8347B4FEBE850325C4FD593F83475E
:10169000B4FEF9FB81473E85B250225445618280F9
:1016A000797122D60018232EA4FC232CB4FCA307A6
:1016B00004FE01008327C4FD83C7C700918BFDDBB7
:1016C0008327C4FD9C47A307F4FE832784FD0347BB
:1016D000F4FE2380E70085473E85325445618280D1
:1016E000797106D622D40018232EA4FC232CB4FC36
:1016F000232604FEA30504FE01008327C4FD83C73F
:10170000C700918BFDDB8327C4FD9C47A305F4FE36
:101710008327C4FE138717002326E4FE032784FDD6
:10172000BA970347B4FE2380E7008347B4FE3E85A3
:10173000913D0347B4FEB547E310F7FC8327C4FE91
:10174000138717002326E4FE032784FDBA97294751
:101750002380E7008327C4FE138717002326E4FEB7
:10176000032784FDBA97238007008327C4FE93F7DD
:10177000F70F3E85B250225445618280797122D69E
:101780000018232EA4FC31A08327C4FD9C47A30787
:10179000F4FE8327C4FD83C7C700918BF5F70100D2
:1017A0000100325445618280411122C600080100C7
:1017B000324441018280411106C622C40008173517
:1017C0000000130525A8EFF08FED974701009387E0
:1017D000678217F7FFFF1307675E98C397470100FB
:1017E0009387478117F7FFFF1307475DD8C39747D4
:1017F00001009387278017F7FFFF1307275C98C71F
:10180000973701009387077F17F7FFFF1307075BE1
:10181000D8C7973701009387E77D17F7FFFF1307B6
:10182000E75998CB973701009387C77C17F7FFFFDD
:101830001307C758D8CB973701009387A77B17F7B3
:10184000FFFF1307A75798CF973701009387877A31
:10185000170700001307672FD8CF9737010093872A
:10186000677917F7FFFF1307675598D3973701007C
:101870009387477817F7FFFF13074754D8D3973755
:1018800001009387277717F7FFFF1307275398D790
:10189000973701009387077617070000130707475C
:1018A000D8D7973701009387E77417F7FFFF13071F
:1018B000E75098DB973701009387C77317F7FFFF4F
:1018C0001307C74FD8DB973701009387A77217F725
:1018D000FFFF1307A74E98DF9737010093878771A3
:1018E00017F7FFFF1307874DD8DF9737010093875E
:1018F000677417F7FFFF1307674C98C3973701000A
:101900009387477317F7FFFF1307474BD8C39737E2
:1019100001009387277217F7FFFF1307274A98C71D
:10192000973701009387077117F7FFFF13070749E0
:10193000D8C7973701009387E76F17F7FFFF1307A3
:10194000E74798CB973701009387C76E17F7FFFFDC
:101950001307C746D8CB973701009387A76D17F7B2
:10196000FFFF1307A74598CF973701009387876C30
:1019700017F7FFFF13078744D8CF973701009387E6
:10198000676B17F7FFFF1307674398D3973701007B
:101990009387476A17F7FFFF13074742D8D3973754
:1019A00001009387276917F7FFFF1307274198D78F
:1019B000973701009387076817F7FFFF1307074062
:1019C000D8D7973701009387E76617F7FFFF13070C
:1019D000E73E98DB973701009387C76517F7FFFF4E
:1019E0001307C73DD8DB973701009387A76417F724
:1019F000FFFF1307A73C98DF9737010093878763A2
:101A000017F7FFFF1307873BD8DF173500001305D3
:101A1000E584EFF0CFC80100B2402244410182804A
:101A2000411106C622C40008DD3417350000130535
:101A30002584EFF0CFC64133EFE0AFFA1735000051
:101A400013050584EFF0AFC50100B2402244410107
:101A50008280411122C60008B7C70002E1179C43EB
:101A60003E85324441018280411122C60008B7C739
:101A70000002F1179C433E853244410182804111AE
:101A800006C622C44AC24EC00008E137AA873E8972
:101A900081494A87CE873A85BE85B24022441249A1
:101AA000824941018280011106CE22CC00102324FC
:101AB000A4FE2326B4FE172500001305657DEFF074
:101AC0000FBE9387C1839C439843DC439386018474
:101AD00003A80600032584FE8325C4FE3306A70061
:101AE000B288B3B8E800B386B700B387D800BE8623
:101AF0003287B6872320E8002322F80093870184E9
:101B00009C439843DC433A86BE86172500001305A4
:101B1000E579EFF00FBB9387C1839C439843DC4387
:101B20003A86BE86172500001305C579EFF06FB918
:101B3000172500001305457AEFF06FB60100F2405B
:101B4000624405618280011106CE22CC001023265A
:101B5000A4FE2324B4FE172500001305A579EFF099
:101B60000FB49387018494437D57FD5798C2DCC21C
:101B7000938701849C439843DC433A86BE861725AD
:101B8000000013052579EFF00FB6B7C70002E11783
:101B90009C43BE851725000013054579EFF0AFB4CF
:101BA000172500001305C579EFF06FAF0100F24073
:101BB000624405618280797106D622D40018232EF2
:101BC000A4FC1725000013056579EFF04FADB707AA
:101BD000010CC1072326F4FE8327C4FE0327C4FD9E
:101BE00098C3173701001307A7498327C4FD92073D
:101BF000BA97094798C71737010013076748832723
:101C0000C4FD9207BA97DC47138717009736010087
:101C1000938606478327C4FD9207B697D8C7173720
:101C200001001307E7458327C4FD9207BA979C4735
:101C30003E868325C4FD1725000013052574EFF0AB
:101C40008FAA173701001307A7438327C4FD920704
:101C5000BA978C4317370100130787428327C4FDC7
:101C60009207BA97904717370100130767418327F8
:101C7000C4FD9207BA97D4431737010013074740B2
:101C80008327C4FD9207BA97DC473E8717250000DB
:101C900013054571EFF02FA51725000013050576F4
:101CA000EFF0EF9F0100B250225445618280011194
:101CB00006CE22CC0010232604FE172500001305B3
:101CC000A575EFF0CF9DB707010CC1072326F4FEE1
:101CD0008327C4FE9C432324F4FE0326C4FE8325ED
:101CE00084FE1725000013056575EFF0CF9F1725BB
:101CF000000013056577EFF08F9A832784FE3E85F9
:101D0000F240624405618280797106D622D40018BF
:101D1000232EA4FC232CB4FC172500001305C57644
:101D2000EFF0EF9769372326A4FE8325C4FE17251D
:101D3000000013052577EFF00F9B8327C4FE91C7A2
:101D40000327C4FEF14763FAE7008325C4FE172585
:101D500000001305E576EFF0CF9F1737010013075A
:101D600027328327C4FE9207BA97054798C71737CB
:101D700001001307E7308327C4FE9207BA979C47F8
:101D80003E868325C4FE172500001305255FEFF06E
:101D90008F95173701001307A74A8327C4FE8A07C8
:101DA000BA979C430325C4FE82970325C4FE2135C0
:101DB0008325C4FE172500001305C573EFF0AF920D
:101DC000172500001305C574EFF06F8D0100B250A8
:101DD000225445618280011106CE22CC00102326B8
:101DE000A4FE1725000013056574EFF04F8B8327C1
:101DF000C4FE85CB0327C4FE994763E4E702194775
:101E00008327C4FEB307F7403E857125AA8791EB6F
:101E100019478327C4FEB307F740930500083E85A2
:101E200019258325C4FE172500001305A571EFF0C1
:101E30004F89172500001305A572EFF04F860100AA
:101E4000F240624405618280797106D622D400187E
:101E5000232EA4FCA30704FE172500001305C5715B
:101E6000EFF0EF838325C4FD17250000130585726D
:101E7000EFF06F870966B705000C17250000130502
:101E8000A572EFF04F868327C4FD13D73700B7271D
:101E9000000CBA972324F4FE832784FE83C707002F
:101EA000A307F4FE8347F4FE3E86832584FE1725B0
:101EB00000001305A572EFF00F838327C4FD9D8BEF
:101EC0000547B317F7001397870161878307F4FE6F
:101ED000D98FE207E187A303F4FE832784FE03473B
:101EE00074FE2380E700834774FEBE85172500003B
:101EF0001305C571EFE03FFF172500001305C572FC
:101F0000EFE0FFF90100B2502254456182807971FF
:101F100006D622D40018232EA4FC232604FEA305F3
:101F200004FE172500001305E571EFE05FF7832538
:101F3000C4FD172500001305E565EFE0DFFA8326F1
:101F4000C4FD0966B705000C17250000130585714F
:101F5000EFE07FF98327C4FD13D73700B727000CC4
:101F6000BA972326F4FE8327C4FE83C70700A30580
:101F7000F4FE8347B4FE3E868325C4FE1725000089
:101F800013058572EFE03FF68327C4FD9D8B05475F
:101F9000B317F700E207E18793C7F7FF13978701AD
:101FA00061878307B4FEF98FE207E1872305F4FE1A
:101FB0008327C4FE0347A4FE2380E70017370100F0
:101FC0001307070C8327C4FD9207BA9723A40700C1
:101FD000173701001307C70A8327C4FD9207BA9772
:101FE0009C473E868325C4FD17250000130505394F
:101FF000EFE07FEF172500001305456EEFE03FEAA5
:102000000100B250225445618280797106D622D4F3
:102010000018232EA4FC172500001305E56DEFE042
:102020001FE8232604FEB707010C2326F4FE8327AE
:10203000C4FE0327C4FD98C38327C4FE9C43BE850A
:10204000172500001305856DEFE0FFE91725000057
:102050001305856EEFE0BFE40100B25022544561E4
:102060008280797106D622D40018232EA4FC232C5A
:10207000B4FC8325C4FD172500001305E56DEFE0D2
:102080001FE2832784FD13972700B707000CBA9738
:102090002326F4FE8325C4FE172500001305456E94
:1020A000EFE07FE48327C4FE9C43BE851725000034
:1020B0001305456FEFE03FE38327C4FE0327C4FD0C
:1020C00098C38327C4FE9C43BE85172500001305D3
:1020D000A570EFE05FE1172500001305E572EFE062
:1020E0001FDC0100B250225445618280797106D60E
:1020F00022D40018232EA4FC172500001305C57256
:10210000EFE0FFD9B707040013850710EFE03FBFEA
:102110002326A4FE8325C4FE17250000130505739E
:10212000EFE07FDC8327C4FDE5170547B317F70011
:1021300093C7F7FF3E878327C4FEF98FBE85B70795
:10214000040013850710EFE0BFBEB7070400138536
:102150000710EFE0DFBAAA87BE8517250000130538
:102160002571EFE05FD81725000013056573EFE0D8
:102170001FD30100B250225445618280011106CE66
:1021800022CC0010232604FE1725000013054573FA
:10219000EFE0FFD0973701009387C7E517070000EE
:1021A0001307C7B6D8D7AD451725000013058572AC
:1021B000EFE07FD397370100938787EC23A40700D4
:1021C000973701009387C7EB23A0070097370100DB
:1021D000938707EB23A2070097370100938747EA0D
:1021E00023A6070085472326F4FEE5A01737010044
:1021F000130707E98327C4FE9207BA9723A40700B1
:10220000173701001307C7E78327C4FE9207BA9761
:102210000327C4FE98C317370100130767E6832717
:10222000C4FE9207BA970947D8C3173701001307AE
:1022300027E58327C4FE9207BA9723A60700172530
:1022400000001305E56BEFE01FCA0325C4FEC13192
:10225000173701001307C7FE8327C4FE8A07BA9702
:1022600017070000130767B798C38325C4FE094505
:10227000CD3B173701001307A7E08327C4FE920761
:10228000BA978C4317370100130787DF8327C4FEF3
:102290009207BA97904717370100130767DE832725
:1022A000C4FE9207BA97D44317370100130747DDDE
:1022B0008327C4FE9207BA97DC473E8717250000A4
:1022C00013054567EFE03FC28327C4FE8507232639
:1022D000F4FE0327C4FEED47E3FAE7F00545353386
:1022E000172500001305056EEFE07FBB0100F240EB
:1022F000624405618280011106CE22CC00102326A3
:10230000A4FE172500001305256DEFE05FB9032734
:10231000C4FE994763FAE7000327C4FED54763E587
:10232000E7000325C4FED9330325C4FE313E17253B
:1023300000001305656CEFE09FB60100F2406244B7
:1023400005618280797106D622D40018232EA4FC60
:10235000232CB4FC032784FDC167634DF700C167DC
:102360009385F7FF172500001305056BEFE03FBCD1
:10237000814725A88327C4FD93870730A20723261A
:10238000F4FE832784FD1397070141878327C4FE4A
:102390002390E700032684FD8325C4FD1725000054
:1023A0001305C56AEFE0FFB185473E85B250225460
:1023B00045618280797106D622D40018232EA4FCB0
:1023C000232CB4FC032784FDC167634DF700C1676C
:1023D0009385F7FF172500001305456AEFE03FB529
:1023E00081472DA88327C4FD93870730A207910753
:1023F0002326F4FE832784FD139707014187832753
:10240000C4FE2390E700032684FD8325C4FD172521
:1024100000001305A569EFE0DFAA85473E85B250AD
:10242000225445618280797106D622D40018232E69
:10243000A4FC232CB4FC032784FD9307F00F63DC7A
:10244000E7009305F00F1725000013052569EFE05D
:102450001FAE814725A88327C4FD93870730A207B5
:10246000A1072326F4FE832784FD13F7F70F8327A4
:10247000C4FE2380E700032684FD8325C4FD1725C1
:1024800000001305E568EFE0DFA385473E85B25005
:10249000225445618280797106D622D40018232EF9
:1024A000A4FC8327C4FD93870730A207A107232636
:1024B000F4FE8327C4FE83C7070093F7F70FA18BB1
:1024C0002324F4FE832784FE8D87BE851725000014
:1024D00013054567EFE0FF9E832784FE13D737403F
:1024E00085476314F700854711A081473E85B250A8
:1024F000225445618280797106D622D40018232E99
:10250000A4FC232CB4FC032784FDC167634DF700B2
:10251000C1679385F7FF1725000013052565EFE0D8
:102520001FA181471DA08327C4FD93870730A20701
:10253000B1072326F4FE832784FD13970701418703
:102540008327C4FE2390E70085473E85B25022547E
:1025500045618280011106CE22CC00102326A4FE04
:1025600081450325C4FEF93B81450325C4FE993509
:1025700081450325C4FE453D81450325C4FEA53F95
:102580008325C4FE1725000013058561EFE07F93C6
:102590000100F240624405618280011106CE22CC26
:1025A0000010232604FE09A80325C4FE65378327EF
:1025B000C4FE85072326F4FE0327C4FE9147E3D516
:1025C000E7FE1725000013056560EFE09F8F01000F
:1025D000F240624405618280797106D622D40018E7
:1025E000232EA4FC232604FE8327C4FD9DE7172584
:1025F00000001305A560EFE0DF8C8327C4FE890788
:102600002326F4FE8327C4FE91072326F4FE8327A6
:10261000C4FEC1072326F4FEB9A00327C4FD8547E5
:10262000631EF700172500001305855FEFE07F8923
:102630008327C4FE91072326F4FE35A00327C4FD9B
:1026400089476312F7021725000013056560EFE064
:102650005F878327C4FE91072326F4FE8327C4FEE9
:10266000A1072326F4FE8327C4FE3E85B2502254E0
:1026700045618280797106D622D40018232EA4FCED
:10268000232CB4FC032584FD813F2326A4FE83254F
:10269000C4FE0325C4FD413BAA8789CB8325C4FD25
:1026A000172500001305055EEFE0BF818325C4FEFA
:1026B0000325C4FD8D3BAA8789EB8325C4FD17251F
:1026C00000001305A55EEFE09F860100B250225482
:1026D00045618280797122D60018232EA4FCAE8732
:1026E000A30DF4FC8327C4FD93870730A207A1073D
:1026F0002326F4FE8347B4FD99C78327C4FE8507CC
:102700002326F4FE09A88327C4FE91C78327C4FEAD
:10271000FD172326F4FE0100325445618280011129
:1027200006CE22CC00102326A4FE2324B4FE83254B
:1027300084FE0325C4FEC133AA8799E7172500004C
:1027400013050559EFE0AFFE0100F2406244056158
:102750008280011106CE22CC00102326A4FE232461
:10276000B4FE832584FE0325C4FEA931AA8799E718
:102770001725000013050558EFE06FFB0100F2403C
:10278000624405618280011106CE22CC001023260E
:10279000A4FE2324B4FE832584FE0325C4FE5D36F7
:1027A000AA8799E71725000013050557EFE02FF8D2
:1027B0000100F240624405618280797106D622D41C
:1027C00000182326A4FE2324B4FE2322C4FE2320C3
:1027D000D4FEBA87A30FF4FC832544FE0325C4FE70
:1027E0005D37832504FE0325C4FEA537832584FEBB
:1027F0000325C4FE2D378347F4FDBE850325C4FEA3
:10280000D13D8325C4FE1725000013052553EFE0B5
:102810004FEB0100B250225445618280011106CE77
:1028200022CC00102326A4FE81450325C4FEE53EEC
:102830008325C4FE1725000013054552EFE06FE81D
:102840000100F240624405618280797106D622D48B
:102850000018232EA4FC8327C4FD93870730A2070A
:102860002326F4FE8327C4FD93870730A207910730
:102870002324F4FE8327C4FD93870730A207A10712
:102880002322F4FE8327C4FD93870730A207B107F4
:102890002320F4FE8327C4FE83D70700C207C18329
:1028A000BE85172500001305E54DEFE08FE1832776
:1028B00084FE83D70700C207C183BE8517250000A9
:1028C0001305854EEFE0EFDF832744FE83C7070043
:1028D00093F7F70FBE85172500001305254FEFE08E
:1028E0004FDE832704FE83D70700C207C183BE855E
:1028F0001725000013050550EFE0AFDC0100B250D2
:10290000225445618280AA88AE8732883685468304
:1029100063990620B7560080938606E563F0C50CE0
:1029200041676376E60A1307F00F3337C7000E07D7
:102930003355E600AA9683C60600130500023697B3
:10294000B306E540630CE500B397D70033D7E80042
:102950003318D600B365F7003393D80093580801B5
:10296000B3D7150313160801418213570301B3F6B9
:1029700015033E85B305F602C206558F637CB7008A
:1029800042971385F7FF636707016375B7001385E7
:10299000E7FF42970D8FB3771703420313530301E9
:1029A00033571703C20733E36700B306E6023A86DC
:1029B000637BD30042931306F7FF636603016374DE
:1029C000D3001306E7FF4205518D81455DA8370509
:1029D00000014147E36EA6F4614799BF01E6054750
:1029E0003358C7024167637FE8081307F00F63732A
:1029F000070121453357A800BA9603C706001306FE
:102A000000022A97B306E6406315E608B38707413C
:102A10008545935808011316080141821357030195
:102A2000B3F61703B3D71703C206558F330EF6025A
:102A30003E85637CC70142971385F7FF63670701F3
:102A40006375C7011385E7FF42973307C741B37723
:102A5000170342031353030133571703C20733E32A
:102A60006700B306E6023A86637BD30042931306FF
:102A7000F7FF636603016374D3001306E7FF4205A3
:102A8000518D8280370700014145E365E8F66145D5
:102A900095B73318D800B3D5E7003393D800B39770
:102AA000D70033D7E800935808013366F70033F7AF
:102AB000150393170801C18313550601B3D51503F8
:102AC0004207498FB386B7022E85637CD7004297B1
:102AD0001385F5FF636707016375D7001385E5FF6D
:102AE0004297B306D74033F7160342064182B3D666
:102AF00016034207B388D702B367C700368763FC63
:102B00001701C2971387F6FF63E7070163F5170103
:102B10001387E6FFC29793150501B3871741D98D37
:102B2000CDBD63E2D514416763FFE6021307F00FE2
:102B3000B335D7008E053757008033D5B60013075D
:102B400007E52A9703470700130500022E97B305F0
:102B5000E5406311E5020545E3E5F6F233B5C8004B
:102B60001345150039BF37070001C145E3E5E6FC11
:102B7000E145D1B73353E600B396B6003363D300D3
:102B800013550301B31EB60033D6E700B376A60291
:102B9000B397B70033D7E8003368F7009317030102
:102BA000C183135708013356A602C206558F338FCF
:102BB000C702328E637CE7011A97130EF6FF636734
:102BC00067006375E701130EE6FF1A973307E741C5
:102BD000B376A7023357A702C2063386E7029317DC
:102BE0000801C183D58FBA8663FCC7009A97930604
:102BF000F7FF63E7670063F5C7009306E7FF9A975F
:102C000013150E01416E558D9306FEFF3378D500E6
:102C1000918FB3F6DE001356050193DE0E013303E8
:102C2000D802B306D602135703013308D8033698E7
:102C300042973306D6036373D70072969356070103
:102C4000369663E0C702E392C7D8C167FD177D8F50
:102C500042073373F300B398B8001A978145E3F243
:102C6000E8E27D159DB38145014521BDB2883687D7
:102C7000AA872E886398061CB7560080938606E5BF
:102C800063F8C50A4163637E66081303F00F63733C
:102C9000C30021473353E6009A9603CE06003A9EBE
:102CA000130700023303C741630CC701B3956500E6
:102CB000335EC501B31866003368BE00B317650004
:102CC00013D608013377C80213950801418193D6C2
:102CD00007013358C8024207D98E3308050363F849
:102CE0000601C69663E5160163F30601C696B38630
:102CF000064133F7C602C207C183B3D6C602B30684
:102D0000D50213150701C98F63F8D700C69763E58D
:102D1000170163F3D700C697958F33D567008145B8
:102D20008280370300014147E36666F661479DB73D
:102D300001E60546B3581603416663F3C808130657
:102D4000F00F63731601214733D6E800B29603CE25
:102D500006003A9E130700023303C7416319C707F1
:102D6000B385154113D7080113950801418113D686
:102D70000701B3F6E502B3D5E502C206D18EB3056D
:102D8000B50263F8B600C69663E5160163F3B600B4
:102D9000C696B385B640B3F6E502C207C183B3D584
:102DA000E502B305B50213950601C98F63F8B700B4
:102DB000C69763E5170163F3B700C6978D8FB1BF60
:102DC000370600014147E3E1C8F86147B5BFB39852
:102DD000680033D7C501B3176500335EC50113D54D
:102DE0000801B376A702B3956500336EBE009395D4
:102DF0000801C18113560E013357A702C206D18EB6
:102E00003387E50263F8E600C69663E5160163F3CF
:102E1000E600C6963386E640B376A602420E135EFF
:102E20000E013356A602C2063386C502B3E5C601BB
:102E300063F8C500C69563E5150163F3C500C69543
:102E4000918D0DB7E3EED5EC416763F5E604130E03
:102E5000F00F3337DE000E07B758008033D3E6009B
:102E6000938808E59A9803CE08003A9E130700025B
:102E70003303C7416317C70363E4B6006369C50042
:102E8000B307C540958D3335F5003388A5403E85A1
:102E9000C28579B5B70800014147E3EF16FB6147EA
:102EA00065BF3357C601B3966600336FD700B3D7FB
:102EB000C50113570F01B3F8E702B3956500335806
:102EC000C5013368B80093150F01C18193560801FD
:102ED0003316660033156500B3D7E702C208B3E6C0
:102EE000D800B38EF502BE8863FCD601FA969388AB
:102EF000F7FF63E7E60163F5D6019388E7FFFA96EB
:102F0000B386D641B3FEE602420813580801B3D691
:102F1000E602C20EB3EE0E01B385D502B68763FC9E
:102F2000BE00FA9E9387F6FF63E7EE0163F5BE00ED
:102F30009387E6FFFA9EB385BE40C208C16EB3E830
:102F4000F8009387FEFF33F8F8009356060193D8F4
:102F50000801F18F3307F802B387F8023308D8026B
:102F6000B388D8023E9893560701C29663F3F600E1
:102F7000F698C167FD1713D80601FD8EC2067D8F36
:102F8000C298369763E61501639C1501637AE500E4
:102F90003306C7403337C7007A97B388E840328793
:102FA0003307E5403335E500B3851541898DB39787
:102FB000C5013357670033E5E700B3D565008DB32E
:102FC000370810007D180111B377B80013D74501F9
:102FD0003378D80093D8460122CC8E071374F77F3C
:102FE0001357D50126CAD98F93D4F5011357D601AB
:102FF00093F8F87F93D5F6010E0806CE4AC84EC660
:103000000E05336707010E06B30614416395B4221B
:103010006351D00E63980802B365C700638B052027
:103020009385F6FF89E92A963335A600BA97AA97C1
:1030300032850544B1A81308F07F639D060113048F
:10304000F07F71AA9305F07F630BB418B705800079
:103050004D8FB6859306800363C9B608FD4663C0ED
:10306000B606130800023308B840B3160701B35878
:10307000B60033160601B3E616013336C000558E8E
:103080003357B7002A963E97B337A600BA973285D2
:10309000139787006355071405041307F07F630532
:1030A000E448B70680FFFD16FD8E9355150005898F
:1030B0009397F6014D8D5D8D93D716000DA29386E3
:1030C00005FE93080002B356D70001486388150136
:1030D00013080004B305B8403318B7003366C800BE
:1030E0003336C000558E014771BF598E3336C0004C
:1030F000DDBFD5CAB38588400DE4B3E6A700638C75
:1031000006409386F5FF99E63295BA973336C500A7
:10311000B29705B71308F07F639D0501BA87328522
:1031200039BF9306F07FE38BD8FEB7068000D58FBA
:10313000AE869305800363C4D506FD4563CBD502F7
:10314000130800023308D8403353D500B395070164
:1031500033150501B3E565003335A0004D8DB3D6B9
:10316000D7003295B387E6003336C500B297468460
:1031700005B7938506FE13030002B3D5B7000148D7
:103180006388660013080004B306D8403398D7005C
:103190003365A8003335A0004D8D8146D9B75D8DCC
:1031A0003335A000DDBF9306140093F5E67FBDE143
:1031B000B3E6A70029E463840636B366C70085C278
:1031C0002A96BA973335A600AA97139787003285B7
:1031D00063570700370780FF7D17F98F0544137782
:1031E0007500630507341377F50091466300D73403
:1031F0009306450033B5A600AA97368505AE99DE3D
:10320000598EE30E06E28144B707400001451304DE
:10321000F07F29AE9305F07F6386B6302A963E97FD
:10322000B337A6003E971315F7010582518D9357CA
:10323000170036846DB76356D00C63910808B365E8
:10324000C700E5D99385F6FF91E93306C5403335CC
:10325000C500998F898F32850544B1A01308F07F8E
:10326000E38F06DD9306800363C9B608FD4663C09D
:10327000B606130800023308B840B3160701B35866
:10328000B60033160601B3E616013336C000558E7C
:103290003357B7003306C5403387E740B337C5001F
:1032A000B307F740328513978700E35A07F23709CF
:1032B00080007D1933F92701AA8975A29305F07F53
:1032C000E30FB4F0B70580004D8FB68561BF9386DC
:1032D00005FE93080002B356D70001486388150124
:1032E00013080004B305B8403318B7003366C800AC
:1032F0003336C000558E014771BF598E3336C0003A
:10330000DDBFF9C23388884015E8B3E6A700638FB4
:1033100006269306F8FF91EA3305A640B307F74067
:103320003336A600918FAE8405BF1303F07F631F71
:103330006800BA8732851304F07F7DA09306F07F82
:10334000E389D8FEB7068000D58FC28613088003B4
:103350006348D8067D48634ED80213030002330346
:10336000D340335ED500339867003315650033686A
:10337000C8013335A0003365A800B3D6D7003305A4
:10338000A640B307D7403336A600918F4684AE845B
:1033900019BF138806FE130E000233D8070101433C
:1033A0006388C60113030004B306D3403393D700E8
:1033B0003365A3003335A0003365A8008146C1B74B
:1033C0005D8D3335A000DDBF9306140093F6E67FD4
:1033D000B5E633E8A700B366C70031E46318080018
:1033E000638A061ABA873285AE84D5BBE38906DEC6
:1033F0003308C540B3380501B386E740B3861641AC
:103400009398860063DA08003305A640B307F740B7
:103410003336A600918FC9BF3365D8006300051805
:10342000B68742856DBB63180800638B0616BA87A2
:103430003285AE8429B1E38406C0F1B3B309C54037
:10344000B33635013389E7403309D94093168900F3
:1034500063D80606B309A640B307F74033363601F2
:103460003389C740AE84630309064A85EF00B02C58
:10347000130785FFFD4763C1E70693060002998E97
:10348000B317E900B3D6D900DD8E3395E900634E5A
:103490008706018F930717007D466345F6041307DF
:1034A00000021D8FB355F5003396E6003315E50095
:1034B0004D8E3335A000518DB3D7F600014405B3CE
:1034C00033E529014DF181470144F9A04E85EF0014
:1034D00090261305050269BF130585FDB396A90063
:1034E000014575B705179305000233D7E60001467D
:1034F0006387B700130600041D8E3396C600518DF6
:103500003335A000598D814755BFB70780FFFD17A0
:10351000198CF58FE9B1BA8732852E84C9B1BA8783
:10352000328575B91304F07F8147014513978700F1
:10353000635B070005041307F07F6308E4063707A1
:1035400080FF7D17F98F1397D7010D81598D1307D0
:10355000F07F8D836319E4005D8D814709C5B7074E
:1035600008000145814413174401B706F07FB207F4
:10357000F2406244758FB183FE04D98F33E7970020
:103580004249D244B249BA8505618280BA87328500
:10359000428499BD81470145814449BF8147EDBFC0
:1035A00001458144B70740009DB18147014561BF96
:1035B000370780007D17935675013378A70013D61F
:1035C00075019357F50193F6F60F1305F00F6D8F04
:1035D0001376F60FFD816395A60005456314080276
:1035E0001305F00F6314A600054509EF0545639B1D
:1035F000C6006319E8006386B70089E63335000129
:1036000082800145828093567501B7078000FD17BF
:1036100013D7750193F6F60F1308F00F33F6A700D2
:103620001377F70FED8F7D81FD816395060139C218
:103630000945828063130701E5FF9DEE11E38DCB01
:1036400001CA6314B5006359D7000DC17D5582804E
:103650007D5591C52E85828063D4E60065D9828030
:10366000E3E5C7FEE36CF6FE0145828005458280F6
:1036700065DEE1BFE302D7FC69F7E1DBD9B70111F1
:103680004AC81359750126CA4EC652C493149500F0
:1036900006CE22CC56C21379F90F2E8AA5809359F3
:1036A000F501630609069307F00F630FF9068E0410
:1036B000B7070004DD8C130919F8814A93577A0182
:1036C00013149A0093F7F70F2580135AFA01B5C720
:1036D0001307F00F638FE7060E0437070004598CB9
:1036E000938717F8014793962A00D98ECA97FD163B
:1036F000B94533C549011386170063E5D506B757A9
:103700000080938747E18A06BE969C4282879DC0CF
:103710002685EF0050029307B5FF1309A0F8B39474
:10372000F4003309A94051BF1309F00F894AD9D4D5
:103730008D4A69B70149854A51B715C02285EF0006
:10374000807F9307B5FF3314F4009307A0F8898FA7
:1037500051BF9307F00F094759D40D4769B7814707
:10376000054751B741679308F7FF93D60401935576
:103770000401B3F414013374140133089402338444
:103780008602B386B602B385950293540801A295CA
:10379000AE9463F38400BA9633F71401420733788A
:1037A0001801429713146700C18033348000698385
:1037B000B694418F9A0433E4E400139744006357AE
:1037C00007069357140005885D8C1307F6076351AD
:1037D000E0069377740099C79377F400914663836A
:1037E000D70011049317440063D80700B70700F807
:1037F000FD177D8C130706089307E00F0D8063DD2E
:10380000E70601441307F00F85A84E8526845687E6
:103810008947E308F7FE8D47630BF7048547E316F6
:10382000F7FA0144014789A85285DDB73E8671BF8A
:103830008547998F6D47E346F7FE1306E609B357B0
:10384000F4003314C400333480005D8C937774002B
:1038500099C79377F40011476383E7001104931726
:1038600054000D80E3D007FC0144054731A0370424
:1038700040001307F00F01455E07B707807F26045D
:103880007D8F2580598C7E05F240418D6244D24463
:103890004249B249224A924A05618280B7068000B5
:1038A0004111FD161356750193D87501B3F7A600A3
:1038B00026C2ED8E4AC01376F60F9354F50193F8A5
:1038C000F80F06C622C41305F00F32898E0746870B
:1038D000FD818E066393A80099E293C51500330815
:1038E000164163929512635D000763920804638E2C
:1038F00006267D1863160802B697328793965700FE
:1039000063DD060C05079306F00F6306D726B7069E
:10391000007E13F61700FD168583F58FD18F75A8ED
:103920001307F00F631CE6001307F00F7DA01307C9
:10393000F00FE30BE6FE37070004D98EED4505478F
:1039400063CE050113070002B3D506013308074112
:10395000B3960601B336D00033E7D500BA9771BFEE
:10396000630A0804B385C84009EE63820720FD1589
:1039700099E1B69761B71306F00F639BC800B6874D
:1039800065B71306F00FE38CC8FE37060004D18F2D
:103990006D450546634DB500130600020D8E33D507
:1039A000B700B397C700B337F0003366F500B3072D
:1039B000D600A9B79305160013F7E50F0DEF0DEA32
:1039C0006387071A99CAB6979396570063D706007C
:1039D000370700FC7D17F98F054793F67700638D55
:1039E000061893F6F70011466388C618910769A276
:1039F000D9D79DDA09AA1307F00F638CE516B6979D
:103A000085832E87D9BF63570007639B08043287DD
:103A1000E9D67D18631D0800958F93965700E3DE65
:103A200006FA370400047D147D8C3A89E5A89305D5
:103A3000F00F1307F00FE302B6FAED45054763CE2A
:103A4000050113070002B3D5060133080741B396F9
:103A50000601B336D00033E7D500998F328775BFA2
:103A60009305F00F1307F00FE309B6F637070004CC
:103A7000D98EE1B7630C08043385C84019EEB9CF7D
:103A80007D1509E5B387F640AE8441BF1306F00FFC
:103A9000639CC800B687AE8441BD1306F00FE38B6C
:103AA000C8FE37060004D18F6D480546634DA80057
:103AB00013060002098E33D8A700B397C700B337A7
:103AC000F0003366F800B387C6407DBF13071600C9
:103AD0001377E70F1DEF0DE681E785C2B68719A8BA
:103AE000E38D06EE3386D740131556006356050066
:103AF000B387F640AE84D5B571E681478144ADA861
:103B0000E39907EEC1FA8144B70700021307F00FEB
:103B1000A5A03384D74013175400635D0702338494
:103B2000F640AE84228501291307B5FF3314E40063
:103B30006346270333072741050793060002B3575F
:103B4000E4003387E6403314E40033348000C18F4F
:103B5000014761B561F8814701474DB7B70700FCE0
:103B6000FD173307E940E18F8DBD3287BDB5B687BC
:103B7000ADB51307F00F81479396570063DB06003E
:103B800005079306F00F6301D704B70600FCFD1686
:103B9000F58F9306F00F8D836316D70081C7B707A3
:103BA00040008144B24022443705807F5E07A6076B
:103BB000698FA5831395F401D98F924402495D8DD5
:103BC00041018280B28711BD8147E1B7370680008D
:103BD000135775019307F6FF1377F70F9305E00767
:103BE000E98F9356F50163F1E5049305D00963F875
:103BF000E500370500801345F5FF3695828033E5F3
:103C0000C7009307500963DAE7001307A7F63315D7
:103C1000E50081CE3305A040828093076009338799
:103C2000E7403355E500F5B701458280411106C6EE
:103C300022C426C255C59357F54133C4A7001D8C35
:103C40009354F5012285C52C9307E0092A87338513
:103C5000A7409307600963C4A702A14763D5E700A3
:103C600061173314E40026045E052580498C139502
:103C7000F401B240418D2244924441018280930775
:103C8000900963DDA7009547998F9306B701B35755
:103C9000F4003314D400333480005D8C954763D630
:103CA000E7009307B7FF3314F400B70700FCFD17D4
:103CB00093767400E18F91C63D8891466303D400EA
:103CC00091079396570063DA0600B70600FCFD16CD
:103CD0001304F009F58F3305E44013D4370061B7BE
:103CE0008144014449B7411122C406C62A84814750
:103CF00019CD91249307E009898F13076009634167
:103D0000F70221476355A70061153314A400260468
:103D1000258013957701B240418D22444101828074
:103D200013079009635DF7001307B5019546331734
:103D3000E400898E3337E0003354D400598C1547A2
:103D40006356A7001307B5FF3314E400370700FCE0
:103D50007D1793767400618F91C63D889146630309
:103D6000D40011079316570063D90600B70700FC6B
:103D7000FD177D8F9307F009898F1354370041BFDA
:103D800093577501411193F7F70F22C426C21314FC
:103D900095009354F5011385170006C61375E50FBA
:103DA00025800DC513850738935734007604B20774
:103DB0005205B183C98F1395F401B24033E7A700D0
:103DC000228522449244BA854101828095EB65D0D8
:103DD00022859522A94763CFA700AD47898F130796
:103DE0005501B357F4003314E4001307903833053A
:103DF000A74075BF930755FFB317F4000144F5B70B
:103E0000814719C493573400370708007604D98FC7
:103E10001305F07F69BF1396C50013D8450193576A
:103E2000D5011378F87F25825D8E9307180093F7EC
:103E3000E77FFD8113173500D1C3930608C89307A8
:103E4000E00F63CBD7086342D006A55763CAF60CD0
:103E5000B707800079455D8E158DFD4763C3A702C6
:103E6000130828C8B3170701B337F000331606014B
:103E70003355A700D18FC98F814613F7770025C32B
:103E800055A0F957B386D74093070002B356D60022
:103E900081486306F500130828CAB3180601B3E782
:103EA000E800B337F000D58FC1BF1A053335A00045
:103EB0000E069357D701498ED18FC1B7B367E6007D
:103EC00063150800B337F00045BF9306F00F81CBB0
:103ED0000E06B7070002CDB781479306F00F139780
:103EE0005700635B070085061307F00F6383E60442
:103EF000370700FC7D17F98F1307F00F8D8363964A
:103F0000E60081C7B707400081453705807FDE06A0
:103F1000A607E98EA583D58F1395F5015D8D828067
:103F20008547814613F7F7001146E30AC7FA910760
:103F30007DB78147D1B7C1676376F5029307F00F6C
:103F4000B3B7A7008E0737570080930600029D8EF7
:103F50003355F500930707E53E9503450500338586
:103F6000A640828037070001C147E36EE5FCE147C8
:103F7000D9BFB367B5008D8BB1EF9841B7867F7F0E
:103F80009386F6F7B377D700B697D98FD58F7D563E
:103F9000639BC7042A867D5818C2D8419105110633
:103FA000B377D700B697D98FD58FE38707FF83C73D
:103FB000050003C7150083C625002300F60099C736
:103FC000A300E60001C72301D60091E28280A3018D
:103FD00006008280AA8703C7050085078505A38F91
:0A3FE000E7FE75FB82802A86D9B740
:103FF0000A45726173696E672E2E2E0A000000005A
:104000000A457261736520636F6D706C6574652E0F
:104010000A0000000A57726974696E672E2E2E001E
:104020002E0000000A0A577269746520636F6D7074
:104030006C6574652E0A00000A506C65617365201A
:1040400072657365742E0A000A20636D643A202538
:10405000783B64313A2025783B2064323A20257839
:1040600000000000666C617368207374617475737E
:104070002072656769737465722076616C2025789B
:104080000A0000004465766963652049442025786C
:10409000200A000065787472616374656420646549
:1040A00076696365206964202578200A0000000095
:1040B00061646472203D2025782064617461203D34
:1040C0002025780A0000000048AFBC9AF2D77A3E5B
:1040D0000A657874726163745F69655F636F6465B4
:1040E00020656E74657265640A000000657863651A
:1040F0007074696F6E20636F6465203D2025780AB7
:1041000000000000657874726163745F69655F63C5
:104110006F6465206578697465640A000A64656681
:1041200061756C745F68616E646C657220656E7435
:10413000657265640A0000000A68616E646C655F00
:104140007472617020656E74657265640A000000A7
:104150000A547261703A206D6361757365203D2069
:1041600025782C20657063203D2025780A0000000A
:1041700073697A656F662875696E74707472292028
:10418000203D202564200A00536F75726365206FFF
:104190006620547261703A20496E7465727275704F
:1041A000740A0000536F75726365206F6620547245
:1041B00061703A20536F6674776172650A0000007F
:1041C00068616E646C655F74726170206578697493
:1041D00065640A000A2070616E6963200A000000AD
:1041E000286E756C6C290000DECFFFFF20D0FFFF2A
:1041F000B0D2FFFFDAD0FFFFB0D2FFFFB0D2FFFF97
:10420000B0D2FFFFB0D2FFFFB0D2FFFFCCCFFFFF95
:10421000B0D2FFFFB0D2FFFFC2D1FFFFB0D2FFFF8D
:10422000B0D2FFFFB0D2FFFFF2CFFFFFB0D2FFFF4F
:104230004ED1FFFFB0D2FFFFB0D2FFFF36D2FFFF5B
:10424000747261705F696E697420656E7465726501
:1042500064200A2000000000747261705F696E695A
:104260007420657869746564200A2000696E697439
:1042700020656E7465726564200A2000696E697439
:10428000206578697465640A000000000A636F6E37
:104290006669677572655F636F756E7465722065B8
:1042A0006E74657265640A006D74696D65636D7026
:1042B0002076616C7565203D2025640A00000000B1
:1042C0006D74696D652076616C7565203D2025648F
:1042D0000A0000000A636F6E6669677572655F6346
:1042E0006F756E746572206578697465640A000084
:1042F0000A6D6163685F636C696E745F68616E64A8
:104300006C657220656E74657265640A0000000059
:104310006D74696D65636D702076616C7565203DA7
:104320002025780A000000006D74696D65207661B3
:104330006C7565203D2025780A0000006D6163687A
:104340005F636C696E745F68616E646C6572206532
:1043500078697465640A00000A696E746572727522
:1043600070745F636F6D706C65746520656E7465E5
:104370007265640A00000000696E7465727275707F
:10438000742069642025642C207374617465206333
:1043900068616E67656420746F2025640A00000000
:1043A000696E74657272757074206964203D202591
:1043B00078200A20726573657420746F20646566C6
:1043C00061756C742076616C7565732073746174AB
:1043D00065203D20257820090920200A2070726977
:1043E0006F72697479203D2025780A20636F756E9D
:1043F00074203D2025780A00696E746572727570AC
:10440000745F636F6D706C65746520657869746541
:10441000640A00000A696E746572727570745F6375
:104420006C61696D5F7265717565737420656E741A
:10443000657265640A000000696E74657272757059
:1044400074206964205B25785D20636C61696D650B
:104450006420206174206164647265737320257820
:104460000A000000696E746572727570745F636C27
:1044700061696D5F726571756573742065786974C3
:1044800065640A000A6D6163685F706C69635F68E8
:10449000616E646C657220656E74657265640A0095
:1044A000696E7465727275707420696420636C61E2
:1044B000696D6564203D2025780A000046617461BD
:1044C0006C206572726F722C20696E7465727275E1
:1044D0007074206964205B25785D20636C61696D70
:1044E00065642069732077726F6E670A00000000B0
:1044F000696E746572727570742069642025642019
:10450000636F6D706C657465200A00000A6D6163ED
:10451000685F706C69635F68616E646C657220656A
:1045200078697465640A00000A6973725F6465667D
:1045300061756C7420656E74657265640A000000B4
:10454000696E74657272757074205B25645D20738A
:10455000657276696365640A000000000A69737217
:104560005F64656661756C74206578697465640A5A
:10457000000000000A696E746572727570745F6580
:104580006E61626C6520656E7465726564200A00F8
:10459000696E746572727570745F6964203D202560
:1045A000780A0000504C4943204241534520414481
:1045B0004452455353203D2025782C20504C4943EC
:1045C00020454E41424C45204F4646534554203DE0
:1045D0002025780A00000000696E7465727275709B
:1045E000745F656E61626C655F61646472203D201A
:1045F00025782063757272656E745F76616C75657F
:10460000203D202578200A0076616C756520726552
:1046100061643A206E65775F76616C7565203D2038
:1046200025780A000A696E746572727570745F6528
:104630006E61626C6520657869746564200A0000AB
:104640000A696E746572727570745F646973616211
:104650006C6520656E7465726564200A0000000058
:10466000504C494320424153452041444452455314
:1046700053203D2025782C20504C494320454E4165
:10468000424C45204F4646534554203D2025782036
:10469000696E746572727570745F6964203D20255F
:1046A000780A0000696E746572727570745F64696F
:1046B0007361626C655F61646472203D20257820BF
:1046C00063757272656E745F76616C7565203D20EE
:1046D0002578200A00000000696E7465727275709A
:1046E000745F64697361626C652065786974656480
:1046F0000A0000000A73657420696E746572727531
:1047000070745F7468726573686F6C6420656E7432
:10471000657265640A000000706C696320746872D9
:104720006573686F6C642073657420746F202564F2
:104730000A00000073657420696E7465727275708A
:10474000745F7468726573686F6C642065786974EF
:1047500065640A000A2073657420696E746572725C
:10476000757074207072696F7269747920656E74E7
:10477000657265642025780A00000000696E746522
:1047800072727570745F7072696F726974795F614B
:10479000646472657373203D2025780A0000000070
:1047A00063757272656E7420646174612061742037
:1047B000696E746572727570745F7072696F726918
:1047C00074795F61646472657373203D2025780A93
:1047D00000000000206E65772064617461206174C0
:1047E00020696E746572727570745F7072696F7231
:1047F0006974795F61646472657373203D20257804
:104800000A00000073657420696E746572727570B9
:1048100074207072696F7269747920657869746543
:10482000640A00000A636F6E6669677572652069C5
:104830006E746572727570742070696E20656E7426
:10484000657265640A0000004750494F2044495290
:10485000454354494F4E20524547495354455220F1
:1048600056414C5545203D2025780A00446174612D
:10487000207772697474656E20746F204750494FB9
:1048800020444952454354494F4E204354524C20F2
:10489000524547203D2025780A000000636F6E6670
:1048A000696775726520696E7465727275707420BF
:1048B00070696E206578697465640A000A706C69B5
:1048C000635F696E697420656E74657265640A0061
:1048D00041737369676E6564206D6163685F706CB6
:1048E00069635F68616E646C657220746F207472B6
:1048F0006170206964203A2025640A000A2A2A2A65
:104900002A2A2A2A2A2A2A2A2A2A2A2A2A2A2A2A07
:104910002A2A2A2A2A2A2A2A2A2A2A2A2A2A2A2AF7
:104920002A2A2A2A2A2A2A2A2A2A2A2A2A00000065
:104930000A696E74657272757074206964203D2016
:104940002578200A726573657420746F206465662B
:1049500061756C742076616C756573207374617415
:1049600065203D2025782009090920200A707269F8
:104970006F72697479203D2025780A636F756E74B3
:10498000203D2025780A2009090920200A2A2A2A00
:104990002A2A2A2A2A2A2A2A2A2A2A2A2A2A2A2A77
:1049A0002A2A2A2A2A2A2A2A2A2A2A2A2A2A2A2A67
:1049B0002A2A2A2A2A2A2A2A2A2A2A2A2A2A0000AB
:1049C000706C69635F696E69742065786974656489
:1049D000200A00000A636F6E6669677572655F6919
:1049E0006E7465727275707420656E74657265643C
:1049F000200A0000636F6E6669677572655F696E95
:104A00007465727275707420657869746564200AC3
:104A1000000000000A506572696F64205265676982
:104A2000737465722056616C756520686967686586
:104A300072207468616E206D61782076616C756596
:104A400020282578290000000A20506572696F64CB
:104A5000205265676973746572206F66206D6F649C
:104A6000756C65206E756D626572202564207365B6
:104A70007420746F202578000A447574792052657B
:104A80006769737465722056616C75652068696723
:104A9000686572207468616E206D61782076616C43
:104AA00075652028257829000A20447574792052DC
:104AB00065676973746572206F66206D6F64756CCD
:104AC00065206E756D6265722025642073657420A3
:104AD000746F2025780000000A436F6E74726F6C4B
:104AE0002052656769737465722056616C75652024
:104AF000686967686572207468616E206D617820EE
:104B000076616C7565202825782900000A20436F9E
:104B10006E74726F6C205265676973746572206F72
:104B200066206D6F64756C65206E756D62657220B0
:104B300025642073657420746F20257800000000C0
:104B40000A2052756E6E696E6720696E20636F6E03
:104B500074696E756F7573206D6F646528312F30C1
:104B6000293A2025640000000A436C6F636B2052D1
:104B7000656769737465722056616C756520686934
:104B800067686572207468616E206D617820766157
:104B90006C75652028257829000000000A20416CEA
:104BA0006C20726567697374657273206F66206D1F
:104BB0006F64756C65206E756D626572202564206A
:104BC000636C6561726564000A20416C6C205265FB
:104BD0006769737465722076616C756573206F66A2
:104BE00020616C6C206D6F64756C657320636C65FF
:104BF00061726564000000000A2043757272656E80
:104C000074204D6F64756C65206973207365742022
:104C1000746F2050574D206D6F6465000A204375F6
:104C20007272656E74204D6F64756C6520697320B7
:104C300073657420746F2074696D6572206F6E6384
:104C400065206F6E6C79206D6F6465000A20437576
:104C50007272656E74204D6F64756C652069732087
:104C600073657420746F2074696D657220636F6E54
:104C700074696E756F7573206D6F64650000000058
:104C80000A2050574D206D6F64756C65206E756DF0
:104C900062657220256420686173206265656E20FC
:104CA000656E7465726564000A2050574D206D6F03
:104CB00064756C65206E756D626572202564206E6A
:104CC0006F7420656E746572656400000A20457219
:104CD000726F7220696E2073657474696E672063E9
:104CE0006C6F636B20726567697374657200000096
:104CF0000A204572726F7220696E20736574746940
:104D00006E67206475747920726567697374657263
:104D1000000000000A204572726F7220696E2073D5
:104D2000657474696E6720706572696F642072655E
:104D300067697374657200000A50574D202564201E
:104D400073756363657366756C6C7920636F6E66EB
:104D500069677572656400000A2050574D206D6FB9
:104D600064756C65206E756D6265722025642068BF
:104D70006173206265656E2073746F707065640086
:104D80000A5468652076616C7565206F66207065D1
:104D900072696F64207265676973746572206973E4
:104DA000202578000A5468652076616C7565206F4F
:104DB0006620647574792072656769737465722002
:104DC00069732025780000000A5468652076616CBC
:104DD0007565206F6620636F6E74726F6C207265EC
:104DE000676973746572206973202578000000007C
:104DF0000A5468652076616C7565206F6620636C67
:104E00006F636B20726567697374657220697320C4
:104E10002578000010380080103800802838008085
:104E20000C3800800C3800806E38008028380080F4
:104E30000C3800806E3800800C38008028380080E4
:104E40000A3800800A3800800A3800806E380080F6
:104E50000001020203030303040404040404040421
:104E600005050505050505050505050505050505F2
:104E700006060606060606060606060606060606D2
:104E800006060606060606060606060606060606C2
:104E900007070707070707070707070707070707A2
:104EA0000707070707070707070707070707070792
:104EB0000707070707070707070707070707070782
:104EC0000707070707070707070707070707070772
:104ED0000808080808080808080808080808080852
:104EE0000808080808080808080808080808080842
:104EF0000808080808080808080808080808080832
:104F00000808080808080808080808080808080821
:104F10000808080808080808080808080808080811
:104F20000808080808080808080808080808080801
:104F300008080808080808080808080808080808F1
:104F400008080808080808080808080808080808E1
:104F50001000000000000000037A5200017C0101F3
:104F60001B0D020010000000180000009AD9FFFF7E
:104F70006603000000000000100000002C0000008C
:0C4F8000ECDCFFFF540300000000000008
:104F8C000000020004000200080002000C000200F5
:104F9C001000020014000200180002001C000200A5
:104FAC00200002002400020028000200FCFF018007
:104FBC0054A90180AC52018054A90180F8BF0002B1
:044FCC00004000029F
:104FEC0000400000970200009382020E7390523032
:104FFC00AD4273B0023085629382828873B04230C6
:10500C00B72F000C137E0E00130E0E002380CF0161
:10501C00A380CF012381CF01A381CF01B70F000C57
:10502C00137E0E002380CF01A380CF012381CF01FB
:10503C00A381CF0181400141814101428142014361
:10504C008143014481440145814501468146014724
:10505C0081470148814801498149014A814A014BF4
:10506C00814B014C814C014D814D014E814E014FC4
:10507C00814F97E100009381A10B138581E797F590
:10508C0000009385A595014610C16374B500110508
:10509C00E5BF1385019D938541A0014610C1637442
:1050AC00B5001105E5BF170102001301A1F317F2BA
:1050BC0000001302D296137202FC6F00304C01A058
:1050CC0000000000197101001300000006C20AC4A0
:1050DC000EC612C816CA1ACC1ECE22D026D22AD47C
:1050EC002ED632D836DA3ADC3EDEC2C0C6C2CAC4CC
:1050FC00CEC6D2C8D6CADACCDECEE2D0E6D2EAD45C
:10510C00EED6F2D8F6DAFADCFEDE73252034F3257F
:10511C0010340A86EF00800B731015349240224134
:10512C00B2414242D2426243F2430254925422555B
:10513C00B2554256D2566257F257064896482649FF
:10514C00B649464AD64A664BF64B065C965C265DDB
:10515C00B65D465ED65E665FF65F09617300203011
:10516C000000797106D622D40018232EA4FC17C592
:10517C000000130565A6212A0327C4FDB70700808C
:10518C0093C7F7FFF98F2326F4FE8325C4FE17C5BA
:10519C000000130525A6812217C50000130505A7DD
:1051AC00FD208327C4FE3E85B25022544561828087
:1051BC00011106CE22CC00102326A4FE2324B4FE1B
:1051CC0017C50000130505A6D92001A0797106D6D4
:1051DC0022D40018232EA4FC232CB4FC232604FE7A
:1051EC00232404FE17C50000130585A54D200326B6
:1051FC0084FD8325C4FD17C500001305E5A55528BE
:10520C00914517C50000130525A7F120FD47232460
:10521C00F4FE832784FE0547B317F7003E878327E8
:10522C00C4FDF98F85CB0325C4FD253F2326A4FEA1
:10523C0017C500001305C5A5AD28138781E7832783
:10524C00C4FE8A07BA979C43832584FD0325C4FDBD
:10525C00829715A017C50000130545A5992813873B
:10526C0081EB8327C4FD8A07BA979C43832584FD71
:10527C000325C4FD829717C500001305E5A401287A
:10528C00832784FD3E85B2502254456182805D7136
:10529C0022D60018232EA4FC4CC010C454C418C829
:1052AC005CC8232C0401232E1401010032546161CB
:1052BC0082805D7122D60018232EA4FC4CC010C431
:1052CC0054C418C85CC8232C0401232E14010100FB
:1052DC003254616182805D7122D60018232EA4FCA9
:1052EC004CC010C454C418C85CC8232C0401232E11
:1052FC00140101003254616182805D7122D6001864
:10530C00232EA4FC4CC010C454C418C85CC8232C55
:10531C000401232E140101003254616182805D71FD
:10532C0022D60018232EA4FC4CC010C454C418C898
:10533C005CC8232C0401232E14010100325461613A
:10534C0082805D7106D622D40018232EA4FC4CC09A
:10535C0010C454C418C85CC8232C0401232E140197
:10536C0093070402232CF4FC832784FD9117232636
:10537C00F4FE8327C4FEBE850325C4FD912A17C500
:10538C0000001305A595353701A02971232E1112A4
:10539C00232C8112232A2113232831132326411372
:1053AC0023245113232261132320711380022324FD
:1053BC00A4EC2326B4EC2322C4EC232E04FC232CD3
:1053CC0004FC832744EC3E8B814B032784EC83271E
:1053DC00C4EC5A86DE863A85BE85EF80E04A2A8781
:1053EC00AE878327C4FD8A07930604FEB69723ACC9
:1053FC00E7EE832744EC3E8981498327C4EC4E8732
:10540C0063E4E7048327C4EC4E876397E7008327A4
:10541C0084EC4A8763EAE702832744EC3E8A814A9C
:10542C005286D686032584EC8325C4ECEF80600F6E
:10543C002A87AE872324E4EC2326F4EC8327C4FDCF
:10544C008507232EF4FCB5BF01008327C4FD850717
:10545C00232EF4FC91A08327C4FD8A07130704FEB6
:10546C00BA9703A787EFA54763F7E7009307700583
:10547C00232CF4FC29A093070003232CF4FC832792
:10548C00C4FD8A07130704FEBA9703A787EF832787
:10549C0084FDBA973E85C9298327C4FD1387F7FF7E
:1054AC00232EE4FCE349F0FA010001008320C11330
:1054BC00032481130329411383290113032AC112E5
:1054CC00832A8112032B4112832B011231618280BA
:1054DC001D7186CEA2CCA6CACAC880102326A4FAF7
:1054EC002324B4FA93070000232CF4FC232804FA99
:1054FC00232A04FA232C04FA232E04FA232004FC76
:10550C00232204FC232404FC231604FC11A8638D21
:10551C000438268591298327C4FA85072326F4FAB3
:10552C008327C4FA83C70700BE8493075002E39015
:10553C00F4FE8327C4FA85072326F4FA8327C4FADA
:10554C00232AF4FC232204FE232E04FC8327C4FA12
:10555C00138717002326E4FA83C70700BE8493073A
:10556C0050026380F4329307500263CFF4309307F8
:10557C00800763CB97309307300663C7F43093876B
:10558C00D4F955476362F7301397270097B700009B
:10559C0093870776BA97984397B700009387477518
:1055AC00BA978287832744FE85072322F4FE85471A
:1055BC00232EF4FCD5A4832784FA138747002324D5
:1055CC00E4FA9C433E854D26C1AC832784FA1387AD
:1055DC0047002324E4FA03A90700631A090017B94A
:1055EC0000001309697021A02685BD2E050983478B
:1055FC000900BE84F5F84DA4A9472328F4FC032721
:10560C0044FE854763D1E702832784FA9D07E19B1B
:10561C00138787002324E4FA9843DC432324E4FE15
:10562C002326F4FE3DA8032744FE8547631FF7009D
:10563C00832784FA138747002324E4FA9C4323240A
:10564C00F4FEFD872326F4FE29A8832784FA13870A
:10565C0047002324E4FA9C432324F4FEFD872326ED
:10566C00F4FE032784FE8327C4FE63DB07021305C5
:10567C00D002DD2C032584FE8325C4FE014781471F
:10568C003306A740328833380701B386B740B38757
:10569C000641BE863287B6872324E4FE2326F4FE19
:1056AC00832704FD3E86032584FE8325C4FEF13941
:1056BC00E5A2832784FA9D07E19B138787002324A7
:1056CC00E4FA9843DC433A85BE85EFA05032AA87B2
:1056DC00232CF4FC930704FB1946BE85032584FD9B
:1056EC00EF00100D232004FE25A0832704FE1307D2
:1056FC0004FFBA9783C707FC3E85BD24032704FE2D
:10570C00F54763C0E702832704FE85072320F4FED8
:10571C00832704FE130704FFBA9783C707FCF1F72E
:10572C00A5AA010095AAA9472328F4FC032744FE47
:10573C00854763D1E702832784FA9D07E19B138792
:10574C0087002324E4FA9843DC432324E4FE232635
:10575C00F4FE1DA8832744FE89CF832784FA138780
:10576C0047002324E4FA9C432324F4FE232604FE5E
:10577C0021A8832784FA138747002324E4FA9C4347
:10578C002324F4FE232604FE832704FD3E860325F2
:10579C0084FE8325C4FED53E01A2A1472328F4FC38
:1057AC00032744FE854763D1E702832784FA9D07CC
:1057BC00E19B138787002324E4FA9843DC432324DA
:1057CC00E4FE2326F4FE1DA8832744FE89CF8327FD
:1057DC0084FA138747002324E4FA9C432324F4FE21
:1057EC00232604FE21A8832784FA13874700232449
:1057FC00E4FA9C432324F4FE232604FE832704FDB1
:10580C003E86032584FE8325C4FE413671A0C14724
:10581C002328F4FC032744FE854763D1E702832742
:10582C0084FA9D07E19B138787002324E4FA9843AD
:10583C00DC432324E4FE2326F4FE1DA8832744FE28
:10584C0089CF832784FA138747002324E4FA9C43E7
:10585C002324F4FE232604FE21A8832784FA13872D
:10586C0047002324E4FA9C432324F4FE232604FE5D
:10587C00832704FD3E86032584FE8325C4FE313632
:10588C0021A82685D52009A813055002F1288327C5
:10589C0044FD2326F4FA01008327C4FD81C7232E7F
:1058AC0004FC6DB10100ADB90100F6406644D6446C
:1058BC004649256182805D7106D622D40018232EBC
:1058CC00A4FC4CC010C454C418C85CC8232C0401DC
:1058DC00232E140193070402232CF4FC832784FD4C
:1058EC0091172326F4FE8327C4FEBE850325C4FD31
:1058FC00C53681473E85B2502254616182800111C8
:10590C0022CE0010232604FE1DA08327C4FE9387FD
:10591C003711A207BE86138781EF8327C4FE8A073F
:10592C00BA9794C38327C4FE85072326F4FE032766
:10593C00C4FE8947E3DBE7FC01000100724405610A
:10594C008280411122C600080100938781EF9C439D
:10595C0083C7C700918BF5DB938781EF9C439C47F2
:10596C003E85324441018280011122CE0010232653
:10597C00A4FE0100938781EF9C4383C7C700898BEA
:10598C00F5FB938781EF9C430327C4FED8C3814763
:10599C003E85724405618280797122D60018232ECF
:1059AC00A4FC232CB4FC232604FE832784FD92073D
:1059BC0037F7FA0213070708B357F7022326F4FE4A
:1059CC008327C4FE1397070141838327C4FD2390CB
:1059DC00E7000100325445618280011122CE001093
:1059EC002326A4FEAE87A305F4FE8327C4FE03473B
:1059FC00B4FE238CE7000100724405618280011122
:105A0C0022CE00102326A4FEAE87A305F4FE0100CF
:105A1C008327C4FE83C7C700898BFDFB0347B4FEF5
:105A2C008327C4FED8C381473E85724405618280BA
:105A3C00797106D622D40018232EA4FC232CB4FC96
:105A4C00232604FE8327C4FE138717002326E4FEB7
:105A5C00032784FDBA9783C70700A305F4FE834789
:105A6C00B4FEBE850325C4FD593F8347B4FEF9FB44
:105A7C0081473E85B250225445618280797122D68D
:105A8C000018232EA4FC232CB4FCA30704FE010055
:105A9C008327C4FD83C7C700918BFDDB8327C4FD1F
:105AAC009C47A307F4FE832784FD0347F4FE238061
:105ABC00E70085473E85325445618280797106D670
:105ACC0022D40018232EA4FC232CB4FC232604FE81
:105ADC00A30504FE01008327C4FD83C7C700918B77
:105AEC00FDDB8327C4FD9C47A305F4FE8327C4FE7E
:105AFC00138717002326E4FE032784FDBA97034778
:105B0C00B4FE2380E7008347B4FE3E85B13D0347D6
:105B1C00B4FEB547E310F7FC8327C4FE13871700C8
:105B2C002326E4FE032784FDBA9729472380E70048
:105B3C008327C4FE138717002326E4FE032784FD66
:105B4C00BA97238007008327C4FE93F7F70F3E858F
:105B5C00B250225445618280797122D60018232ECE
:105B6C00A4FC31A08327C4FD9C47A307F4FE832724
:105B7C00C4FD83C7C700918BF5F7010001003254B7
:105B8C0045618280411122C6000801003244410166
:105B9C008280411106C622C4000817B50000130507
:105BAC00A51AEFF0CFEE938781E717F7FFFF1307E6
:105BBC00676098C3938781E717F7FFFF1307875F29
:105BCC00D8C3938781E717F7FFFF1307A75E98C722
:105BDC00938781E717F7FFFF1307C75DD8C7938734
:105BEC0081E717F7FFFF1307E75C98CB938781E7F3
:105BFC0017F7FFFF1307075CD8CB938781E717F7DD
:105C0C00FFFF1307275B98CF938781E717070000E7
:105C1C0013076770D8CF938781E717F7FFFF130738
:105C2C00675998D3938781E717F7FFFF13078758B6
:105C3C00D8D3938781E717F7FFFF1307A75798D798
:105C4C00938781E71717000013070787D8D7938727
:105C5C0081E717F7FFFF1307E75598DB938781E779
:105C6C0017F7FFFF13070755D8DB938781E717F763
:105C7C00FFFF1307275498DF938781E717F7FFFF80
:105C8C0013074753D8DF938781EB17F7FFFF1307F1
:105C9C00675298C3938781EB17F7FFFF1307875160
:105CAC00D8C3938781EB17F7FFFF1307A75098C74B
:105CBC00938781EB17F7FFFF1307C74FD8C793875D
:105CCC0081EB17F7FFFF1307E74E98CB938781EB18
:105CDC0017F7FFFF1307074ED8CB938781EB17F706
:105CEC00FFFF1307274D98CF938781EB17F7FFFF23
:105CFC001307474CD8CF938781EB17F7FFFF130798
:105D0C00674B98D3938781EB17F7FFFF1307874AED
:105D1C00D8D3938781EB17F7FFFF1307A74998D7C1
:105D2C00938781EB17F7FFFF1307C748D8D79387E3
:105D3C0081EB17F7FFFF1307E74798DB938781EB9E
:105D4C0017F7FFFF13070747D8DB938781EB17F78C
:105D5C00FFFF1307274698DF938781EB17F7FFFFA9
:105D6C0013074745D8DF17B50000130565FFEFF0A3
:105D7C000FD20100B240224441018280411106C67B
:105D8C0022C40008AD3E17B500001305A5FEEFF0C8
:105D9C000FD00135EF50D00E17B50000130585FE5E
:105DAC00EFF0EFCE0100B2402244410182807971C4
:105DBC0022D60018232EA4FC232604FE01008327E0
:105DCC00C4FE138717002326E4FE0327C4FDE3E873
:105DDC00E7FE01000100325445618280797122D6C0
:105DEC000018232EA4FC0327C4FD9307803EB307A1
:105DFC00F7022326F4FE29A89307803E2324F4FE01
:105E0C000100832784FE1387F7FF2324E4FEF5FBB0
:105E1C008327C4FE1387F7FF2326E4FEF1FF01005E
:105E2C000100325445618280797106D622D4001863
:105E3C00232EA4FC85472326F4FE232404FE31A83C
:105E4C000327C4FEBA878A07BA9786072326F4FE6F
:105E5C00832784FE85072324F4FE032784FE8327EF
:105E6C00C4FDE36FF7FC0325C4FEEFA04025AA8711
:105E7C003E85B250225445618280797122D6001839
:105E8C00232EA4FC232CB4FC232604FE832784FDA0
:105E9C00FD172324F4FE99A88327C4FE0327C4FD11
:105EAC00BA9783C70700A303F4FE832784FE032756
:105EBC00C4FD3E978327C4FE8326C4FDB6970347D3
:105ECC0007002380E700832784FE0327C4FDBA97CD
:105EDC00034774FE2380E7008327C4FE850723262F
:105EEC00F4FE832784FEFD172324F4FE0327C4FE4F
:105EFC00832784FEE342F7FA010001003254456126
:105F0C008280797106D622D40018232EA4FC232C6F
:105F1C00B4FC232AC4FC232604FE3DA80327C4FD9D
:105F2C00A947B367F70213F7F70F832684FD83277E
:105F3C00C4FEB697130707031377F70F2380E70008
:105F4C008327C4FE85072326F4FE0327C4FDA94737
:105F5C00B347F702232EF4FC8327C4FDE1F339A8E1
:105F6C00032784FD8327C4FEBA97130700032380FD
:105F7C00E7008327C4FE85072326F4FE0327C4FE0F
:105F8C00832744FDE36EF7FC8327C4FEBE850325FF
:105F9C0084FDE535032784FD8327C4FEBA9723804F
:105FAC0007008327C4FE3E85B2502254456182808F
:105FBC005D7186C6A2C48008232EA4FA232CB4FAE1
:105FCC00232AC4FA232604FE232004FC232204FCE7
:105FDC00232404FC232604FC232804FC232A04FC8D
:105FEC00232C04FC231E04FC0325C4FBEFA0C016C9
:105FFC002A87AE8797B60000938686DB9042D44200
:10600C003A85BE85EF70903D2A87AE873A85BE856E
:10601C00EFA0E01DAA87232EF4FA0325C4FBEF9012
:10602C007078AA872324F4FE032584FEEF90907DDC
:10603C00AA87BE850325C4FBEF90D043AA872322F1
:10604C00F4FE232004FE930500000325C4FBEF900F
:10605C001019AA8763DE0700832704FE032784FB3D
:10606C00BA971307D0022380E70085472320F4FE5C
:10607C00832784FE85E3832704FE032784FBBA97DA
:10608C00130700032380E700832704FE85072320E2
:10609C00F4FE3DA8832784FE63D80700832784FE83
:1060AC00B307F0402324F4FE930704FC0146BE859D
:1060BC00032584FEB9352326A4FE832704FE03277B
:1060CC0084FBBA97130704FCBA853E85EFA06038B1
:1060DC000327C4FE832704FEBA972326F4FE8327E6
:1060EC0044FBADCF8327C4FE032784FBBA97130769
:1060FC00E0022380E70093050000032544FEEF90A7
:10610C00100EAA8763DA0700032744FEB707008046
:10611C00B98F2322F4FE39A093050000032544FE19
:10612C00EF90007F032544FB0133AA87BE8503252E
:10613C0044FEEF905012AA872322F4FE032544FE5E
:10614C00EF905066AA868327C4FE8507032784FB3D
:10615C00BA97032644FBBE85368565330100B640ED
:10616C00264461618280797122D60018232EA4FC0A
:10617C00232CB4FC832784FD2326F4FE29A8832733
:10618C0084FD2326F4FE01008327C4FE1387F7FF4A
:10619C002326E4FEF5FB8327C4FD1387F7FF232E8C
:1061AC00E4FCF1FF010001003254456182800111D1
:1061BC0006CE22CC00102326A4FE8327C4FE9C43CB
:1061CC003E868325C4FE17B500001305E5BCEFF031
:1061DC008F908327C4FE9C433E85F2406244056148
:1061EC008280011106CE22CC00102326A4FE23248B
:1061FC00B4FE8327C4FE032784FE98C38327C4FE02
:10620C009C433E868325C4FE17B500001305C5B814
:10621C00EFF06F8C0100F240624405618280411105
:10622C0022C60008B7C70002E1179C433E853244E2
:10623C0041018280411122C60008B7C70002F11744
:10624C009C433E85324441018280411106C622C4E2
:10625C004AC24EC00008E137AA873E8981494A8765
:10626C00CE873A85BE85B24022441249824941010B
:10627C008280011106CE22CC00102324A4FE2326FA
:10628C00B4FE17B50000130525B3EFF04F809387CC
:10629C00C1959C439843DC439386019603A8060062
:1062AC00032584FE8325C4FE3306A700B288B3B849
:1062BC00E800B386B700B387D800BE863287B687AE
:1062CC002320E8002322F800938701969C439843EF
:1062DC00DC433A86BE8617B500001305A5AFEFE088
:1062EC005FFD9387C1959C439843DC433A86BE86F9
:1062FC0017B50000130585AFEFE0BFFB17B5000025
:10630C00130505B0EFE0BFF80100F24062440561EF
:10631C008280011106CE22CC00102326A4FE232459
:10632C00B4FE17B50000130565AFEFE05FF6938779
:10633C00019694437D57FD5798C2DCC29387019612
:10634C009C439843DC433A86BE8617B50000130580
:10635C00E5AEEFE05FF8B7C70002E1179C43BE85DE
:10636C0017B50000130505AFEFE0FFF617B50000F9
:10637C00130585AFEFE0BFF10100F2406244056107
:10638C008280797106D622D40018232EA4FC17B56E
:10639C000000130525AFEFE09FEFB707010CC10715
:1063AC002326F4FE8327C4FE0327C4FD98C313875A
:1063BC0041F08327C4FD9207BA97094798C7138702
:1063CC0041F08327C4FD9207BA97DC471387170067
:1063DC00938641F08327C4FD9207B697D8C71387DD
:1063EC0041F08327C4FD9207BA979C473E868325CC
:1063FC00C4FD17B500001305E5AAEFE0DFED138728
:10640C0041F08327C4FD9207BA978C43138741F060
:10641C008327C4FD9207BA979047138741F08327CF
:10642C00C4FD9207BA97D443138741F08327C4FD68
:10643C009207BA97DC473E8717B50000130505A9EC
:10644C00EFE07FE917B500001305C5ADEFE03FE4C1
:10645C000100B250225445618280011106CE22CC3B
:10646C000010232604FE17B50000130565ADEFE000
:10647C001FE2B707010CC1072326F4FE8327C4FED5
:10648C009C432324F4FE0326C4FE832584FE17B507
:10649C000000130525ADEFE01FE417B50000130550
:1064AC0025AFEFE0DFDE832784FE3E85F2406244B9
:1064BC0005618280797106D622D40018232EA4FCA3
:1064CC00232CB4FC17B50000130585AEEFE03FDCC0
:1064DC0069372326A4FE8325C4FE17B500001305D7
:1064EC00E5AEEFE05FDF8327C4FE91C70327C4FE50
:1064FC00F14763FAE7008325C4FE17B500001305C6
:10650C00A5AEEFE01FE4138741F08327C4FE92078A
:10651C00BA97054798C7138741F08327C4FE9207A3
:10652C00BA979C473E868325C4FE17B50000130519
:10653C006597EFE05FDA1387410C8327C4FE8A0767
:10654C00BA979C430325C4FE82970325C4FE153DD0
:10655C008325C4FE17B50000130545ACEFE0BFD78B
:10656C0017B50000130545ADEFE07FD20100B25026
:10657C00225445618280011106CE22CC00102326C4
:10658C00A4FE17B500001305E5ACEFE05FD0832740
:10659C00C4FE85CB0327C4FE994763E4E702194781
:1065AC008327C4FEB307F7403E85B125AA8791EB3C
:1065BC0019478327C4FEB307F740930500083E85AF
:1065CC00D9238325C4FE17B50000130525AAEFE0D7
:1065DC005FCE17B50000130525ABEFE05FCB0100D4
:1065EC00F240624405618280797106D622D400188B
:1065FC00232EA4FCA30704FE17B50000130545AA1F
:10660C00EFE0FFC88325C4FD17B50000130505ABEB
:10661C00EFE07FCC0966B705000C17B50000130539
:10662C0025ABEFE05FCB8327C4FD13D73700B7272B
:10663C00000CBA972324F4FE832784FE83C707003B
:10664C00A307F4FE8347F4FE3E86832584FE17B52C
:10665C000000130525ABEFE01FC88327C4FD9D8BFD
:10666C000547B317F7001397870161878307F4FE7B
:10667C00D98FE207E187A303F4FE832784FE034747
:10668C0074FE2380E700834774FEBE8517B50000B7
:10669C00130545AAEFE03FC417B50000130545AB41
:1066AC00EFE0FFBE0100B250225445618280797147
:1066BC0006D622D40018232EA4FC232604FEA30500
:1066CC0004FE17B50000130565AAEFE05FBC832537
:1066DC00C4FD17B500001305659EEFE0DFBF8326F0
:1066EC00C4FD0966B705000C17B50000130505AA13
:1066FC00EFE07FBE8327C4FD13D73700B727000C0C
:10670C00BA972326F4FE8327C4FE83C70700A3058C
:10671C00F4FE8347B4FE3E868325C4FE17B5000005
:10672C00130505ABEFE03FBB8327C4FD9D8B0547ED
:10673C00B317F700E207E18793C7F7FF13978701B9
:10674C0061878307B4FEF98FE207E1872305F4FE26
:10675C008327C4FE0347A4FE2380E700138741F080
:10676C008327C4FD9207BA9723A40700138741F02F
:10677C008327C4FD9207BA979C473E868325C4FDA8
:10678C0017A5000013050572EFE0FFB417B5000064
:10679C00130545A7EFE0BFAF0100B250225445618D
:1067AC008280797106D622D40018232EA4FC17B54A
:1067BC0000001305E5A6EFE09FAD232604FEB70706
:1067CC00010C2326F4FE8327C4FE0327C4FD98C3C3
:1067DC008327C4FE9C43BE8517B50000130585A610
:1067EC00EFE07FAF17B50000130585A7EFE03FAAD8
:1067FC000100B250225445618280797106D622D4B0
:10680C000018232EA4FC232CB4FC8325C4FD17B53F
:10681C0000001305E5A6EFE09FA7832784FD1397DF
:10682C002700B707000CBA972326F4FE8325C4FE75
:10683C0017B50000130545A7EFE0FFA98327C4FE99
:10684C009C43BE8517B50000130545A8EFE0BFA813
:10685C008327C4FE0327C4FD98C38327C4FE9C432F
:10686C00BE8517B500001305A5A9EFE0DFA617B587
:10687C0000001305E5ABEFE09FA10100B2502254DC
:10688C0045618280797106D622D40018232EA4FC8F
:10689C0017B500001305C5ABEFE07F9FB7070400E9
:1068AC0013850710EFF0BF902326A4FE8325C4FEAA
:1068BC0017B50000130505ACEFE0FFA18327C4FD5D
:1068CC00E5170547B317F70093C7F7FF3E878327F4
:1068DC00C4FEF98FBE85B707040013850710EFF0CF
:1068EC005F90B707040013850710EFF05F8CAA8741
:1068FC00BE8517B50000130525AAEFE0DF9D17B57F
:10690C000000130565ACEFE09F980100B2502254D3
:10691C0045618280011106CE22CC0010232604FE94
:10692C0017B50000130545ACEFE07F96938781E720
:10693C0017070000130747B8D8D7AD4517B50000A7
:10694C001305C5ABEFE03F99938741F023A40700F3
:10695C00938741F023A00700938741F023A20700FF
:10696C00938741F023A6070085472326F4FED1A088
:10697C00138741F08327C4FE9207BA9723A407001C
:10698C00138741F08327C4FE9207BA970327C4FEEE
:10699C0098C3138741F08327C4FE9207BA9709471F
:1069AC00D8C3138741F08327C4FE9207BA9723A656
:1069BC00070017B50000130525A7EFE0DF910325AD
:1069CC00C4FEF5311387410C8327C4FE8A07BA979E
:1069DC0017070000130767BA98C38325C4FE09453F
:1069EC00293D138741F08327C4FE9207BA978C4345
:1069FC00138741F08327C4FE9207BA9790471387F9
:106A0C0041F08327C4FE9207BA97D443138741F011
:106A1C008327C4FE9207BA97DC473E8717B5000060
:106A2C001305C5A3EFE03F8B8327C4FE8507232600
:106A3C00F4FE0327C4FEED47E3FCE7F2054595336E
:106A4C0017B50000130585AAEFE07F840100F24022
:106A5C00624405618280011106CE22CC00102326EF
:106A6C00A4FE17B500001305A5A9EFE05F8203276C
:106A7C00C4FE994763FAE7000327C4FED54763E5D4
:106A8C00E7000325C4FEFD3B0325C4FEB13E17B54C
:106A9C0000001305E5A8EFE08FFF0100F24062440F
:106AAC0005618280797106D622D40018232EA4FCAD
:106ABC00232CB4FC032784FDC167634DF700C16729
:106ACC009385F7FF17B50000130585A7EFE03F8509
:106ADC00814725A88327C4FD93870730A207232667
:106AEC00F4FE832784FD1397070141878327C4FE97
:106AFC002390E700032684FD8325C4FD17B5000011
:106B0C00130545A7EFE0EFFA85473E85B2502254B6
:106B1C0045618280797106D622D40018232EA4FCFC
:106B2C00232CB4FC032784FDC167634DF700C167B8
:106B3C009385F7FF17B500001305C5A6EFE02FFEF0
:106B4C0081472DA88327C4FD93870730A20791079F
:106B5C002326F4FE832784FD13970701418783279F
:106B6C00C4FE2390E700032684FD8325C4FD17B5DE
:106B7C000000130525A6EFE0CFF385473E85B25004
:106B8C00225445618280797106D622D40018232EB6
:106B9C00A4FC232CB4FC032784FD9307F00F63DCC7
:106BAC00E7009305F00F17B500001305A5A5EFE05E
:106BBC000FF7814725A88327C4FD93870730A207C9
:106BCC00A1072326F4FE832784FD13F7F70F8327F1
:106BDC00C4FE2380E700032684FD8325C4FD17B57E
:106BEC000000130565A5EFE0CFEC85473E85B2505C
:106BFC00225445618280797106D622D40018232E46
:106C0C00A4FC8327C4FD93870730A207A107232682
:106C1C00F4FE8327C4FE83C7070093F7F70FA18BFD
:106C2C002324F4FE832784FE8D87BE8517B50000D0
:106C3C001305C5A3EFE0EFE7832784FE13D7374096
:106C4C0085476314F700854711A081473E85B250F4
:106C5C00225445618280797106D622D40018232EE5
:106C6C00A4FC232CB4FC032784FDC167634DF700FF
:106C7C00C1679385F7FF17B500001305A5A1EFE0D9
:106C8C000FEA81471DA08327C4FD93870730A20715
:106C9C00B1072326F4FE832784FD13970701418750
:106CAC008327C4FE2390E70085473E85B2502254CB
:106CBC0045618280011106CE22CC00102326A4FE51
:106CCC0081450325C4FEF93B81450325C4FE993556
:106CDC0081450325C4FE453D81450325C4FEA53FE2
:106CEC008325C4FE17B500001305059EEFE06FDC8D
:106CFC000100F240624405618280011106CE22CC73
:106D0C000010232604FE09A80325C4FE653783273B
:106D1C00C4FE85072326F4FE0327C4FE9147E3D562
:106D2C00E7FE17B500001305E59CEFE08FD80100D6
:106D3C00F240624405618280797106D622D4001833
:106D4C00232EA4FC232604FE8327C4FD9DE717B540
:106D5C0000001305259DEFE0CFD58327C4FE8907DE
:106D6C002326F4FE8327C4FE91072326F4FE8327F3
:106D7C00C4FEC1072326F4FEB9A00327C4FD854732
:106D8C00631EF70017B500001305059CEFE06FD2EA
:106D9C008327C4FE91072326F4FE35A00327C4FDE8
:106DAC0089476312F70217B500001305E59CEFE065
:106DBC004FD08327C4FE91072326F4FE8327C4FEFD
:106DCC00A1072326F4FE8327C4FE3E85B25022542D
:106DDC0045618280797106D622D40018232EA4FC3A
:106DEC00232CB4FC032584FD813F2326A4FE83259C
:106DFC00C4FE0325C4FD413BAA8789CB8325C4FD72
:106E0C0017B500001305859AEFE0AFCA8325C4FEC1
:106E1C000325C4FD8D3BAA8789EB8325C4FD17B5DB
:106E2C0000001305259BEFE08FCF0100B2502254D8
:106E3C0045618280797122D60018232EA4FCAE877E
:106E4C00A30DF4FC8327C4FD93870730A207A10789
:106E5C002326F4FE8347B4FD99C78327C4FE850718
:106E6C002326F4FE09A88327C4FE91C78327C4FEFA
:106E7C00FD172326F4FE0100325445618280011176
:106E8C0006CE22CC00102326A4FE2324B4FE832598
:106E9C0084FE0325C4FEC133AA8799E717B5000009
:106EAC0013058595EFE0AFC70100F2406244056120
:106EBC008280011106CE22CC00102326A4FE2324AE
:106ECC00B4FE832584FE0325C4FEA931AA8799E765
:106EDC0017B5000013058594EFE06FC40100F24074
:106EEC00624405618280011106CE22CC001023265B
:106EFC00A4FE2324B4FE832584FE0325C4FE5D3644
:106F0C00AA8799E717B5000013058593EFE02FC109
:106F1C000100F240624405618280797106D622D468
:106F2C0000182326A4FE2324B4FE2322C4FE23200F
:106F3C00D4FEBA87A30FF4FC832544FE0325C4FEBC
:106F4C005D37832504FE0325C4FEA537832584FE07
:106F5C000325C4FE2D378347F4FDBE850325C4FEEF
:106F6C00D13D8325C4FE17B500001305A58FEFE0B6
:106F7C004FB40100B250225445618280011106CEFB
:106F8C0022CC00102326A4FE81450325C4FEE53E39
:106F9C008325C4FE17B500001305C58EEFE06FB155
:106FAC000100F240624405618280797106D622D4D8
:106FBC000018232EA4FC8327C4FD93870730A20757
:106FCC002326F4FE8327C4FD93870730A20791077D
:106FDC002324F4FE8327C4FD93870730A207A1075F
:106FEC002322F4FE8327C4FD93870730A207B10741
:106FFC002320F4FE8327C4FE83D70700C207C18376
:10700C00BE8517B500001305658AEFE08FAA8327AC
:10701C0084FE83D70700C207C183BE8517B5000065
:10702C001305058BEFE0EFA8832744FE83C7070009
:10703C0093F7F70FBE8517B500001305A58BEFE08E
:10704C004FA7832704FE83D70700C207C183BE85E1
:10705C0017B500001305858CEFE0AFA50100B25009
:10706C00225445618280011122CE00102326A4FEF9
:10707C002324B4FE8327C4FE9843832784FEF98F10
:10708C00B337F00093F7F70F3E85724405618280A9
:10709C00797122D60018232EA4FC0327C4FD930774
:1070AC002003B307F7022326F4FE232404FE39A0A1
:1070BC000100832784FE85072324F4FE832784FEA6
:1070CC000327C4FEE3E6E7FE0100010032544561EC
:1070DC008280797122D60018232EA4FC0327C4FDCC
:1070EC00B16793870735B307F7022326F4FE2324F1
:1070FC0004FE39A00100832784FE85072324F4FEB7
:10710C00832784FE0327C4FEE3E6E7FE01000100AB
:10711C00325445618280797122D60018232EA4FC4A
:10712C008327C4FD2326F4FE29A89307803E23243D
:10713C00F4FE0100832784FE1387F7FF2324E4FE6B
:10714C00F5FB8327C4FE1387F7FF2326E4FEF1FF2C
:10715C0001000100325445618280011122CE0010E1
:10716C002326A4FE2324B4FE8327C4FE984383273E
:10717C0084FE5D8F8327C4FE98C3010072440561B1
:10718C008280011122CE00102326A4FE2324B4FEFB
:10719C008327C4FE9843832784FE93C7F7FF7D8F14
:1071AC008327C4FE98C301007244056182800111DB
:1071BC0022CE00102326A4FE31A08327C4FEFD1787
:1071CC002326F4FE8327C4FEEDFB0100010072446C
:1071DC0005618280411106C622C40008B705000271
:1071EC00B7070400138587108D3F0545C937B705D0
:1071FC000002B70704001385871061370545453F2A
:10720C000100B240224441018280411122C6000893
:10721C00B7070400938707109443B70704009387BC
:10722C00071037070001558F98C3B70704009387E1
:10723C0087109443B707040093878710370700FF24
:10724C007D17758F98C3B707040093870710944375
:10725C00B70704009387071037070002558F98C3B0
:10726C00B7070400938787109443B70704009387EC
:10727C008710370700FE7D17758F98C3B70704007A
:10728C00938707109443B7070400938707103707B9
:10729C000004558F98C3B707040093878710944355
:1072AC00B70704009387871037070004558F98C3DE
:1072BC00B7070400938707109443B707040093871C
:1072CC00071037070008558F98C3B707040093873A
:1072DC0087109443B707040093878710370700087B
:1072EC00558F98C3B7070400938707109443B707CB
:1072FC0004009387071037070010558F98C3B70702
:10730C000400938787109443B70704009387871072
:10731C0037070010558F98C3B707040093870710E1
:10732C009443B70704009387071037070020558F45
:10733C0098C3B7070400938787109443B7070400DA
:10734C009387871037070020558F98C3010032446C
:10735C0041018280011106CE22CC0010AA87A3071E
:10736C00F4FE8307F4FE63D00702B707040093878B
:10737C0087109443B70704009387871037070020C2
:10738C00558F98C339A8B707040093878710944387
:10739C00B707040093878710370700E07D17758FB8
:1073AC0098C38347F4FE93F7070499CFB7070400FB
:1073BC00938787109443B707040093878710370788
:1073CC000010558F98C339A8B7070400938787100E
:1073DC009443B707040093878710370700F07D1795
:1073EC00758F98C38347F4FE93F7070299CFB707BD
:1073FC000400938787109443B70704009387871082
:10740C0037070008558F98C339A8B707040093872E
:10741C0087109443B707040093878710370700F849
:10742C007D17758F98C38347F4FEC18B99CFB7072F
:10743C000400938787109443B70704009387871041
:10744C0037070004558F98C339A8B70704009387F2
:10745C0087109443B707040093878710370700FC05
:10746C007D17758F98C3BD330100F24062440561EE
:10747C008280011106CE22CC0010AA87A307F4FE4D
:10748C008347F4FEA18B99CFB7070400938787102D
:10749C009443B70704009387871037070020558F54
:1074AC0098C339A8B7070400938787109443B7078C
:1074BC00040093878710370700E07D17758F98C3FA
:1074CC008347F4FE918B99CFB707040093878710FD
:1074DC009443B70704009387871037070010558F24
:1074EC0098C339A8B7070400938787109443B7074C
:1074FC00040093878710370700F07D17758F98C3AA
:10750C008347F4FE898B99CFB707040093878710C4
:10751C009443B70704009387871037070008558FEB
:10752C0098C339A8B7070400938787109443B7070B
:10753C00040093878710370700F87D17758F98C361
:10754C008347F4FE858B99CFB70704009387871088
:10755C009443B70704009387871037070004558FAF
:10756C0098C339A8B7070400938787109443B707CB
:10757C00040093878710370700FC7D17758F98C31D
:10758C0091390100F240624405618280011106CEFE
:10759C0022CC0010AA87A307F4FE8347F4FE918344
:1075AC0093F7F70F3E85F1358347F4FE3E85D135D1
:1075BC001305A00FED3E0100F2406244056182808C
:1075CC00011106CE22CC0010AA87A307F4FEB70542
:1075DC000002B7070400138587106536B705000154
:1075EC00B707040013858710693E8347F4FE3E8578
:1075FC00713F0100F240624405618280011106CEA8
:10760C0022CC0010AA87A307F4FEB7050002B70727
:10761C00040013858710B536B7050001B7070400C1
:10762C00138587101D3E8347F4FE3E858537010088
:10763C00F240624405618280011106CE22CC00101A
:10764C00AA87A307F4FE8347F4FE3E85453F01005D
:10765C00F240624405618280011106CE22CC0010FA
:10766C002326A4FE21A88327C4FE83C707003E85DA
:10767C00E1378327C4FE85072326F4FE8327C4FE47
:10768C0083C70700EDF301000100F240624405617D
:10769C008280011106CE22CC00102326A4FE2324C6
:1076AC00B4FE0327C4FE8547631DF700832784FEC1
:1076BC0093F7F70F938707F893F7F70F3E85093782
:1076CC0005A00327C4FE8947631CF700832784FEAB
:1076DC0093F7F70F938707FC93F7F70F3E85CD359C
:1076EC000100F240624405618280411106C622C449
:1076FC0000080545F1350945E1350545293C0100F2
:10770C00B240224441018280411106C622C40008C5
:10771C00B7070400938787109443B7070400938737
:10772C008710370700E07D17758F98C3B7070400E3
:10773C00938787109443B707040093878710370704
:10774C0000F07D17758F98C3B707040093878710D7
:10775C009443B70704009387871037070008558FA9
:10776C0098C3B7070400938787109443B7070400A6
:10777C009387871037070004558F98C3A13C1305D6
:10778C00401F3534813C1305401F1534A1341305BB
:10779C00401F313CB7070400938787109443B70709
:1077AC00040093878710370700E07D17758F98C307
:1077BC00B7070400938787109443B7070400938797
:1077CC008710370700F07D17758F98C3B707040033
:1077DC00938787109443B707040093878710370764
:1077EC000008558F98C3B7070400938787109443FC
:1077FC00B707040093878710370700FC7D17758F38
:10780C0098C3C93A1305401F5D320100B2402244AF
:10781C0041018280411106C622C40008B705003F11
:10782C00B7070400138507100D3AC532130540063F
:10783C00DD30D93D13054006F938453D13054006AA
:10784C00D93813050003AD3B13054006E930130589
:10785C008002BD33130540067D3839459533130539
:10786C00400655380545A93B130540066D301945B2
:10787C00813B130540064530054599331305803E81
:10788C0059380100B240224441018280797106D6F8
:10789C0022D400182326A4FE2324B4FE2322C4FEE3
:1078AC002320D4FEBA87A30FF4FC8347F4FD91C3C5
:1078BC002D3D832584FE0325C4FEE13B032544FEB8
:1078CC00613B032504FE81380100B250225445610E
:1078DC008280597186D6A2D48018232EA4F8232E28
:1078EC0004FA232004FC232204FC232404FC232676
:1078FC0004FC232804FC232A04FC232C04FC232E44
:10790C0004FC232004FE232204FE232404FE23165D
:10791C0004FEB7572B43938717442328F4FAB74731
:10792C00533D9387D774232AF4FA93072002231C20
:10793C00F4FA930720022316F4FA130704FB9307B7
:10794C00C4FBBA853E85EF80302B9307C4FB97C5EB
:10795C000000938525073E85EF80102A1307C4FA93
:10796C009307C4FBBA853E85EF8010299307C4FBAF
:10797C003E85EF20F02413054006EF30304C0325F4
:10798C00C4F9EF20F02313054006EF30304B9387FA
:10799C0081EF9C47E9453E85EFE06F861305400675
:1079AC00EF30D04985473E85B650265465618280BC
:1079BC00411106C622C400089305000FB707040046
:1079CC0013850710EFF0EFFBB7050080B707040035
:1079DC0013850710EFF06FF80100B240224441010B
:1079EC008280797106D622D40018232EA4FC232C75
:1079FC00B4FC232604FEA30504FE75A017A5000005
:107A0C00130505F4EFD03FEB8327C4FD9C47A3057A
:107A1C00F4FE8327C4FE138717002326E4FE0327F6
:107A2C0084FDBA970347B4FE2380E7008347B4FE76
:107A3C003E85EFD07FF30347B4FEB5476315F706D9
:107A4C0017A50000130505F0EFD0FFE631A0832742
:107A5C00C4FD9C47A305F4FE8327C4FD83C7C70060
:107A6C00918BF5F78327C4FE138717002326E4FEBA
:107A7C00032784FDBA9729472380E7008327C4FE98
:107A8C00138717002326E4FE032784FDBA9723806F
:107A9C0007009387C119054798C3938781EF9C43CF
:107AAC003E85EFE06F8B9387C11998438947E307B5
:107ABC00F7F417A50000130525E9EFD0DFDF8327C6
:107ACC00C4FE93F7F70F3E85B25022544561828075
:107ADC00411106C622C400089387C119094798C3EF
:107AEC0029A8938781EF9C439385C13C3E85D53D66
:107AFC00AA873E879387C15398C3938781EF9C4392
:107B0C0083C7C700918BF1FF9387C1539C4395CBDF
:107B1C0017A50000130585E3EFD0FFD99385C13C71
:107B2C0017A500001305C5E2EFD0FFD813064006D9
:107B3C0081451385C13CEF80B0019387C15323A0CD
:107B4C0007000100B240224441018280411106C667
:107B5C0022C40008EFD0BFDA938781EFD84389673E
:107B6C00938507583A85EFD03FE317A5000013051E
:107B7C0065DEEFD05FD4938781EFDC433E85EFD099
:107B8C00BFFD0100B240224441018280411106C672
:107B9C0022C40008B7050040B7070400138507107E
:107BAC00EFE02FE4B70700C09385F7FFB707040099
:107BBC0013858710EFE0EFE217A50000130545DBF6
:107BCC00EFD07FCF0100B240224441018280797115
:107BDC0022D60018232EA4FCAE87231DF4FCFD57DF
:107BEC002317F4FE231604FE85A88357C4FE03272F
:107BFC00C4FDBA9783C707001397070141838357C6
:107C0C00E4FEB98F2317F4FE231504FE25A8835731
:107C1C00E4FE858B91CF8357E4FE85832317F4FE16
:107C2C000357E4FEE9778507B98F2317F4FE31A0DB
:107C3C008357E4FE85832317F4FE8357A4FE850740
:107C4C002315F4FE0357A4FE9D47E3F2E7FC83578C
:107C5C00C4FE85072316F4FE0357C4FE8357A4FD08
:107C6C00E365F7F88357E4FE3E8532544561828024
:107C7C00397106DE22DC4ADA4ED880002326A4FCB9
:107C8C008327C4FC63D40700FD5711A0854723222A
:107C9C00F4FE8327C4FCDD8793F7F70F2320F4FE53
:107CAC000327C4FCB7078000FD17F98F232EF4FCC3
:107CBC00832704FE8DEB032744FE8327C4FDB30703
:107CCC00F70293D6F741370780007D17758FBA9767
:107CDC00DD873E85EF7080672A87AE872324E4FE1C
:107CEC002326F4FEF9A8032704FE9307F00F631470
:107CFC00F7048327C4FD8DE7032544FEEF80803015
:107D0C002A8797B700009387A7888C433A85EF7032
:107D1C009054AA873E85EF8020442A87AE8739A0ED
:107D2C0097B70000938747879843DC432324E4FEEE
:107D3C002326F4FE79A0032544FEEF7020612A89E6
:107D4C00AE890325C4FDEF7060602A87AE8797B6B5
:107D5C0000009386E6849042D4423A85BE85EF605B
:107D6C00E0462A87AE873A85BE8597B70000938791
:107D7C00A7839043D443EF5070662A87AE873A8628
:107D8C00BE864A85CE85EF6030342A87AE873A8925
:107D9C00BE89832704FE938717F80547B317F700AE
:107DAC003E85EF70A05A2A87AE873A86BE864A85F2
:107DBC00CE85EF6070312A87AE872324E4FE23261C
:107DCC00F4FE032784FE8327C4FE3A85BE85F25059
:107DDC0062545259C25921618280797106D622D4DB
:107DEC004AD24ED00018232EA4FC8327C4FDFD8359
:107DFC002324F4FE8327C4FDDD8793F7F70F23229A
:107E0C00F4FE0327C4FDB7078000FD17F98F23206C
:107E1C00F4FE032744FE9307F00F631EF70283273B
:107E2C0004FE95E3832784FE99C797A700009387E8
:107E3C0027789C4331A097A70000938767759C43D4
:107E4C002326F4FECDA897A700009387A7769C4322
:107E5C002326F4FECDA0832744FEA9EF832704FE3E
:107E6C0099EF832784FE99C797A700009387C7745F
:107E7C009C4319A0930700002326F4FE6DA803254C
:107E8C0004FEEF8020182A8797A7000093870773BA
:107E9C008C433A85EF705003AA873E8797A7000062
:107EAC00938707728C433A85EF70F03AAA872326A2
:107EBC00F4FE51A0032504FEEF80C0142A8797A777
:107ECC0000009387A76F8C433A85EF70E07FAA87F9
:107EDC003E8797A700009387E76E8C433A85EF7037
:107EEC00604DAA873E85EF8020272A89AE8983279B
:107EFC0044FE938717F83E85EF7040452A86AE8680
:107F0C0097A700009387476C9843DC433A85BE855E
:107F1C00EF4040552A87AE873A86BE864A85CE8585
:107F2C00EF60901A2A87AE873A85BE85EF80202CA9
:107F3C00AA872326F4FE832784FE81CB0327C4FE65
:107F4C00B7070080B98F2326F4FE8327C4FE3E8535
:107F5C00B25022541259825945618280797106D6E9
:107F6C0022D426D20018232EA4FC9305000003254E
:107F7C00C4FDEF70F019AA8799E3814719A28544D3
:107F8C00930500000325C4FDEF707025AA8763C319
:107F9C000700814493F7F40F2324F4FE93050000AB
:107FAC000325C4FDEF70B023AA8763D8070003270D
:107FBC00C4FDB7070080B98F19A08327C4FD232EF9
:107FCC00F4FC232604FE15A08327C4FE8507232674
:107FDC00F4FE97A700009387A75F8C430325C4FD8D
:107FEC00EF70806EAA87232EF4FC97A7000093876E
:107FFC00275E8C430325C4FDEF70F016AA87E3D5EA
:10800C0007FC39A88327C4FEFD172326F4FE83271B
:10801C00C4FDBE853E85EF70E039AA87232EF4FCA3
:10802C0097A700009387075A8C430325C4FDEF7074
:10803C00101BAA87E3C807FC97A700009387075873
:10804C008C430325C4FDEF701021AA873E85EF7089
:10805C0070752A87B7078000FD17F98F2322F4FE6D
:10806C00832784FE1397F7018327C4FE9387F707B2
:10807C00DE075D8F832744FED98F2320F4FE8327F0
:10808C0004FE3E85B2502254925445618280011107
:10809C0006CE22CC0010AA87A307F4FE8347F4FE79
:1080AC00BE8517A500001305A58DEFD0DF8097A71F
:1080BC0000009387275298438347F4FE85461306A6
:1080CC00E002C1453E85AD2297A700009387C750BB
:1080DC0098438347F4FE854613060003C1453E854D
:1080EC00812A97A700009387674F98438347F4FE34
:1080FC00854613062003C1453E851D2A97A700001F
:10810C009387474C98438347F4FE854613064003F8
:10811C00C1453E85312A97A700009387A74A98430B
:10812C008347F4FE854613066003C1453E8509224C
:10813C0097A700009387074998438347F4FE854629
:10814C0013068003C1453E85E52097A70000938761
:10815C00674798438347F4FE854613068004C14560
:10816C003E85F9200545EFD07FC70100F2406244FF
:10817C0005618280011106CE22CC0010AA872E87C1
:10818C00A307F4FEBA872307F4FE0347E4FE8547F2
:10819C00631BF7028347F4FEBE8517A50000130589
:1081AC006580EFD04FF197A7000093876743984302
:1081BC008347F4FE854613062003C1453E858D2872
:1081CC000545EFD0BFC18347E4FE95EB8347F4FE32
:1081DC00BE85179500001305A57FEFD0CFED97A7AF
:1081EC0000009387A73F98438347F4FE8546130608
:1081FC002003C1453E852D280545EFD03FBE0347E2
:10820C00E4FE85476301F7028347E4FE89CF834789
:10821C00F4FEBE85179500001305457EEFD0AFE93F
:10822C000545EFD0BFBB0100F2406244056182807E
:10823C00597186D6A2D48018AA87232AE4F8A30FF2
:10824C00F4F8AE87230FF4F8B287231EF4F8B68740
:10825C00231DF4F801009387013C03C707008547F1
:10826C00E30BF7FE8347F4F9BE8517950000130561
:10827C00A57BEFD04FE49387612A0347F4F9238061
:10828C00E7009387813C0347E4F92380E700835799
:10829C00C4F913F7F70F9387D12A2380E70023172C
:1082AC0004FEA30604FE8357A4F913F7F70F938774
:1082BC0001542380E7008357A4F98607231DF4F8A3
:1082CC009387813B0357A4F92390E700230604FE10
:1082DC00032544F961312324A4FE8347D4FE13877C
:1082EC001700A306E4FE0307F4F9930604FFB69700
:1082FC00238EE7FA8347D4FE13871700A306E4FE08
:10830C000307E4F9930604FFB697238EE7FA835725
:10831C00C4F9A18393960701C1828347D4FE1387C6
:10832C001700A306E4FE139786016187930604FFEA
:10833C00B697238EE7FA8347D4FE13871700A3065C
:10834C00E4FE0357C4F962076187930604FFB697EE
:10835C00238EE7FA8357A4F9A18393960701C18270
:10836C008347D4FE13871700A306E4FE13978601F8
:10837C006187930604FFB697238EE7FA8347D4FEF2
:10838C0013871700A306E4FE0357A4F9620761875D
:10839C00930604FFB697238EE7FA8347D4FE138720
:1083AC001700A306E4FE130704FFBA971147238EA8
:1083BC00E7FA832784FE93D687018347D4FE13877D
:1083CC001700A306E4FE139786016187930604FF4A
:1083DC00B697238EE7FA832784FE93D6070183474B
:1083EC00D4FE13871700A306E4FE1397860161875A
:1083FC00930604FFB697238EE7FA832784FE93D661
:10840C0087008347D4FE13871700A306E4FE139757
:10841C0086016187930604FFB697238EE7FA83479C
:10842C00D4FE13871700A306E4FE032784FE62071D
:10843C006187930604FFB697238EE7FA9307C4FA75
:10844C00AD453E85EFF0AFF8AA872317F4FE8347BE
:10845C00D4FE13871700A306E4FE0357E4FE62075D
:10846C006187930604FFB697238EE7FA8357E4FEE1
:10847C00A18393960701C1828347D4FE138717000B
:10848C00A306E4FE139786016187930604FFB69753
:10849C00238EE7FAA30604FEB7050040B7070400D5
:1084AC0013858710EFD0FFD3938781EFD443834795
:1084BC00D4FE13871700A306E4FE130704FFBA9734
:1084CC008387C7FB93F7F70FBE853685EFD02FD385
:1084DC00938781EFD4438347D4FE13871700A306F9
:1084EC00E4FE130704FFBA978387C7FB93F7F70FD4
:1084FC00BE853685EFD0AFD0938781EFD4438347C9
:10850C00D4FE13871700A306E4FE130704FFBA97E3
:10851C008387C7FB93F7F70FBE853685EFD02FCE39
:10852C00938781EFD4438347D4FE13871700A306A8
:10853C00E4FE130704FFBA978387C7FB93F7F70F83
:10854C00BE853685EFD0AFCB938781EFD44383477D
:10855C00D4FE13871700A306E4FE130704FFBA9793
:10856C008387C7FB93F7F70FBE853685EFD02FC9EE
:10857C00938781EFD4438347D4FE13871700A30658
:10858C00E4FE130704FFBA978387C7FB93F7F70F33
:10859C00BE853685EFD0AFC6938781EFD443834732
:1085AC00D4FE13871700A306E4FE130704FFBA9743
:1085BC008387C7FB93F7F70FBE853685EFD02FC4A3
:1085CC00938781EFD4438347D4FE13871700A30608
:1085DC00E4FE130704FFBA978387C7FB93F7F70FE3
:1085EC00BE853685EFD0AFC1938781EFD4438347E7
:1085FC00D4FE13871700A306E4FE130704FFBA97F3
:10860C008387C7FB93F7F70FBE853685EFD02FBF57
:10861C00938781EFD4438347D4FE13871700A306B7
:10862C00E4FE130704FFBA978387C7FB93F7F70F92
:10863C00BE853685EFD0AFBC938781EFD44383479B
:10864C00D4FE13871700A306E4FE130704FFBA97A2
:10865C008387C7FB93F7F70FBE853685EFD02FBA0C
:10866C00938781EFD4438347D4FE13871700A30667
:10867C00E4FE130704FFBA978387C7FB93F7F70F42
:10868C00BE853685EFD0AFB7938781EFD443834750
:10869C00D4FE13871700A306E4FE130704FFBA9752
:1086AC008387C7FB93F7F70FBE853685EFD02FB5C1
:1086BC00A30604FE0100938781EFDC4383C7C70048
:1086CC00858BF5DBB70700C09385F7FFB707040070
:1086DC0013858710EFD0FFB0938781EFDC433E8585
:1086EC00EFD08FC701009387013C03C70700854774
:1086FC00E30BF7FE9387013C05472380E70001005D
:10870C00B650265465618280011106CE22CC001031
:10871C00AA872E872317F4FEBA87A306F4FE938745
:10872C00811A238007006F00A06A8357E4FE1307A9
:10873C00C00C6388E7621307C00C6340F76813072B
:10874C00A00C6384E75C1307A00C6348F76613075F
:10875C00A0046346F70263C207661307A004636EA6
:10876C00F764139727009797000093872732BA97DF
:10877C0098439797000093876731BA9782871307BE
:10878C00800C6388E7526F0040639385C196179500
:10879C0000001305252CEFD00F929387811A83C705
:1087AC000700138717009376F70F1387811A23009E
:1087BC00D700138701618A07BA979C433E85EF70F7
:1087CC00B0192A87AE873A86BE8617950000130526
:1087DC00E528EFD04F8E8357E4FE89072317F4FE6C
:1087EC00DDA393854197179500001305A526EFD0BF
:1087FC008F8C9387811A83C7070013871700937692
:10880C00F70F1387811A2300D700138701618A079A
:10881C00BA979C433E85EF7030142A87AE873A8610
:10882C00BE86179500001305E523EFD0CF8883573C
:10883C00E4FE89072317F4FE79A39385C197179556
:10884C00000013052521EFD00F879387811A83C76A
:10885C000700138717009376F70F1387811A2300ED
:10886C00D700138701618A07BA979C433E85EF7046
:10887C00B00E2A87AE873A86BE8617950000130580
:10888C00651EEFD04F838357E4FE89072317F4FE50
:10889C001DAB938581A0179500001305A51BEFD088
:1088AC008F819387811A83C70700138717009376EC
:1088BC00F70F1387811A2300D700138701618A07EA
:1088CC00BA979C433E85EF7030092A87AE873A866B
:1088DC00BE86179500001305E518EFC0DFFD835722
:1088EC00E4FE89072317F4FEF9A9938541A1179596
:1088FC00000013052516EFC01FFC9387811A83C750
:10890C000700138717009376F70F1387811A23003C
:10891C00D700138701618A07BA979C433E85EF7095
:10892C00B0032A87AE873A86BE86179500001305DA
:10893C006513EFC05FF88357E4FE89072317F4FE35
:10894C0059A1938501A2179500001305A510EFC03E
:10895C009FF69387811A83C70700138717009376B6
:10896C00F70F1387811A2300D700138701618A0739
:10897C00BA979C433E85EF70207E2A87AE873A8655
:10898C00BE86179500001305E50DEFC0DFF2835787
:10899C00E4FE89072317F4FE3DA1938541981795B2
:1089AC0000001305250BEFC01FF19387811A83C7B5
:1089BC000700138717009376F70F1387811A23008C
:1089CC00D700138701618A07BA979C433E85EF70E5
:1089DC00A0782A87AE873A86BE86179500001305C5
:1089EC006508EFC05FED8357E4FE89072317F4FE9B
:1089FC00D9AE9385C198179500001305A505EFC056
:108A0C009FEB9387811A83C7070013871700937610
:108A1C00F70F1387811A2300D700138701618A0788
:108A2C00BA979C433E85EF7020732A87AE873A86AF
:108A3C00BE86179500001305E502EFC0DFE78357EC
:108A4C00E4FE89072317F4FEBDAE93854199179573
:108A5C00000013052500EFC01FE69387811A83C71A
:108A6C000700138717009376F70F1387811A2300DB
:108A7C00D700138701618A07BA979C433E85EF7034
:108A8C00A06D2A87AE873A86BE861795000013051F
:108A9C0065FDEFC05FE28357E4FE89072317F4FE00
:108AAC001DA69385C199179500001305A5FAEFC073
:108ABC009FE09387811A83C707001387170093766B
:108ACC00F70F1387811A2300D700138701618A07D8
:108ADC00BA979C433E85EF7020682A87AE873A860A
:108AEC00BE86179500001305E5F7EFC0DFDC835752
:108AFC00E4FE89072317F4FEF9A49385419A179590
:108B0C000000130525F5EFC01FDB9387811A83C77F
:108B1C000700138717009376F70F1387811A23002A
:108B2C00D700138701618A07BA979C433E85EF7083
:108B3C00A0622A87AE873A86BE8617950000130579
:108B4C0065F2EFC05FD78357E4FE89072317F4FE65
:108B5C009DAC9385C19A179500001305A5EFEFC046
:108B6C009FD59387811A83C70700138717009376C5
:108B7C00F70F1387811A2300D700138701618A0727
:108B8C00BA979C433E85EF70205D2A87AE873A8664
:108B9C00BE86179500001305E5ECEFC0DFD18357B7
:108BAC00E4FE89072317F4FE39AC9385C1A217950F
:108BBC000000130525EAEFC01FD09387811A83C7E5
:108BCC000700138717009376F70F1387811A23007A
:108BDC00D700138701618A07BA979C433E85EF70D3
:108BEC00A0572A87AE873A86BE86179500001305D4
:108BFC0065E7EFC05FCC8357E4FE89072317F4FECB
:108C0C00D9A2938581A3179500001305A5E4EFC0A5
:108C1C009FCA9387811A83C707001387170093761F
:108C2C00F70F1387811A2300D700138701618A0776
:108C3C00BA979C433E85EF7020522A87AE873A86BE
:108C4C00BE86179500001305E5E1EFC0DFC683571C
:108C5C00E4FE89072317F4FEBDA2938541A4179562
:108C6C000000130525DFEFC01FC59387811A83C74A
:108C7C000700138717009376F70F1387811A2300C9
:108C8C00D700138701618A07BA979C433E85EF7022
:108C9C00A04C2A87AE873A86BE861795000013052E
:108CAC0065DCEFC05FC18357E4FE89072317F4FE30
:108CBC0019AA9385419B179500001305A5D9EFC000
:108CCC009FBF9387811A83C707001387170093767A
:108CDC00F70F1387811A2300D700138701618A07C6
:108CEC00BA979C433E85EF7020472A87AE873A8619
:108CFC00BE86179500001305E5D6EFC0DFBB835782
:108D0C00E4FE89072317F4FE7DA89385C19B179574
:108D1C000000130525D4EFC01FBA9387811A83C7AF
:108D2C000700138717009376F70F1387811A230018
:108D3C00D700138701618A07BA979C433E85EF7071
:108D4C00A0412A87AE873A86BE8617950000130588
:108D5C0065D1EFC05FB68357E4FE89072317F4FE95
:108D6C009DA09385419C179500001305A5CEEFC0DF
:108D7C009FB49387811A83C70700138717009376D4
:108D8C00F70F1387811A2300D700138701618A0715
:108D9C00BA979C433E85EF70203C2A87AE873A8673
:108DAC00BE86179500001305E5CBEFC0DFB08357E7
:108DBC00E4FE89072317F4FE39A01795000013056C
:108DCC00E5CAEFC05FAF8347D4FEFD17A306F4FEE0
:108DDC008347D4FEE39B079401000100F2406244F8
:108DEC0005618280117186DFA2DD0002AA872E87C1
:108DFC00A307F4F0BA872307F4F08347F4F0114784
:108E0C00638EE75811476344F7760D47638FE73A53
:108E1C000D47634EF77405476387E7000947638D79
:108E2C00E71C6F00C0740347E4F085476312F70E2C
:108E3C0017950000130545D8EFC0FFA7232E04F0AB
:108E4C00232004F2232204F2232404F2232604F226
:108E5C00232804F2232A04F2232C04F2232E04F2F6
:108E6C00232004F4232204F4232404F4231604F40E
:108E7C00B7572B43938717442322F4FEB757534518
:108E8C00938797042324F4FEB7473D009387E74468
:108E9C002326F4FEB73730009387C7122320F4FE45
:108EAC009387819683C70700230EF4FCA30E04FC62
:108EBC00130744FE9307C4F1BA853E85EF70C05387
:108ECC001307C4FD9307C4F1BA853E85EF70C052F9
:108EDC00130704FE9307C4F1BA853E85EF70C051A9
:108EEC009307C4F13E85EF0090719305401F130565
:108EFC00401FEFD04FA7179500001305E5CCEF00EE
:108F0C0010709305401F1305401FEFD0CFA595A5FA
:108F1C008347E4F0639F076417950000130585CB26
:108F2C00EFC07F99232E04F0232004F2232204F2B5
:108F3C00232404F2232604F2232804F2232A04F225
:108F4C00232C04F2232E04F2232004F4232204F411
:108F5C00232404F4231604F4B7572B4393871744A4
:108F6C002328F4FCB757534593879704232AF4FC22
:108F7C00B7473D009387E744232CF4FCB737300008
:108F8C009387C7122326F4FC9387819683C7070027
:108F9C002304F4FCA30404FC130704FD9307C4F19D
:108FAC00BA853E85EF704045130784FC9307C4F1E6
:108FBC00BA853E85EF7040441307C4FC9307C4F197
:108FCC00BA853E85EF7040439307C4F13E85EF00B0
:108FDC0010639305401F1305401FEFD0CF981795D2
:108FEC000000130565C0EF0090619305401F130549
:108FFC00401FEFD04F97B5AB0347E4F085476312A2
:10900C00F70E179500001305E5BEEFC0DF8A232E7F
:10901C0004F0232004F2232204F2232404F2232656
:10902C0004F2232804F2232A04F2232C04F2232E24
:10903C0004F2232004F4232204F4232404F423163E
:10904C0004F4B7572B4393871744232EF4FAB757DE
:10905C005345938797042320F4FCB7473D0093872F
:10906C00E7442322F4FCB73730009387C712232C34
:10907C00F4FA9387819683C70700230AF4FAA30AAC
:10908C0004FA1307C4FB9307C4F1BA853E85EF704D
:10909C00A036130744FB9307C4F1BA853E85EF70E5
:1090AC00A035130784FB9307C4F1BA853E85EF7096
:1090BC00A0349307C4F13E85EF0070549305401F14
:1090CC001305401FEFD02F8A17950000130585B3A9
:1090DC00EF00F0529305401F1305401FEFD0AF88EF
:1090EC0059A98347E4F063980748179500001305C6
:1090FC0025B2EFC04FFC232E04F0232004F22322D0
:10910C0004F2232404F2232604F2232804F2232A53
:10911C0004F2232C04F2232E04F2232004F4232241
:10912C0004F4232404F4231604F4B7572B43938735
:10913C0017442324F4FAB7575345938797042326EF
:10914C00F4FAB7473D009387E7442328F4FAB7377E
:10915C0030009387C7122322F4FA9387819683C732
:10916C0007002300F4FAA30004FA130784FA930708
:10917C00C4F1BA853E85EF702028130704FA9307D3
:10918C00C4F1BA853E85EF702027130744FA930784
:10919C00C4F1BA853E85EF7020269307C4F13E8555
:1091AC00EF00F0459305401F1305401FEFC0BFFBB8
:1091BC0017950000130505A7EF0070449305401F99
:1091CC001305401FEFC03FFA7DA60347E4F0854727
:1091DC006312F70E17950000130585A5EFC0AFEDD0
:1091EC00232E04F0232004F2232204F2232404F27D
:1091FC00232604F2232804F2232A04F2232C04F25B
:10920C00232E04F2232004F4232204F4232404F454
:10921C00231604F4B7572B4393871744232AF4F8E7
:10922C00B757534593879704232CF4F8B7473D0061
:10923C009387E744232EF4F8B73730009387C7128F
:10924C002328F4F89387819683C707002306F4F844
:10925C00A30604F8130744F99307C4F1BA853E85B5
:10926C00EF7080191307C4F89307C4F1BA853E85D3
:10927C00EF708018130704F99307C4F1BA853E8583
:10928C00EF7080179307C4F13E85EF0050379305BC
:10929C00401F1305401FEFC01FED1795000013056D
:1092AC00259AEF00D0359305401F1305401FEFC0E2
:1092BC009FEBE1A48347E4F06391072C1795000022
:1092CC001305C598EFC02FDF232E04F0232004F2E2
:1092DC00232204F2232404F2232604F2232804F28A
:1092EC00232A04F2232C04F2232E04F2232004F468
:1092FC00232204F4232404F4231604F4B7572B4339
:10930C00938717442320F4F8B75753459387970452
:10931C002322F4F8B7473D009387E7442324F4F85D
:10932C00B73730009387C712232EF4F693878196B4
:10933C0083C70700230CF4F6A30C04F6130704F8F8
:10934C009307C4F1BA853E85EF70000B130784F7C1
:10935C009307C4F1BA853E85EF70000A1307C4F772
:10936C009307C4F1BA853E85EF7000099307C4F1E9
:10937C003E85EF00D0289305401F1305401FEFC01A
:10938C009FDE179500001305A58DEF005027930560
:10939C00401F1305401FEFC01FDDC5A20347E4F0BB
:1093AC0085476312F70E179500001305258CEFC047
:1093BC008FD0232E04F0232004F2232204F2232442
:1093CC0004F2232604F2232804F2232A04F2232C89
:1093DC0004F2232E04F2232004F4232204F4232485
:1093EC0004F4231604F4B7572B439387174423260E
:1093FC00F4F6B7575345938797042328F4F6B747E9
:10940C003D009387E744232AF4F6B737300093875F
:10941C00C7122324F4F69387819683C7070023028F
:10942C00F4F6A30204F61307C4F69307C4F1BA8545
:10943C003E85EF60707C130744F69307C4F1BA8540
:10944C003E85EF60707B130784F69307C4F1BA85F1
:10945C003E85EF60707A9307C4F13E85EF00301AB9
:10946C009305401F1305401FEFC0FFCF1795000059
:10947C001305C580EF00B0189305401F1305401F5E
:10948C00EFC07FCEEDA88347E4F0639A070E1785F3
:10949C0000001305657FEFC00FC2232E04F02320BC
:1094AC0004F2232204F2232404F2232604F22328B8
:1094BC0004F2232A04F2232C04F2232E04F2232098
:1094CC0004F4232204F4232404F4231604F4B757DD
:1094DC002B4393871744232CF4F4B75753459387A6
:1094EC009704232EF4F4B7473D009387E7442320D9
:1094FC00F4F6B73730009387C712232AF4F4938716
:10950C00819683C707002308F4F4A30804F4130717
:10951C0084F59307C4F1BA853E85EF60F06D1307AF
:10952C0004F59307C4F1BA853E85EF60F06C130720
:10953C0044F59307C4F1BA853E85EF60F06B930751
:10954C00C4F13E85EF00B00B9305401F1305401F7F
:10955C00EFC07FC11785000013054574EF00300A7A
:10956C009305401F1305401FEFC0FFBF09A8010062
:10957C0001A8010031A0010021A0010011A00100EF
:10958C000100FE506E5411618280717106D722D594
:10959C000019AA872E87A30FF4F4BA87230FF4F4CB
:1095AC008347F4F511476385E7301147634DF73E68
:1095BC000D476384E7200D476347F73E05476386F5
:1095CC00E70009476380E710F9AE0347E4F5CD47A0
:1095DC006318F70E8347F4F50347E4F53A86BE8526
:1095EC00178500001305456CEFC0EFAC232604F67D
:1095FC00232804F6232A04F6232C04F6232E04F63F
:10960C00232004F8232204F8232404F8232604F846
:10961C00232804F8232A04F8232C04F8231E04F826
:10962C00B7572B43938717442322F4FEB757534560
:10963C00938797042324F4FEB7473D009387E744B0
:10964C002326F4FEB73730009387C7122320F4FE8D
:10965C009387819683C70700230EF4FCA30E04FCAA
:10966C00130744FE9307C4F6BA853E85EF60D058C5
:10967C001307C4FD9307C4F6BA853E85EF60D05737
:10968C00130704FE9307C4F6BA853E85EF60D056E7
:10969C009307C4F63E85EF0080769305401F1305B3
:1096AC00401FEFC05FAC178500001305E561EF00AC
:1096BC0000759305401F1305401FEFC0DFAA11A0D2
:1096CC000100DDA40347E4F5CD476316F70E83478D
:1096DC00F4F50347E4F53A86BE85178500001305BB
:1096EC00A55CEFC04F9D232604F6232804F6232AFD
:1096FC0004F6232C04F6232E04F6232004F823224C
:10970C0004F8232404F8232604F8232804F8232A35
:10971C0004F8232C04F8231E04F8B7572B43938723
:10972C0017442328F4FCB757534593879704232AEF
:10973C00F4FCB7473D009387E744232CF4FCB73780
:10974C0030009387C7122326F4FC9387819683C736
:10975C0007002304F4FCA30404FC130704FD930783
:10976C00C4F6BA853E85EF603049130784FC930735
:10977C00C4F6BA853E85EF6030481307C4FC9307E6
:10978C00C4F6BA853E85EF6030479307C4F63E8534
:10979C00BD259305401F1305401FEFC0DF9C1785A7
:1097AC00000013052553A12D9305401F1305401FE1
:1097BC00EFC07F9B11A00100C5AA0347E4F5CD477C
:1097CC006316F70E8347F4F50347E4F53A86BE8536
:1097DC00178500001305454DEFC0EF8D232604F6C9
:1097EC00232804F6232A04F6232C04F6232E04F64D
:1097FC00232004F8232204F8232404F8232604F855
:10980C00232804F8232A04F8232C04F8231E04F834
:10981C00B7572B4393871744232EF4FAB757534566
:10982C00938797042320F4FCB7473D009387E744C4
:10983C002322F4FCB73730009387C712232CF4FA99
:10984C009387819683C70700230AF4FAA30A04FAC4
:10985C001307C4FB9307C4F6BA853E85EF60D03975
:10986C00130744FB9307C4F6BA853E85EF60D038E6
:10987C00130784FB9307C4F6BA853E85EF60D03797
:10988C009307C4F63E85A52B9305401F1305401F77
:10989C00EFC07F8D17850000130585448D2393053C
:1098AC00401F1305401FEFC01F8C11A00100EDA835
:1098BC000347E4F5CD476316F70E8347F4F50347EA
:1098CC00E4F53A86BE85178500001305E53DEFB03B
:1098DC009FFE232604F6232804F6232A04F6232CC1
:1098EC0004F6232E04F6232004F8232204F8232460
:1098FC0004F8232604F8232804F8232A04F8232C3C
:10990C0004F8231E04F8B7572B43938717442324DA
:10991C00F4FAB7575345938797042326F4FAB747BD
:10992C003D009387E7442328F4FAB7373000938738
:10993C00C7122322F4FA9387819683C7070023006A
:10994C00F4FAA30004FA130784FA9307C4F6BA8551
:10995C003E85EF60702A130704FA9307C4F6BA85A4
:10996C003E85EF607029130744FA9307C4F6BA8555
:10997C003E85EF6070289307C4F63E854921930518
:10998C00401F1305401FEFC00FFE17850000130585
:10999C00E535B5219305401F1305401FEFC0AFFC03
:1099AC0011A0010011A001000100BA502A544D6110
:1099BC008280011106CE22CC0010AA872E87A30725
:1099CC00F4FEBA872307F4FE8347F4FE114763883D
:1099DC00E7101147634BF7140D47638CE70A0D47EB
:1099EC006345F71405476386E7000947638CE70472
:1099FC002DAA0347E4FE85476312F7021785000082
:109A0C001305851CEFD0FFECAA876382071217851C
:109A1C0000001305652EEFB01FEA11AA8347E4FE80
:109A2C0063970710178500001305051CEFD07FEA1C
:109A3C00AA87638E070E178500001305652DEFB0FE
:109A4C009FE7F5A00347E4FE85476312F7021785ED
:109A5C0000001305251BEFD0DFE7AA87638B070CEB
:109A6C00178500001305452CEFB0FFE4D9A0834700
:109A7C00E4FEE1E3178500001305C51AEFD07FE57E
:109A8C00AA87C5CB178500001305852BEFB0BFE265
:109A9C004DA00347E4FE85476311F70217850000CC
:109AAC001305051AEFD0FFE2AA87D1C7178500006E
:109ABC001305852AEFB03FE0BDA88347E4FEA5EF70
:109ACC00178500001305C519EFD0BFE0AA87A5C7FD
:109ADC00178500001305C529EFB0FFDDA9A80347C2
:109AEC00E4FE85476311F70217850000130505197D
:109AFC00EFD03FDEAA87B1C3178500001305C52838
:109B0C00EFB07FDB1DA88347E4FE85EB17850000D3
:109B1C001305C518EFD0FFDBAA8785C31785000096
:109B2C0013050528EFB03FD909A8010001A80100D1
:109B3C0031A0010021A0010011A001000100F240A0
:109B4C00624405618280011106CE22CC0010AA87E6
:109B5C002E87A307F4FEBA872307F4FE8347F4FE8F
:109B6C001147638AE70A1147634FF70C0D47638C63
:109B7C00E7060D476349F70C05476386E70009477D
:109B8C00638BE702C9A00347E4FECD476311F702DC
:109B9C001785000013054513EFD0BFD3AA8791CBCF
:109BAC001785000013054521EFB0FFD019A0010067
:109BBC0061A8010051A80347E4FECD476311F702E9
:109BCC001785000013050511EFD0BFD0AA8791CBE4
:109BDC00178500001305851FEFB0FFCD19A00100FC
:109BEC00A5A0010095A00347E4FECD476311F70241
:109BFC00178500001305C50EEFD0BFCDAA8791CBFA
:109C0C00178500001305C51DEFB0FFCA19A0010090
:109C1C0025A8010015A80347E4FECD476311F70200
:109C2C00178500001305850CEFD0BFCAAA8791CB0E
:109C3C00178500001305051CEFB0FFC719A0010024
:109C4C0021A0010011A001000100F2406244056155
:109C5C008280011122CE0010232604FE31A083271E
:109C6C00C4FE85072326F4FE0327C4FEB167938741
:109C7C000735E3D6E7FE01000100724405618280DE
:109C8C00011122CE0010232604FE31A08327C4FE2E
:109C9C0085072326F4FE0327C4FEB717030093871A
:109CAC0007D4E3D5E7FE0100010072440561828010
:109CBC00411106C622C40008178500001305C514FF
:109CCC00EFB07FBF17850000130585158D28930510
:109CDC00401F1305401FEFC00FC91385415471225B
:109CEC0017850000130545149928930520031305C7
:109CFC002003EFC04FC713854154852A17850000F8
:109D0C001305C5122D289305200313052003EFC05E
:109D1C008FC513854154912A1785000013058511B1
:109D2C0039289305200313052003EFC0CFC31385F7
:109D3C004154252A0100B240224441018280011184
:109D4C0006CE22CC00102326A4FE0DA0938781EF13
:109D5C0098478327C4FE83C70700BE853A85EFB0BA
:109D6C001FCA8327C4FE85072326F4FE8327C4FE5F
:109D7C0083C70700E1FF938781EF9C47B5453E857C
:109D8C00EFB0FFC7938781EF9C47A9453E85EFB0A5
:109D9C001FC781473E85F2406244056182800111F4
:109DAC0006CE22CC00102326A4FE0DA0938781EFB3
:109DBC0098478327C4FE83C70700BE853A85EFB05A
:109DCC001FC48327C4FE85072326F4FE8327C4FE05
:109DDC0083C70700E1FF938781EF9C47B5453E851C
:109DEC00EFB0FFC1938781EF9C47A9453E85EFB04B
:109DFC001FC181473E85F24062440561828001119A
:109E0C0006CE22CC00102326A4FE0DA0938781EF52
:109E1C00D8438327C4FE83C70700BE853A85EFB0BD
:109E2C001FBE8327C4FE85072326F4FE8327C4FEAA
:109E3C0083C70700E1FF938781EFDC43B5453E857F
:109E4C00EFB0FFBB938781EFDC43A9453E85EFB0B4
:109E5C001FBB9305C0121305C012EFC0CFB08147D2
:109E6C003E85F240624405618280797106D622D427
:109E7C000018232EA4FC8327C4FD2326F4FE83277D
:109E8C00C4FD2322F4FE232404FE41A8938781EF12
:109E9C009C47130704FEBA853E85EFB03FBE83276F
:109EAC0004FE13F7F70F8327C4FE2380E7008327F4
:109EBC00C4FE85072326F4FE8327C4FE23800700F7
:109ECC0097850000938585F7032544FEEF603020CD
:109EDC00AA8799CB832544FE17850000130545F608
:109EEC00EFB07F9D814799A8978500009385C5F6B3
:109EFC00032544FEEF60B01DAA8799CB832544FE51
:109F0C00178500001305C5F3EFB0FF9A81473DA0FC
:109F1C00832784FE85072324F4FE032784FE9307FE
:109F2C00500CE3D5E7F68327C4FE23800700178582
:109F3C0000001305E5F2EFB01F9885473E85B2503F
:109F4C00225445618280411106C622C4000817853F
:109F5C0000001305E5ECE5339305803E1305803EC8
:109F6C00EFC06FA013854154093717850000130506
:109F7C0025F0EFB05F94178500001305E5EFC133B2
:109F8C009305200313052003EFC0EF9D1385415467
:109F9C00E93D178500001305E5EEEFB0DF9117855D
:109FAC0000001305A5EE613B138541547D3D1785DB
:109FBC000000130565EEEFB01F9017850000130528
:109FCC0025EEB53B138541544D351785000013051F
:109FDC0065EEEFB05F8E0100B240224441018280F9
:109FEC00411106C622C40008014793064006178695
:109FFC0000001306A6EC81450945EFD03F89178573
:10A00C0000001305E5E1E53B17850000130545EC61
:10A01C00EFB07F8A1145EFB07FDC17850000130588
:10A02C00E5E0F13B17850000130505EBEFB0BF88A9
:10A03C009305401F1305401FEFC0EF9217850000DA
:10A04C00130585E36D3B0945EFB05FD9178500001B
:10A05C00130545E3EFB03F8617850000130585E82F
:10A06C00793B1145EFB09FD717850000130585E9A3
:10A07C00EFB07F8417850000130545E94933178538
:10A08C000000130565E9EFB01F839305401F13050E
:10A09C00401FEFC04F8D17850000130525DF85335A
:10A0AC0017850000130545DFEFB0FF809305401FB7
:10A0BC001305401FEFC02F8B17850000130545DEDD
:10A0CC003D3B178500001305E5DEEFB0CFFE930591
:10A0DC00401F1305401FEFC00F89178500001305A3
:10A0EC0025E5313B17850000130545E5EFB0AFFCC6
:10A0FC009305401F1305401FEFC0EF8601479306E1
:10A10C004006178600001306A6E481450945EFD0EA
:10A11C00EFF70100B240224441018280411106C692
:10A12C0022C4000801479306400617860000130658
:10A13C00E6D881450945EFD06FF51785000013056A
:10A14C0025CE753917850000130585D8EFB0AFF60D
:10A15C001145EFB0BFC817850000130525CD45315B
:10A16C0017850000130545D7EFB0EFF49305401F9A
:10A17C001305401FEFB03FFF178500001305C5CF37
:10A18C00BD390945EFB09FC517850000130585CF74
:10A19C00EFB06FF2178500001305C5D48D31114552
:10A1AC00EFB0DFC3178500001305C5D5EFB0AFF0D6
:10A1BC0017850000130585D5993117850000130507
:10A1CC00A5D5EFB04FEF9305401F1305401FEFB01F
:10A1DC009FF917850000130565CB15311785000015
:10A1EC00130585CBEFB02FED9305401F1305401FD2
:10A1FC00EFB07FF717850000130585CA0931178565
:10A20C000000130525CBEFB00FEB9305401F130592
:10A21C00401FEFB05FF517850000130565D1C536FB
:10A22C0017850000130585D1EFB0EFE89305401FAB
:10A23C001305401FEFB03FF3014793064006178606
:10A24C0000001306E6D081450945EFD02FE401004C
:10A25C00B240224441018280011106CE22CC001072
:10A26C002326A4FE978500009385C5CF0325C4FE45
:10A27C00EF60E065AA8791CB8325C4FE17850000AB
:10A28C001305C5CEEFB02FE325A897850000938565
:10A29C0065CF0325C4FEEF608063AA8791CB83252D
:10A2AC00C4FE17850000130565CEEFB0CFE009A8FA
:10A2BC008325C4FE178500001305C5CEEFB0AFDFB4
:10A2CC000100F240624405618280411106C622C43D
:10A2DC00000801479306400617860000130646CE79
:10A2EC0081450945EFD08FDA178500001305C5B3FA
:10A2FC00C12813054006EF106034178500001305C4
:10A30C00E5B27D2813054006EF1040331785000099
:10A31C00130545CC752013054006EF102032178528
:10A32C0000001305E5CB692813054006EF1000313A
:10A33C0017850000130505CC612013054006EF10AE
:10A34C00E02F01479306400617860000130646C00F
:10A35C0081450945EFD08FD30100B2402244410121
:10A36C008280011106CE22CC00102326A4FE0DA063
:10A37C00938781EFD8438327C4FE83C70700BE852C
:10A38C003A85EFB0CFE78327C4FE85072326F4FE7A
:10A39C008327C4FE83C70700E1FF938781EFDC436B
:10A3AC00B5453E85EFB0AFE5938781EFDC43A9451A
:10A3BC003E85EFB0CFE40100F2406244056182803B
:10A3CC00011106CE22CC00102326A4FE0DA09387EB
:10A3DC0081EF98478327C4FE83C70700BE853A8563
:10A3EC00EFB0EFE18327C4FE85072326F4FE832715
:10A3FC00C4FE83C70700E1FF938781EF9C47B545F7
:10A40C003E85EFB0CFDF938781EF9C47A9453E8512
:10A41C00EFB0EFDE0100F240624405618280411131
:10A42C0022C60008EDA29387F19E83C707003E87E2
:10A43C0093874166BA9703C70700B5476317F718A8
:10A44C009387F19E83C70700850713F7F70F938750
:10A45C00F19E2380E7009387F19E03C707009307C3
:10A46C00400663F6E7009387F19E238007009387ED
:10A47C00119F83C70700FD1713F7F70F9387119FE1
:10A48C002380E7009387F19E83C707003E8793875D
:10A49C004166BA9703C70700A9476315F70E938760
:10A4AC00F19E83C70700850713F7F70F9387F19E7B
:10A4BC002380E7009387F19E03C7070093074006AC
:10A4CC0063F6E7009387F19E238007009387119F23
:10A4DC0083C70700FD1713F7F70F9387119F23808E
:10A4EC00E700A5A09387D19E83C707003E8693877C
:10A4FC00E19E83C70700138717009376F70F138726
:10A50C00E19E2300D700BE8693874166B29703C7AE
:10A51C00070093874113B6972380E7009387D19E5A
:10A52C0083C70700850713F7F70F9387D19E238006
:10A53C00E7009387D19E03C707009307400663F695
:10A54C00E7009387D19E238007009387D19E03C792
:10A55C0007009387F19E83C70700E315F7F89387ED
:10A56C00E19E83C707003E8793874113BA972380E8
:10A57C0007009387E19E238007009387412B0547B3
:10A58C0098C371A89387F19E83C70700850713F7BB
:10A59C00F70F9387F19E2380E7009387F19E03C703
:10A5AC0007009307400663F6E7009387F19E23802C
:10A5BC0007009387119F83C70700FD1713F7F70F49
:10A5CC009387119F2380E70099A09387F19E83C7FF
:10A5DC000700850713F7F70F9387F19E2380E70099
:10A5EC009387F19E03C707009307400663F6E700C5
:10A5FC009387F19E238007009387119F83C70700E1
:10A60C00FD1713F7F70F9387119F2380E7009387AC
:10A61C00119F03C707008547E3E7E7E0010001004E
:10A62C00324441018280411122C60008EDA2938779
:10A63C00819F83C707003E879387812BBA9703C7F7
:10A64C000700B5476317F7189387819F83C70700E7
:10A65C00850713F7F70F9387819F2380E700938774
:10A66C00819F03C707009307A00F63F6E70093874A
:10A67C00819F238007009387919F83C70700FD1755
:10A68C0013F7F70F9387919F2380E7009387819FA0
:10A69C0083C707003E879387812BBA9703C70700B0
:10A6AC00A9476315F70E9387819F83C7070085071A
:10A6BC0013F7F70F9387819F2380E7009387819F80
:10A6CC0003C707009307A00F63F6E7009387819FEA
:10A6DC00238007009387919F83C70700FD1713F70B
:10A6EC00F70F9387919F2380E700A5A09387519F35
:10A6FC0083C707003E869387619F83C70700138734
:10A70C0017009376F70F1387619F2300D700BE863F
:10A71C009387812BB29703C707009387816CB697F9
:10A72C002380E7009387519F83C70700850713F7A2
:10A73C00F70F9387519F2380E7009387519F03C79F
:10A74C0007009307A00F63F6E7009387519F2380C0
:10A75C0007009387519F03C707009387819F83C787
:10A76C000700E315F7F89387619F83C707003E87BF
:10A77C009387816CBA97238007009387619F23800E
:10A78C0007009387C160054798C371A89387819F81
:10A79C0083C70700850713F7F70F9387819F2380E3
:10A7AC00E7009387819F03C707009307A00F63F609
:10A7BC00E7009387819F238007009387919F83C72E
:10A7CC000700FD1713F7F70F9387919F2380E7007E
:10A7DC0099A09387819F83C70700850713F7F70F0D
:10A7EC009387819F2380E7009387819F03C707008E
:10A7FC009307A00F63F6E7009387819F23800700E0
:10A80C009387919F83C70700FD1713F7F70F938763
:10A81C00919F2380E7009387919F03C7070085478B
:10A82C00E3E7E7E00100010032444101828041117D
:10A83C0022C60008EDA29387F19F83C707003E87CD
:10A84C009387C11ABA9703C70700B5476317F71860
:10A85C009387F19F83C70700850713F7F70F93873B
:10A86C00F19F2380E7009387F19F03C707009307AD
:10A87C00A00F63F6E7009387F19F2380070093876F
:10A88C0001A083C70700FD1713F7F70F938701A0EB
:10A89C002380E7009387F19F83C707003E87938748
:10A8AC00C11ABA9703C70700A9476315F70E938718
:10A8BC00F19F83C70700850713F7F70F9387F19F65
:10A8CC002380E7009387F19F03C707009307A00F2E
:10A8DC0063F6E7009387F19F23800700938701A01D
:10A8EC0083C70700FD1713F7F70F938701A0238089
:10A8FC00E700A5A09387C19F83C707003E86938777
:10A90C00D19F83C70700138717009376F70F138720
:10A91C00D19F2300D700BE869387C11AB29703C775
:10A92C00070093870143B6972380E7009387C19F65
:10A93C0083C70700850713F7F70F9387C19F238001
:10A94C00E7009387C19F03C707009307A00F63F627
:10A95C00E7009387C19F238007009387C19F03C79C
:10A96C0007009387F19F83C70700E315F7F89387D8
:10A97C00D19F83C707003E8793870143BA972380F3
:10A98C0007009387D19F238007009387C13B05471E
:10A99C0098C371A89387F19F83C70700850713F7A6
:10A9AC00F70F9387F19F2380E7009387F19F03C7ED
:10A9BC0007009307A00F63F6E7009387F19F2380AE
:10A9CC000700938701A083C70700FD1713F7F70F44
:10A9DC00938701A02380E70099A09387F19F83C7F9
:10A9EC000700850713F7F70F9387F19F2380E70084
:10A9FC009387F19F03C707009307A00F63F6E70047
:10AA0C009387F19F23800700938701A083C70700DA
:10AA1C00FD1713F7F70F938701A02380E7009387A7
:10AA2C0001A003C707008547E3E7E7E00100010049
:10AA3C00324441018280411106C622C4000865459A
:10AA4C00EFC06F819387410C170700001307C705F0
:10AA5C00F8D3177500001305A55AEFA0DFE5A14246
:10AA6C0073A0023085629382028073A04230F32778
:10AA7C000030F3274030F3274034938781EF9C4319
:10AA8C0091453E85EFA07FF50945EFB02FB51775C1
:10AA9C00000013052558EFA01FE20100B24022442C
:10AAAC0041018280411122C6000875A0938781EF75
:10AABC009C439C4713F7F70F9387011A2380E700F9
:10AACC009387019F83C70700BE869387011A03C72C
:10AADC00070093874166B6972380E7009387019F11
:10AAEC0083C70700850713F7F70F9387019F238010
:10AAFC00E7009387019F03C707009307400663F69F
:10AB0C00E7009387019F238007009387119F83C7DA
:10AB1C000700850713F7F70F9387119F2380E70032
:10AB2C009387119F03C707009307400663FDE70057
:10AB3C009387119F130740062380E7009387219F7B
:10AB4C0005472380E7009387119F03C7070093876E
:10AB5C00319F2380E700938781EF9C4383C7C70015
:10AB6C00918BA9F70100010032444101828041110F
:10AB7C0006C622C400086945EFB0FFED9387410C6F
:10AB8C00170700001307C705B8D717750000130582
:10AB9C002549EFA05FD2A14273A002308562938257
:10ABAC00028073A04230F3270030F3274030F327A4
:10ABBC004034938781EFDC4391453E85EFA0FFE164
:10ABCC000945EFB0AFA1177500001305A544EFA020
:10ABDC009FCE0100B240224441018280411122C625
:10ABEC0000084DA8938781EFDC439C4713F7F70FC0
:10ABFC0097970000938787DE2380E7009387719FE8
:10AC0C0083C70700BE8697970000938727DD03C78D
:10AC1C0007009387812BB6972380E7009387719F5A
:10AC2C0083C70700850713F7F70F9387719F23805E
:10AC3C00E7009387719F03C707009307A00F63F684
:10AC4C00E7009387719F238007009387919F83C7A9
:10AC5C000700850713F7F70F9387919F2380E70071
:10AC6C009387919F03C707009307A00F63FCE7002E
:10AC7C009387919F69572380E7009387C12A0547E3
:10AC8C002380E7009387919F03C707009387A19FB9
:10AC9C002380E700938781EFDC4383C7C700918B48
:10ACAC00B1F301000100324441018280011106CE52
:10ACBC0022CC26CA0010A30704FE9387813B83D7BE
:10ACCC00070093F7F70F860793F7F70F950713F71E
:10ACDC00F70F9387A13B2380E700230704FE23246F
:10ACEC0004FE8D47A301F4FEA30004FE232404FEFE
:10ACFC0035A8938781EFDC439447832784FE138721
:10AD0C0017002324E4FE13F7F60F93864154B697ED
:10AD1C002380E700938781EFDC4383C7C700918BC7
:10AD2C00E9FB832784FE85072324F4FE9387A13B4C
:10AD3C0083C707003E87832784FEE3CDE7FC854766
:10AD4C002301F4FE232404FE5DA08347E4FE138755
:10AD5C004154BA9783C707002300F4FE8347E4FEEF
:10AD6C0085072307F4FE032784FE894763DCE70687
:10AD7C009387A13B83C70700F917032784FE63530E
:10AD8C00F706034704FE834734FE8E07B317F7001C
:10AD9C003E87832744FED98F2322F4FE834734FE5B
:10ADAC001387F7FFA301E4FE95EF832644FE834748
:10ADBC00F4FE13871700A307E4FEBE843685EFD09C
:10ADCC00CF81AA861387016193972400BA9794C305
:10ADDC00232204FE8D47A301F4FE834724FE85073E
:10ADEC002301F4FE832784FE85072324F4FE938736
:10ADFC00A13B83C707003E87832784FEE3C7E7F4A4
:10AE0C009387D12A83C70700139707014183938740
:10AE1C00015483C70700BE853A85EFD0FF8E1775A6
:10AE2C00000013052521EFA01FA9938781EFDC43B8
:10AE3C003E85EFA07FD2B7050040B707040013850D
:10AE4C008710EFB00FBA9387013C238007000100F5
:10AE5C00F2406244D24405618280411106C622C48C
:10AE6C0000086D45EFB03FBF9387410C17070000FA
:10AE7C001307A705F8D7177500001305651EEFA07B
:10AE8C009FA3A14273A0023085629382028073A0BB
:10AE9C004230F3270030F3274030F3274034177546
:10AEAC0000001305251DEFA01FA1EFE09FDA93878B
:10AEBC0081EF9C4791453E85EFA03FB20100B24027
:10AECC00224441018280411122C600086DA0938763
:10AEDC0081EF9C479C4713F7F70F938711542380FE
:10AEEC00E7009387E19F83C70700BE8693871154C1
:10AEFC0003C707009387C11AB6972380E70093878F
:10AF0C00E19F83C70700850713F7F70F9387E19F2E
:10AF1C002380E7009387E19F03C707009307A00FE7
:10AF2C0063F6E7009387E19F23800700938701A0D6
:10AF3C0083C70700850713F7F70F938701A02380BA
:10AF4C00E700938701A003C707009307A00F63FCDA
:10AF5C00E700938701A069572380E700938781530B
:10AF6C0005472380E700938701A003C70700938759
:10AF7C0011A02380E700938781EF9C4783C7C7000C
:10AF8C00918BB1F70100010032444101828039718B
:10AF9C0006DE22DC8000177500001305A50EEFA05D
:10AFAC009F919387411A23A007000100938781EF9B
:10AFBC009C4783C7C700918BF5DB0DA8938781EF66
:10AFCC009C4790479387719F83C70700138717008F
:10AFDC009376F70F1387719F2300D700BE861377E4
:10AFEC00F60F9387812BB6972380E700938781EF29
:10AFFC009C4783C7C700918BF1F39775000093852D
:10B00C00A5091385812BEF50900CAA876386072224
:10B01C00177500001305C508EFA0FF899387413C05
:10B02C00094798C3232604FE232404FE3DA00327CE
:10B03C0084FE930717002324F4FE8327C4FE938613
:10B04C0017002326D4FE9386812B369703470700DF
:10B05C00930604FFB6972384E7FE1387812B83277F
:10B06C0084FEBA9703C707009307C002E311F7FCED
:10B07C00832784FE85072324F4FE8327C4FE8507DB
:10B08C002326F4FE8327C4FE130704FFBA972384F8
:10B09C0007FE232604FE3DA0032784FE930717001A
:10B0AC002324F4FE8327C4FE938617002326D4FEA4
:10B0BC009386812B369703470700930604FFB697B8
:10B0CC00238EE7FC1387812B832784FEBA9703C753
:10B0DC0007009307A003E311F7FC832784FE850781
:10B0EC002324F4FE8327C4FE85072326F4FE83273E
:10B0FC00C4FE130704FFBA97238E07FC232604FE15
:10B10C003DA0032784FE930717002324F4FE832716
:10B11C00C4FE938617002326D4FE9386812B369784
:10B12C0003470700930604FFB6972388E7FC1387B1
:10B13C00812B832784FEBA9783C70700F9F38327F3
:10B14C0084FE85072324F4FE8327C4FE850723266B
:10B15C00F4FE8327C4FE130704FFBA97238807FC69
:10B16C00232604FE930604FC1307C4FC930784FDFA
:10B17C003A86BE8517750000130505F4EFA0AFF3F2
:10B18C00834704FC130730036383E70C1307300376
:10B19C006341F70C130710036387E70013072003C1
:10B1AC00638BE70A7DA0834724FC13074003638865
:10B1BC00E70613074003634FF70613073003638555
:10B1CC00E704130730036347F7061307100363877D
:10B1DC00E70013072003638EE700A9A8177500008A
:10B1EC00130505EFEFA02FED9387413B054798C35F
:10B1FC0099A0177500001305A5EEEFA0CFEB938770
:10B20C00413B094798C305A817750000130545EE87
:10B21C00EFA06FEA9387413B0D4798C329A8177598
:10B22C0000001305E5EDEFA00FE99387413B1147B3
:10B23C0098C311A001000DA09387413C054798C30A
:10B24C00177500001305C5ECEFA0EFE631A0010067
:10B25C0021A0010011A0010017750000130505ECD9
:10B26C00EFA06FE59387719F83C70700850713F7DE
:10B27C00F70F9387719F2380E7009387719F03C714
:10B28C0007009307A00F63F6E7009387719F238055
:10B29C0007009387919F83C70700850713F7F70F64
:10B2AC009387919F2380E7009387919F03C70700A3
:10B2BC009307A00F63FCE7009387919F6957238046
:10B2CC00E7009387C12A05472380E7009387919F66
:10B2DC0003C707009387A19F2380E700232204FE66
:10B2EC0025A01387812B832744FEBA9703C7070039
:10B2FC009386816C832744FEB6972380E7008327CF
:10B30C0044FE85072322F4FE032744FE9307F00F27
:10B31C00E3D9E7FC9387719F238007009385812BEA
:10B32C00177500001305C5E0EFA0EFD81306A00FAA
:10B33C0081451385812BEF50A00117750000130573
:10B34C00A5E0EFA04FD70100F2506254216182803A
:10B35C00011122CE00109387819F83C707003E877F
:10B36C009387812BBA9783C70700A307F4FE9387B3
:10B37C00819F83C70700850713F7F70F9387819F7A
:10B38C002380E7009387819F03C707009307A00FD3
:10B39C0063F6E7009387819F238007009387919F33
:10B3AC0083C7070081CF9387919F83C70700FD1741
:10B3BC0013F7F70F9387919F2380E7008347F4FEE1
:10B3CC003E85724405618280797106D622D40018BC
:10B3DC00232EA4FC1385816CEF50200FAA87232405
:10B3EC00F4FE032784FE9307900F63CAE7008325BE
:10B3FC00C4FD1385816CEF50804D2326A4FE83275A
:10B40C00C4FE3E85B250225445618280411106C66D
:10B41C0022C4000817750000130505A1EFE03F9248
:10B42C0013052003212C9385816C177500001305DF
:10B43C0025D4EFA04FC81306A00F81451385816C4E
:10B44C00EF4010710100B240224441018280011191
:10B45C0006CE22CC00102326A4FE2324B4FE130512
:10B46C002003E92A01A80325C4FEB93FAA8799C382
:10B47C00854701A8832784FE1387F7FF2324E4FE66
:10B48C00FDF33E85F240624405618280411106C69F
:10B49C0022C400089387411A9C436398070C938736
:10B4AC00413C984389476317F7081775000013054B
:10B4BC0065CDEFA04FC09387413B984385476319F7
:10B4CC00F70017750000130525CEEFA0CFBE51A8CD
:10B4DC009387413B984389476319F7001775000020
:10B4EC00130545CDEFA02FBDADA89387413B9843E5
:10B4FC008D476319F70017750000130565CCEFA095
:10B50C008FBB85A09387413B984391476319F70004
:10B51C0017750000130585CBEFA0EFB999A09387A1
:10B52C00413B9C439DEF177500001305E5CAEFA046
:10B53C008FB805A89387413C984385476319F7005A
:10B54C0017750000130545CAEFA0EFB619A893872D
:10B55C00413C9C4399E7177500001305E5CAEFA021
:10B56C008FB59387413C23A007009387411A054769
:10B57C0098C30100B240224441018280797122D6E5
:10B58C000018232EA4FC232604FE15A88327C4FE32
:10B59C000327C4FDBA9783C7070013871700977753
:10B5AC00000093876724BA9783C70700918B99E3B0
:10B5BC00814721A88327C4FE85072326F4FE032791
:10B5CC00C4FEA947E3D4E7FC85473E853254456168
:10B5DC008280011106CE22CC0010232604FEA1A0ED
:10B5EC000327C4FEBD4763CEE700054785461776A3
:10B5FC000000130666C38325C4FE0545EFC00FA9E2
:10B60C0031A88327C4FEC11705478546177600006D
:10B61C00130686C1BE850945EFC04FA78327C4FE1C
:10B62C0085072326F4FE0327C4FEF947E3DAE7FA7D
:10B63C0001000100F240624405618280797122D6DA
:10B64C000018232EA4FC8327C4FD2326F4FE29A86E
:10B65C009307803E2324F4FE0100832784FE138786
:10B66C00F7FF2324E4FEF5FB8327C4FE1387F7FFC3
:10B67C002326E4FEF1FF0100010032544561828073
:10B68C00517186D7A2D58019938741969C43130795
:10B69C00500598C3EFC0CFB1EFC0CF97054789676E
:10B6AC00938607F417760000130646B881450545C6
:10B6BC00EFC0CF9D93050002B707040013858710D8
:10B6CC00EFB07F9AAA87639007140547930640064C
:10B6DC00177600001306C6B681450545EFC00F9BD3
:10B6EC00014793064006177600001306A6B681455F
:10B6FC000945EFC0AF990D45EFA04FEE05479306F6
:10B70C00400617760000130626B681450545EFC0A6
:10B71C00EF9701479306400617760000130606B60E
:10B72C0081450945EFC08F9693050002B7070400C9
:10B73C0013858710EFB03F93AA879DE31775000020
:10B74C00130505B5EFA02F97014793064006177612
:10B75C0000001306A6B481450545EFC02F93E9B749
:10B76C00C145B707040013858710EFB0DF8FAA8798
:10B77C009DE3177500001305A5B3EFA0CF93014708
:10B78C009306400617760000130646B3814505451F
:10B79C00EFC0CF8F51BF93050004B707040013858A
:10B7AC008710EFB05F8CAA879DE317750000130517
:10B7BC0025B2EFA04F900147930640061776000084
:10B7CC001306C6B181450545EFC04F8CB1BF93053B
:10B7DC000008B707040013858710EFB0DF88AA872D
:10B7EC00A1F7177500001305A5B0EFA0CF8C01478A
:10B7FC009306400617760000130646B081450545B2
:10B80C00EFC0CF8815B705479306400617660000B2
:10B81C001306067481450545EFC04F870147930613
:10B82C004006177600001306A6AE81450945EFC009
:10B83C00EF85177500001305E5AEEFA0CF87938752
:10B84C00412B094798C39387C160094798C39387D5
:10B85C00C13B094798C39387013C23800700B70578
:10B86C000080B707040013858710EFB09F91054542
:10B87C00EFA0CFD6B7050080B7070400138587105B
:10B88C00EFB0BF8DEFA0AF87EFB0CF88EFF0AF9ADE
:10B89C00EFF0EFADEFF06FDC938781EFD843896762
:10B8AC00938507583A85EFA02F8F938781EF9847A0
:10B8BC008967938507583A85EFA00F8E938781EFA0
:10B8CC00DC433E85EFA04FA9938781EF9C473E85D3
:10B8DC00EFA08FA8EFE09F849305803E1305800CAA
:10B8EC00EFA07F88EFE07F9E0545EFA02FCF1306DA
:10B8FC00A00F81451385816CEF4090251306A00F96
:10B90C0081451385812BEF40B0241306A00F814590
:10B91C001385C11AEF40D0231306A00F8145138560
:10B92C000143EF40F0221306400681451385411375
:10B93C00EF40102213064006814513854166EF4007
:10B94C0030211306400681451385C13CEF40502041
:10B95C009387C15323A00700938781EF9C433E85B7
:10B96C00EFA08F9F938781EFDC433E85EFA0CF9EA6
:10B97C00938781EF9C473E85EFA00F9E0545EFA076
:10B98C00EFC5054793064006177600001306069B85
:10B99C0081450545EFB09FEF177500001305459BDA
:10B9AC00EF907FF1232004FE8547232EF4FC85477E
:10B9BC00232CF4FCEFE0BFA69387412B98438547DB
:10B9CC00631FF7541775000013054599EF90BFEEF0
:10B9DC009385411317650000130585F7EF90BFEDB4
:10B9EC00977500009385059813854113EF40306ED1
:10B9FC00232AA4FC832744FD638307100147930685
:10BA0C00803E177600001306669681450945EFB017
:10BA1C00FFE7832744FD990783C7070013077007C7
:10BA2C006383E70813077007634EF70A13072007B1
:10BA3C00638FE700130720076346F70A13072005F7
:10BA4C006387E70013077005638FE70461A88327FA
:10BA5C0044FD9D0783C70700938707FD232CF4FA49
:10BA6C00832744FDA10783C70700138707FDBA8707
:10BA7C008A07BA9786073E87832744FDA50783C7A5
:10BA8C000700938707FDBA97232AF4FA832784FBD0
:10BA9C0093F7F70F032744FB1377F70FBA853E850F
:10BAAC00EFD0BFAE89A0832744FD9D0783C7070055
:10BABC00938707FD2320F4FC832744FDA10783C74C
:10BACC000700938707FD232EF4FA832704FC93F7D2
:10BADC00F70F0327C4FB1377F70FBA853E85EFD01A
:10BAEC006FB011A0010001479306400617660000D5
:10BAFC001306064681450945EFB05FD931A197750C
:10BB0C0000009385E58713854113EF40505C232A91
:10BB1C00A4FC832744FD638F071001479306803EE6
:10BB2C00177600001306468681450945EFB01FD6EF
:10BB3C00832744FD990783C70700130770076389A0
:10BB4C00E70813077007634AF70C13072007638F86
:10BB5C00E700130720076342F70C130720056387E0
:10BB6C00E700130770056385E70645A81775000005
:10BB7C001305C582EF903FD4832744FD9D0783C7EF
:10BB8C000700938707FD2324F4FC832744FDA107BA
:10BB9C0083C70700138707FDBA878A07BA978607FA
:10BBAC003E87832744FDA50783C70700938707FDBE
:10BBBC00BA972322F4FC832784FC93F7F70F03270F
:10BBCC0044FC1377F70FBA853E85EFD0DFF7B9A0A9
:10BBDC00176500001305857DEF90FFCD832744FD8D
:10BBEC009D0783C70700938707FD2328F4FC832751
:10BBFC0044FDA10783C70700938707FD2326F4FCA8
:10BC0C00832704FD93F7F70F0327C4FC1377F70F73
:10BC1C00BA853E85EFD0FFD911A0010001479306EC
:10BC2C004006176600001306A63281450945EFB0A1
:10BC3C00FFC5D9AC976500009385457813854113F2
:10BC4C00EF40F048AA87DDCB232E04F8232004FA1A
:10BC5C00232204FA232404FA231604FA93874113AB
:10BC6C002326F4FE31A08327C4FE85072326F4FE89
:10BC7C008327C4FE83C707008DC38327C4FE03C775
:10BC8C0007009307F002E3F0E7FE8327C4FE03C727
:10BC9C00070093079003E3E8E7FC9307C4F92D46EC
:10BCAC008325C4FE3E85EF4070089307C4F92D46EA
:10BCBC00BE85178500001305A5D1EF403007978787
:10BCCC0000009387E7D0A3850700178500001305B4
:10BCDC0025D06D30AA8781CF976500009385856E3E
:10BCEC00176500001305C56EEF90FFBC31AC1765EE
:10BCFC0000001305256EEF901FBC39A4976500005A
:10BD0C009385056E13854113EF40703CAA87638DB4
:10BD1C00071E232404F8232604F8232804F8232AD6
:10BD2C0004F8230C04F8938741132324F4FE31A068
:10BD3C00832784FE85072324F4FE832784FE83C790
:10BD4C0007008DC3832784FE03C707009307F00207
:10BD5C00E3F0E7FE832784FE03C7070093079003F5
:10BD6C00E3E8E7FC930784F82D46832584FE3E85A3
:10BD7C00EF40C07B930784F82D46BE8517850000E5
:10BD8C00130545C4EF40807A97870000938787C3DB
:10BD9C00A3850700B7274E559387B7422320F4F8A5
:10BDAC009307D0042312F4F8232604F6232804F670
:10BDBC00232A04F6232C04F6230E04F69307C4F668
:10BDCC00978500009385C5C03E85EF40E062130760
:10BDDC0004F89307C4F6BA853E85EF40E0611785F9
:10BDEC000000130525BEEFF06FF9AA8763880710D2
:10BDFC00976500009385455F176500001305455D49
:10BE0C00EF907FAB232A04F0232C04F0232E04F0B4
:10BE1C00232004F2232204F2232404F2232604F226
:10BE2C00232804F2232A04F2232C04F2232E04F2F6
:10BE3C00232004F4231204F4B7572B43938717449D
:10BE4C002320F4F6B747533D9387D7742322F4F697
:10BE5C00930720022314F4F693072002231EF4F414
:10BE6C00130704F6930744F1BA853E85EF40C0589A
:10BE7C00930744F1978500009385C5B43E85EF4048
:10BE8C00A0571307C4F5930744F1BA853E85EF40DC
:10BE9C00A056930744F13E85EFE08FD21305400680
:10BEAC00EFF0CFF99307C4F63E85EFE06FD11305A1
:10BEBC004006EFF0AFF8938781EF9C47E9453E854C
:10BECC00EF90FFB313054006EFF04FF7014785677E
:10BEDC0093868738178600001306C6AE8145094540
:10BEEC00EFB0DF9A01479306400617660000130671
:10BEFC00265081450945EFB07F9939A017650000A0
:10BF0C0013050550EF903F9B1306400681451385A2
:10BF1C004113EF40E0439387412B094798C3EFE06F
:10BF2C008FF09387C16098438547631EF718176598
:10BF3C0000001305A54DEF901F989385816C176534
:10BF4C0000001305E5A0EF901F97976500009385FF
:10BF5C00654C1385816CEF409017AA878DCB0147F8
:10BF6C008567938607FA176600001306264B8145F2
:10BF7C000945EFB0BF9105479306400617660000D0
:10BF8C001306C63B81450545EFB05F9015A297653A
:10BF9C0000009385E5491385816CEF405013AA8707
:10BFAC0063880710976500009385050F1385816CD6
:10BFBC00EF40F011AA879DC3976500009385C50DCE
:10BFCC001385816CEF40B0102328A4FA832704FB5F
:10BFDC0003C75700938781962380E700232A04F038
:10BFEC00232C04F0232E04F0232004F2232204F249
:10BFFC00232404F2232604F2232804F2232A04F235
:10C00C00232C04F2232E04F2232004F4231204F430
:10C01C00B7572B43938717442328F4F4B75753454A
:10C02C0093879704232AF4F4B7473D009387E7449A
:10C03C00232CF4F48D679387C7622316F4F423073B
:10C04C0004F49387819683C707002304F4F4A304B4
:10C05C0004F4130704F5930744F1BA853E85EF40C9
:10C06C00A039130784F4930744F1BA853E85EF4059
:10C07C00A0381307C4F4930744F1BA853E85EF400A
:10C08C00A037930744F13E85EFD07FD79305401F2F
:10C09C001305401FEFA02F8D1765000013054539C0
:10C0AC00EFD0FFD59305401F1305401FEFA0AF8BBA
:10C0BC001306A00F81451385816CEF40602993878F
:10C0CC00C160094798C3EFE08FF69387C13B984353
:10C0DC0085476310F728176500001305E535EF90C9
:10C0EC008FFD938501431765000013056586EF905E
:10C0FC008FFC97650000938565D413850143EF4051
:10C10C00007DAA87639C0722976500009385C5D4A0
:10C11C0013850143EF40A07BAA87639107229765A3
:10C12C0000009385E53113850143EF40407AAA87DF
:10C13C00B1CB232204FE29A813870143832744FE95
:10C14C00BA9783C70700138707FD9387016698C3C7
:10C15C00832744FE138717002322E4FE1387014331
:10C16C00BA9703C707009307C002E317F7FC1765DC
:10C17C0000001305652DEFE0AFA41305800CEFF064
:10C18C00EFCB6DAA976500009385852C1385014331
:10C19C00EF40E073AA8795CB176500001305C52BFC
:10C1AC00EF906FF19385014317650000130545224D
:10C1BC00EF906FF017650000130585E2EFE04FA0DC
:10C1CC0013052003EFF08FC795AA976500009385A0
:10C1DC00652413850143EF40806FAA87A5CF1765AF
:10C1EC00000013052528EF900FED9385014317658B
:10C1FC0000001305E51DEF900FEC01478567938652
:10C20C0007FA176600001306A62681450945EFB00C
:10C21C00EFE7054793064006176600001306061263
:10C22C0081450545EFB08FE617650000130545DB2A
:10C23C00EFE00F9913052003EFF04FC00147930671
:10C24C004006176600001306A6D081450945EFB0DD
:10C25C00EFE3EDA0976500009385C522138501439C
:10C26C00EF40E066AA87639B070C976500009385F7
:10C27C00252213850143EF408065AA87A1C7054796
:10C28C0093064006176600001306462181450545B6
:10C29C00EFB0CFDF014785679386873817660000BC
:10C2AC001306062181450945EFB04FDE054793067D
:10C2BC004006176600001306660881450545EFB079
:10C2CC00EFDCADA8976500009385C51F138501436E
:10C2DC00EF40E05FAA87BDE3976500009385451F9B
:10C2EC0013850143EF40A05EAA87A9CB05479306AF
:10C2FC004006176600001306661E81450545EFB023
:10C30C00EFD80147856793868738176600001306B8
:10C31C00261E81450945EFB06FD717650000130540
:10C32C0065CDEFE0EF8905479306400617660000E0
:10C33C001306C60081450545EFB04FD51306A00F77
:10C34C00814513850143EF40A0009387C13B09470A
:10C35C0098C3C145B707040013858710EFA0BFD061
:10C36C00AA8799EBEFD09FDB9305803E1305800CD9
:10C37C00EF907FDF6FF00FE493050002B707040026
:10C38C0013858710EFA03FCEAA87C9EF1765000071
:10C39C0013054517EF902FD217650000130585C5BF
:10C3AC00EFE00F8201479306803E176600001306EC
:10C3BC00E61681450945EFB06FCD176500001305F2
:10C3CC0065C1EFD0FFFF01479306803E1766000062
:10C3DC001306061681450945EFB04FCB17650000D3
:10C3EC0013054516EFD0DFFD176500001305051783
:10C3FC00EF906FCC01479306803E17660000130642
:10C40C0026F181450945EFB06FC8014793064006F8
:10C41C00176600001306C6B381450945EFB00FC778
:10C42C006FF04FD993050004B707040013858710EC
:10C43C00EFA07FC3AA87639F07D61765000013057B
:10C44C006513EF904FC7EFF0CF9805479306400662
:10C45C0017660000130686EE81450545EFB00FC345
:10C46C006FF04FD5011122CC26CA4AC84EC652C411
:10C47C0056C206CEAA892E89B28436848D2203A791
:10C48C0041A0FD57AA8A2E8A630BF70426862685BF
:10C49C00A286A285EF20F06739E14E864E85CA86CA
:10C4AC00CA85EF20106749E54E85CA85014681464D
:10C4BC00EF20202621E12685A28501468146EF202A
:10C4CC00402535CD2685A285EF00F05609C9268575
:10C4DC00A28501468146EF20C034634C050AF24028
:10C4EC006244D2444249B2495685D285924A224A84
:10C4FC00056182805685D285EF00F05321C956859F
:10C50C00D28501468146EF20C02071F94E85CA853F
:10C51C00EF00705269D52685A285EF00D05161D10C
:10C52C00EF30B062930720021CC1814A014A45BF1B
:10C53C002685A28501468146EF20A01D4DF1B7E767
:10C54C00008083AA879403AAC79451BF4E85CA85DD
:10C55C00EF00704E4DD52685A285EF00D04D45D10C
:10C56C0056865685D286D285EF20B05A39E9EF30FF
:10C57C00D05D9306200214C1014681464E85CA85C2
:10C58C00EF20202A6341050283AA018103AA41817D
:10C59C00B9B7EF30905B83AA818003AAC18093075F
:10C5AC0010021CC12DBF2685A285EF00704A26867D
:10C5BC00A286EF20001669D983AA818003AAC180C4
:10C5CC0039BFEF30905893071002014681461CC1C9
:10C5DC00B6853285EF10903FAA8A2E8A09B7B70725
:10C5EC000080597193C7F7FFDEC6B3FBF60086D601
:10C5FC00A2D4A6D2CAD0CECED2CCD6CADAC8E2C485
:10C60C00E6C2EAC06EDE33E7CB0055C7B3F9B7001C
:10C61C00B707F07F2A8B2E8A2E8CAA8C63DB37030C
:10C62C00B70710C0CE97B3E76701814AB705F03F53
:10C63C00D1EBB650265496540659F649664A464BE9
:10C64C00B64B264C964C064DF25D5685D64A656126
:10C65C0082803684B2846384F906E3C377FDB7071E
:10C66C00F07F6381FB1C014963420C08D5ECB707D2
:10C67C00F07F6387FB14B707F03F6385FB16B707A2
:10C68C000040E303F414B707E03F631FF408634D65
:10C69C000C082654B65096540659F649D64AB64B51
:10C6AC00264C964C064DF25D5A85D285464B664A11
:10C6BC0065616F00B01B814AB705F03F9DBF19E162
:10C6CC00E3DF79F92654B65096540659F649664A72
:10C6DC00D64A464BB64B264C964C064DF25D37E58A
:10C6EC0000801305459065616F00F035B707404336
:10C6FC0063DDFB12B707F03F63C7FB0293D74B41D7
:10C70C00938717C05147E35AF70C13074003B3073D
:10C71C00F74033D7F400B317F70063969700058BF7
:10C72C0009493309E940A1D85A85D285EF00503028
:10C73C00AA8A63880C049357FA01FD173367F90032
:10C74C006307070E3707E0416358770F3707F0434D
:10C75C0063547779B707F03F63D6F90A635104083D
:10C76C0003A6818383A6C1833285B685EF20C015CD
:10C77C00AA8AC1B55A85D285EF00902BAA8A6398F4
:10C78C000C0A6389090093172A0089833707F03F45
:10C79C00E393E7FA634B0406E35D0CE8B70710C0BC
:10C7AC00CE97B3E72701E39407085686AE865685E5
:10C7BC00EF2000562A86AE86EF105021AA8A95BD2E
:10C7CC00B70710C0CE97B3E76701E38607EEB7074C
:10C7DC00F03F63C3F96EA285814AE35C04E4814AAD
:10C7EC00814581BDDA8AD285E35504E4B7E7008040
:10C7FC0003A5879483A5C7945A86D286EF10101D83
:10C80C00AA8A05BDE34E80F4D9BF37E70080AE8716
:10C81C00032587948325C7945686BE86EF10101B7C
:10C82C00AA8A9DBFE38104E4E5BB094981B55A8618
:10C83C005A85D286D285ADBF3707F07F337A470150
:10C84C000145631F0A0003A6018783A6418756850D
:10C85C003EC0EF2060078247AA8AAE891305B0FC60
:10C86C00B705100013D649411387F5FFB7A603008F
:10C87C00B3F9E900130616C0370AF03F9386E68831
:10C88C003307A60033EA490163D03665B7B60B000F
:10C89C009386966763D5367BB7EC008003A88C949F
:10C8AC0083A8CC940507330ABA40014B814B5A83B9
:10C8BC00DE83014C4286C6865685D2851AD41ED696
:10C8CC003AD23ED042C046C2EF2080440248924841
:10C8DC002E8E4286C686AA8DD2855685F28942C88E
:10C8EC0046CAEF10A02F2A86AE8603A58C9483A58A
:10C8FC00CC94014DEF10900D2A86AE862ACC2EC614
:10C90C006E85CE854EC0EF10307C93561A4037069C
:10C91C000020D18E370E0800F296338E86012A8FB6
:10C92C00F28601466A85AE897A8C72C4EF10D07992
:10C93C00AE8682452A866E85EF20803D224E424887
:10C94C00D2482E8F4286F285C686AA8D01457AC0C2
:10C95C00EF20003C2A86AE865685D285EF20403BE0
:10C96C006A86CE86EF105076024F2A86AE866E858A
:10C97C00FA85EF20E039E24EB242814D76869686FA
:10C98C00EF109074AA882E886286CE866285CE853A
:10C99C0046C042C4EF10507303A6818783A6C1879B
:10C9AC00AA8A2E8AEF10507203A6018883A64188AA
:10C9BC00EF10C0225686D286EF10107103A6818824
:10C9CC0083A6C188EF1080215686D286EF10D06FD7
:10C9DC0003A6018983A64189EF1040205686D28692
:10C9EC00EF10906E03A6818983A6C189EF10001FFA
:10C9FC005686D286EF10506D03A6018A83A6418A13
:10CA0C00EF10C01DAA882E885686D2865685D285F0
:10CA1C00C68A428AEF10506B2A86AE865685D2851E
:10CA2C00EF10906AAA8A2E8A6A86CE866285CE8597
:10CA3C00EF10C01A0246A246EF1010695686D28635
:10CA4C00EF10C0192E88AA8A6A86CE866A85CE8592
:10CA5C00428AEF10706703A6818A83A6C18A2ACE08
:10CA6C002EC8EF10A0175686D28652C6EF100017AC
:10CA7C002E8A6E86AE866A85CE85EF10F06403A68C
:10CA8C00818A83A6C18A2E882A8DD2856E8542CC56
:10CA9C00EF200028F248424E4686F286EF204027CF
:10CAAC00AE86B2452A865685EF2080266286CE86D3
:10CABC00EF1090612A88AE890245A2456E86D28617
:10CACC00428AEF1070602A86AE865285CE85EF10B2
:10CADC00E010E24D2A8AAE892A86AE866A85EE85FA
:10CAEC00EF10C00F03A6018B83A6418B0145AE8AC4
:10CAFC00EF10905D2E882A8C6A86EE86D6850145CD
:10CB0C00428DEF20E0202A86AE865285CE85EF201E
:10CB1C00202003A6818B83A6C18BEF10F05A03A6AD
:10CB2C00018C83A6418C2A8AAE890145D685EF10EB
:10CB3C00B0592A86AE865285CE85EF10200A225334
:10CB4C00B2531A869E86EF1060091257AA8DAE8AD0
:10CB5C003A85EF20A07F2A8AAE89D6866E86EA8532
:10CB6C00628556C0EF108007DE865A86EF100007EC
:10CB7C005286CE86EF108006014842855286CE86BC
:10CB8C00428AAE8AEF20C018DE865A86EF20401803
:10CB9C00EA866286EF20C017AE8682452A866E85AD
:10CBAC00EF20001782572A8DAE8B7D19B367F900E1
:10CBBC00639F072E03A9018383A94183014C6286DD
:10CBCC00A2862685A285EF20A0145286D686EF1069
:10CBDC00B04FAE872A8B2686A286DE856A85BE84F8
:10CBEC00EF10904E2A86AE865A85A685EF00107FF0
:10CBFC00AA876286A2862E8B5285D685BE8AEF10B6
:10CC0C00B04C2A86AE86AA842E8A5685DA85EF0029
:10CC1C00F07CB70790402E84AA8B2E8C63CEF52225
:10CC2C00B387F540C98F6393073E03A6818C83A617
:10CC3C00C18C5685DA85EF00707A2A87AE872686F6
:10CC4C005E85D286A285BA8B3E84EF20600C2A8644
:10CC5C00AE865E85A285EF1070326349A03A935779
:10CC6C004C4193F7F77F37051000938727C0B357D4
:10CC7C00F540E29713D747411377F77F9306F5FFFB
:10CC8C00130717C0B3D5E64093C5F5FFFD8DD14B07
:10CC9C00F58FC98F3387EB400146AE86B3DBE74097
:10CCAC0063540C00B30B70412685D285EF204006EF
:10CCBC002A86AE86AA842E8A5685DA85EF001072F3
:10CCCC00139D4B012E8403A6818D83A6C18D814DAE
:10CCDC00A2856E85EF10503FAE872A8C2686D286B1
:10CCEC00A2856E85BE84EF20A0022A86AE8656856C
:10CCFC00DA85EF20E00103A6018E83A6418EEF10AA
:10CD0C00B03C03A6818E83A6C18EAE872A8AA285EB
:10CD1C006E853E84EF10503B2A86AE865285A285E6
:10CD2C00EF00D06B2A8B2E842A86AE866285A68570
:10CD3C00EF00D06A6286A686AA8A2E8AEF10507DF2
:10CD4C002A86AE865A85A285EF10907C2A8C2E8B73
:10CD5C005686D2865685D285EF10103703A6018FE2
:10CD6C0083A6418FAA842E84EF10103603A6818FE0
:10CD7C0083A6C18FEF10D0792686A286EF10D0340F
:10CD8C0003A6019083A64190EF0050652686A286EB
:10CD9C00EF10903303A6819083A6C190EF105077CB
:10CDAC002686A286EF10503203A6019183A64191EC
:10CDBC00EF00D0622686A286EF1010312A86AE864E
:10CDCC005685D285EF10D074AA842E842A86AE861E
:10CDDC005685D285EF10502F03A6819183A6C19161
:10CDEC002A87AE872685A285BA843E84EF105072BE
:10CDFC002A86AE862685A285EF10403DAA842E8415
:10CE0C006286DA865685D285EF10102C6286DA8619
:10CE1C00EF00D05C2A86AE862685A285EF10506F77
:10CE2C005686D286EF10D06EAE862A8683A5CC9419
:10CE3C0003A58C94EF10D06DB307BD0093D647417A
:10CE4C002A876350D0223A85BE854A86CE86EF105B
:10CE5C00B027AA8A6FF0EFFD93971500B7D69040D4
:10CE6C0085839386F6BF63DBF618B7376F3F9387DE
:10CE7C000740AE97C98F99EB2686D286EF10506982
:10CE8C005686DA86EF10900FE34B05DC03A6018D76
:10CE9C0083A6418D4A85CE85EF10102303A6018D04
:10CEAC0083A6418DEF105022AA8A6FF08FF803A948
:10CEBC008C9483A9CC9419B3E3530492B7050080E6
:10CECC00814AA18D6FF0EFF6B7EC008003A88C942B
:10CEDC0083A8CC946FF07F9D3707F03F9306E7FF54
:10CEEC00E3DE3687E3403793B7EC008003A68C94DF
:10CEFC0083A6CC9456853EC0EF10906103A60184A6
:10CF0C0083A641842A8AAE89EF10101C03A6818463
:10CF1C0083A6C184AA8BAE8A5285CE85EF10D01A17
:10CF2C0003A6018583A641852E8B2A8CCE8552853E
:10CF3C00EF1090192A86AE8603A5818583A5C1853D
:10CF4C00EF10105D5286CE86EF1010182A86AE8632
:10CF5C0003A5018683A54186EF10905B2A882E8756
:10CF6C005286CE865285CE85428ABA89EF10D0156C
:10CF7C002A86AE865285CE85EF10101503A68186C3
:10CF8C0083A6C186EF1050142A86AE866285DA8598
:10CF9C00EF1010582A86AE862A8BAE895E85D68510
:10CFAC00EF00D04301485E86D6864285428AAE8A1F
:10CFBC00EF1010562A86AE865A85CE85EF10505546
:10CFCC0082472A8DAE8BD5B65A865A85D286D285A3
:10CFDC00EF10900FAA8A6FF0CFE5639D04F8B307AA
:10CFEC00F74033D7FB40B317F7002689639577E9F1
:10CFFC00058B09493309E9406FF0EFE73707E03F4C
:10D00C00014D814BE351F7CCD187B1B903A6818394
:10D01C0083A6C1834A85CE85EF10100B03A68183AE
:10D02C0083A6C183EF10500AAA8A6FF08FE0854760
:10D03C006311F9E0B7070080BD8D6FF08FDF03AB94
:10D04C00818183ABC18103A3018283A3418203A8A5
:10D05C00818283A8C182370C0400B7EC00806FF08A
:10D06C007F855E86AD2E2A87AE87F1BB41113707CF
:10D07C00F07F22C426C206C63376B700AE842A845B
:10D08C006305E616AA866357B00E13D64541AE87E4
:10D09C0063020610370710009305F7FFED8FD98F49
:10D0AC00930416C01397170013F6140093D7F601C8
:10D0BC00BA971397160011C67D838607BA971397F4
:10D0CC0026008584D945014E8146370620003385DC
:10D0DC00C6001358F701FD1563C6A700898FB30668
:10D0EC00C500329E8607C29706070582EDF1014303
:10D0FC00130500023706008019A86388D70C135853
:10D10C00F70186077D15C2970607058215C93308F6
:10D11C00B600E3D4F6FEB305C800B6886341080A2E
:10D12C00958FB3360701958F330707411358F701D5
:10D13C0086077D153293C686C2970607058261F96C
:10D14C00D98FC9EF1355130093571E403707E03F93
:10D15C00137E1E00BA9763050E0037070080598DA9
:10D16C00D2042A84BE94B24022852244A6859244DD
:10D17C0041018280939715008583C98FEDD70146B5
:10D18C00D1E513D7B6002D16BA87D6067DDB93559D
:10D19C004701D1E9814586071397B7002E85850590
:10D1AC00E35B07FE930800023688B388B8403E87DD
:10D1BC00B396B600B3571801098ED98FE1BD93C849
:10D1CC00F5FF93D8F801B698A1BFE36A07F3B3054E
:10D1DC00C800E34608FEBE888147B9B7FD57630215
:10D1EC00F30413051300058185B72A86AE86EF106C
:10D1FC00A06D2286A686EF00701E2A84B24022857E
:10D20C002244AE84A6859244410182802A86AE8651
:10D21C00EF1010302A86AE86EF00507B2A84AE8445
:10D22C0099B7050E15B73688930800027D5559B786
:10D23C00860585818280139515000581B7051080C0
:10D24C002E957D81828003A5019283A541928280D7
:10D25C0093D64541797193F6F67F22D406D626D221
:10D26C004AD04ECE138816C04D46AE872A87AE8E56
:10D27C0013D4F501634D06096346080E37061000FA
:10D28C007D1633560641F18DC98D2A833E8EBDC560
:10D29C0013551600337FF500336FEF0063050F0253
:10D2AC001386E6BEB70E0400133616001345F5FFC1
:10D2BC00370F00803306C040E98F33D80E41337FDF
:10D2CC00CF00B3EE070137D6008093183400130655
:10D2DC000660B29803A4080083A448007A86F686F8
:10D2EC002285A685EF00900F2AC42EC62245B24592
:10D2FC002286A686EF10D0212A832E8EB25022547D
:10D30C0092540259F2491A85F2854561828093083C
:10D31C00300363DF0801930600402A832E8EE31F3F
:10D32C00D8FC2A86F686EF00700B2A832E8EF9B76E
:10D33C009386D6BE7D563356D600B375A6002A8387
:10D34C003E8ECDDD0582B377A6002A8FADDF370F79
:10D35C0000401346F6FF3377A600B356DF40336F19
:10D36C00D70095B7370E00809344FEFFB3F6B40098
:10D37C00C98E2A832E8ED9D29397C500B18333E7F9
:10D38C00A700B307E040D98F37D70080931634003D
:10D39C001307076036970329070083294700B183D9
:10D3AC008175370E0800B3F5D50133FEC701336E16
:10D3BC00BE00F2862A86CE854A85EF0030022AC44A
:10D3CC002EC62245B2454A86CE86EF10701433FE27
:10D3DC00B4009318F401336E1E012A8305B7411172
:10D3EC0093D6454122C406C632841396560125EACB
:10D3FC00939715008583C98FDDC783A6C19203A6B9
:10D40C008192EF10604CD176938606CB2E876349C0
:10D41C00D40E93D7454193F7F77F9387A7FCA29738
:10D42C009306E07F63CDF604634FF00A9306B0FCDD
:10D43C0063D6D708B1679387073563C2870403A8FF
:10D44C00018D83A8418D63C9050C03A6018D83A6AC
:10D45C00418D4285C685EF102047AA8781A093F79E
:10D46C00F67F9306F07F2E87E39BD7FA2A86AE864B
:10D47C00B527B2402244AA873E854101828003A889
:10D48C00818383A8C18363C6050203A6818383A617
:10D49C00C1834285C685EF102043AA87B24022443F
:10D4AC003E8541018280B2402244AA873E854101DB
:10D4BC00828003A8019383A84193C1BFB705108054
:10D4CC00FD15938767036D8FD207D98F03A601943F
:10D4DC0083A64194BE85EF10203FB2402244AA8718
:10D4EC003E8541018280B2402244B7051080FD1573
:10D4FC006D8F93954701AA87D98D3E854101828016
:10D50C0003A6018D83A6418DEF10003CB24022444E
:10D51C00AA873E854101828003A8819383A8C19389
:10D52C002DB7AA88AE873288368546836399062044
:10D53C00B7D600809386067063F0C50C416763769E
:10D54C00E60A1307F00F3337C7000E073355E60012
:10D55C00AA9683C60600130500023697B306E5406B
:10D56C00630CE500B397D70033D7E8003318D60027
:10D57C00B365F7003393D80093580801B3D715035C
:10D58C0013160801418213570301B3F615033E85A8
:10D59C00B305F602C206558F637CB700429713851C
:10D5AC00F7FF636707016375B7001385E7FF4297C1
:10D5BC000D8FB3771703420313530301335717032C
:10D5CC00C20733E36700B306E6023A86637BD300F7
:10D5DC0042931306F7FF636603016374D3001306CB
:10D5EC00E7FF4205518D81455DA837050001414794
:10D5FC00E36EA6F4614799BF01E605473358C702AD
:10D60C004167637FE8081307F00F63730701214537
:10D61C003357A800BA9603C70600130600022A97D0
:10D62C00B306E6406315E608B38707418545935872
:10D63C00080113160801418213570301B3F61703AF
:10D64C00B3D71703C206558F330EF6023E85637CA3
:10D65C00C70142971385F7FF636707016375C7011D
:10D66C001385E7FF42973307C741B377170342038C
:10D67C001353030133571703C20733E36700B30691
:10D68C00E6023A86637BD30042931306F7FF636688
:10D69C0003016374D3001306E7FF4205518D8280AA
:10D6AC00370700014145E365E8F6614595B7331846
:10D6BC00D800B3D5E7003393D800B397D70033D74E
:10D6CC00E800935808013366F70033F715039317F6
:10D6DC000801C18313550601B3D515034207498FC1
:10D6EC00B386B7022E85637CD70042971385F5FF6E
:10D6FC00636707016375D7001385E5FF4297B3068F
:10D70C00D74033F7160342064182B3D616034207BD
:10D71C00B388D702B367C700368763FC1701C2977B
:10D72C001387F6FF63E7070163F517011387E6FF1D
:10D73C00C29793150501B3871741D98DCDBD63E20F
:10D74C00D514416763FFE6021307F00FB335D7001A
:10D75C008E0537D7008033D5B600130707702A978C
:10D76C0003470700130500022E97B305E54063112C
:10D77C00E5020545E3E5F6F233B5C800134515009F
:10D78C0039BF37070001C145E3E5E6FCE145D1B7F8
:10D79C003353E600B396B6003363D300135503013D
:10D7AC00B31EB60033D6E700B376A602B397B70024
:10D7BC0033D7E8003368F70093170301C18313577D
:10D7CC0008013356A602C206558F338FC702328E1C
:10D7DC00637CE7011A97130EF6FF636767006375A6
:10D7EC00E701130EE6FF1A973307E741B376A7025A
:10D7FC003357A702C2063386E70293170801C18389
:10D80C00D58FBA8663FCC7009A979306F7FF63E738
:10D81C00670063F5C7009306E7FF9A9713150E018F
:10D82C00416E558D9306FEFF3378D500918FB3F67C
:10D83C00DE001356050193DE0E013303D802B30646
:10D84C00D602135703013308D80336984297330690
:10D85C00D6036373D700729693560701369663E02E
:10D86C00C702E392C7D8C167FD177D8F4207337398
:10D87C00F300B398B8001A978145E3F2E8E27D15FE
:10D88C009DB38145014521BDB2883687AA872E8874
:10D89C006398061CB7D600809386067063F8C50A99
:10D8AC004163637E66081303F00F6373C300214763
:10D8BC003353E6009A9603CE06003A9E13070002F5
:10D8CC003303C741630CC701B3956500335EC501D3
:10D8DC00B31866003368BE00B317650013D6080191
:10D8EC003377C80213950801418193D60701335849
:10D8FC00C8024207D98E3308050363F80601C696A1
:10D90C0063E5160163F30601C696B386064133F749
:10D91C00C602C207C183B3D6C602B306D50213151D
:10D92C000701C98F63F8D700C69763E5170163F346
:10D93C00D700C697958F33D5670081458280370312
:10D94C0000014147E36666F661479DB701E605466F
:10D95C00B3581603416663F3C8081306F00F6373DC
:10D96C001601214733D6E800B29603CE06003A9E44
:10D97C00130700023303C7416319C707B385154169
:10D98C0013D7080113950801418113D60701B3F68B
:10D99C00E502B3D5E502C206D18EB305B50263F834
:10D9AC00B600C69663E5160163F3B600C696B3855A
:10D9BC00B640B3F6E502C207C183B3D5E502B305A1
:10D9CC00B50213950601C98F63F8B700C69763E5D6
:10D9DC00170163F3B700C6978D8FB1BF37060001EF
:10D9EC004147E3E1C8F86147B5BFB398680033D746
:10D9FC00C501B3176500335EC50113D50801B376B5
:10DA0C00A702B3956500336EBE0093950801C181E2
:10DA1C0013560E013357A702C206D18E3387E50287
:10DA2C0063F8E600C69663E5160163F3E600C69656
:10DA3C003386E640B376A602420E135E0E013356D1
:10DA4C00A602C2063386C502B3E5C60163F8C5005B
:10DA5C00C69563E5150163F3C500C695918D0DB7A9
:10DA6C00E3EED5EC416763F5E604130EF00F3337A4
:10DA7C00DE000E07B7D8008033D3E6009388087019
:10DA8C009A9803CE08003A9E130700023303C7414D
:10DA9C006317C70363E4B6006369C500B307C540E9
:10DAAC00958D3335F5003388A5403E85C28579B513
:10DABC00B70800014147E3EF16FB614765BF3357D9
:10DACC00C601B3966600336FD700B3D7C5011357A1
:10DADC000F01B3F8E702B39565003358C5013368FD
:10DAEC00B80093150F01C1819356080133166600D7
:10DAFC0033156500B3D7E702C208B3E6D800B38E7E
:10DB0C00F502BE8863FCD601FA969388F7FF63E7AB
:10DB1C00E60163F5D6019388E7FFFA96B386D64102
:10DB2C00B3FEE602420813580801B3D6E602C20E51
:10DB3C00B3EE0E01B385D502B68763FCBE00FA9E28
:10DB4C009387F6FF63E7EE0163F5BE009387E6FF6C
:10DB5C00FA9EB385BE40C208C16EB3E8F800938745
:10DB6C00FEFF33F8F8009356060193D80801F18FA5
:10DB7C003307F802B387F8023308D802B388D80207
:10DB8C003E9893560701C29663F3F600F698C16768
:10DB9C00FD1713D80601FD8EC2067D8FC2983697ED
:10DBAC0063E61501639C1501637AE5003306C740F3
:10DBBC003337C7007A97B388E84032873307E5409C
:10DBCC003335E500B3851541898DB397C5013357BE
:10DBDC00670033E5E700B3D565008DB33708100057
:10DBEC007D180111B377B80013D745013378D800ED
:10DBFC0093D8460122CC8E071374F77F1357D501A7
:10DC0C0026CAD98F93D4F5011357D60193F8F87F10
:10DC1C0093D5F6010E0806CE4AC84EC60E053367DC
:10DC2C0007010E06B30614416395B4226351D00E5E
:10DC3C0063980802B365C700638B05209385F6FFD4
:10DC4C0089E92A963335A600BA97AA9732850544F6
:10DC5C00B1A81308F07F639D06011304F07F71AA2D
:10DC6C009305F07F630BB418B70580004D8FB68514
:10DC7C009306800363C9B608FD4663C0B606130855
:10DC8C0000023308B840B3160701B358B600331678
:10DC9C000601B3E616013336C000558E3357B70074
:10DCAC002A963E97B337A600BA973285139787000A
:10DCBC006355071405041307F07F6305E448B706A2
:10DCCC0080FFFD16FD8E9355150005899397F6017F
:10DCDC004D8D5D8D93D716000DA2938605FE93088E
:10DCEC000002B356D70001486388150113080004DD
:10DCFC00B305B8403318B7003366C8003336C000DC
:10DD0C00558E014771BF598E3336C000DDBFD5CA61
:10DD1C00B38588400DE4B3E6A700638C0640938678
:10DD2C00F5FF99E63295BA973336C500B29705B729
:10DD3C001308F07F639D0501BA87328539BF9306BE
:10DD4C00F07FE38BD8FEB7068000D58FAE869305A7
:10DD5C00800363C4D506FD4563CBD50213080002CE
:10DD6C003308D8403353D500B3950701331505015B
:10DD7C00B3E565003335A0004D8DB3D6D700329591
:10DD8C00B387E6003336C500B297468405B7938552
:10DD9C0006FE13030002B3D5B70001486388660082
:10DDAC0013080004B306D8403398D7003365A80095
:10DDBC003335A0004D8D8146D9B75D8D3335A0002C
:10DDCC00DDBF9306140093F5E67FBDE1B3E6A70033
:10DDDC0029E463840636B366C70085C22A96BA97CF
:10DDEC003335A600AA97139787003285635707002F
:10DDFC00370780FF7D17F98F05441377750063058E
:10DE0C0007341377F50091466300D7349306450029
:10DE1C0033B5A600AA97368505AE99DE598EE30E6A
:10DE2C0006E28144B707400001451304F07F29AE98
:10DE3C009305F07F6386B6302A963E97B337A600DB
:10DE4C003E971315F7010582518D935717003684B1
:10DE5C006DB76356D00C63910808B365C700E5D95C
:10DE6C009385F6FF91E93306C5403335C500998F8C
:10DE7C00898F32850544B1A01308F07FE38F06DD4E
:10DE8C009306800363C9B608FD4663C0B606130843
:10DE9C0000023308B840B3160701B358B600331666
:10DEAC000601B3E616013336C000558E3357B70062
:10DEBC003306C5403387E740B337C500B307F74097
:10DECC00328513978700E35A07F2370980007D19D2
:10DEDC0033F92701AA8975A29305F07FE30FB4F0FB
:10DEEC00B70580004D8FB68561BF938605FE9308FC
:10DEFC000002B356D70001486388150113080004CB
:10DF0C00B305B8403318B7003366C8003336C000C9
:10DF1C00558E014771BF598E3336C000DDBFF9C233
:10DF2C003388884015E8B3E6A700638F062693066E
:10DF3C00F8FF91EA3305A640B307F7403336A60045
:10DF4C00918FAE8405BF1303F07F631F6800BA87FF
:10DF5C0032851304F07F7DA09306F07FE389D8FE11
:10DF6C00B7068000D58FC286130880036348D80695
:10DF7C007D48634ED802130300023303D340335E53
:10DF8C00D50033986700331565003368C801333505
:10DF9C00A0003365A800B3D6D7003305A640B3075D
:10DFAC00D7403336A600918F4684AE8419BF1388B0
:10DFBC0006FE130E000233D8070101436388C60125
:10DFCC0013030004B306D3403393D7003365A30087
:10DFDC003335A0003365A8008146C1B75D8D33355C
:10DFEC00A000DDBF9306140093F6E67FB5E633E898
:10DFFC00A700B366C70031E463180800638A061AE9
:10E00C00BA873285AE84D5BBE38906DE3308C540BA
:10E01C00B3380501B386E740B38616419398860062
:10E02C0063DA08003305A640B307F7403336A60081
:10E03C00918FC9BF3365D80063000518B687428538
:10E04C006DBB63180800638B0616BA873285AE84E5
:10E05C0029B1E38406C0F1B3B309C540B336350129
:10E06C003389E7403309D9409316890063D80606F3
:10E07C00B309A640B307F740333636013389C7409E
:10E08C00AE84630309064A85EF206028130785FFD9
:10E09C00FD4763C1E70693060002998EB317E900AA
:10E0AC00B3D6D900DD8E3395E900634E8706018F18
:10E0BC00930717007D466345F604130700021D8F76
:10E0CC00B355F5003396E6003315E5004D8E333528
:10E0DC00A000518DB3D7F600014405B333E52901F7
:10E0EC004DF181470144F9A04E85EF2040221305E4
:10E0FC00050269BF130585FDB396A900014575B7E7
:10E10C0005179305000233D7E60001466387B70075
:10E11C00130600041D8E3396C600518D3335A000B6
:10E12C00598D814755BFB70780FFFD17198CF58FA7
:10E13C00E9B1BA8732852E84C9B1BA87328575B9EF
:10E14C001304F07F8147014513978700635B070039
:10E15C0005041307F07F6308E406370780FF7D177B
:10E16C00F98F1397D7010D81598D1307F07F8D838C
:10E17C006319E4005D8D814709C5B70708000145A7
:10E18C00814413174401B706F07FB207F240624492
:10E19C00758FB183FE04D98F33E797004249D2447F
:10E1AC00B249BA8505618280BA873285428499BDAD
:10E1BC0081470145814449BF8147EDBF01458144F9
:10E1CC00B70740009DB18147014561BF797193D775
:10E1DC00450126D24AD052CC5AC862C49394C50089
:10E1EC0006D622D44ECE56CA5EC6139757012A893C
:10E1FC00328B368CB18013DAF50151C793FAF77F65
:10E20C009307F07F638BFA0C9359D5018E04B3E41A
:10E21C009900B7098000B3E9340113143500938ACF
:10E22C001AC0814B93574C011315CC00139757010F
:10E23C009354C50093F5F77F135CFC0171C39307EE
:10E24C00F07F638AF510139534009357DB015D8DD5
:10E25C00B7048000C98C931F3B00138515C0014681
:10E26C0093972B00D18FFD173947B3468A01B3859D
:10E27C00AA406364F71037D700808A071307076139
:10E28C00BA979C438287B3E9A400638209069DC8B0
:10E29C002685EF20C007930755FF71476349F702A6
:10E2AC00F549130485FFB389F940B3948400B3593D
:10E2BC003901B3E99900331489009305D0C0B38AAE
:10E2CC00A54085B7EF20A00413050502E9B7930418
:10E2DC0085FDB31999000144CDB7B3E9A400638C53
:10E2EC0009002A84A689930AF07F8D4B25BF01442F
:10E2FC00814A854B05BF0144930AF07F894B1DB7BA
:10E30C00B3EF640163820F069DC82685EF202000C1
:10E31C00AA85938755FF71476349F702F546938F9A
:10E32C0085FF9D8E3395F401B356DB00B3E4A60054
:10E33C00B31FFB011307D0C03305B7400DB75A8587
:10E34C00EF10F07C93050502E9B7138585FDB31436
:10E35C00AB00814FC5B7B3EF6401638B0F00DA8F4D
:10E36C001305F07F0D46EDBD814401450546CDBD3D
:10E37C0081441305F07F0946E5B563E634016396E5
:10E38C00992A6364F42B1396F9011357140093170D
:10E39C00F40193D919003364E6001395840093D8E3
:10E3AC008F01B3E8A800418133D8A902939E0801DC
:10E3BC0093DE0E011357040113938F00B3F4A902DB
:10E3CC00C28F33860E039399040133673701637C44
:10E3DC00C7004697930FF8FF636717016375C70073
:10E3EC00930FE8FF4697118F335EA70242044180DA
:10E3FC003377A70272863388CE034207418F637C42
:10E40C00070146971306FEFF636717016375070143
:10E41C001306EEFF469733040741C20F4168B3EF72
:10E42C00CF00130EF8FF13D60F0133F7CF01135F94
:10E43C000301337EC301B303EE02B304C6033307F7
:10E44C00EF02B302E6033306970013D703013297AA
:10E45C0063739700C292135607011696C162FD12A0
:10E46C00337857004208B3F353001E986367C40017
:10E47C00FE84631EC40263FC07039A9733B76700DC
:10E48C0046973A949384FFFF63E688006391880271
:10E49C0063EF67006366C400631B860063F90701C2
:10E4AC009A9733B7670046979384EFFF3A94338873
:10E4BC000741118CB3B707011D8CFD5F6387880E74
:10E4CC00B35FA402135708013374A4027E86B3878A
:10E4DC00FE034204598C637CF40046941386FFFFC0
:10E4EC00636714016375F4001386EFFF46941D8C6B
:10E4FC003357A4024208135808013374A402BA8794
:10E50C00B38EEE02420433648800637CD4014694DB
:10E51C009307F7FF636714016375D4019307E7FF53
:10E52C00469442065D8E93170601C183135706016C
:10E53C003308EF023304D441330FFF02B38EC70309
:10E54C00330EC70393D70E01729FFA9763F4C7017A
:10E55C0041673A9813D70701429741687D1833F504
:10E56C0007014205B3FE0E0176956366E400631065
:10E57C00E41AB28F1DC94694930FF6FF636114031E
:10E58C006366E4006314E418637DA300931713001F
:10E59C0033B367009A98930FE6FF46943E83631457
:10E5AC00E4006304650093EF1F009387F53F635B02
:10E5BC00F00A13F77F0001CF13F7FF001146630831
:10E5CC00C70013864F00B33FF601FE94B28F13972A
:10E5DC00740063580700B70700FFFD17FD8C938785
:10E5EC0005401307E07F6342F70693DF3F00139764
:10E5FC00D4013367F70113D53400D2073706F07F07
:10E60C003205B2502254F18F31815D8DFE06B36715
:10E61C00D50092540259F249624AD24A424BB24B4B
:10E62C00224C3A85BE8545618280FD158147B5B384
:10E63C00D286CE84A28F5E868D47630BF60A854701
:10E64C00630FF60A8947E312F6F601450147930773
:10E65C00F07F65B7E286CDB7B7040800814F8146DD
:10E66C000D46D9BF05451D8D130780036349A708C7
:10E67C007D476349A7049385E541B397B40033D72D
:10E68C00AF00B395BF00D98FB335B000CD8F33D564
:10E69C00A40013F7770001CF13F7F70011466308B6
:10E6AC00C70013874700B337F7003E95BA87131797
:10E6BC008500634907041317D5018D835D8F0D8188
:10E6CC00814725BF0557B307F74013060002B3D7A0
:10E6DC00F40001476306C5009385E5433397B40006
:10E6EC00B36FF701B33FF001B3E7F701014555B73D
:10E6FC003705080001479307F07F8146FDBD0145B2
:10E70C0001477DBF014501478547C5BD7E86B28F58
:10E71C0059BD13D74501B7071000FD1713D8460193
:10E72C002A83AA8E1377F77F1305F07FB3F8B7000F
:10E73C00328FF58FFD811378F87FFD82631AA70065
:10E74C0033EE6800054563140E006305E800828013
:10E75C006315A8005D8E05457DFA0545E31907FF95
:10E76C00E397F8FEE395EEFF6388D5006DF333E590
:10E77C0068003335A0008280014582803707100085
:10E78C007D1713D84501B378B700AA872A8313786D
:10E79C00F87F13D5F501930EF07F93D54601758F55
:10E7AC00328E93F5F57FFD826318D801B3EEF80035
:10E7BC0063840E06795582806396D501B36EC700CB
:10E7CC00E39A0EFE631C0804B3E7F80093B7170036
:10E7DC0099E1598E0DCE81EB6314D50063D90501F7
:10E7EC000DC57D5582807D5591C6368582806354DA
:10E7FC00B80065D98280E36517FF639CE800E3618C
:10E80C006EFEE368C3FF0145828005458280E5FF0B
:10E81C00C1BFE3E0E8FEC5BFE38205FBD5FD814740
:10E82C004DBF370710007D1713D84501B378B700DB
:10E83C00AA872A831378F87F13D5F501930EF07FFE
:10E84C0093D54601758F328E93F5F57FFD82631853
:10E85C00D801B3EEF80063840E06094582806396F6
:10E86C00D501B36EC700E39A0EFE631C0804B3E730
:10E87C00F80093B7170099E1598E0DCE81EB631414
:10E88C00D50063D905010DC57D5582807D5591C696
:10E89C00368582806354B80065D98280E36517FFA2
:10E8AC00639CE800E3616EFEE368C3FF0145828070
:10E8BC0005458280E5FFC1BFE3E0E8FEC5BFE3820A
:10E8CC0005FBD5FD81474DBF797193D7450122D406
:10E8DC0026D24ECE52CC56CA9394C50006D64AD0F8
:10E8EC005AC85EC6139757012A84B289B68AB1807A
:10E8FC0013DAF50159C313FBF77F9307F07F630617
:10E90C00FB0C9357D5018E04DD8CB7078000DD8C92
:10E91C0013193500130B1BC0814B93D74A01139469
:10E92C00CA0013975701318013F5F77F93DAFA0178
:10E93C005DCF9307F07F6304F51093D7D9010E04D4
:10E94C005D8CB70780005D8C130515C0939739005B
:10E95C00014793962B00D98E5A95FD1639483346AC
:10E96C005A0193051500636DD80E37D500808A06C1
:10E97C001305C564AA969442828633E9A400630FFA
:10E98C0009048DC82685EF109018130755FFF14721
:10E99C0063C7E702F547130985FF998FB3942401E8
:10E9AC00B357F400DD8C33192401130BD0C0330B97
:10E9BC00AB409DB7EF10B01513050502F9B79304E2
:10E9CC0085FDB31494000149CDB733E9A400630B62
:10E9DC0009002A89130BF07F8D4B81B78144014BC1
:10E9EC00854B25BF8144130BF07F894B3DB7B36733
:10E9FC003401B1CF0DC82285EF107011930655FF6D
:10EA0C00F14763C8D7027547930785FF158F3314F9
:10EA1C00F40033D7E900598CB397F9001307D0C031
:10EA2C003305A74035B74E85EF10700E1305050260
:10EA3C00F1B7130485FD339489008147C5B7B367DB
:10EA4C00340191CBCE871305F07F0D4719B70144E4
:10EA5C0001450547FDBD01441305F07F0947D5BDB0
:10EA6C00416F1307FFFF9356090113D30701337945
:10EA7C00E900F98FB30823033308F902B38FF602C8
:10EA8C00B38EF80193580801F698338E660263F33F
:10EA9C00F8017A9E93D20801B3F8E8003378E800C5
:10EAAC00135F0401C208798CC2983387860233083D
:10EABC00890233092F03B30EE90013590801769923
:10EACC00B386E6036374E9004167BA96935E090165
:10EADC00B69EC166938FF6FF3379F9013378F8014E
:10EAEC0013D704014209B3F4F401B383970242999A
:10EAFC00CA9233089302B307F702B30FE30233034E
:10EB0C00F80013D803011A986373F800B69F935753
:10EB1C000801C166BE9F9387F6FF3378F800B3F700
:10EB2C00F300B303940242083E9833048702B30403
:10EB3C009F023303EF02A29413D70301BA9463F339
:10EB4C0084003693C167FD17B3F6F400C206B3F721
:10EB5C00F300169EBE9633392E01F69633872601A6
:10EB6C00429E33380E01330FF701B3020F01B3B6D7
:10EB7C00D60133372701558F33B80201C180B33F1B
:10EB8C00FF01269733E80F0193179E0042971A97BF
:10EB9C00B3E717012607B337F000135E7E0113D4D9
:10EBAC007201B3E7C701A60293167700598CB3E73D
:10EBBC00570063DA060A13D71700858BD98F131702
:10EBCC00F401D98F05809386F53F6350D00A13F773
:10EBDC00770001CF13F7F70011456308A7001387DF
:10EBEC004700B337F7003E94BA8713177400635885
:10EBFC000700370700FF7D17798C938605401307B4
:10EC0C00E07F634ED70E13D737009317D401D98FFB
:10EC1C000D80139746013204B706F07F758F318053
:10EC2C00598C7E06B2503367C40022549254025958
:10EC3C00F249624AD24A424BB24B3E85BA85456193
:10EC4C00828052862684CA875E8789466309D70AE2
:10EC5C008D46630FD7088546E317D7F601448147E5
:10EC6C009DA05686DDB7AA85B9BF0545158D13073E
:10EC7C008003E345A7FE7D476349A7049385E541DF
:10EC8C003317B400B3D6A700B397B700558FB3377B
:10EC9C00F000D98F3354A40013F7770001CF13F78A
:10ECAC00F70091466308D70013874700B337F70086
:10ECBC003E94BA8713178400634807041317D401D2
:10ECCC008D83D98F0D808146A9B70557158F1308F1
:10ECDC0000023357E4008146630605019385E54342
:10ECEC00B316B400D58FB337F000D98F01446DB78C
:10ECFC003704080081479306F07F014619BF014491
:10ED0C0081479306F07F31B701448147854611B79F
:10ED1C00370810007D180111B377B80013D74501DF
:10ED2C003378D80093D8460122CC8E071374F77F22
:10ED3C001357D50126CAD98F93D4F5011357D60191
:10ED4C0093D5F6010E0806CE4AC84EC693F8F87F46
:10ED5C009306F07F0E05336707010E066395D80006
:10ED6C00B366C70099E293C5150033081441639349
:10ED7C009522635C000F63950804B366C7008DC2CF
:10ED8C001308F4FF631A08002A963335A600BA97C5
:10ED9C00AA973285054495A89306F07F6319D4028F
:10EDAC00137775006305074E1377F50091466300E2
:10EDBC00D74E9306450033B5A600AA973685C1A950
:10EDCC009306F07FE30ED4FCB7068000558F9306B4
:10EDDC00800363C80609FD4663C00607930500025D
:10EDEC00B3850541B316B700B35806013316B60008
:10EDFC00B3E616013336C000558E335707012A96F9
:10EE0C003E97B337A600BA97328513978700E3591C
:10EE1C0007F805041307F07F6309E446B70680FF83
:10EE2C00FD16FD8E9355150005899397F6014D8DB2
:10EE3C005D8D93D71600ADB7930608FE93080002BC
:10EE4C00B356D70081456308180193050004338835
:10EE5C000541B31507014D8E3336C000558E014761
:10EE6C0079BF598E3336C000DDBF630B080AB385FA
:10EE7C0088400DE4B3E6A700638006409386F5FF57
:10EE8C0099E63295BA973336C500B29721B7130875
:10EE9C00F07F639D0501BA873285EDAC9306F07F58
:10EEAC00E38BD8FEB7068000D58FAE869305800322
:10EEBC0063C4D506FD4563CBD502130800023308A5
:10EECC00D8403353D500B395070133150501B3E58D
:10EEDC0065003335A0004D8DB3D6D7003295B3877E
:10EEEC00E6003336C500B297468405B7938506FE17
:10EEFC0013030002B3D5B7000148638866001308FA
:10EF0C000004B306D8403398D7003365A8003335D6
:10EF1C00A0004D8D8146D9B75D8D3335A000DDBF86
:10EF2C009306140093F5E67FA9E5B3E6A7001DE46C
:10EF3C0063880634B366C700E38406E62A96BA975C
:10EF4C003335A600AA97139787003285E35A07E456
:10EF5C00370780FF7D17F98F054499B58DDE598EE3
:10EF6C00630A06228144B707400001451304F07F71
:10EF7C0039AE9305F07F6388B6302A963E97B33747
:10EF8C00A6003E971315F7010582518D9357170074
:10EF9C00368439B56356000D63930808B366C70011
:10EFAC00E38006E01308F4FF631B08003306C5403A
:10EFBC003335C500998F898F32850544B1A09306EE
:10EFCC00F07FE30FD4DC9306800363C70609FD468C
:10EFDC0063CF060593050002B3850541B316B70050
:10EFEC00B35806013316B600B3E616013336C0002B
:10EFFC00558E335707013306C5403387E740B33787
:10F00C00C500B307F740328513978700E35A07D83A
:10F01C00370980007D1933F92701AA8975A2930657
:10F02C00F07FE30FD4D6B7068000558F69BF9306E7
:10F03C0008FE93080002B356D700814563081801F7
:10F04C009305000433880541B31507014D8E333603
:10F05C00C000558E014745B7598E3336C000DDBF11
:10F06C006304080C3388884015E8B3E6A700638076
:10F07C0006289306F8FF91EA3305A640B307F7403C
:10F08C003336A600918FAE840DBF1303F07F631F40
:10F09C006800BA8732851304F07F7DA09306F07F59
:10F0AC00E389D8FEB7068000D58FC286130880038B
:10F0BC006348D8067D48634ED8021303000233031D
:10F0CC00D340335ED5003398670033156500336841
:10F0DC00C8013335A0003365A800B3D6D70033057B
:10F0EC00A640B307D7403336A600918F4684AE8432
:10F0FC0021BF138806FE130E000233D8070101430B
:10F10C006388C60113030004B306D3403393D700BE
:10F11C003365A3003335A0003365A8008146C1B721
:10F12C005D8D3335A000DDBF9306140093F6E67FAA
:10F13C00BDE633E8A700B366C70031E463180800E6
:10F14C00638B061ABA873285AE8499B9E38A06C4F2
:10F15C003308C540B3380501B386E740B386164182
:10F16C009398860063DA08003305A640B307F7408E
:10F17C003336A600918FC9BF3365D80063010518DB
:10F18C00B687428531B9631A0800638C0616BA87B4
:10F19C003285AE841304F07F21B1EDDEE1B3B30907
:10F1AC00C540B33635013389E7403309D94093164E
:10F1BC00890063D80606B309A640B307F740333677
:10F1CC0036013389C740AE84630309064A85EF10C4
:10F1DC000014130785FFFD4763C1E7069306000281
:10F1EC00998EB317E900B3D6D900DD8E3395E900BB
:10F1FC00634E8706018F930717007D466345F6041F
:10F20C00130700021D8FB355F5003396E600331536
:10F21C00E5004D8E3335A000518DB3D7F600014477
:10F22C0041B633E529014DF181470144F9A04E85E2
:10F23C00EF10E00D1305050269BF130585FDB396AC
:10F24C00A900014575B705179305000233D7E600F1
:10F25C0001466387B700130600041D8E3396C60063
:10F26C00518D3335A000598D814755BFB70780FFAD
:10F27C00FD17198CF58F2DB6BA8732852E840DB6F5
:10F28C00BA87328531BE1304F07F8147014513974D
:10F29C008700635B070005041307F07F6308E4062F
:10F2AC00370780FF7D17F98F1397D7010D81598D83
:10F2BC001307F07F8D836319E4005D8D814709C5C9
:10F2CC00B70708000145814413174401B706F07FC6
:10F2DC00B207F2406244758FB183FE04D98F33E7D5
:10F2EC0097004249D244B249BA8505618280BA87F7
:10F2FC003285428491BD81470145814449BF814794
:10F30C00EDBF01458144B70740008DB181470145F0
:10F31C0061BF370710009307F7FF33F7B700D181B0
:10F32C0093C5F5FFF58F13985501D18293F6F67FAF
:10F33C0063150800498F054509EB1307F07F01455C
:10F34C006395E600D18F3335F0008280411106C6FB
:10F35C0022C426C229CD9357F54133C4A7001D8C76
:10F36C009354F5012285EF00907A1307E041A947E9
:10F37C00098F63C8A702AD47898F5505B357F400B1
:10F38C003314A4002685B2075207B1837E05D98FAA
:10F39C00B24033E7A700228522449244BA8541014A
:10F3AC0082805515B317A40026850144E9BF014797
:10F3BC008147E5BF411113577501370680007D1653
:10F3CC004AC01379F70F13D77501B377A60026C27D
:10F3DC006D8E1377F70F06C622C49354F501FD8189
:10F3EC008E070E06B306E9406394B412635AD00636
:10F3FC0021E3630C0626FD168DE6B2974A87939699
:10F40C00570063DB060C05079306F00F6305D72640
:10F41C00B706007E13F61700FD168583F58FD18F86
:10F42C0065A81307F00F631CE9001307F00F6DA01C
:10F43C001307F00FE30BE9FE37070004598EED4577
:10F44C00054763CDD500930500023357D600B3862C
:10F45C00D5403316D6003336C000518FBA9779BFDA
:10F46C00A9CAB3052741631D090089CBFD1599E194
:10F47C00B29771B79306F00F631BD700B287A9A898
:10F48C009306F00FE30CD7FEB7060004D58F6D453D
:10F49C008546634DB500930600028D8E33D5B700BB
:10F4AC00B397D700B337F000B366F500B387C60047
:10F4BC00B9B79305190013F7E50F39E3631909027E
:10F4CC00D5DF19CAB2979396570063D70600370752
:10F4DC0000FC7D17F98F054793F67700638E0618AD
:10F4EC0093F6F70011466389C618910771A26380E1
:10F4FC00071805DE8144B70700021307F00FADAA09
:10F50C001307F00F6387E516B29785832E87E9B74B
:10F51C006354D00621EB4A8761D2FD1681EE918FA0
:10F52C0093965700E3DA06FA370400047D147D8CB9
:10F53C003A89C5A89305F00F1307F00FE30EB9F83D
:10F54C00ED45054763CDD500930500023357D60032
:10F55C00B386D5403316D6003336C000518F998F01
:10F56C004A877DBF9305F00F1307F00FE306B9F63A
:10F57C0037070004598EE9B7A1CE33052741631034
:10F58C00090299CB7D1509E5B307F640AE8449BF56
:10F59C009306F00F631CD700B287AE8435BF930679
:10F5AC00F00FE30BD7FEB7060004D58F6D488546E8
:10F5BC00634DA80093060002898E33D8A700B39739
:10F5CC00D700B337F000B366F800B307D6407DBF61
:10F5DC00130719001377E70F05EF6314090289E786
:10F5EC0045FE8147814449A8E30806EEB386C7402F
:10F5FC0013955600B307F640E34105FAFDD2B687E2
:10F60C00E1BDE39807EEE30706EEB287AE8431BDA9
:10F61C003384C74013175400635E07023304F6406B
:10F62C00AE842285EF00B04E1307B5FF3314E4000F
:10F63C006346270333072741050793060002B35798
:10F64C00E4003387E6403314E40033348000C18F88
:10F65C00014759B579F48147014769B7B70700FCF1
:10F66C00FD173307E940E18F85BD4A87B5B5B287F1
:10F67C006DBB1307F00F81479396570063DB0600B1
:10F68C0005079306F00F630FD702B70600FCFD16B3
:10F69C00F58F9306F00F8D836316D70081C7B707DC
:10F6AC0040008144B24022443705807F5E07A607A4
:10F6BC00698FA5831395F401D98F924402495D8D0E
:10F6CC00410182808147F1B7011126CA935475011B
:10F6DC004AC84EC652C49319950006CE22CC56C2C7
:10F6EC0093F4F40F2E8A93D999001359F501A5C4FC
:10F6FC009307F00F638EF4068E09B7070004B3E985
:10F70C00F900938414F8814A93577A0113149A00E0
:10F71C0093F7F70F2580135AFA01ADC71307F00FB3
:10F72C00638EE7060E0437070004598C938717F88D
:10F73C00814613962A00558E9D8C7D16B94733450C
:10F74C00490163E6C706B7D70080938787680A0626
:10F75C003E961C428287638409024E85EF00303B43
:10F76C009307B5FF9304A0F8B399F900898C61BF96
:10F77C009304F00F894AE38909F88D4A71B78144E3
:10F78C00854A59B715C02285EF0070389307B5FF2D
:10F79C003314F4009307A0F8898F59BF9307F00F27
:10F7AC00894641D88D4671B78147854659B793151F
:10F7BC00540063FB890CFD14814613D40501B3D8A6
:10F7CC008902C167FD17ED8FC18233F78902468626
:10F7DC00338817034207558F637C07012E971386D6
:10F7EC00F8FF6367B700637507011386E8FF2E9770
:10F7FC00330707413358870233778702B3860703F1
:10F80C0093170701428763FCD700AE971307F8FFE5
:10F81C0063E7B70063F5D7001307E8FFAE9713143F
:10F82C000601958F598CB337F0005D8C1387F40764
:10F83C006358E0089377740099C79377F400914666
:10F84C006383D70011049317440063D80700B707EC
:10F85C0000F8FD177D8C138704089307E00F0D80CB
:10F86C0063C5E7045E07B707807F26047D8F25807C
:10F87C00598C7E05F240418D6244D2444249B249D2
:10F88C00224A924A056182809396F90193D9190014
:10F89C002DB74A854E84D6868D476382F6068547FA
:10F8AC006385F6068947E393F6F801441307F00FD6
:10F8BC0055BF5285D5B73704400001458D46E9BF89
:10F8CC008547998F6D476342F7049384E409B357D6
:10F8DC00F40033149400333480005D8C93777400FF
:10F8EC0099C79377F40011476383E70011049317CA
:10F8FC0054000D8063DC070001440547A5B73704AD
:10F90C0040001307F00F0145B1BF0144014799BFF7
:10F91C00370780007D17935675013378A70013D6EF
:10F92C0075019357F50193F6F60F1305F00F6D8FD4
:10F93C001376F60FFD816395A60005456314080246
:10F94C001305F00F6314A600054509EF0545639BED
:10F95C00C6006319E8006386B70089E633350001F9
:10F96C0082800145828093567501B7078000FD1790
:10F97C0013D7750193F6F60F1308F00F33F6A700A3
:10F98C001377F70FED8F7D81FD816395060139C2E9
:10F99C007955828063130701E5FF9DEE11E38DCB52
:10F9AC0001CA6314B5006359D7000DC17D5582801F
:10F9BC007D5591C52E85828063D4E60065D9828001
:10F9CC00E3E5C7FEE36CF6FE0145828005458280C7
:10F9DC0065DEE1BFE302D7FC69F7E1DBD9B79356EB
:10F9EC007501B7078000FD1713D7750193F6F60F55
:10F9FC001308F00F33F6A7001377F70FED8F7D8107
:10FA0C00FD816395060139C20945828063130701A4
:10FA1C00E5FF9DEE11E38DCB01CA6314B50063596C
:10FA2C00D7000DC17D5582807D5591C52E85828074
:10FA3C0063D4E60065D98280E3E5C7FEE36CF6FE8D
:10FA4C00014582800545828065DEE1BFE302D7FC7B
:10FA5C0069F7E1DBD9B701114AC81359750126CAF8
:10FA6C004EC652C49314950006CE22CC56C21379BE
:10FA7C00F90F2E8AA5809359F501630609069307A1
:10FA8C00F00F630FF9068E04B7070004DD8C130921
:10FA9C0019F8814A93577A0113149A0093F7F70FC8
:10FAAC002580135AFA01B5C71307F00F638FE706C9
:10FABC000E0437070004598C938717F80147939667
:10FACC002A00D98ECA97FD16B94533C5490113864C
:10FADC00170063E5D506B7D700809387476C8A0675
:10FAEC00BE969C4282879DC02685EF0050029307EC
:10FAFC00B5FF1309A0F8B394F4003309A94051BF22
:10FB0C001309F00F894AD9D48D4A69B70149854A3E
:10FB1C0051B715C02285EF00807F9307B5FF3314D2
:10FB2C00F4009307A0F8898F51BF9307F00F094792
:10FB3C0059D40D4769B78147054751B741679308B9
:10FB4C00F7FF93D6040193550401B3F414013374F5
:10FB5C0014013308940233848602B386B602B3854B
:10FB6C00950293540801A295AE9463F38400BA965F
:10FB7C0033F71401420733781801429713146700C6
:10FB8C00C180333480006983B694418F9A0433E486
:10FB9C00E400139744006357070693571400058835
:10FBAC005D8C1307F6076351E0069377740099C7D1
:10FBBC009377F40091466383D700110493174400A4
:10FBCC0063D80700B70700F8FD177D8C13070608EC
:10FBDC009307E00F0D8063DDE70601441307F00F78
:10FBEC0085A84E85268456878947E308F7FE8D47FE
:10FBFC00630BF7048547E316F7FA0144014789A81C
:10FC0C005285DDB73E8671BF8547998F6D47E346B8
:10FC1C00F7FE1306E609B357F4003314C40033346B
:10FC2C0080005D8C9377740099C79377F40011472B
:10FC3C006383E7001104931754000D80E3D007FC95
:10FC4C000144054731A0370440001307F00F01456C
:10FC5C005E07B707807F26047D8F2580598C7E0533
:10FC6C00F240418D6244D2444249B249224A924AFE
:10FC7C0005618280B70680004111FD16135675018F
:10FC8C0093D87501B3F7A60026C2ED8E4AC0137641
:10FC9C00F60F9354F50193F8F80F06C622C413051A
:10FCAC00F00F32898E074687FD818E066393A8007C
:10FCBC0099E293C515003308164163929512635D62
:10FCCC00000763920804638E06267D1863160802EB
:10FCDC00B69732879396570063DD060C050793069B
:10FCEC00F00F6306D726B706007E13F61700FD1635
:10FCFC008583F58FD18F75A81307F00F631CE60071
:10FD0C001307F00F7DA01307F00FE30BE6FE370788
:10FD1C000004D98EED45054763CE0501130700029B
:10FD2C00B3D5060133080741B3960601B336D000AC
:10FD3C0033E7D500BA9771BF630A0804B385C8408E
:10FD4C0009EE63820720FD1599E1B69761B713069A
:10FD5C00F00F639BC800B68765B71306F00FE38CF2
:10FD6C00C8FE37060004D18F6D450546634DB500BE
:10FD7C00130600020D8E33D5B700B397C700B33707
:10FD8C00F0003366F500B307D600A9B7930516004B
:10FD9C0013F7E50F0DEF0DEA6387071A99CAB697AB
:10FDAC009396570063D70600370700FC7D17F98F31
:10FDBC00054793F67700638D061893F6F700114606
:10FDCC006388C618910769A2D9D79DDA09AA1307C7
:10FDDC00F00F638CE516B69785832E87D9BF6357D2
:10FDEC000007639B08043287E9D67D18631D080061
:10FDFC00958F93965700E3DE06FA370400047D14C2
:10FE0C007D8C3A89E5A89305F00F1307F00FE302F8
:10FE1C00B6FAED45054763CE050113070002B3D5CD
:10FE2C00060133080741B3960601B336D00033E719
:10FE3C00D500998F328775BF9305F00F1307F00F1C
:10FE4C00E309B6F637070004D98EE1B7630C080452
:10FE5C003385C84019EEB9CF7D1509E5B387F64057
:10FE6C00AE8441BF1306F00F639CC800B687AE8406
:10FE7C0041BD1306F00FE38BC8FE37060004D18F8B
:10FE8C006D480546634DA80013060002098E33D851
:10FE9C00A700B397C700B337F0003366F800B387F9
:10FEAC00C6407DBF130716001377E70F1DEF0DE655
:10FEBC0081E785C2B68719A8E38D06EE3386D74055
:10FECC001315560063560500B387F640AE84D5B5BE
:10FEDC0071E681478144ADA8E39907EEC1FA8144EC
:10FEEC00B70700021307F00FA5A03384D7401317F0
:10FEFC005400635D07023384F640AE8422850129E9
:10FF0C001307B5FF3314E400634627033307274177
:10FF1C00050793060002B357E4003387E640331419
:10FF2C00E40033348000C18F014761B561F881472B
:10FF3C0001474DB7B70700FCFD173307E940E18FC8
:10FF4C008DBD3287BDB5B687ADB51307F00F8147B0
:10FF5C009396570063DB060005079306F00F6301C9
:10FF6C00D704B70600FCFD16F58F9306F00F8D83B2
:10FF7C006316D70081C7B70740008144B2402244C2
:10FF8C003705807F5E07A607698FA5831395F4015B
:10FF9C00D98F924402495D8D41018280B28711BD97
:10FFAC008147E1B737068000135775019307F6FFB9
:10FFBC001377F70F9305E007E98F9356F50163F17B
:10FFCC00E5049305D00963F8E50037050080134577
:10FFDC00F5FF3695828033E5C7009307500963DA45
:10FFEC00E7001307A7F63315E50081CE3305A040D3
:04FFFC008280930765
:02000004800179
:1000000060093387E7403355E500F5B70145828045
:10001000411106C622C426C255C59357F54133C4C3
:10002000A7001D8C9354F5012285C52C9307E00988
:100030002A873385A7409307600963C4A702A147B5
:1000400063D5E70061173314E40026045E052580BC
:10005000498C1395F401B240418D224492444101F0
:1000600082809307900963DDA7009547998F9306D7
:10007000B701B357F4003314D400333480005D8CDF
:10008000954763D6E7009307B7FF3314F400B7072B
:1000900000FCFD1793767400E18F91C63D88914670
:1000A0006303D40091079396570063DA0600B706FE
:1000B00000FCFD161304F009F58F3305E44013D45A
:1000C000370061B78144014449B7411122C406C6D3
:1000D0002A84814719CD91249307E009898F13075A
:1000E00060096341F70221476355A7006115331486
:1000F000A4002604258013957701B240418D224447
:100100004101828013079009635DF7001307B50171
:1001100095463317E400898E3337E0003354D4001A
:10012000598C15476356A7001307B5FF3314E40035
:10013000370700FC7D1793767400618F91C63D8868
:1001400091466303D40011079316570063D9060044
:10015000B70700FCFD177D8F9307F009898F1354B3
:10016000370041BF93577501411193F7F70F22C430
:1001700026C2131495009354F5011385170006C683
:100180001375E50F25800DC5138507389357340087
:100190007604B2075205B183C98F1395F401B240BA
:1001A00033E7A700228522449244BA854101828028
:1001B00095EB65D022859522A94763CFA700AD476F
:1001C000898F13075501B357F4003314E400130764
:1001D00090383305A74075BF930755FFB317F40058
:1001E0000144F5B7814719C4935734003707080015
:1001F0007604D98F1305F07F69BF1396C50013D815
:1002000045019357D5011378F87F25825D8E9307BA
:10021000180093F7E77FFD8113173500D1C39306CC
:1002200008C89307E00F63CBD7086342D006A557F1
:1002300063CAF60CB707800079455D8E158DFD47C2
:1002400063C3A702130828C8B3170701B337F00028
:10025000331606013355A700D18FC98F814613F796
:10026000770025C355A0F957B386D74093070002FE
:10027000B356D60081486306F500130828CAB318A0
:100280000601B3E7E800B337F000D58FC1BF1A0508
:100290003335A0000E069357D701498ED18FC1B7D1
:1002A000B367E60063150800B337F00045BF930657
:1002B000F00F81CB0E06B7070002CDB7814793063A
:1002C000F00F13975700635B070085061307F00FC5
:1002D0006383E604370700FC7D17F98F1307F00FDF
:1002E0008D836396E60081C7B707400081453705D7
:1002F000807FDE06A607E98EA583D58F1395F501CD
:100300005D8D82808547814613F7F7001146E30A29
:10031000C7FA91077DB78147D1B7C1676376F50208
:100320009307F00FB3B7A7008E0737D70080930667
:1003300000029D8E3355F500930707703E950345E7
:1003400005003385A640828037070001C147E36E70
:10035000E5FCE147D9BF03A5C19C82803D432A87C4
:100360006373C3029377F700BDEFADE5937606FFA5
:100370003D8ABA960CC34CC30CC74CC74107E36B0C
:10038000D7FE11E28280B306C3408A0697020000BE
:1003900096966780A6002307B700A306B70023063A
:1003A000B700A305B7002305B700A304B7002304D3
:1003B000B700A303B7002303B700A302B7002302CB
:1003C000B700A301B7002301B700A300B7002300C3
:1003D000B700828093F5F50F93968500D58D93969F
:1003E0000501D58D61B79396270097020000969678
:1003F0008682E78086FA9680C1171D8F3E96E37449
:10040000C3F8A5B7411122C406C6937735002A84E4
:1004100095EB18413706FFFE1306F6EFB307C7004A
:10042000B78680801347F7FF93860608F98FF58F0C
:1004300091EB58411105B307C7001347F7FFF98F38
:10044000F58FE5DB8347050089C783471500050560
:10045000EDFF3120B2402285224441018280B36702
:10046000B5008D8BB1EF9841B7867F7F9386F6F705
:10047000B377D700B697D98FD58F7D56639BC704C6
:100480002A867D5818C2D84191051106B377D70046
:10049000B697D98FD58FE38707FF83C7050003C7BA
:1004A000150083C625002300F60099C7A300E600C7
:1004B00001C72301D60091E28280A3010600828059
:1004C000AA8703C7050085078505A38FE7FE75FB8F
:1004D00082802A86D9B7937735002A8795EFB78629
:1004E0007F7F9386F6F7FD5510431107B377D6004B
:1004F000B697D18FD58FE389B7FE8346C7FF0346F2
:10050000D7FF8347E7FF098F8DC60DC23335F00053
:100510003A9579158280E1D68347070005079376DF
:100520003700F5FB098F1305F7FF82801305D7FF0E
:1005300082801305C7FF8280B3E7A5008D8B2A87D1
:10054000B1EB8D4763F8C7043703FFFEB78880809F
:100550001303F3EF938808080D4E9441B3876600A8
:1005600013C8F6FFB3F70701B3F7170185E714C304
:10057000711611079105E362CEFE850593071700FA
:1005800011CE83C6F5FF1308F6FFA38FD7FE81CAED
:100590003E87428685059307170065F682803A9666
:1005A000630808008507A38F07FEE39DC7FE8280CE
:1005B0008280130101BB2324814423229144232EF2
:1005C0003143232481432326114423202145232C16
:1005D0004143232A51432328614323267143232285
:1005E00091432320A143232EB1418547B6892A8414
:1005F0002E8CB28463F0D72E0146854D8546FD5C76
:1006000009A8B38D97413E868546B307D60063F7A8
:100610003703338794013697B385F40083C505000B
:1006200003470700E3EFE5FC6386E514B28C8546DB
:100630000506B307D600854DE3ED37FD8145054836
:1006400005467D55054709A83308A740BA850546E4
:100650003387C50063773703B387C400B386E400EC
:10066000AA9783C6060083C70700E3EFD7FC63871A
:10067000F6102E85054685053387C5000548E36DD0
:1006800037FD0505850C63649501C28DAA8C1C0895
:100690001307014123A037019107E31DF7FE1389DA
:1006A000F9FFB3859900268733862401638F0900FB
:1006B0008347070013050141B306E6408A07AA975E
:1006C000050723A0D7C0E395E5FE6686B385B40190
:1006D00026856D2663150512856B054A9387FCFFF9
:1006E000938B0B80014B014D330A9A413EC6B38A6E
:1006F000B941B3EB7901B305A401B387250183C7E1
:100700000700130701418A07BA9783A707C0BDCB2B
:1007100063050B0063F3B701D6873E9D014BB3071A
:100720003C41E3FAA7FD33058401DE8549292A9C73
:10073000B3073C41E3F1A7FD01458320C1440324F5
:10074000814483244144032901448329C143032A6A
:100750008143832A4143032B0143832BC142032C52
:100760008142832C4142032D0142832DC14113015B
:1007700001458280638BDD14850641BD6304061547
:100780000506F9B5668763F36C015A876370270322
:10079000B307A7013388E400A2978346080083C704
:1007A00007006393F6040507E36427FF3247668872
:1007B00063669B011DA0630D67032A87B307A7012A
:1007C000B386E400A29783C6060083C70700130818
:1007D00017001305F7FFE380F6FE13061B00636E98
:1007E000C8006E9D568B25BF529D3A9D014B05BF9B
:1007F0005A8813061B00E376C8FE2E853DBFB38AD8
:10080000994163EF9A0B056B054A130B0B80850A20
:10081000814B330A9A417D5D33EB690133067401E4
:10082000B307260183C70700130701418A07BA9758
:1008300083A707C085CFBE9BB3073C41E3F077FF9A
:1008400033058401DA85A52E2A9CB3073C41E3E5F4
:1008500077EF33067401B307260183C70700130738
:1008600001418A07BA9783A707C0F1F7668763E655
:100870002C0115A0050763702703B30777013388A0
:10088000E400A2978346080083C70700E384F6FECE
:10089000D29BBA9B55B79387FCFF6395A7010DA820
:1008A0006388A70333877701B386F400229783C652
:1008B000060003470700FD17E384E6FED69BADBFA5
:1008C000E68A91B7B295054661B36E96854635BB0B
:1008D0003285A5B5854D814C5DBB1D71A2CCA6CAE4
:1008E00086CECAC8CEC6D2C4D6C2AE8483C50500E1
:1008F0002A84E1C183C614006382061203C7240060
:1009000079C303C63400630E061083C74400F1CFD9
:100910002685EFF05FBC2A89936505202285452452
:10092000636C250F9307E00F63E32715B309254197
:1009300013060004930519000A85A299EFF01FA27F
:10094000630509021376F90F2687B30599002696E9
:10095000834707008800B306E64093F7F703AA979A
:1009600005072380D7FCE395E5FE856A938A0A8014
:100970007D14B307240183C70700980093F7F7039A
:10098000BA9703C507FC2A9463F68900D1A0529454
:1009900063E0890CB307240183C707009800228510
:1009A00093F7F703BA974A86A68503CA07FCF9208E
:1009B00079FDF64022856644D6444649B649264A22
:1009C000964A25618280C20503470500D58D81477F
:1009D00011A03684C207D98F21C3034714009306A0
:1009E0001400E398F5FE7D14E9B793970601E2053C
:1009F00083460500CD8FD18F2207D98F91CE014735
:100A000019A06383E706228522070504558F8346D4
:100A10000400E5FA638AE704014461BF4D282A8493
:100A200049BF93978501939506012207CD8FD98FF2
:100A300083460500014711A03284558F2207E9DE65
:100A40008346140013061400E398E7FE791495B763
:100A50003385290183470500E1D3D6858D22AA99E4
:100A6000E3F889F00144B1B71304D5FF99B7AA851B
:100A7000CA8622852686353E2A8425BF8D4763F0A7
:100A8000C702B367B5008D8B8D469DEF18419C4121
:100A9000631CF702711611059105E3E9C6FE930682
:100AA000F6FF0DC28506AE9619A0638DD50083476B
:100AB000050003C7050005058505E388E7FE3385C6
:100AC000E7408280014582809306F6FFE1BF93F6FE
:100AD000F50F93773500D1CA91CB83470500C1C785
:100AE0006384D708050593773500E5FB93F5F50F8B
:100AF00093978500DD8D1841139305013363B3008F
:100B00003708FFFE3346E3001308F8EFB30706018A
:100B1000B30507011346F6FF1347F7FFF18F6D8FFB
:100B2000B7888080D98F93880808B3F717019DE3B1
:100B30005841110533466700B3070701B3050601A5
:100B40001347F7FF1346F6FFF98F6D8ED18FB3F77A
:100B50001701F9DF8347050099C76381F6068347CC
:100B600015000505FDFB0145828081CB834705000B
:100B7000E5DF050593773500F5FB18413706FFFEE5
:100B80001306F6EFB307C700B78680801347F7FF59
:100B9000F98F93860608F58F91EB58411105B3073D
:100BA000C7001347F7FFF98FF58FE5DB8347050093
:100BB000C5DF834715000505EDFF828082802A8608
:100BC000B306B6002E85B28789E511A8850763872D
:100BD000F60003C707007DFB3385C7408280828013
:100BE0000A657874726163745F69655F636F6465D9
:100BF00020656E74657265640A000000657863653F
:100C00007074696F6E20636F6465203D2025780ADB
:100C100000000000657874726163745F69655F63EA
:100C20006F6465206578697465640A000A646566A6
:100C300061756C745F68616E646C657220656E745A
:100C4000657265640A0000000A68616E646C655F25
:100C50007472617020656E74657265640A000000CC
:100C60000A547261703A206D6361757365203D208E
:100C700025782C20657063203D2025780A0000002F
:100C800073697A656F662875696E7470747229204D
:100C9000203D202564200A00536F75726365206F24
:100CA0006620547261703A20496E74657272757074
:100CB000740A0000536F75726365206F662054726A
:100CC00061703A20536F6674776172650A000000A4
:100CD00068616E646C655F747261702065786974B8
:100CE00065640A000A2070616E6963200A000000D2
:100CF000286E756C6C290000CA48FFFF0C49FFFF85
:100D00009C4BFFFFC649FFFF9C4BFFFF9C4BFFFF27
:100D10009C4BFFFF9C4BFFFF9C4BFFFFB848FFFF26
:100D20009C4BFFFF9C4BFFFFAE4AFFFF9C4BFFFF1E
:100D30009C4BFFFF9C4BFFFFDE48FFFF9C4BFFFFE0
:100D40003A4AFFFF9C4BFFFF9C4BFFFF224BFFFFEC
:100D5000747261705F696E697420656E7465726526
:100D600064200A2000000000747261705F696E697F
:100D70007420657869746564200A2000696E69745E
:100D800020656E7465726564200A2000696E69745E
:100D9000206578697465640A0000000000000000A6
:100DA00061646472203D2025782064617461203D77
:100DB0002025780A0000000048AFBC9AF2D77A3E9E
:100DC0000A636F6E6669677572655F636F756E74CF
:100DD000657220656E74657265640A006D74696D74
:100DE00065636D702076616C7565203D2025640A11
:100DF000000000006D74696D652076616C7565207A
:100E00003D2025640A0000000A636F6E66696775FD
:100E100072655F636F756E7465722065786974655D
:100E2000640A00000A6D6163685F636C696E745FD9
:100E300068616E646C657220656E74657265640AC3
:100E4000000000006D74696D65636D702076616CE3
:100E50007565203D2025780A000000006D74696DDD
:100E6000652076616C7565203D2025780A000000BC
:100E70006D6163685F636C696E745F68616E646CFA
:100E80006572206578697465640A00000A696E7489
:100E90006572727570745F636F6D706C65746520D8
:100EA000656E74657265640A00000000696E7465A1
:100EB00072727570742069642025642C20737461CB
:100EC0007465206368616E67656420746F202564B3
:100ED0000A000000696E746572727570742069642E
:100EE000203D202578200A20726573657420746F78
:100EF0002064656661756C742076616C756573201D
:100F00007374617465203D20257820090920200A2A
:100F1000207072696F72697479203D2025780A20EB
:100F2000636F756E74203D2025780A00696E7465C4
:100F300072727570745F636F6D706C657465206537
:100F400078697465640A00000A696E746572727566
:100F500070745F636C61696D5F72657175657374E0
:100F600020656E74657265640A000000696E7465C0
:100F70007272757074206964205B25785D20636CE3
:100F800061696D65642020617420616464726573B9
:100F9000732025780A000000696E7465727275709E
:100FA000745F636C61696D5F7265717565737420E0
:100FB0006578697465640A000A6D6163685F706CC6
:100FC00069635F68616E646C657220656E746572DA
:100FD00065640A00696E7465727275707420696464
:100FE00020636C61696D6564203D2025780A0000EE
:100FF000466174616C206572726F722C20696E7428
:10100000657272757074206964205B25785D206359
:101010006C61696D65642069732077726F6E670A11
:1010200000000000696E74657272757074206964E6
:1010300020256420636F6D706C657465200A000064
:101040000A6D6163685F706C69635F68616E646C90
:101050006572206578697465640A00000A697372B4
:101060005F64656661756C7420656E746572656435
:101070000A000000696E74657272757074205B25D9
:10108000645D2073657276696365640A0000000020
:101090000A6973725F64656661756C74206578694E
:1010A0007465640A000000000A696E7465727275E6
:1010B00070745F656E61626C6520656E74657265E3
:1010C00064200A00696E746572727570745F696479
:1010D000203D2025780A0000504C494320424153CE
:1010E000452041444452455353203D2025782C202F
:1010F000504C494320454E41424C45204F464653B3
:101100004554203D2025780A00000000696E746572
:1011100072727570745F656E61626C655F61646444
:1011200072203D2025782063757272656E745F763B
:10113000616C7565203D202578200A0076616C750C
:101140006520726561643A206E65775F76616C75C3
:1011500065203D2025780A000A696E7465727275F3
:1011600070745F656E61626C652065786974656432
:10117000200A00000A696E746572727570745F648B
:10118000697361626C6520656E7465726564200ABE
:1011900000000000504C4943204241534520414447
:1011A0004452455353203D2025782C20504C494330
:1011B00020454E41424C45204F4646534554203D24
:1011C00020257820696E746572727570745F696429
:1011D000203D2025780A0000696E74657272757072
:1011E000745F64697361626C655F61646472203D01
:1011F0002025782063757272656E745F76616C75F8
:1012000065203D202578200A00000000696E746585
:1012100072727570745F64697361626C6520657861
:10122000697465640A0000000A73657420696E744D
:101230006572727570745F7468726573686F6C64E0
:1012400020656E74657265640A000000706C6963E5
:10125000207468726573686F6C64207365742074A1
:101260006F2025640A00000073657420696E746540
:1012700072727570745F7468726573686F6C6420E5
:101280006578697465640A000A2073657420696E64
:1012900074657272757074207072696F7269747996
:1012A00020656E74657265642025780A0000000070
:1012B000696E746572727570745F7072696F72694D
:1012C00074795F61646472657373203D2025780AC8
:1012D0000000000063757272656E74206461746151
:1012E00020617420696E746572727570745F7072BB
:1012F000696F726974795F61646472657373203DAC
:101300002025780A00000000206E65772064617453
:101310006120617420696E746572727570745F709B
:1013200072696F726974795F616464726573732046
:101330003D2025780A00000073657420696E74658D
:101340007272757074207072696F72697479206539
:1013500078697465640A00000A636F6E6669677570
:10136000726520696E746572727570742070696E32
:1013700020656E74657265640A0000004750494F2D
:1013800020444952454354494F4E20524547495302
:101390005445522056414C5545203D2025780A00A1
:1013A00044617461207772697474656E20746F2073
:1013B0004750494F20444952454354494F4E2043DA
:1013C00054524C20524547203D2025780A00000009
:1013D000636F6E66696775726520696E7465727297
:1013E0007570742070696E206578697465640A0090
:1013F0000A706C69635F696E697420656E746572EA
:1014000065640A0041737369676E6564206D61638A
:10141000685F706C69635F68616E646C657220748C
:101420006F2074726170206964203A2025640A007C
:101430000A2A2A2A2A2A2A2A2A2A2A2A2A2A2A2A2C
:101440002A2A2A2A2A2A2A2A2A2A2A2A2A2A2A2AFC
:101450002A2A2A2A2A2A2A2A2A2A2A2A2A2A2A2AEC
:101460002A0000000A696E746572727570742069D2
:1014700064203D202578200A726573657420746F9E
:101480002064656661756C742076616C7565732087
:101490007374617465203D20257820090909202096
:1014A0000A7072696F72697479203D2025780A6329
:1014B0006F756E74203D2025780A200909092020C7
:1014C0000A2A2A2A2A2A2A2A2A2A2A2A2A2A2A2A9C
:1014D0002A2A2A2A2A2A2A2A2A2A2A2A2A2A2A2A6C
:1014E0002A2A2A2A2A2A2A2A2A2A2A2A2A2A2A2A5C
:1014F0002A2A0000706C69635F696E6974206578E0
:1015000069746564200A00000A636F6E6669677516
:1015100072655F696E7465727275707420656E7441
:1015200065726564200A0000636F6E666967757294
:10153000655F696E74657272757074206578697420
:101540006564200A000000000A506572696F64201B
:1015500052656769737465722056616C75652068A1
:101560006967686572207468616E206D61782076A5
:10157000616C756520282578290000000A205065D7
:1015800072696F64205265676973746572206F6653
:10159000206D6F64756C65206E756D6265722025B7
:1015A000642073657420746F202578000A44757474
:1015B000792052656769737465722056616C756530
:1015C00020686967686572207468616E206D617853
:1015D0002076616C75652028257829000A204475DD
:1015E0007479205265676973746572206F66206D27
:1015F0006F64756C65206E756D6265722025642060
:1016000073657420746F2025780000000A436F6EA4
:1016100074726F6C205265676973746572205661CD
:101620006C756520686967686572207468616E20F2
:101630006D61782076616C75652028257829000019
:101640000A20436F6E74726F6C2052656769737401
:101650006572206F66206D6F64756C65206E756DA8
:101660006265722025642073657420746F2025786C
:10167000000000000A2052756E6E696E6720696E68
:1016800020636F6E74696E756F7573206D6F64651E
:1016900028312F30293A2025640000000A436C6F5E
:1016A000636B2052656769737465722056616C754F
:1016B0006520686967686572207468616E206D6175
:1016C000782076616C756520282578290000000057
:1016D0000A20416C6C2072656769737465727320AF
:1016E0006F66206D6F64756C65206E756D626572D6
:1016F00020256420636C6561726564000A20416C7A
:101700006C2052656769737465722076616C7565CB
:1017100073206F6620616C6C206D6F64756C6573EF
:1017200020636C6561726564000000000A204375E7
:101730007272656E74204D6F64756C6520697320DC
:1017400073657420746F2050574D206D6F64650071
:101750000A2043757272656E74204D6F64756C65F6
:101760002069732073657420746F2074696D6572CD
:10177000206F6E6365206F6E6C79206D6F646500FD
:101780000A2043757272656E74204D6F64756C65C6
:101790002069732073657420746F2074696D65729D
:1017A00020636F6E74696E756F7573206D6F6465FD
:1017B000000000000A2050574D206D6F64756C6565
:1017C000206E756D626572202564206861732062E9
:1017D00065656E20656E7465726564000A205057F9
:1017E0004D206D6F64756C65206E756D626572203D
:1017F0002564206E6F7420656E74657265640000E8
:101800000A204572726F7220696E20736574746964
:101810006E6720636C6F636B2072656769737465B4
:10182000720000000A204572726F7220696E207388
:10183000657474696E672064757479207265676970
:1018400073746572000000000A204572726F722086
:10185000696E2073657474696E6720706572696F54
:101860006420726567697374657200000A50574D91
:101870002025642073756363657366756C6C7920CD
:10188000636F6E6669677572656400000A20505761
:101890004D206D6F64756C65206E756D626572208C
:1018A000256420686173206265656E2073746F70B3
:1018B000706564000A5468652076616C7565206FF8
:1018C0006620706572696F642072656769737465FC
:1018D00072206973202578000A5468652076616C4F
:1018E0007565206F66206475747920726567697309
:1018F0007465722069732025780000000A546865B9
:101900002076616C7565206F6620636F6E74726FF0
:101910006C2072656769737465722069732025781D
:10192000000000000A5468652076616C7565206FC0
:101930006620636C6F636B20726567697374657290
:101940002069732025780000320000003300000079
:101950003400000035000000257300004D4F444264
:1019600055535F554152545F494E495449414C4982
:1019700053454420210D0A000A4750494F20333077
:1019800020494E4954200A002D2D2D2D2D4D6574D2
:1019900065722049642025643A494E495420262026
:1019A0004F46462D2D2D2D2D0A0000002D2D2D2DBD
:1019B0002D2D2D2D2D2D2D2D2D4D6574657220492C
:1019C000642025643A4F4E2D2D2D2D2D2D2D2D2D9E
:1019D0002D2D2D0A000000002D2D2D2D2D2D2D2D0E
:1019E0002D2D2D2D4D657465722049642025643A96
:1019F0004F46462D2D2D2D2D2D2D2D2D2D2D2D0AE6
:101A0000000000002D2D2D2D2D2D2D2D4D657465E3
:101A1000722049642025643A546F67676C652045DD
:101A200072726F722D2D2D2D2D2D2D0A00000000AC
:101A30002D2D2D2D2D2D2D2D2D52656164696E6757
:101A4000204D657465722049643A2564202D2D2D42
:101A50002D2D2D2D2D2D2D0A000000002573203D4C
:101A600020000000256C66200A000000256C660A34
:101A7000000000004E616D65206F6620706172612C
:101A80006D65746572206E6F7420666F756E64206C
:101A90000A000000026DFFFF3273FFFF5A6DFFFF67
:101AA0003273FFFFB26DFFFF3273FFFF0A6EFFFF5D
:101AB0003273FFFF626EFFFF3273FFFFBA6EFFFFEC
:101AC0003273FFFF126FFFFF3273FFFF6A6FFFFF7A
:101AD0003273FFFFC26FFFFF3273FFFF3273FFFFEE
:101AE0003273FFFF3273FFFF3273FFFF3273FFFF6A
:101AF0003273FFFF1A70FFFF3273FFFF7270FFFF38
:101B00003273FFFFCA70FFFF3273FFFF3273FFFFB4
:101B10003273FFFF3273FFFF3273FFFF3273FFFF39
:101B20003273FFFF3273FFFF3273FFFF3273FFFF29
:101B30003273FFFF3273FFFF3273FFFF3273FFFF19
:101B40003273FFFF3273FFFF3273FFFF3273FFFF09
:101B50003273FFFF3273FFFF3273FFFF3273FFFFF9
:101B60003273FFFF3273FFFF3273FFFF3273FFFFE9
:101B70003273FFFF3273FFFF3273FFFF3273FFFFD9
:101B80003273FFFF3273FFFF3273FFFF3273FFFFC9
:101B90003273FFFF3273FFFF3273FFFF3273FFFFB9
:101BA0003273FFFF3273FFFF3273FFFF2271FFFFBB
:101BB0003273FFFF7A71FFFF3273FFFFD271FFFFB5
:101BC0000A3E3E3E4D657465722031204F4E0A003C
:101BD00024434D443A313731000000000A3E3E3E76
:101BE0004D657465722031204F46460A00000000A2
:101BF00024434D443A313730000000000A3E3E3E57
:101C00004D657465722032204F4E0A0024434D44C6
:101C10003A323731000000000A3E3E3E4D657465A1
:101C2000722032204F46460A0000000024434D44F3
:101C30003A323730000000000A3E3E3E4D65746582
:101C4000722033204F4E0A0024434D443A3337313B
:101C5000000000000A3E3E3E4D6574657220332050
:101C60004F46460A0000000024434D443A333730C3
:101C7000000000000A3E3E3E4D657465722034202F
:101C80004F4E0A0024434D443A34373100000000DF
:101C90000A3E3E3E4D657465722034204F46460A2A
:101CA0000000000024434D443A3437300000000067
:101CB0000A3E3E3E2052656164204D657465722582
:101CC0006420506172616D6574657225640A00005C
:101CD00024434D443A3131390000000024434D443F
:101CE0003A3231390000000024434D443A3331394F
:101CF0000000000024434D443A3431390000000014
:101D00000A3E3E3E20444342204D657465722031B8
:101D1000204F4E0A000000000A3E3E3E204443424F
:101D2000204D657465722031204F46460A00000040
:101D30000A3E3E3E20444342204D65746572203287
:101D4000204F4E0A000000000A3E3E3E204443421F
:101D5000204D657465722032204F46460A0000000F
:101D60000A3E3E3E20444342204D65746572203356
:101D7000204F4E0A000000000A3E3E3E20444342EF
:101D8000204D657465722033204F46460A000000DE
:101D90000A3E3E3E20444342204D65746572203425
:101DA000204F4E0A000000000A3E3E3E20444342BF
:101DB000204D657465722034204F46460A000000AD
:101DC0000A3E3E3E2052656164204D657465722076
:101DD000310A00000A3E3E3E2052656164204D6596
:101DE00074657220320A00000A3E3E3E2052656150
:101DF00064204D6574657220330A00000A3E3E3E41
:101E00002052656164204D6574657220340A0000BB
:101E1000436865636B206D6F64756C6520707265D7
:101E200073656E740A00000041542B525354000035
:101E300041540000415445300000000041542B47FC
:101E40004D5200004F4B0000726561642066726F56
:101E50006D20657370383236362025730A00000015
:101E60004552524F520000007265616420657865EA
:101E70006375746564200A005245534554310A0065
:101E800041542B43574D4F44453D32004D4F44453F
:101E90000A00000041542B4349504D55583D310034
:101EA0004D55580A0000000041542B4349505345FA
:101EB000525645523D312C383000000053455256A1
:101EC00045520A00436F6E6E656374696E672057F2
:101ED000694669200000000052455345540A00003D
:101EE0004543484F204F46460A00000041542B43CB
:101EF000575341503D2253454D222C223132333429
:101F000031323334222C322C330000005341500A3A
:101F10000000000041542B534C4545503D3000001B
:101F2000534C454550204D4F444520444953414270
:101F30004C45440A0000000041542B43495053547F
:101F40004F3D300054494D454F555420444953416D
:101F5000424C45440A000000202020202020202060
:101F60002020202020202020000000002B49504469
:101F70002C300000446174612066726F6D20636CC8
:101F800069656E7420303A2025730A002B4950444D
:101F90002C310000446174612066726F6D20636CA7
:101FA00069656E7420313A2025730A00556E6B6E98
:101FB0006F776E206461746120736F757263653A28
:101FC0002025730A00000000436F6E6E656374691C
:101FD0006E672047534D20200000000041542B43E2
:101FE0004D47463D3100000041542B434D4744418D
:101FF0003D44454C20414C4C0000000041542B43D3
:102000005245473D310000000A55415254302049A5
:10201000535220696E69740A00000000495352202F
:10202000454E41424C450A000A554152543120491F
:10203000535220696E69740A000000000A2D2D2D8C
:102040002D2D2D2D2D2D2D2D2D2D2D2D2D2D2D2DC0
:102050002D2D2D2D2D2D2D2D2D2D2D2D2D2D2D2DB0
:102060002D2D2D0A000000000A55415254322049FE
:10207000535220696E69740A0000000049535220CF
:10208000454E41424C45440A000000004953525F0E
:1020900075617274325F656E7465726564200A00E2
:1020A0002B4950442C000000495352206461746154
:1020B00020636F6E7461696E73202B4950440A006F
:1020C000737363616E6620646F6E652025732C20C8
:1020D00025732C2025730A00524541444D30312090
:1020E000434153450A000000524541444D303220DF
:1020F000434153450A000000524541444D303320CE
:10210000434153450A000000524541444D303420BC
:10211000434153450A0000004E4F202B49504420B4
:102120000A0000004953525F75617274325F726534
:102130006164200A00000000495352207265636503
:1021400069766564202D3E202573200A000000007A
:102150004953525F75617274325F65786974203DCE
:102160003D3D3D3D3D3D3D3D3D3D3D3D3D3D3D3D9F
:102170003D3D3D3D200A0000455350383236362063
:102180006973723A202573200A0000003E3E3E3EED
:102190003E3E3E436F6D6D756E69636174696F6E2F
:1021A00020747269673C3C3C3C3C3C3C0A000000AB
:1021B000524D303120747269670A0000524D30323E
:1021C00020747269670A0000524D303320747269BE
:1021D000670A0000524D303420747269670A0000AB
:1021E0004E4F5245414420747269670A0000000056
:1021F0003E3E3E3E3E3E3E3E3E3E4C6F63616C2068
:10220000747269673C3C3C3C3C3C3C3C3C3C0A00B6
:102210003E3E3E3E3E3E3E3E4E6F44617461207403
:102220007269673C3C3C3C3C3C3C3C3C0A00000046
:102230002020000020202020414E5348554D414E83
:1022400020202020000000004553542D5368616B6E
:102250007469207465737420000000006D6F6465FC
:1022600020696E6974696174656421200000000052
:102270002050726573732073776974636865732087
:1022800000000000205334202053332020533220FC
:1022900020533120000000005331207072657373A9
:1022A00065640A00202020202020202020202020DB
:1022B000204F4B2000000000533220707265737372
:1022C00065640A002020202020202020204F4B2061
:1022D00020202020000000005333207072657373AB
:1022E00065640A0020202020204F4B202020202041
:1022F000202020200000000053342070726573738A
:1023000065640A00204F4B20202020202020202020
:102310002020202000000000436F6E6E656374690A
:102320006E672E2E2E202020000000000A3D3D3D2D
:102330003D3D3D3D3D4855423D3D3D3D3D3D3D3DA5
:102340000A00000020202020202048554220202084
:1023500020202020000000000A48554220726561BC
:1023600064790A005541525430200A002444432D18
:102370004100000020436F6D6D616E6420746F201A
:1023800044432D41000000002444432D420000003E
:1023900020436F6D6D616E6420746F2044432D4245
:1023A000000000000A2044432D42204341534520B1
:1023B000520000000A2044432D422043415345204F
:1023C00057000000244855420000000024485542B0
:1023D00047534D520000000025730A0024494E5611
:1023E000414C49442D480000244E554D000000004A
:1023F00024444347534D52002020202020202020F9
:10240000202020202020200024494E56414C4944C1
:102410002D440A005541525431200A002B5253508A
:102420000000000020446174612066726F6D2044DA
:10243000432D412000000000436F6E630000000048
:102440005541525432200A002B434D54493A000062
:1024500041542B434D474C0024434D4400000000A1
:10246000436F6D6D616E642D3E00000052657370A8
:102470006F6E73652D3E00002044617461206672AA
:102480006F6D2044432D4220000000002B43524535
:10249000473A2030000000002B435245473A203194
:1024A00000000000202047534D206E6574776F7246
:1024B0006B202020000000002020202020666F7567
:1024C0006E64202020202020000000002B43524575
:1024D000473A2032000000002B435245473A203350
:1024E00000000000202047534D205365617263684F
:1024F000696E672000000000202020206E65747740
:102500006F726B20202020200000000047534D20D8
:102510004E6574776F726B20736561726368200A11
:1025200000000000436F6E6E656374696E672E2055
:102530002020202000000000436F6E6E65637469E8
:102540006E672E2E202020200000000041542B43D7
:102550004D474C3D2252454320554E524541442261
:102560000000000052656164207572656164206D31
:10257000657373616765730A000000005333207050
:10258000726573736564207265736574696E672024
:102590006C6364200A0000000000807F00000000DF
:1025A000000000000000F87F000000000000604113
:1025B000000000000000F03F000080FF0000C07F2E
:1025C000000000800000004B000080000000803F01
:1025D0000000000000000040000000400000004338
:1025E00000001042000020410000AA42000000004C
:1025F000000000000000304300000000000030C375
:10260000669600801A970080709600801A97008066
:102610000C9700801A970080709600806696008064
:10262000669600800C970080709600804C96008023
:102630004C9600804C96008074960080669C0080CA
:10264000669C00807E9C0080609C0080609C008076
:102650000C9D00807E9C0080609C00800C9D008012
:10266000609C00807E9C00805E9C00805E9C008060
:102670005E9C00800C9D0080C6A8008026A900807A
:10268000CEA8008026A900801AA9008026A9008073
:10269000CEA80080C6A80080C6A800801AA9008025
:1026A000CEA80080AEA80080AEA80080AEA80080B2
:1026B000D2A8008004AC008004AC00801CAC008078
:1026C00000AC008000AC008062AC00801CAC0080DC
:1026D00000AC008062AC008000AC00801CAC0080CC
:1026E000FEAB0080FEAB0080FEAB008062AC0080E1
:1026F00000010202030303030404040404040404A9
:102700000505050505050505050505050505050579
:102710000606060606060606060606060606060659
:102720000606060606060606060606060606060649
:102730000707070707070707070707070707070729
:102740000707070707070707070707070707070719
:102750000707070707070707070707070707070709
:1027600007070707070707070707070707070707F9
:1027700008080808080808080808080808080808D9
:1027800008080808080808080808080808080808C9
:1027900008080808080808080808080808080808B9
:1027A00008080808080808080808080808080808A9
:1027B0000808080808080808080808080808080899
:1027C0000808080808080808080808080808080889
:1027D0000808080808080808080808080808080879
:1027E0000808080808080808080808080808080869
:1027F00000202020202020202020282828282820D1
:1028000020202020202020202020202020202020C8
:102810002088101010101010101010101010101030
:102820001004040404040404040404101010101020
:1028300010104141414141410101010101010101EA
:10284000010101010101010101010101101010103C
:1028500010104242424242420202020202020202BC
:102860000202020202020202020202021010101010
:102870002000000000000000000000000000000038
:102880000000000000000000000000000000000048
:102890000000000000000000000000000000000038
:1028A0000000000000000000000000000000000028
:1028B0000000000000000000000000000000000018
:1028C0000000000000000000000000000000000008
:1028D00000000000000000000000000000000000F8
:1028E00000000000000000000000000000000000E8
:1028F00000000000000000001000000000000000C8
:10290000037A5200017C01011B0D0200100000003F
:10291000180000001AACFFFF660300000000000072
:10292000100000002C0000006CAFFFFF54030000FB
:102930000000000000000000000000000000F03F68
:10294000000000000000F0FF000000000000F07F29
:102950000000004003B8E23F06D0CF43EBFD4C3E01
:10296000000000000000F83F000000000000F0BF81
:102970009C7500883CE4377E000000604715F73FF7
:1029800044DF5DF80BAE543E000000000000D03F75
:10299000555555555555D53F000000000000E03F06
:1029A000FE822B654715F73F000000000000404302
:1029B000EF4E454A287ECA3F65DBC9934A86CD3F24
:1029C00001411DA96074D13F4D268F515555D53F0A
:1029D000FFAB6FDBB66DDB3F033333333333E33FA2
:1029E0000000000000000840000000E009C7EE3FC2
:1029F000FD033ADC09C7EE3FF5015B14E02F3EBE54
:102A0000FE822B654715973C59F3F8C21F6EA5014E
:102A100000000000432EE63FEF39FAFE422EE63F6B
:102A2000396CA80C615C20BED0A4BE726937663ECA
:102A3000F16BD2C541BDBB3E2CDE25AF6A56113FBE
:102A400093BDBE166CC1663F3E5555555555C53FA5
:102A50000000000000000040000000000000F87FBF
:102A600000000000000050439C7500883CE437FEE5
:102A700059F3F8C21F6EA581000000000000903CD1
:102A800098DB0080FCFF0180FA740180F8E9008087
:102A9000FA740180F8BF0002004000021015040023
:102AA00030000000564F4C5431000000564F4C543B
:102AB00032000000564F4C5433000000574154542C
:102AC0003100000057415454320000005741545423
:102AD000330000005641523100000000564152328E
:102AE000000000005641523300000000564C2031D7
:102AF0002D320000564C20322D330000564C20332E
:102B00002D31000098DB0080000000000000000074
:102B100000000000000000000000000000000000B5
:102B200000000000000000000000000000000000A5
:102B30000000000000000000000000000000000095
:102B400043555252454E54310000000043555252F5
:102B5000454E54320000000043555252454E543306
:102B6000000000004672657175656E6379000000B3
:102B7000576820496D706F727400000057682045D7
:102B800078706F72740000000000000084DE008026
:102B9000ECDE008054DF0080000000000000000038
:102BA0000000000000000000000000000000000025
:102BB0000000000000000000000000000000000015
:102BC0000000000000000000000000000000000005
:102BD00000000000000000000000000000000000F5
:102BE00000000000000000000000000000000000E5
:102BF00000000000000000000000000000000000D5
:102C000000000000000000000000000000000000C4
:102C100000000000000000000000000000000000B4
:102C200000000000000000000000000000000000A4
:102C300001000000000000000E33CDAB34126DE641
:102C4000ECDE05000B0000000000000000000000AA
:102C50000000000000000000000000000000000074
:102C60000000000000000000000000000000000064
:102C70000000000000000000000000000000000054
:102C80000000000000000000000000000000000044
:102C90000000000000000000000000000000000034
:102CA0000000000000000000000000000000000024
:102CB0000000000000000000000000000000000014
:102CC0000000000000000000000000000000000004
:102CD00000000000000000000000000000000000F4
:102CE00000000000000000000000000000000000E4
:102CF00000000000000000000000000000000000D4
:102D000000000000000000000000000000000000C3
:102D100000000000000000000000000000000000B3
:102D200000000000000000000000000000000000A3
:102D30000000000000000000000000000000000093
:102D40000000000000000000000000000000000083
:102D50000000000000000000000000000000000073
:102D60000000000000000000000000000000000063
:102D70000000000000000000000000000000000053
:102D80000000000000000000000000000000000043
:102D90000000000000000000000000000000000033
:102DA0000000000000000000000000000000000023
:102DB0000000000000000000000000000000000013
:102DC0000000000000000000000000000000000003
:102DD00000000000000000000000000000000000F3
:102DE00000000000000000000000000000000000E3
:102DF00000000000000000000000000000000000D3
:102E000000000000000000000000000000000000C2
:102E100000000000000000000000000000000000B2
:102E200000000000000000000000000000000000A2
:102E30000000000000000000000000000000000092
:102E40000000000000000000000000000000000082
:102E50000000000000000000000000000000000072
:102E60000000000000000000000000000000000062
:102E70000000000000000000000000000000000052
:102E80000000000000000000000000000000000042
:102E90000000000000000000000000000000000032
:102EA0000000000000000000000000000000000022
:102EB0000000000000000000000000000000000012
:102EC0000000000000000000000000000000000002
:102ED00000000000000000000000000000000000F2
:102EE00000000000000000000000000000000000E2
:102EF00000000000000000000000000000000000D2
:102F000000000000000000000000000000000000C1
:102F100000000000000000000000000000000000B1
:102F200000000000000000000000000000000000A1
:102F30000000000000000000000000000000000091
:102F40000000000000000000000000000000000081
:102F50000000000000000000000000000000000071
:102F60000000000000000000000000000000000061
:102F70000000000000000000000000000000000051
:102F80000000000000000000000000000000000041
:102F90000000000000000000000000000000000031
:102FA0000000000000000000000000000000000021
:102FB0000000000000000000000000000000000011
:102FC0000000000000000000000000000000000001
:102FD00000000000000000000000000000000000F1
:102FE00000000000000000000000000000000000E1
:102FF00000000000000000000000000000000000D1
:1030000000000000000000000000000000000000C0
:1030100000000000000000000000000000000000B0
:1030200000000000000000000000000000000000A0
:103030000000000000000000000000000000000090
:103040000000000000000000000000000000000080
:103050000000000000000000000000000000000070
:103060000000000000000000000000000000000060
:103070000000000000000000000000000000000050
:103080000000000000000000000000000000000040
:103090000000000000000000000000000000000030
:1030A0000000000000000000000000000000000020
:1030B0000000000000000000000000000000000010
:1030C0000000000000000000000000000000000000
:1030D00000000000000000000000000000000000F0
:1030E00000000000000000000000000000000000E0
:1030F00000000000000000000000000000000000D0
:1031000000000000000000000000000000000000BF
:1031100000000000000000000000000000000000AF
:10312000000000000000000000000000000000009F
:10313000000000000000000000000000000000008F
:10314000000000000000000000000000000000007F
:10315000000000000000000000000000000000006F
:10316000000000000000000000000000000000005F
:10317000000000000000000000000000000000004F
:10318000000000000000000000000000000000003F
:10319000000000000000000000000000000000002F
:1031A000000000000000000000000000000000001F
:1031B000000000000000000000000000000000000F
:1031C00000000000000000000000000000000000FF
:1031D00000000000000000000000000000000000EF
:1031E00000000000000000000000000000000000DF
:1031F00000000000000000000000000000000000CF
:1032000000000000000000000000000000000000BE
:1032100000000000000000000000000000000000AE
:10322000000000000000000000000000000000009E
:10323000000000000000000000000000000000008E
:10324000000000000000000000000000000000007E
:10325000000000000000000000000000000000006E
:10326000000000000000000000000000000000005E
:10327000000000000000000000000000000000004E
:10328000000000000000000000000000000000003E
:10329000000000000000000000000000000000002E
:1032A000000000000000000000000000000000001E
:1032B000000000000000000000000000000000000E
:1032C00000000000000000000000000000000000FE
:1032D00000000000000000000000000000000000EE
:1032E00000000000000000000000000000000000DE
:1032F00000000000000000000000000000000000CE
:1033000000000000000000000000000000000000BD
:1033100000000000000000000000000000000000AD
:10332000000000000000000000000000000000009D
:10333000000000000000000000000000000000008D
:10334000000000000000000000000000000000007D
:10335000000000000000000000000000000000006D
:10336000000000000000000000000000000000005D
:10337000000000000000000000000000000000004D
:10338000000000000000000000000000000000003D
:10339000000000000000000000000000000000002D
:1033A000000000000000000000000000000000001D
:1033B000000000000000000000000000000000000D
:1033C00000000000000000000000000000000000FD
:1033D00000000000000000000000000000000000ED
:1033E00000000000000000000000000000000000DD
:1033F00000000000000000000000000000000000CD
:1034000000000000000000000000000000000000BC
:1034100000000000000000000000000000000000AC
:10342000000000000000000000000000000000009C
:10343000000000000000000000000000000000008C
:10344000000000000000000000000000000000007C
:10345000000000000000000000000000000000006C
:10346000000000000000000000000000000000005C
:10347000000000000000000000000000000000004C
:10348000000000000000000000000000000000003C
:10349000000000000000000000000000000000002C
:1034A000000000000000000000000000000000001C
:1034B000000000000000000000000000000000000C
:1034C00000000000000000000000000000000000FC
:1034D00000000000000000000000000000000000EC
:1034E00000000000000000000000000000000000DC
:1034F00000000000000000000000000000000000CC
:1035000000000000000000000000000000000000BB
:1035100000000000000000000000000000000000AB
:10352000000000000000000000000000000000009B
:10353000000000000000000000000000000000008B
:10354000000000000000000000000000000000007B
:10355000000000000000000000000000000000006B
:10356000000000000000000000000000000000005B
:10357000000000000000000000000000000000004B
:10358000000000000000000000000000000000003B
:10359000000000000000000000000000000000002B
:1035A000000000000000000000000000000000001B
:1035B000000000000000000000000000000000000B
:1035C00000000000000000000000000000000000FB
:1035D00000000000000000000000000000000000EB
:1035E00000000000000000000000000000000000DB
:1035F00000000000000000000000000000000000CB
:1036000000000000000000000000000000000000BA
:1036100000000000000000000000000000000000AA
:10362000000000000000000000000000000000009A
:10363000000000000000000000000000000000008A
:10364000000000000000000000000000000000007A
:10365000000000000000000000000000000000006A
:10366000000000000000000000000000000000005A
:10367000000000000000000000000000000000004A
:10368000000000000000000000000000000000003A
:10369000000000000000000000000000000000002A
:1036A000000000000000000000000000000000001A
:1036B000000000000000000000000000000000000A
:1036C00000000000000000000000000000000000FA
:1036D00000000000000000000000000000000000EA
:1036E00000000000000000000000000000000000DA
:1036F00000000000000000000000000000000000CA
:1037000000000000000000000000000000000000B9
:1037100000000000000000000000000000000000A9
:103720000000000000000000000000000000000099
:103730000000000000000000000000000000000089
:103740000000000000000000000000000000000079
:103750000000000000000000000000000000000069
:103760000000000000000000000000000000000059
:103770000000000000000000000000000000000049
:103780000000000000000000000000000000000039
:103790000000000000000000000000000000000029
:1037A0000000000000000000000000000000000019
:1037B0000000000000000000000000000000000009
:1037C00000000000000000000000000000000000F9
:1037D00000000000000000000000000000000000E9
:1037E00000000000000000000000000000000000D9
:1037F00000000000000000000000000000000000C9
:1038000000000000000000000000000000000000B8
:1038100000000000000000000000000000000000A8
:103820000000000000000000000000000000000098
:103830000000000000000000000000000000000088
:103840000000000000000000000000000000000078
:103850000000000000000000000000000000000068
:103860000000000000000000000000000000000058
:103870000000000000000000000000000000000048
:103880000000000000000000000000000000000038
:103890000000000000000000000000000000000028
:1038A0000000000000000000000000000000000018
:1038B0000000000000000000000000000000000008
:1038C00000000000000000000000000000000000F8
:1038D00000000000000000000000000000000000E8
:1038E00000000000000000000000000000000000D8
:1038F00000000000000000000000000000000000C8
:1039000000000000000000000000000000000000B7
:1039100000000000000000000000000000000000A7
:103920000000000000000000000000000000000097
:103930000000000000000000000000000000000087
:103940000000000000000000000000000000000077
:103950000000000000000000000000000000000067
:103960000000000000000000000000000000000057
:103970000000000000000000000000000000000047
:103980000000000000000000000000000000000037
:103990000000000000000000000000000000000027
:1039A0000000000000000000000000000000000017
:1039B0000000000000000000000000000000000007
:1039C00000000000000000000000000000000000F7
:1039D00000000000000000000000000000000000E7
:1039E00000000000000000000000000000000000D7
:1039F00000000000000000000000000000000000C7
:103A000000000000000000000000000000000000B6
:103A100000000000000000000000000000000000A6
:103A20000000000000000000000000000000000096
:103A30000000000000000000000000000000000086
:103A40000000000000000000000000000000000076
:103A50000000000000000000000000000000000066
:103A60000000000000000000000000000000000056
:103A70000000000000000000000000000000000046
:103A80000000000000000000000000000000000036
:103A90000000000000000000000000000000000026
:103AA0000000000000000000000000000000000016
:103AB0000000000000000000000000000000000006
:103AC00000000000000000000000000000000000F6
:103AD00000000000000000000000000000000000E6
:103AE00000000000000000000000000000000000D6
:103AF00000000000000000000000000000000000C6
:103B000000000000000000000000000000000000B5
:103B100000000000000000000000000000000000A5
:103B20000000000000000000000000000000000095
:103B30000000000000000000000000000000000085
:103B40000000000000000000000000000000000075
:103B50000000000000000000000000000000000065
:103B60000000000000000000000000000000000055
:103B70000000000000000000000000000000000045
:103B80000000000000000000000000000000000035
:103B90000000000000000000000000000000000025
:103BA0000000000000000000000000000000000015
:103BB0000000000000000000000000000000000005
:103BC00000000000000000000000000000000000F5
:103BD00000000000000000000000000000000000E5
:103BE00000000000000000000000000000000000D5
:103BF00000000000000000000000000000000000C5
:103C000000000000000000000000000000000000B4
:103C100000000000000000000000000000000000A4
:103C20000000000000000000000000000000000094
:103C30000000000000000000000000000000000084
:103C40000000000000000000000000000000000074
:103C50000000000000000000000000000000000064
:103C60000000000000000000000000000000000054
:103C70000000000000000000000000000000000044
:103C80000000000000000000000000000000000034
:103C90000000000000000000000000000000000024
:103CA0000000000000000000000000000000000014
:103CB0000000000000000000000000000000000004
:103CC00000000000000000000000000000000000F4
:103CD00000000000000000000000000000000000E4
:103CE00000000000000000000000000000000000D4
:103CF00000000000000000000000000000000000C4
:103D000000000000000000000000000000000000B3
:103D100000000000000000000000000000000000A3
:103D20000000000000000000000000000000000093
:103D30000000000000000000000000000000000083
:103D40000000000000000000000000000000000073
:103D50000000000000000000000000000000000063
:103D60000000000000000000000000000000000053
:103D70000000000000000000000000000000000043
:103D80000000000000000000000000000000000033
:103D90000000000000000000000000000000000023
:103DA0000000000000000000000000000000000013
:103DB0000000000000000000000000000000000003
:103DC00000000000000000000000000000000000F3
:103DD00000000000000000000000000000000000E3
:103DE00000000000000000000000000000000000D3
:103DF00000000000000000000000000000000000C3
:103E000000000000000000000000000000000000B2
:103E100000000000000000000000000000000000A2
:103E20000000000000000000000000000000000092
:103E30000000000000000000000000000000000082
:103E40000000000000000000000000000000000072
:103E50000000000000000000000000000000000062
:103E60000000000000000000000000000000000052
:103E70000000000000000000000000000000000042
:103E80000000000000000000000000000000000032
:103E90000000000000000000000000000000000022
:103EA0000000000000000000000000000000000012
:103EB0000000000000000000000000000000000002
:103EC00000000000000000000000000000000000F2
:103ED00000000000000000000000000000000000E2
:103EE00000000000000000000000000000000000D2
:103EF00000000000000000000000000000000000C2
:103F000000000000000000000000000000000000B1
:103F100000000000000000000000000000000000A1
:103F20000000000000000000000000000000000091
:103F30000000000000000000000000000000000081
:103F40000000000000000000000000000000000071
:103F50000000000000000000000000000000000061
:103F60000000000000000000000000000000000051
:103F70000000000000000000000000000000000041
:103F80000000000000000000000000000000000031
:103F90000000000000000000000000000000000021
:103FA0000000000000000000000000000000000011
:103FB0000000000000000000000000000000000001
:103FC00000000000000000000000000000000000F1
:103FD00000000000000000000000000000000000E1
:103FE00000000000000000000000000000000000D1
:103FF00000000000000000000000000000000000C1
:1040000000000000000000000000000000000000B0
:1040100000000000000000000000000000000000A0
:104020000000000000000000000000000000000090
:104030000000000000000000000000000000000080
:104040000000000000000000000000000000000070
:104050000000000000000000000000000000000060
:104060000000000000000000000000000000000050
:104070000000000000000000000000000000000040
:104080000000000000000000000000000000000030
:104090000000000000000000000000000000000020
:1040A0000000000000000000000000000000000010
:1040B0000000000000000000000000000000000000
:1040C00000000000000000000000000000000000F0
:1040D00000000000000000000000000000000000E0
:1040E00000000000000000000000000000000000D0
:1040F00000000000000000000000000000000000C0
:1041000000000000000000000000000000000000AF
:10411000000000000000000000000000000000009F
:10412000000000000000000000000000000000008F
:10413000000000000000000000000000000000007F
:10414000000000000000000000000000000000006F
:10415000000000000000000000000000000000005F
:10416000000000000000000000000000000000004F
:10417000000000000000000000000000000000003F
:10418000000000000000000000000000000000002F
:10419000000000000000000000000000000000001F
:1041A000000000000000000000000000000000000F
:1041B00000000000000000000000000000000000FF
:1041C00000000000000000000000000000000000EF
:1041D00000000000000000000000000000000000DF
:1041E00000000000000000000000000000000000CF
:1041F00000000000000000000000000000000000BF
:1042000000000000000000000000000000000000AE
:10421000000000000000000000000000000000009E
:10422000000000000000000000000000000000008E
:10423000000000000000000000000000000000007E
:10424000000000000000000000000000000000006E
:10425000000000000000000000000000000000005E
:10426000000000000000000000000000000000004E
:10427000000000000000000000000000000000003E
:10428000000000000000000000000000000000002E
:10429000000000000000000000000000000000001E
:1042A000000000000000000000000000000000000E
:1042B00000000000000000000000000000000000FE
:1042C00000000000000000000000000000000000EE
:1042D00000000000000000000000000000000000DE
:1042E00000000000000000000000000000000000CE
:1042F00000000000000000000000000000000000BE
:1043000000000000000000000000000000000000AD
:10431000000000000000000000000000000000009D
:10432000000000000000000000000000000000008D
:10433000000000000000000000000000000000007D
:10434000000000000000000000000000000000006D
:10435000000000000000000000000000000000005D
:10436000000000000000000000000000000000004D
:10437000000000000000000000000000000000003D
:10438000000000000000000000000000000000002D
:10439000000000000000000000000000000000001D
:1043A000000000000000000000000000000000000D
:1043B00000000000000000000000000000000000FD
:1043C00000000000000000000000000000000000ED
:1043D00000000000000000000000000000000000DD
:1043E00000000000000000000000000000000000CD
:1043F00000000000000000000000000000000000BD
:1044000000000000000000000000000000000000AC
:10441000000000000000000000000000000000009C
:10442000000000000000000000000000000000008C
:10443000000000000000000000000000000000007C
:10444000000000000000000000000000000000006C
:10445000000000000000000000000000000000005C
:10446000000000000000000000000000000000004C
:10447000000000000000000000000000000000003C
:10448000000000000000000000000000000000002C
:10449000000000000000000000000000000000001C
:1044A000000000000000000000000000000000000C
:1044B00000000000000000000000000000000000FC
:1044C00000000000000000000000000000000000EC
:1044D00000000000000000000000000000000000DC
:1044E00000000000000000000000000000000000CC
:1044F00000000000000000000000000000000000BC
:1045000000000000000000000000000000000000AB
:10451000000000000000000000000000000000009B
:10452000000000000000000000000000000000008B
:10453000000000000000000000000000000000007B
:10454000000000000000000000000000000000006B
:10455000000000000000000000000000000000005B
:10456000000000000000000000000000000000004B
:10457000000000000000000000000000000000003B
:10458000000000000000000000000000000000002B
:10459000000000000000000000000000000000001B
:1045A000000000000000000000000000000000000B
:1045B00000000000000000000000000000000000FB
:1045C00000000000000000000000000000000000EB
:1045D00000000000000000000000000000000000DB
:1045E00000000000000000000000000000000000CB
:1045F00000000000000000000000000000000000BB
:1046000000000000000000000000000000000000AA
:10461000000000000000000000000000000000009A
:10462000000000000000000000000000000000008A
:10463000000000000000000000000000000000007A
:10464000000000000000000000000000000000006A
:10465000000000000000000000000000000000005A
:10466000000000000000000000000000000000004A
:10467000000000000000000000000000000000003A
:10468000000000000000000000000000000000002A
:10469000000000000000000000000000000000001A
:1046A000000000000000000000000000000000000A
:1046B00000000000000000000000000000000000FA
:1046C00000000000000000000000000000000000EA
:1046D00000000000000000000000000000000000DA
:1046E00000000000000000000000000000000000CA
:1046F00000000000000000000000000000000000BA
:1047000000000000000000000000000000000000A9
:104710000000000000000000000000000000000099
:104720000000000000000000000000000000000089
:104730000000000000000000000000000000000079
:104740000000000000000000000000000000000069
:104750000000000000000000000000000000000059
:104760000000000000000000000000000000000049
:104770000000000000000000000000000000000039
:104780000000000000000000000000000000000029
:104790000000000000000000000000000000000019
:1047A0000000000000000000000000000000000009
:1047B00000000000000000000000000000000000F9
:1047C00000000000000000000000000000000000E9
:1047D00000000000000000000000000000000000D9
:1047E00000000000000000000000000000000000C9
:1047F00000000000000000000000000000000000B9
:1048000000000000000000000000000000000000A8
:104810000000000000000000000000000000000098
:104820000000000000000000000000000000000088
:104830000000000000000000000000000000000078
:104840000000000000000000000000000000000068
:104850000000000000000000000000000000000058
:104860000000000000000000000000000000000048
:104870000000000000000000000000000000000038
:104880000000000000000000000000000000000028
:104890000000000000000000000000000000000018
:1048A0000000000000000000000000000000000008
:1048B00000000000000000000000000000000000F8
:1048C00000000000000000000000000000000000E8
:1048D00000000000000000000000000000000000D8
:1048E00000000000000000000000000000000000C8
:1048F00000000000000000000000000000000000B8
:1049000000000000000000000000000000000000A7
:104910000000000000000000000000000000000097
:104920000000000000000000000000000000000087
:104930000000000000000000000000000000000077
:104940000000000000000000000000000000000067
:104950000000000000000000000000000000000057
:104960000000000000000000000000000000000047
:104970000000000000000000000000000000000037
:104980000000000000000000000000000000000027
:104990000000000000000000000000000000000017
:1049A0000000000000000000000000000000000007
:1049B00000000000000000000000000000000000F7
:1049C00000000000000000000000000000000000E7
:1049D00000000000000000000000000000000000D7
:1049E00000000000000000000000000000000000C7
:1049F00000000000000000000000000000000000B7
:104A000000000000000000000000000000000000A6
:104A10000000000000000000000000000000000096
:104A20000000000000000000000000000000000086
:104A30000000000000000000000000000000000076
:104A40000000000000000000000000000000000066
:104A50000000000000000000000000000000000056
:104A60000000000000000000000000000000000046
:104A70000000000000000000000000000000000036
:104A80000000000000000000000000000000000026
:104A90000000000000000000000000000000000016
:104AA0000000000000000000000000000000000006
:104AB00000000000000000000000000000000000F6
:104AC00000000000000000000000000000000000E6
:104AD00000000000000000000000000000000000D6
:104AE00000000000000000000000000000000000C6
:104AF00000000000000000000000000000000000B6
:104B000000000000000000000000000000000000A5
:104B10000000000000000000000000000000000095
:104B20000000000000000000000000000000000085
:104B30000000000000000000000000000000000075
:104B40000000000000000000000000000000000065
:104B50000000000000000000000000000000000055
:104B60000000000000000000000000000000000045
:104B70000000000000000000000000000000000035
:104B80000000000000000000000000000000000025
:104B90000000000000000000000000000000000015
:104BA0000000000000000000000000000000000005
:104BB00000000000000000000000000000000000F5
:104BC00000000000000000000000000000000000E5
:104BD00000000000000000000000000000000000D5
:104BE00000000000000000000000000000000000C5
:104BF00000000000000000000000000000000000B5
:104C000000000000000000000000000000000000A4
:104C10000000000000000000000000000000000094
:104C20000000000000000000000000000000000084
:104C30000000000000000000000000000000000074
:104C40000000000000000000000000000000000064
:104C50000000000000000000000000000000000054
:104C60000000000000000000000000000000000044
:104C70000000000000000000000000000000000034
:104C80000000000000000000000000000000000024
:104C90000000000000000000000000000000000014
:104CA0000000000000000000000000000000000004
:104CB00000000000000000000000000000000000F4
:104CC00000000000000000000000000000000000E4
:104CD00000000000000000000000000000000000D4
:104CE00000000000000000000000000000000000C4
:104CF00000000000000000000000000000000000B4
:104D000000000000000000000000000000000000A3
:104D10000000000000000000000000000000000093
:104D20000000000000000000000000000000000083
:104D30000000000000000000000000000000000073
:104D40000000000000000000000000000000000063
:104D50000000000000000000000000000000000053
:104D60000000000000000000000000000000000043
:104D70000000000000000000000000000000000033
:104D80000000000000000000000000000000000023
:104D90000000000000000000000000000000000013
:104DA0000000000000000000000000000000000003
:104DB00000000000000000000000000000000000F3
:104DC00000000000000000000000000000000000E3
:104DD00000000000000000000000000000000000D3
:104DE00000000000000000000000000000000000C3
:104DF00000000000000000000000000000000000B3
:104E000000000000000000000000000000000000A2
:104E10000000000000000000000000000000000092
:104E20000000000000000000000000000000000082
:104E30000000000000000000000000000000000072
:104E40000000000000000000000000000000000062
:104E50000000000000000000000000000000000052
:104E60000000000000000000000000000000000042
:104E70000000000000000000000000000000000032
:104E80000000000000000000000000000000000022
:104E90000000000000000000000000000000000012
:104EA0000000000000000000000000000000000002
:104EB00000000000000000000000000000000000F2
:104EC00000000000000000000000000000000000E2
:104ED00000000000000000000000000000000000D2
:104EE00000000000000000000000000000000000C2
:104EF00000000000000000000000000000000000B2
:104F000000000000000000000000000000000000A1
:104F10000000000000000000000000000000000091
:104F20000000000000000000000000000000000081
:104F30000000000000000000000000000000000071
:104F40000000000000000000000000000000000061
:104F50000000000000000000000000000000000051
:104F60000000000000000000000000000000000041
:104F70000000000000000000000000000000000031
:104F80000000000000000000000000000000000021
:104F90000000000000000000000000000000000011
:104FA0000000000000000000000000000000000001
:104FB00000000000000000000000000000000000F1
:104FC00000000000000000000000000000000000E1
:104FD00000000000000000000000000000000000D1
:104FE00000000000000000000000000000000000C1
:040000058000000077
:00000001FF
