:0200000480007A
:10000000971200009382028673905230AD4273B013
:10001000023085629382828873B04230B72F000C21
:10002000137E0E00130E0E002380CF01A380CF019C
:100030002381CF01A381CF01B70F000C137E0E00E7
:100040002380CF01A380CF012381CF01A381CF01E2
:100050008140014181410142814201438143014488
:100060008144014581450146814601478147014858
:10007000814801498149014A814A014B814B014C28
:10008000814C014D814D014E814E014F814F975161
:1000900000009381E16F175501001305A5F59755F1
:1000A00001009385A520014610C16374B5001105B8
:1000B000E5BF138541849385C185014610C16374F2
:1000C000B5001105E5BF17010200130161F31752D6
:1000D00001001302D221137202FC6F10701401A0F0
:1000E000011106CE22CC0010B707B0002326F4FE83
:1000F000232004FE232204FE0145F5283524EF00C9
:10010000606C1305800CEF00807F1745000013051D
:1001100065EEEF10403B0D260325C4FEEF00A06402
:10012000EF006066174500001305C5EDEF10A0391C
:10013000975700009387C7EB9C43BE850325C4FEF9
:10014000D1298327C4FE91072326F4FE174500001A
:10015000130585ECEF102037232404FE81A8130536
:10016000800CEF00C079832784FE850717570000B5
:10017000130707E88A07BA979C43BE850325C4FE88
:1001800051298327C4FE91072326F4FE832784FE8A
:1001900093F7F71F99E7174500001305A5E8EF103F
:1001A0008032832784FE85072324F4FE97570000BE
:1001B000938707E49843832784FEE3E2E7FA174531
:1001C0000000130565E6EF10003017450000130529
:1001D000E5E6EF10402F02900100F2406244056115
:1001E0008280411106C622C40008DD3D0100B240F4
:1001F000224441018280011122CE00102326A4FE58
:100200000327C4FEB7070200BA973E87975700003E
:10021000938707D898C30327C4FEB7070200910746
:10022000BA973E87975700009387C7D698C303278E
:10023000C4FEB7070200A107BA973E879387818063
:1002400098C30327C4FEB7070200B107BA973E87D9
:100250009387C18098C30327C4FEB7070200C10774
:10026000BA973E879387018198C30327C4FEB707D7
:100270000200D107BA973E879387418198C303272D
:10028000C4FEB7070200E107BA973E8793878181D2
:1002900098C30327C4FEB7070200F107BA973E8749
:1002A0009387C18198C30327C4FEB70702009387D1
:1002B0000702BA973E879387018298C30327C4FE3B
:1002C000B707020093874702BA973E879387418218
:1002D00098C30327C4FEB707020093878702BA9723
:1002E0003E879387818298C30100724405618280B2
:1002F000011122CE00102326A4FE2324B4FE83275E
:10030000C4FE032784FE98C3010072440561828005
:10031000011122CE00102326A4FE8327C4FE9C4395
:100320003E85724405618280411106C622C40008E0
:10033000975700009387C7C59C439305B0033E853C
:10034000453F0100B240224441018280411106C66E
:1003500022C40008975700009387C7C39C43C16518
:100360003E8579370100B24022444101828041112B
:1003700006C622C40008975700009387A7C19C4374
:10038000A1653E85B5370100B2402244410182801B
:10039000011122CE00102326A4FE2324B4FE232222
:1003A000C4FE832784FE0547B317F7001387F7FFC2
:1003B000832744FEFD178326C4FEB3D7F640F98F8A
:1003C0003E85724405618280011106CE22CC001068
:1003D000232604FE19A81305400615239387818060
:1003E0009C433E8535372326A4FE8327C4FE858B98
:1003F000FDD385473E85F24062440561828001114C
:1004000006CE22CC0010930700082326F4FE11A884
:100410002945F521938781809C433E85D53D232640
:10042000A4FE8327C4FE93F70708FDF385473E85A6
:10043000F240624405618280411106C622C4000870
:100440009387C1809C43B70500063E855535938749
:10045000C1819C4399453E85613D97570000938734
:1004600027B39843B70708009385B7073A854935FE
:10047000793785473E85B24022444101828041114F
:1004800006C622C400089387C1809C43B70500308C
:100490003E85B93D9387C1819C43930500033E850A
:1004A000813D975700009387A7AE9843B707080090
:1004B0009385B7073A852D3D993785473E85B240EC
:1004C000224441018280797106D622D40018232E5D
:1004D000A4FC232CB4FC2546E145032584FD4D3DB9
:1004E0002326A4FE0546A145032584FD5535232476
:1004F000A4FE0327C4FD8327C4FED98F2322F4FE64
:10050000832784FEE2072324F4FE9387C1809C4363
:10051000832544FE3E85E93B938701819C438325E7
:1005200084FE3E85F1339387C1819C4381453E859E
:10053000C133975700009387A7A59843B7072800B2
:100540009385B7073A856D335145552E4D3D854707
:100550003E85B250225445618280797106D622D4FC
:100560000018232EA4FC232CB4FC232AC4FC8327CC
:1005700084FD13D787008327C4FDD98F2326F4FE7B
:10058000832784FDE2073E87832744FDA183D98F1B
:100590002324F4FE832744FDE2072322F4FE83266E
:1005A00044FE032684FE8325C4FE17450000130580
:1005B000E5A9EF0050139387C1809C438325C4FEB7
:1005C0003E853D33938701819C43832584FE3E8590
:1005D0000533938741819C43832544FE3E85093B37
:1005E0009387C1819C4381453E851933975700000D
:1005F0009387079A9843B70748009385B7073A85CA
:10060000C5395145ED2CE53BBD2A0100B2502254BD
:1006100045618280011106CE22CC00102326A4FE63
:100620002324B4FE113D032684FE8325C4FE370532
:1006300000122537892A0100F24062440561828058
:10064000797106D622D40018232EA4FC232CB4FCE6
:100650000546A145032584FD253B2324A4FE8327CD
:1006600084FEE2072324F4FE9387C180944383270A
:1006700084FD13D787008327C4FDD98FBE853685B7
:100680008539938701819843832784FDE207BE85DE
:100690003A85B9399387C1819C4381453E85893923
:1006A0007531975700009387A78E9843B70730207E
:1006B0009385B7073A852D391305007D89242933A1
:1006C000AA8799C79387C1819C439C432326F4FE44
:1006D0008327C4FE3E85B2502254456182807971E1
:1006E00006D622D40018232EA4FC8325C4FD37058A
:1006F000000CB9372326A4FE8327C4FE3E85B250E2
:10070000225445618280797106D622D40018232EA6
:10071000A4FC9387C1809C438325C4FD3E85C93ECC
:100720009387C1819C438325C4FD3E85D1363939E9
:10073000975700009387C7859843B707082093858C
:10074000B7073A8575364931AA8799C79387C1811A
:100750009C439C432326F4FE8327C4FE3E85B2506F
:10076000225445618280011106CE22CC001023263E
:10077000A4FE8325C4FE370500DCB1330100F2403E
:10078000624405618280011106CE22CC00108D47A3
:100790002326F4FE31A837050005B5372326A4FE2D
:1007A0008325C4FE174500001305058CEF00A073D8
:1007B0008327C4FE8D8BE5F381473E85F24062447A
:1007C00005618280011106CE22CC0010B5319387DD
:1007D000C1809C43B705009F3E85193E9387C18128
:1007E0009C43B705009F3E8521368D369747000014
:1007F0009387077A9843B70708189385B7073A8510
:10080000C53CD936AA8799C79387C1819C439C432D
:100810002326F4FE4546A1450325C4FE953E232428
:10082000A4FE0546C1450325C4FE9D362322A4FE31
:10083000832584FE1745000013050585EF00A06A97
:10084000832544FE1745000013050585EF00A069C8
:1008500085473E85F24062440561828000000000C9
:10086000197101001300000006C20AC40EC612C8A6
:1008700016CA1ACC1ECE22D026D22AD42ED632D8D0
:1008800036DA3ADC3EDEC2C0C6C2CAC4CEC6D2C860
:10089000D6CADACCDECEE2D0E6D2EAD4EED6F2D8B0
:1008A000F6DAFADCFEDE73252034F32510340A86EE
:1008B000EF0040527310153492402241B24142423F
:1008C000D2426243F243025492542255B2554256E8
:1008D000D2566257F257064896482649B649464AC4
:1008E000D64A664BF64B065C965C265DB65D465E68
:1008F000D65E665FF65F0961730020300000797193
:1009000022D60018232EA4FC232604FE01008327F0
:10091000C4FE138717002326E4FE0327C4FDE3E883
:10092000E7FE01000100325445618280797122D6D0
:100930000018232EA4FC0327C4FD9307803EB307B1
:10094000F7022326F4FE29A89307803E2324F4FE11
:100950000100832784FE1387F7FF2324E4FEF5FBC1
:100960008327C4FE1387F7FF2326E4FEF1FF01006F
:100970000100325445618280797106D622D4001874
:10098000232EA4FC85472326F4FE232404FE31A84D
:100990000327C4FEBA878A07BA9786072326F4FE80
:1009A000832784FE85072324F4FE032784FE832700
:1009B000C4FDE36FF7FC0325C4FEEF30C032AA8705
:1009C0003E85B250225445618280797122D600184A
:1009D000232EA4FC232CB4FC232604FE832784FDB1
:1009E000FD172324F4FE99A88327C4FE0327C4FD22
:1009F000BA9783C70700A303F4FE832784FE032767
:100A0000C4FD3E978327C4FE8326C4FDB6970347E3
:100A100007002380E700832784FE0327C4FDBA97DD
:100A2000034774FE2380E7008327C4FE850723263F
:100A3000F4FE832784FEFD172324F4FE0327C4FE5F
:100A4000832784FEE342F7FA010001003254456136
:100A50008280797106D622D40018232EA4FC232C80
:100A6000B4FC232AC4FC232604FE3DA80327C4FDAE
:100A7000A947B367F70213F7F70F832684FD83278F
:100A8000C4FEB697130707031377F70F2380E70019
:100A90008327C4FE85072326F4FE0327C4FDA94748
:100AA000B347F702232EF4FC8327C4FDE1F339A8F2
:100AB000032784FD8327C4FEBA971307000323800E
:100AC000E7008327C4FE85072326F4FE0327C4FE20
:100AD000832744FDE36EF7FC8327C4FEBE85032510
:100AE00084FDE535032784FD8327C4FEBA97238060
:100AF00007008327C4FE3E85B250225445618280A0
:100B00005D7186C6A2C48008232EA4FA232CB4FAF1
:100B1000232AC4FA232604FE232004FC232204FCF7
:100B2000232404FC232604FC232804FC232A04FC9D
:100B3000232C04FC231E04FC0325C4FBEF304024BB
:100B40002A87AE8797360000938646589042D44253
:100B50003A85BE85EF20C0462A87AE873A85BE8596
:100B6000EF30602BAA87232EF4FA0325C4FBEF3065
:100B7000E005AA872324F4FE032584FEEF30000B52
:100B8000AA87BE850325C4FBEF205051AA872322E4
:100B9000F4FE232004FE930500000325C4FBEF2090
:100BA0009026AA8763DE0700832704FE032784FBC1
:100BB000BA971307D0022380E70085472320F4FE6D
:100BC000832784FE85E3832704FE032784FBBA97EB
:100BD000130700032380E700832704FE85072320F3
:100BE000F4FE3DA8832784FE63D80700832784FE94
:100BF000B307F0402324F4FE930704FC0146BE85AE
:100C0000032584FEB9352326A4FE832704FE03278B
:100C100084FBBA97130704FCBA853E85EF30603534
:100C20000327C4FE832704FEBA972326F4FE8327F6
:100C300044FBADCF8327C4FE032784FBBA97130779
:100C4000E0022380E70093050000032544FEEF2027
:100C5000901BAA8763DA0700032744FEB7070080CA
:100C6000B98F2322F4FE39A093050000032544FE2A
:100C7000EF201014032544FB0133AA87BE8503250A
:100C800044FEEF20D01FAA872322F4FE032544FE52
:100C9000EF20D073AA868327C4FE8507032784FB31
:100CA000BA97032644FBBE85368565330100B640FE
:100CB000264461618280797122D60018232EA4FC1B
:100CC000232CB4FC832784FD2326F4FE29A8832744
:100CD00084FD2326F4FE01008327C4FE1387F7FF5B
:100CE0002326E4FEF5FB8327C4FD1387F7FF232E9D
:100CF000E4FCF1FF010001003254456182800111E2
:100D000006CE22CC00102326A4FE8327C4FE9C43DB
:100D10003E868325C4FE173500001305A539E12260
:100D20008327C4FE9C433E85F24062440561828075
:100D3000011106CE22CC00102326A4FE2324B4FEEB
:100D40008327C4FE032784FE98C38327C4FE9C43E5
:100D50003E868325C4FE173500001305A5356122A4
:100D60000100F240624405618280797106D622D486
:100D70000018232EA4FC173500001305A535052205
:100D80000327C4FDB707008093C7F7FFF98F232619
:100D9000F4FE8325C4FE1735000013056535A12236
:100DA0001735000013054536DD288327C4FE3E8530
:100DB000B250225445618280011106CE22CC00102F
:100DC0002326A4FE2324B4FE173500001305453561
:100DD000F92001A0797106D622D40018232EA4FC94
:100DE000232CB4FC232604FE232404FE1735000024
:100DF0001305C5346D20032684FD8325C4FD1735F6
:100E00000000130525357528914517350000130599
:100E10006536D128FD472324F4FE832784FE054749
:100E2000B317F7003E878327C4FDF98F95CB0325C1
:100E3000C4FD253F2326A4FE173500001305053504
:100E40004920174701001307E71A8327C4FE8A07C2
:100E5000BA979C43832584FD0325C4FD829725A072
:100E60001735000013054534A9281747010013075B
:100E7000671C8327C4FD8A07BA979C43832584FD9A
:100E80000325C4FD8297173500001305A5330128FB
:100E9000832784FD3E85B2502254456182805D7176
:100EA00022D60018232EA4FC4CC010C454C418C869
:100EB0005CC8232C0401232E14010100325461610B
:100EC00082805D7122D60018232EA4FC4CC010C471
:100ED00054C418C85CC8232C0401232E140101003B
:100EE0003254616182805D7122D60018232EA4FCE9
:100EF0004CC010C454C418C85CC8232C0401232E51
:100F0000140101003254616182805D7122D60018A3
:100F1000232EA4FC4CC010C454C418C85CC8232C95
:100F20000401232E140101003254616182805D713D
:100F300022D60018232EA4FC4CC010C454C418C8D8
:100F40005CC8232C0401232E14010100325461617A
:100F500082805D7106D622D40018232EA4FC4CC0DA
:100F600010C454C418C85CC8232C0401232E1401D7
:100F700093070402232CF4FC832784FD9117232676
:100F8000F4FE8327C4FEBE850325C4FD912A1735D0
:100F9000000013056524353701A02971232E111295
:100FA000232C8112232A21132328311323264113B2
:100FB000232451132322611323207113800223243D
:100FC000A4EC2326B4EC2322C4EC232E04FC232C13
:100FD00004FC832744EC3E8B814B032784EC83275E
:100FE000C4EC5A86DE863A85BE85EF1030482A87E3
:100FF000AE878327C4FD8A07930604FEB69723AC09
:10100000E7EE832744EC3E8981498327C4EC4E8771
:1010100063E4E7048327C4EC4E876397E7008327E4
:1010200084EC4A8763EAE702832744EC3E8A814ADC
:101030005286D686032584EC8325C4ECEF10B00CD1
:101040002A87AE872324E4EC2326F4EC8327C4FD0F
:101050008507232EF4FCB5BF01008327C4FD850757
:10106000232EF4FC91A08327C4FD8A07130704FEF6
:10107000BA9703A787EFA54763F7E70093077005C3
:10108000232CF4FC29A093070003232CF4FC8327D2
:10109000C4FD8A07130704FEBA9703A787EF8327C7
:1010A00084FDBA973E85F9298327C4FD1387F7FF8E
:1010B000232EE4FCE349F0FA010001008320C11370
:1010C000032481130329411383290113032AC11225
:1010D000832A8112032B4112832B011231618280FA
:1010E0001D7186CEA2CCA6CACAC880102326A4FA37
:1010F0002324B4FA93070000232CF4FC232804FAD9
:10110000232A04FA232C04FA232E04FA232004FCB5
:10111000232204FC232404FC231604FC11A8638D61
:101120000438268585218327C4FA85072326F4FA07
:101130008327C4FA83C70700BE8493075002E39055
:10114000F4FE8327C4FA85072326F4FA8327C4FA1A
:10115000232AF4FC232204FE232E04FC8327C4FA52
:10116000138717002326E4FA83C70700BE8493077A
:1011700050026380F4329307500263CFF430930738
:10118000800763CB97309307300663C7F4309387AB
:10119000D4F955476362F73013972700973700005B
:1011A0009387C704BA97984397370000938707043B
:1011B000BA978287832744FE85072322F4FE85475A
:1011C000232EF4FCD5A4832784FA13874700232415
:1011D000E4FA9C433E857D26C1AC832784FA1387BD
:1011E00047002324E4FA03A90700631A090017390A
:1011F0000000130929FF21A02685692605098347D8
:101200000900BE84F5F84DA4A9472328F4FC032760
:1012100044FE854763D1E702832784FA9D07E19B5B
:10122000138787002324E4FA9843DC432324E4FE55
:101230002326F4FE3DA8032744FE8547631FF700DD
:10124000832784FA138747002324E4FA9C4323244A
:10125000F4FEFD872326F4FE29A8832784FA13874A
:1012600047002324E4FA9C432324F4FEFD8723262D
:10127000F4FE032784FE8327C4FE63DB0702130505
:10128000D0020926032584FE8325C4FE0147814739
:101290003306A740328833380701B386B740B38797
:1012A0000641BE863287B6872324E4FE2326F4FE59
:1012B000832704FD3E86032584FE8325C4FEF13981
:1012C000E5A2832784FA9D07E19B138787002324E7
:1012D000E4FA9843DC433A85BE85EF20D033AA87F1
:1012E000232CF4FC930704FB1946BE85032584FDDB
:1012F000EFF01F81232004FE25A0832704FE13079F
:1013000004FFBA9783C707FC3E85AD2C032704FE74
:10131000F54763C0E702832704FE85072320F4FE18
:10132000832704FE130704FFBA9783C707FCF1F76E
:10133000A5AA010095AAA9472328F4FC032744FE87
:10134000854763D1E702832784FA9D07E19B1387D2
:1013500087002324E4FA9843DC432324E4FE232675
:10136000F4FE1DA8832744FE89CF832784FA1387C0
:1013700047002324E4FA9C432324F4FE232604FE9E
:1013800021A8832784FA138747002324E4FA9C4387
:101390002324F4FE232604FE832704FD3E86032532
:1013A00084FE8325C4FED53E01A2A1472328F4FC78
:1013B000032744FE854763D1E702832784FA9D070C
:1013C000E19B138787002324E4FA9843DC4323241A
:1013D000E4FE2326F4FE1DA8832744FE89CF83273D
:1013E00084FA138747002324E4FA9C432324F4FE61
:1013F000232604FE21A8832784FA13874700232489
:10140000E4FA9C432324F4FE232604FE832704FDF0
:101410003E86032584FE8325C4FE413671A0C14764
:101420002328F4FC032744FE854763D1E702832782
:1014300084FA9D07E19B138787002324E4FA9843ED
:10144000DC432324E4FE2326F4FE1DA8832744FE68
:1014500089CF832784FA138747002324E4FA9C4327
:101460002324F4FE232604FE21A8832784FA13876D
:1014700047002324E4FA9C432324F4FE232604FE9D
:10148000832704FD3E86032584FE8325C4FE313672
:1014900021A82685C52809A813055002E520832721
:1014A00044FD2326F4FA01008327C4FD81C7232EBF
:1014B00004FC6DB10100ADB90100F6406644D644AC
:1014C0004649256182805D7106D622D40018232EFC
:1014D000A4FC4CC010C454C418C85CC8232C04011C
:1014E000232E140193070402232CF4FC832784FD8C
:1014F00091172326F4FE8327C4FEBE850325C4FD71
:10150000C53681473E85B250225461618280011107
:1015100022CE0010232604FE2DA08327C4FE93872D
:101520003711A207BE86174701001307A7B4832708
:10153000C4FE8A07BA9794C38327C4FE850723266F
:10154000F4FE0327C4FE8947E3D9E7FC010001004C
:10155000724405618280411122C60008010097474C
:101560000100938727B19C4383C7C700918BE5DBBC
:1015700097470100938707B09C439C473E853244C0
:1015800041018280011122CE00102326A4FE010019
:1015900097470100938707AE9C4383C7C700898B99
:1015A000E5FB974701009387E7AC9C430327C4FE04
:1015B000D8C381473E85724405618280797122D605
:1015C0000018232EA4FC232CB4FC232604FE83271E
:1015D00084FD920737F7FA0213070708B357F7029B
:1015E0002326F4FE8327C4FE139707014183832734
:1015F000C4FD2390E700010032544561828001114F
:1016000022CE00102326A4FEAE87A305F4FE832776
:10161000C4FE0347B4FE238CE70001007244056159
:101620008280011122CE00102326A4FEAE87A305DE
:10163000F4FE01008327C4FE83C7C700898BFDFB2E
:101640000347B4FE8327C4FED8C381473E85724456
:1016500005618280797106D622D40018232EA4FC5D
:10166000232CB4FC232604FE8327C4FE1387170013
:101670002326E4FE032784FDBA9783C70700A3054A
:10168000F4FE8347B4FEBE850325C4FD593F83475E
:10169000B4FEF9FB81473E85B250225445618280F9
:1016A000797122D60018232EA4FC232CB4FCA307A6
:1016B00004FE01008327C4FD83C7C700918BFDDBB7
:1016C0008327C4FD9C47A307F4FE832784FD0347BB
:1016D000F4FE2380E70085473E85325445618280D1
:1016E000797106D622D40018232EA4FC232CB4FC36
:1016F000232604FEA30504FE01008327C4FD83C73F
:10170000C700918BFDDB8327C4FD9C47A305F4FE36
:101710008327C4FE138717002326E4FE032784FDD6
:10172000BA970347B4FE2380E7008347B4FE3E85A3
:10173000913D0347B4FEB547E310F7FC8327C4FE91
:10174000138717002326E4FE032784FDBA97294751
:101750002380E7008327C4FE138717002326E4FEB7
:10176000032784FDBA97238007008327C4FE93F7DD
:10177000F70F3E85B250225445618280797122D69E
:101780000018232EA4FC31A08327C4FD9C47A30787
:10179000F4FE8327C4FD83C7C700918BF5F70100D2
:1017A0000100325445618280411122C600080100C7
:1017B000324441018280411106C622C40008173517
:1017C0000000130525A8EFF08FED974701009387E0
:1017D000678217F7FFFF1307675E98C397470100FB
:1017E0009387478117F7FFFF1307475DD8C39747D4
:1017F00001009387278017F7FFFF1307275C98C71F
:10180000973701009387077F17F7FFFF1307075BE1
:10181000D8C7973701009387E77D17F7FFFF1307B6
:10182000E75998CB973701009387C77C17F7FFFFDD
:101830001307C758D8CB973701009387A77B17F7B3
:10184000FFFF1307A75798CF973701009387877A31
:10185000170700001307672FD8CF9737010093872A
:10186000677917F7FFFF1307675598D3973701007C
:101870009387477817F7FFFF13074754D8D3973755
:1018800001009387277717F7FFFF1307275398D790
:10189000973701009387077617070000130707475C
:1018A000D8D7973701009387E77417F7FFFF13071F
:1018B000E75098DB973701009387C77317F7FFFF4F
:1018C0001307C74FD8DB973701009387A77217F725
:1018D000FFFF1307A74E98DF9737010093878771A3
:1018E00017F7FFFF1307874DD8DF9737010093875E
:1018F000677417F7FFFF1307674C98C3973701000A
:101900009387477317F7FFFF1307474BD8C39737E2
:1019100001009387277217F7FFFF1307274A98C71D
:10192000973701009387077117F7FFFF13070749E0
:10193000D8C7973701009387E76F17F7FFFF1307A3
:10194000E74798CB973701009387C76E17F7FFFFDC
:101950001307C746D8CB973701009387A76D17F7B2
:10196000FFFF1307A74598CF973701009387876C30
:1019700017F7FFFF13078744D8CF973701009387E6
:10198000676B17F7FFFF1307674398D3973701007B
:101990009387476A17F7FFFF13074742D8D3973754
:1019A00001009387276917F7FFFF1307274198D78F
:1019B000973701009387076817F7FFFF1307074062
:1019C000D8D7973701009387E76617F7FFFF13070C
:1019D000E73E98DB973701009387C76517F7FFFF4E
:1019E0001307C73DD8DB973701009387A76417F724
:1019F000FFFF1307A73C98DF9737010093878763A2
:101A000017F7FFFF1307873BD8DF173500001305D3
:101A1000E584EFF0CFC80100B2402244410182804A
:101A2000411106C622C40008DD3417350000130535
:101A30002584EFF0CFC64133EFE0AFFA1735000051
:101A400013050584EFF0AFC50100B2402244410107
:101A50008280411122C60008B7C70002E1179C43EB
:101A60003E85324441018280411122C60008B7C739
:101A70000002F1179C433E853244410182804111AE
:101A800006C622C44AC24EC00008E137AA873E8972
:101A900081494A87CE873A85BE85B24022441249A1
:101AA000824941018280011106CE22CC00102324FC
:101AB000A4FE2326B4FE172500001305657DEFF074
:101AC0000FBE9387C1839C439843DC439386018474
:101AD00003A80600032584FE8325C4FE3306A70061
:101AE000B288B3B8E800B386B700B387D800BE8623
:101AF0003287B6872320E8002322F80093870184E9
:101B00009C439843DC433A86BE86172500001305A4
:101B1000E579EFF00FBB9387C1839C439843DC4387
:101B20003A86BE86172500001305C579EFF06FB918
:101B3000172500001305457AEFF06FB60100F2405B
:101B4000624405618280011106CE22CC001023265A
:101B5000A4FE2324B4FE172500001305A579EFF099
:101B60000FB49387018494437D57FD5798C2DCC21C
:101B7000938701849C439843DC433A86BE861725AD
:101B8000000013052579EFF00FB6B7C70002E11783
:101B90009C43BE851725000013054579EFF0AFB4CF
:101BA000172500001305C579EFF06FAF0100F24073
:101BB000624405618280797106D622D40018232EF2
:101BC000A4FC1725000013056579EFF04FADB707AA
:101BD000010CC1072326F4FE8327C4FE0327C4FD9E
:101BE00098C3173701001307A7498327C4FD92073D
:101BF000BA97094798C71737010013076748832723
:101C0000C4FD9207BA97DC47138717009736010087
:101C1000938606478327C4FD9207B697D8C7173720
:101C200001001307E7458327C4FD9207BA979C4735
:101C30003E868325C4FD1725000013052574EFF0AB
:101C40008FAA173701001307A7438327C4FD920704
:101C5000BA978C4317370100130787428327C4FDC7
:101C60009207BA97904717370100130767418327F8
:101C7000C4FD9207BA97D4431737010013074740B2
:101C80008327C4FD9207BA97DC473E8717250000DB
:101C900013054571EFF02FA51725000013050576F4
:101CA000EFF0EF9F0100B250225445618280011194
:101CB00006CE22CC0010232604FE172500001305B3
:101CC000A575EFF0CF9DB707010CC1072326F4FEE1
:101CD0008327C4FE9C432324F4FE0326C4FE8325ED
:101CE00084FE1725000013056575EFF0CF9F1725BB
:101CF000000013056577EFF08F9A832784FE3E85F9
:101D0000F240624405618280797106D622D40018BF
:101D1000232EA4FC232CB4FC172500001305C57644
:101D2000EFF0EF9769372326A4FE8325C4FE17251D
:101D3000000013052577EFF00F9B8327C4FE91C7A2
:101D40000327C4FEF14763FAE7008325C4FE172585
:101D500000001305E576EFF0CF9F1737010013075A
:101D600027328327C4FE9207BA97054798C71737CB
:101D700001001307E7308327C4FE9207BA979C47F8
:101D80003E868325C4FE172500001305255FEFF06E
:101D90008F95173701001307A74A8327C4FE8A07C8
:101DA000BA979C430325C4FE82970325C4FE2135C0
:101DB0008325C4FE172500001305C573EFF0AF920D
:101DC000172500001305C574EFF06F8D0100B250A8
:101DD000225445618280011106CE22CC00102326B8
:101DE000A4FE1725000013056574EFF04F8B8327C1
:101DF000C4FE85CB0327C4FE994763E4E702194775
:101E00008327C4FEB307F7403E857125AA8791EB6F
:101E100019478327C4FEB307F740930500083E85A2
:101E200019258325C4FE172500001305A571EFF0C1
:101E30004F89172500001305A572EFF04F860100AA
:101E4000F240624405618280797106D622D400187E
:101E5000232EA4FCA30704FE172500001305C5715B
:101E6000EFF0EF838325C4FD17250000130585726D
:101E7000EFF06F870966B705000C17250000130502
:101E8000A572EFF04F868327C4FD13D73700B7271D
:101E9000000CBA972324F4FE832784FE83C707002F
:101EA000A307F4FE8347F4FE3E86832584FE1725B0
:101EB00000001305A572EFF00F838327C4FD9D8BEF
:101EC0000547B317F7001397870161878307F4FE6F
:101ED000D98FE207E187A303F4FE832784FE03473B
:101EE00074FE2380E700834774FEBE85172500003B
:101EF0001305C571EFE03FFF172500001305C572FC
:101F0000EFE0FFF90100B2502254456182807971FF
:101F100006D622D40018232EA4FC232604FEA305F3
:101F200004FE172500001305E571EFE05FF7832538
:101F3000C4FD172500001305E565EFE0DFFA8326F1
:101F4000C4FD0966B705000C17250000130585714F
:101F5000EFE07FF98327C4FD13D73700B727000CC4
:101F6000BA972326F4FE8327C4FE83C70700A30580
:101F7000F4FE8347B4FE3E868325C4FE1725000089
:101F800013058572EFE03FF68327C4FD9D8B05475F
:101F9000B317F700E207E18793C7F7FF13978701AD
:101FA00061878307B4FEF98FE207E1872305F4FE1A
:101FB0008327C4FE0347A4FE2380E70017370100F0
:101FC0001307070C8327C4FD9207BA9723A40700C1
:101FD000173701001307C70A8327C4FD9207BA9772
:101FE0009C473E868325C4FD17250000130505394F
:101FF000EFE07FEF172500001305456EEFE03FEAA5
:102000000100B250225445618280797106D622D4F3
:102010000018232EA4FC172500001305E56DEFE042
:102020001FE8232604FEB707010C2326F4FE8327AE
:10203000C4FE0327C4FD98C38327C4FE9C43BE850A
:10204000172500001305856DEFE0FFE91725000057
:102050001305856EEFE0BFE40100B25022544561E4
:102060008280797106D622D40018232EA4FC232C5A
:10207000B4FC8325C4FD172500001305E56DEFE0D2
:102080001FE2832784FD13972700B707000CBA9738
:102090002326F4FE8325C4FE172500001305456E94
:1020A000EFE07FE48327C4FE9C43BE851725000034
:1020B0001305456FEFE03FE38327C4FE0327C4FD0C
:1020C00098C38327C4FE9C43BE85172500001305D3
:1020D000A570EFE05FE1172500001305E572EFE062
:1020E0001FDC0100B250225445618280797106D60E
:1020F00022D40018232EA4FC172500001305C57256
:10210000EFE0FFD9B707040013850710EFE03FBFEA
:102110002326A4FE8325C4FE17250000130505739E
:10212000EFE07FDC8327C4FDE5170547B317F70011
:1021300093C7F7FF3E878327C4FEF98FBE85B70795
:10214000040013850710EFE0BFBEB7070400138536
:102150000710EFE0DFBAAA87BE8517250000130538
:102160002571EFE05FD81725000013056573EFE0D8
:102170001FD30100B250225445618280011106CE66
:1021800022CC0010232604FE1725000013054573FA
:10219000EFE0FFD0973701009387C7E517070000EE
:1021A0001307C7B6D8D7AD451725000013058572AC
:1021B000EFE07FD397370100938787EC23A40700D4
:1021C000973701009387C7EB23A0070097370100DB
:1021D000938707EB23A2070097370100938747EA0D
:1021E00023A6070085472326F4FEE5A01737010044
:1021F000130707E98327C4FE9207BA9723A40700B1
:10220000173701001307C7E78327C4FE9207BA9761
:102210000327C4FE98C317370100130767E6832717
:10222000C4FE9207BA970947D8C3173701001307AE
:1022300027E58327C4FE9207BA9723A60700172530
:1022400000001305E56BEFE01FCA0325C4FEC13192
:10225000173701001307C7FE8327C4FE8A07BA9702
:1022600017070000130767B798C38325C4FE094505
:10227000CD3B173701001307A7E08327C4FE920761
:10228000BA978C4317370100130787DF8327C4FEF3
:102290009207BA97904717370100130767DE832725
:1022A000C4FE9207BA97D44317370100130747DDDE
:1022B0008327C4FE9207BA97DC473E8717250000A4
:1022C00013054567EFE03FC28327C4FE8507232639
:1022D000F4FE0327C4FEED47E3FAE7F00545353386
:1022E000172500001305056EEFE07FBB0100F240EB
:1022F000624405618280011106CE22CC00102326A3
:10230000A4FE172500001305256DEFE05FB9032734
:10231000C4FE994763FAE7000327C4FED54763E587
:10232000E7000325C4FED9330325C4FE313E17253B
:1023300000001305656CEFE09FB60100F2406244B7
:1023400005618280797106D622D40018232EA4FC60
:10235000232CB4FC032784FDC167634DF700C167DC
:102360009385F7FF172500001305056BEFE03FBCD1
:10237000814725A88327C4FD93870730A20723261A
:10238000F4FE832784FD1397070141878327C4FE4A
:102390002390E700032684FD8325C4FD1725000054
:1023A0001305C56AEFE0FFB185473E85B250225460
:1023B00045618280797106D622D40018232EA4FCB0
:1023C000232CB4FC032784FDC167634DF700C1676C
:1023D0009385F7FF172500001305456AEFE03FB529
:1023E00081472DA88327C4FD93870730A207910753
:1023F0002326F4FE832784FD139707014187832753
:10240000C4FE2390E700032684FD8325C4FD172521
:1024100000001305A569EFE0DFAA85473E85B250AD
:10242000225445618280797106D622D40018232E69
:10243000A4FC232CB4FC032784FD9307F00F63DC7A
:10244000E7009305F00F1725000013052569EFE05D
:102450001FAE814725A88327C4FD93870730A207B5
:10246000A1072326F4FE832784FD13F7F70F8327A4
:10247000C4FE2380E700032684FD8325C4FD1725C1
:1024800000001305E568EFE0DFA385473E85B25005
:10249000225445618280797106D622D40018232EF9
:1024A000A4FC8327C4FD93870730A207A107232636
:1024B000F4FE8327C4FE83C7070093F7F70FA18BB1
:1024C0002324F4FE832784FE8D87BE851725000014
:1024D00013054567EFE0FF9E832784FE13D737403F
:1024E00085476314F700854711A081473E85B250A8
:1024F000225445618280797106D622D40018232E99
:10250000A4FC232CB4FC032784FDC167634DF700B2
:10251000C1679385F7FF1725000013052565EFE0D8
:102520001FA181471DA08327C4FD93870730A20701
:10253000B1072326F4FE832784FD13970701418703
:102540008327C4FE2390E70085473E85B25022547E
:1025500045618280011106CE22CC00102326A4FE04
:1025600081450325C4FEF93B81450325C4FE993509
:1025700081450325C4FE453D81450325C4FEA53F95
:102580008325C4FE1725000013058561EFE07F93C6
:102590000100F240624405618280011106CE22CC26
:1025A0000010232604FE09A80325C4FE65378327EF
:1025B000C4FE85072326F4FE0327C4FE9147E3D516
:1025C000E7FE1725000013056560EFE09F8F01000F
:1025D000F240624405618280797106D622D40018E7
:1025E000232EA4FC232604FE8327C4FD9DE7172584
:1025F00000001305A560EFE0DF8C8327C4FE890788
:102600002326F4FE8327C4FE91072326F4FE8327A6
:10261000C4FEC1072326F4FEB9A00327C4FD8547E5
:10262000631EF700172500001305855FEFE07F8923
:102630008327C4FE91072326F4FE35A00327C4FD9B
:1026400089476312F7021725000013056560EFE064
:102650005F878327C4FE91072326F4FE8327C4FEE9
:10266000A1072326F4FE8327C4FE3E85B2502254E0
:1026700045618280797106D622D40018232EA4FCED
:10268000232CB4FC032584FD813F2326A4FE83254F
:10269000C4FE0325C4FD413BAA8789CB8325C4FD25
:1026A000172500001305055EEFE0BF818325C4FEFA
:1026B0000325C4FD8D3BAA8789EB8325C4FD17251F
:1026C00000001305A55EEFE09F860100B250225482
:1026D00045618280797122D60018232EA4FCAE8732
:1026E000A30DF4FC8327C4FD93870730A207A1073D
:1026F0002326F4FE8347B4FD99C78327C4FE8507CC
:102700002326F4FE09A88327C4FE91C78327C4FEAD
:10271000FD172326F4FE0100325445618280011129
:1027200006CE22CC00102326A4FE2324B4FE83254B
:1027300084FE0325C4FEC133AA8799E7172500004C
:1027400013050559EFE0AFFE0100F2406244056158
:102750008280011106CE22CC00102326A4FE232461
:10276000B4FE832584FE0325C4FEA931AA8799E718
:102770001725000013050558EFE06FFB0100F2403C
:10278000624405618280011106CE22CC001023260E
:10279000A4FE2324B4FE832584FE0325C4FE5D36F7
:1027A000AA8799E71725000013050557EFE02FF8D2
:1027B0000100F240624405618280797106D622D41C
:1027C00000182326A4FE2324B4FE2322C4FE2320C3
:1027D000D4FEBA87A30FF4FC832544FE0325C4FE70
:1027E0005D37832504FE0325C4FEA537832584FEBB
:1027F0000325C4FE2D378347F4FDBE850325C4FEA3
:10280000D13D8325C4FE1725000013052553EFE0B5
:102810004FEB0100B250225445618280011106CE77
:1028200022CC00102326A4FE81450325C4FEE53EEC
:102830008325C4FE1725000013054552EFE06FE81D
:102840000100F240624405618280797106D622D48B
:102850000018232EA4FC8327C4FD93870730A2070A
:102860002326F4FE8327C4FD93870730A207910730
:102870002324F4FE8327C4FD93870730A207A10712
:102880002322F4FE8327C4FD93870730A207B107F4
:102890002320F4FE8327C4FE83D70700C207C18329
:1028A000BE85172500001305E54DEFE08FE1832776
:1028B00084FE83D70700C207C183BE8517250000A9
:1028C0001305854EEFE0EFDF832744FE83C7070043
:1028D00093F7F70FBE85172500001305254FEFE08E
:1028E0004FDE832704FE83D70700C207C183BE855E
:1028F0001725000013050550EFE0AFDC0100B250D2
:10290000225445618280AA88AE8732883685468304
:1029100063990620B7560080938606E563F0C50CE0
:1029200041676376E60A1307F00F3337C7000E07D7
:102930003355E600AA9683C60600130500023697B3
:10294000B306E540630CE500B397D70033D7E80042
:102950003318D600B365F7003393D80093580801B5
:10296000B3D7150313160801418213570301B3F6B9
:1029700015033E85B305F602C206558F637CB7008A
:1029800042971385F7FF636707016375B7001385E7
:10299000E7FF42970D8FB3771703420313530301E9
:1029A00033571703C20733E36700B306E6023A86DC
:1029B000637BD30042931306F7FF636603016374DE
:1029C000D3001306E7FF4205518D81455DA8370509
:1029D00000014147E36EA6F4614799BF01E6054750
:1029E0003358C7024167637FE8081307F00F63732A
:1029F000070121453357A800BA9603C706001306FE
:102A000000022A97B306E6406315E608B38707413C
:102A10008545935808011316080141821357030195
:102A2000B3F61703B3D71703C206558F330EF6025A
:102A30003E85637CC70142971385F7FF63670701F3
:102A40006375C7011385E7FF42973307C741B37723
:102A5000170342031353030133571703C20733E32A
:102A60006700B306E6023A86637BD30042931306FF
:102A7000F7FF636603016374D3001306E7FF4205A3
:102A8000518D8280370700014145E365E8F66145D5
:102A900095B73318D800B3D5E7003393D800B39770
:102AA000D70033D7E800935808013366F70033F7AF
:102AB000150393170801C18313550601B3D51503F8
:102AC0004207498FB386B7022E85637CD7004297B1
:102AD0001385F5FF636707016375D7001385E5FF6D
:102AE0004297B306D74033F7160342064182B3D666
:102AF00016034207B388D702B367C700368763FC63
:102B00001701C2971387F6FF63E7070163F5170103
:102B10001387E6FFC29793150501B3871741D98D37
:102B2000CDBD63E2D514416763FFE6021307F00FE2
:102B3000B335D7008E053757008033D5B60013075D
:102B400007E52A9703470700130500022E97B305F0
:102B5000E5406311E5020545E3E5F6F233B5C8004B
:102B60001345150039BF37070001C145E3E5E6FC11
:102B7000E145D1B73353E600B396B6003363D300D3
:102B800013550301B31EB60033D6E700B376A60291
:102B9000B397B70033D7E8003368F7009317030102
:102BA000C183135708013356A602C206558F338FCF
:102BB000C702328E637CE7011A97130EF6FF636734
:102BC00067006375E701130EE6FF1A973307E741C5
:102BD000B376A7023357A702C2063386E7029317DC
:102BE0000801C183D58FBA8663FCC7009A97930604
:102BF000F7FF63E7670063F5C7009306E7FF9A975F
:102C000013150E01416E558D9306FEFF3378D500E6
:102C1000918FB3F6DE001356050193DE0E013303E8
:102C2000D802B306D602135703013308D8033698E7
:102C300042973306D6036373D70072969356070103
:102C4000369663E0C702E392C7D8C167FD177D8F50
:102C500042073373F300B398B8001A978145E3F243
:102C6000E8E27D159DB38145014521BDB2883687D7
:102C7000AA872E886398061CB7560080938606E5BF
:102C800063F8C50A4163637E66081303F00F63733C
:102C9000C30021473353E6009A9603CE06003A9EBE
:102CA000130700023303C741630CC701B3956500E6
:102CB000335EC501B31866003368BE00B317650004
:102CC00013D608013377C80213950801418193D6C2
:102CD00007013358C8024207D98E3308050363F849
:102CE0000601C69663E5160163F30601C696B38630
:102CF000064133F7C602C207C183B3D6C602B30684
:102D0000D50213150701C98F63F8D700C69763E58D
:102D1000170163F3D700C697958F33D567008145B8
:102D20008280370300014147E36666F661479DB73D
:102D300001E60546B3581603416663F3C808130657
:102D4000F00F63731601214733D6E800B29603CE25
:102D500006003A9E130700023303C7416319C707F1
:102D6000B385154113D7080113950801418113D686
:102D70000701B3F6E502B3D5E502C206D18EB3056D
:102D8000B50263F8B600C69663E5160163F3B600B4
:102D9000C696B385B640B3F6E502C207C183B3D584
:102DA000E502B305B50213950601C98F63F8B700B4
:102DB000C69763E5170163F3B700C6978D8FB1BF60
:102DC000370600014147E3E1C8F86147B5BFB39852
:102DD000680033D7C501B3176500335EC50113D54D
:102DE0000801B376A702B3956500336EBE009395D4
:102DF0000801C18113560E013357A702C206D18EB6
:102E00003387E50263F8E600C69663E5160163F3CF
:102E1000E600C6963386E640B376A602420E135EFF
:102E20000E013356A602C2063386C502B3E5C601BB
:102E300063F8C500C69563E5150163F3C500C69543
:102E4000918D0DB7E3EED5EC416763F5E604130E03
:102E5000F00F3337DE000E07B758008033D3E6009B
:102E6000938808E59A9803CE08003A9E130700025B
:102E70003303C7416317C70363E4B6006369C50042
:102E8000B307C540958D3335F5003388A5403E85A1
:102E9000C28579B5B70800014147E3EF16FB6147EA
:102EA00065BF3357C601B3966600336FD700B3D7FB
:102EB000C50113570F01B3F8E702B3956500335806
:102EC000C5013368B80093150F01C18193560801FD
:102ED0003316660033156500B3D7E702C208B3E6C0
:102EE000D800B38EF502BE8863FCD601FA969388AB
:102EF000F7FF63E7E60163F5D6019388E7FFFA96EB
:102F0000B386D641B3FEE602420813580801B3D691
:102F1000E602C20EB3EE0E01B385D502B68763FC9E
:102F2000BE00FA9E9387F6FF63E7EE0163F5BE00ED
:102F30009387E6FFFA9EB385BE40C208C16EB3E830
:102F4000F8009387FEFF33F8F8009356060193D8F4
:102F50000801F18F3307F802B387F8023308D8026B
:102F6000B388D8023E9893560701C29663F3F600E1
:102F7000F698C167FD1713D80601FD8EC2067D8F36
:102F8000C298369763E61501639C1501637AE500E4
:102F90003306C7403337C7007A97B388E840328793
:102FA0003307E5403335E500B3851541898DB39787
:102FB000C5013357670033E5E700B3D565008DB32E
:102FC000370810007D180111B377B80013D74501F9
:102FD0003378D80093D8460122CC8E071374F77F3C
:102FE0001357D50126CAD98F93D4F5011357D601AB
:102FF00093F8F87F93D5F6010E0806CE4AC84EC660
:103000000E05336707010E06B30614416395B4221B
:103010006351D00E63980802B365C700638B052027
:103020009385F6FF89E92A963335A600BA97AA97C1
:1030300032850544B1A81308F07F639D060113048F
:10304000F07F71AA9305F07F630BB418B705800079
:103050004D8FB6859306800363C9B608FD4663C0ED
:10306000B606130800023308B840B3160701B35878
:10307000B60033160601B3E616013336C000558E8E
:103080003357B7002A963E97B337A600BA973285D2
:10309000139787006355071405041307F07F630532
:1030A000E448B70680FFFD16FD8E9355150005898F
:1030B0009397F6014D8D5D8D93D716000DA29386E3
:1030C00005FE93080002B356D70001486388150136
:1030D00013080004B305B8403318B7003366C800BE
:1030E0003336C000558E014771BF598E3336C0004C
:1030F000DDBFD5CAB38588400DE4B3E6A700638C75
:1031000006409386F5FF99E63295BA973336C500A7
:10311000B29705B71308F07F639D0501BA87328522
:1031200039BF9306F07FE38BD8FEB7068000D58FBA
:10313000AE869305800363C4D506FD4563CBD502F7
:10314000130800023308D8403353D500B395070164
:1031500033150501B3E565003335A0004D8DB3D6B9
:10316000D7003295B387E6003336C500B297468460
:1031700005B7938506FE13030002B3D5B7000148D7
:103180006388660013080004B306D8403398D7005C
:103190003365A8003335A0004D8D8146D9B75D8DCC
:1031A0003335A000DDBF9306140093F5E67FBDE143
:1031B000B3E6A70029E463840636B366C70085C278
:1031C0002A96BA973335A600AA97139787003285B7
:1031D00063570700370780FF7D17F98F0544137782
:1031E0007500630507341377F50091466300D73403
:1031F0009306450033B5A600AA97368505AE99DE3D
:10320000598EE30E06E28144B707400001451304DE
:10321000F07F29AE9305F07F6386B6302A963E97FD
:10322000B337A6003E971315F7010582518D9357CA
:10323000170036846DB76356D00C63910808B365E8
:10324000C700E5D99385F6FF91E93306C5403335CC
:10325000C500998F898F32850544B1A01308F07F8E
:10326000E38F06DD9306800363C9B608FD4663C09D
:10327000B606130800023308B840B3160701B35866
:10328000B60033160601B3E616013336C000558E7C
:103290003357B7003306C5403387E740B337C5001F
:1032A000B307F740328513978700E35A07F23709CF
:1032B00080007D1933F92701AA8975A29305F07F53
:1032C000E30FB4F0B70580004D8FB68561BF9386DC
:1032D00005FE93080002B356D70001486388150124
:1032E00013080004B305B8403318B7003366C800AC
:1032F0003336C000558E014771BF598E3336C0003A
:10330000DDBFF9C23388884015E8B3E6A700638FB4
:1033100006269306F8FF91EA3305A640B307F74067
:103320003336A600918FAE8405BF1303F07F631F71
:103330006800BA8732851304F07F7DA09306F07F82
:10334000E389D8FEB7068000D58FC28613088003B4
:103350006348D8067D48634ED80213030002330346
:10336000D340335ED500339867003315650033686A
:10337000C8013335A0003365A800B3D6D7003305A4
:10338000A640B307D7403336A600918F4684AE845B
:1033900019BF138806FE130E000233D8070101433C
:1033A0006388C60113030004B306D3403393D700E8
:1033B0003365A3003335A0003365A8008146C1B74B
:1033C0005D8D3335A000DDBF9306140093F6E67FD4
:1033D000B5E633E8A700B366C70031E46318080018
:1033E000638A061ABA873285AE84D5BBE38906DEC6
:1033F0003308C540B3380501B386E740B3861641AC
:103400009398860063DA08003305A640B307F740B7
:103410003336A600918FC9BF3365D8006300051805
:10342000B68742856DBB63180800638B0616BA87A2
:103430003285AE8429B1E38406C0F1B3B309C54037
:10344000B33635013389E7403309D94093168900F3
:1034500063D80606B309A640B307F74033363601F2
:103460003389C740AE84630309064A85EF00B02C58
:10347000130785FFFD4763C1E70693060002998E97
:10348000B317E900B3D6D900DD8E3395E900634E5A
:103490008706018F930717007D466345F6041307DF
:1034A00000021D8FB355F5003396E6003315E50095
:1034B0004D8E3335A000518DB3D7F600014405B3CE
:1034C00033E529014DF181470144F9A04E85EF0014
:1034D00090261305050269BF130585FDB396A90063
:1034E000014575B705179305000233D7E60001467D
:1034F0006387B700130600041D8E3396C600518DF6
:103500003335A000598D814755BFB70780FFFD17A0
:10351000198CF58FE9B1BA8732852E84C9B1BA8783
:10352000328575B91304F07F8147014513978700F1
:10353000635B070005041307F07F6308E4063707A1
:1035400080FF7D17F98F1397D7010D81598D1307D0
:10355000F07F8D836319E4005D8D814709C5B7074E
:1035600008000145814413174401B706F07FB207F4
:10357000F2406244758FB183FE04D98F33E7970020
:103580004249D244B249BA8505618280BA87328500
:10359000428499BD81470145814449BF8147EDBFC0
:1035A00001458144B70740009DB18147014561BF96
:1035B000370780007D17935675013378A70013D61F
:1035C00075019357F50193F6F60F1305F00F6D8F04
:1035D0001376F60FFD816395A60005456314080276
:1035E0001305F00F6314A600054509EF0545639B1D
:1035F000C6006319E8006386B70089E63335000129
:1036000082800145828093567501B7078000FD17BF
:1036100013D7750193F6F60F1308F00F33F6A700D2
:103620001377F70FED8F7D81FD816395060139C218
:103630000945828063130701E5FF9DEE11E38DCB01
:1036400001CA6314B5006359D7000DC17D5582804E
:103650007D5591C52E85828063D4E60065D9828030
:10366000E3E5C7FEE36CF6FE0145828005458280F6
:1036700065DEE1BFE302D7FC69F7E1DBD9B70111F1
:103680004AC81359750126CA4EC652C493149500F0
:1036900006CE22CC56C21379F90F2E8AA5809359F3
:1036A000F501630609069307F00F630FF9068E0410
:1036B000B7070004DD8C130919F8814A93577A0182
:1036C00013149A0093F7F70F2580135AFA01B5C720
:1036D0001307F00F638FE7060E0437070004598CB9
:1036E000938717F8014793962A00D98ECA97FD163B
:1036F000B94533C549011386170063E5D506B757A9
:103700000080938747E18A06BE969C4282879DC0CF
:103710002685EF0050029307B5FF1309A0F8B39474
:10372000F4003309A94051BF1309F00F894AD9D4D5
:103730008D4A69B70149854A51B715C02285EF0006
:10374000807F9307B5FF3314F4009307A0F8898FA7
:1037500051BF9307F00F094759D40D4769B7814707
:10376000054751B741679308F7FF93D60401935576
:103770000401B3F414013374140133089402338444
:103780008602B386B602B385950293540801A295CA
:10379000AE9463F38400BA9633F71401420733788A
:1037A0001801429713146700C18033348000698385
:1037B000B694418F9A0433E4E400139744006357AE
:1037C00007069357140005885D8C1307F6076351AD
:1037D000E0069377740099C79377F400914663836A
:1037E000D70011049317440063D80700B70700F807
:1037F000FD177D8C130706089307E00F0D8063DD2E
:10380000E70601441307F00F85A84E8526845687E6
:103810008947E308F7FE8D47630BF7048547E316F6
:10382000F7FA0144014789A85285DDB73E8671BF8A
:103830008547998F6D47E346F7FE1306E609B357B0
:10384000F4003314C400333480005D8C937774002B
:1038500099C79377F40011476383E7001104931726
:1038600054000D80E3D007FC0144054731A0370424
:1038700040001307F00F01455E07B707807F26045D
:103880007D8F2580598C7E05F240418D6244D24463
:103890004249B249224A924A05618280B7068000B5
:1038A0004111FD161356750193D87501B3F7A600A3
:1038B00026C2ED8E4AC01376F60F9354F50193F8A5
:1038C000F80F06C622C41305F00F32898E0746870B
:1038D000FD818E066393A80099E293C51500330815
:1038E000164163929512635D000763920804638E2C
:1038F00006267D1863160802B697328793965700FE
:1039000063DD060C05079306F00F6306D726B7069E
:10391000007E13F61700FD168583F58FD18F75A8ED
:103920001307F00F631CE6001307F00F7DA01307C9
:10393000F00FE30BE6FE37070004D98EED4505478F
:1039400063CE050113070002B3D506013308074112
:10395000B3960601B336D00033E7D500BA9771BFEE
:10396000630A0804B385C84009EE63820720FD1589
:1039700099E1B69761B71306F00F639BC800B6874D
:1039800065B71306F00FE38CC8FE37060004D18F2D
:103990006D450546634DB500130600020D8E33D507
:1039A000B700B397C700B337F0003366F500B3072D
:1039B000D600A9B79305160013F7E50F0DEF0DEA32
:1039C0006387071A99CAB6979396570063D706007C
:1039D000370700FC7D17F98F054793F67700638D55
:1039E000061893F6F70011466388C618910769A276
:1039F000D9D79DDA09AA1307F00F638CE516B6979D
:103A000085832E87D9BF63570007639B08043287DD
:103A1000E9D67D18631D0800958F93965700E3DE65
:103A200006FA370400047D147D8C3A89E5A89305D5
:103A3000F00F1307F00FE302B6FAED45054763CE2A
:103A4000050113070002B3D5060133080741B396F9
:103A50000601B336D00033E7D500998F328775BFA2
:103A60009305F00F1307F00FE309B6F637070004CC
:103A7000D98EE1B7630C08043385C84019EEB9CF7D
:103A80007D1509E5B387F640AE8441BF1306F00FFC
:103A9000639CC800B687AE8441BD1306F00FE38B6C
:103AA000C8FE37060004D18F6D480546634DA80057
:103AB00013060002098E33D8A700B397C700B337A7
:103AC000F0003366F800B387C6407DBF13071600C9
:103AD0001377E70F1DEF0DE681E785C2B68719A8BA
:103AE000E38D06EE3386D740131556006356050066
:103AF000B387F640AE84D5B571E681478144ADA861
:103B0000E39907EEC1FA8144B70700021307F00FEB
:103B1000A5A03384D74013175400635D0702338494
:103B2000F640AE84228501291307B5FF3314E40063
:103B30006346270333072741050793060002B3575F
:103B4000E4003387E6403314E40033348000C18F4F
:103B5000014761B561F8814701474DB7B70700FCE0
:103B6000FD173307E940E18F8DBD3287BDB5B687BC
:103B7000ADB51307F00F81479396570063DB06003E
:103B800005079306F00F6301D704B70600FCFD1686
:103B9000F58F9306F00F8D836316D70081C7B707A3
:103BA00040008144B24022443705807F5E07A6076B
:103BB000698FA5831395F401D98F924402495D8DD5
:103BC00041018280B28711BD8147E1B7370680008D
:103BD000135775019307F6FF1377F70F9305E00767
:103BE000E98F9356F50163F1E5049305D00963F875
:103BF000E500370500801345F5FF3695828033E5F3
:103C0000C7009307500963DAE7001307A7F63315D7
:103C1000E50081CE3305A040828093076009338799
:103C2000E7403355E500F5B701458280411106C6EE
:103C300022C426C255C59357F54133C4A7001D8C35
:103C40009354F5012285C52C9307E0092A87338513
:103C5000A7409307600963C4A702A14763D5E700A3
:103C600061173314E40026045E052580498C139502
:103C7000F401B240418D2244924441018280930775
:103C8000900963DDA7009547998F9306B701B35755
:103C9000F4003314D400333480005D8C954763D630
:103CA000E7009307B7FF3314F400B70700FCFD17D4
:103CB00093767400E18F91C63D8891466303D400EA
:103CC00091079396570063DA0600B70600FCFD16CD
:103CD0001304F009F58F3305E44013D4370061B7BE
:103CE0008144014449B7411122C406C62A84814750
:103CF00019CD91249307E009898F13076009634167
:103D0000F70221476355A70061153314A400260468
:103D1000258013957701B240418D22444101828074
:103D200013079009635DF7001307B5019546331734
:103D3000E400898E3337E0003354D400598C1547A2
:103D40006356A7001307B5FF3314E400370700FCE0
:103D50007D1793767400618F91C63D889146630309
:103D6000D40011079316570063D90600B70700FC6B
:103D7000FD177D8F9307F009898F1354370041BFDA
:103D800093577501411193F7F70F22C426C21314FC
:103D900095009354F5011385170006C61375E50FBA
:103DA00025800DC513850738935734007604B20774
:103DB0005205B183C98F1395F401B24033E7A700D0
:103DC000228522449244BA854101828095EB65D0D8
:103DD00022859522A94763CFA700AD47898F130796
:103DE0005501B357F4003314E4001307903833053A
:103DF000A74075BF930755FFB317F4000144F5B70B
:103E0000814719C493573400370708007604D98FC7
:103E10001305F07F69BF1396C50013D8450193576A
:103E2000D5011378F87F25825D8E9307180093F7EC
:103E3000E77FFD8113173500D1C3930608C89307A8
:103E4000E00F63CBD7086342D006A55763CAF60CD0
:103E5000B707800079455D8E158DFD4763C3A702C6
:103E6000130828C8B3170701B337F000331606014B
:103E70003355A700D18FC98F814613F7770025C32B
:103E800055A0F957B386D74093070002B356D60022
:103E900081486306F500130828CAB3180601B3E782
:103EA000E800B337F000D58FC1BF1A053335A00045
:103EB0000E069357D701498ED18FC1B7B367E6007D
:103EC00063150800B337F00045BF9306F00F81CBB0
:103ED0000E06B7070002CDB781479306F00F139780
:103EE0005700635B070085061307F00F6383E60442
:103EF000370700FC7D17F98F1307F00F8D8363964A
:103F0000E60081C7B707400081453705807FDE06A0
:103F1000A607E98EA583D58F1395F5015D8D828067
:103F20008547814613F7F7001146E30AC7FA910760
:103F30007DB78147D1B7C1676376F5029307F00F6C
:103F4000B3B7A7008E0737570080930600029D8EF7
:103F50003355F500930707E53E9503450500338586
:103F6000A640828037070001C147E36EE5FCE147C8
:103F7000D9BFB367B5008D8BB1EF9841B7867F7F0E
:103F80009386F6F7B377D700B697D98FD58F7D563E
:103F9000639BC7042A867D5818C2D8419105110633
:103FA000B377D700B697D98FD58FE38707FF83C73D
:103FB000050003C7150083C625002300F60099C736
:103FC000A300E60001C72301D60091E28280A3018D
:103FD00006008280AA8703C7050085078505A38F91
:0A3FE000E7FE75FB82802A86D9B740
:103FF0000A45726173696E672E2E2E0A000000005A
:104000000A457261736520636F6D706C6574652E0F
:104010000A0000000A57726974696E672E2E2E001E
:104020002E0000000A0A577269746520636F6D7074
:104030006C6574652E0A00000A506C65617365201A
:1040400072657365742E0A000A20636D643A202538
:10405000783B64313A2025783B2064323A20257839
:1040600000000000666C617368207374617475737E
:104070002072656769737465722076616C2025789B
:104080000A0000004465766963652049442025786C
:10409000200A000065787472616374656420646549
:1040A00076696365206964202578200A0000000095
:1040B00061646472203D2025782064617461203D34
:1040C0002025780A0000000048AFBC9AF2D77A3E5B
:1040D0000A657874726163745F69655F636F6465B4
:1040E00020656E74657265640A000000657863651A
:1040F0007074696F6E20636F6465203D2025780AB7
:1041000000000000657874726163745F69655F63C5
:104110006F6465206578697465640A000A64656681
:1041200061756C745F68616E646C657220656E7435
:10413000657265640A0000000A68616E646C655F00
:104140007472617020656E74657265640A000000A7
:104150000A547261703A206D6361757365203D2069
:1041600025782C20657063203D2025780A0000000A
:1041700073697A656F662875696E74707472292028
:10418000203D202564200A00536F75726365206FFF
:104190006620547261703A20496E7465727275704F
:1041A000740A0000536F75726365206F6620547245
:1041B00061703A20536F6674776172650A0000007F
:1041C00068616E646C655F74726170206578697493
:1041D00065640A000A2070616E6963200A000000AD
:1041E000286E756C6C290000DECFFFFF20D0FFFF2A
:1041F000B0D2FFFFDAD0FFFFB0D2FFFFB0D2FFFF97
:10420000B0D2FFFFB0D2FFFFB0D2FFFFCCCFFFFF95
:10421000B0D2FFFFB0D2FFFFC2D1FFFFB0D2FFFF8D
:10422000B0D2FFFFB0D2FFFFF2CFFFFFB0D2FFFF4F
:104230004ED1FFFFB0D2FFFFB0D2FFFF36D2FFFF5B
:10424000747261705F696E697420656E7465726501
:1042500064200A2000000000747261705F696E695A
:104260007420657869746564200A2000696E697439
:1042700020656E7465726564200A2000696E697439
:10428000206578697465640A000000000A636F6E37
:104290006669677572655F636F756E7465722065B8
:1042A0006E74657265640A006D74696D65636D7026
:1042B0002076616C7565203D2025640A00000000B1
:1042C0006D74696D652076616C7565203D2025648F
:1042D0000A0000000A636F6E6669677572655F6346
:1042E0006F756E746572206578697465640A000084
:1042F0000A6D6163685F636C696E745F68616E64A8
:104300006C657220656E74657265640A0000000059
:104310006D74696D65636D702076616C7565203DA7
:104320002025780A000000006D74696D65207661B3
:104330006C7565203D2025780A0000006D6163687A
:104340005F636C696E745F68616E646C6572206532
:1043500078697465640A00000A696E746572727522
:1043600070745F636F6D706C65746520656E7465E5
:104370007265640A00000000696E7465727275707F
:10438000742069642025642C207374617465206333
:1043900068616E67656420746F2025640A00000000
:1043A000696E74657272757074206964203D202591
:1043B00078200A20726573657420746F20646566C6
:1043C00061756C742076616C7565732073746174AB
:1043D00065203D20257820090920200A2070726977
:1043E0006F72697479203D2025780A20636F756E9D
:1043F00074203D2025780A00696E746572727570AC
:10440000745F636F6D706C65746520657869746541
:10441000640A00000A696E746572727570745F6375
:104420006C61696D5F7265717565737420656E741A
:10443000657265640A000000696E74657272757059
:1044400074206964205B25785D20636C61696D650B
:104450006420206174206164647265737320257820
:104460000A000000696E746572727570745F636C27
:1044700061696D5F726571756573742065786974C3
:1044800065640A000A6D6163685F706C69635F68E8
:10449000616E646C657220656E74657265640A0095
:1044A000696E7465727275707420696420636C61E2
:1044B000696D6564203D2025780A000046617461BD
:1044C0006C206572726F722C20696E7465727275E1
:1044D0007074206964205B25785D20636C61696D70
:1044E00065642069732077726F6E670A00000000B0
:1044F000696E746572727570742069642025642019
:10450000636F6D706C657465200A00000A6D6163ED
:10451000685F706C69635F68616E646C657220656A
:1045200078697465640A00000A6973725F6465667D
:1045300061756C7420656E74657265640A000000B4
:10454000696E74657272757074205B25645D20738A
:10455000657276696365640A000000000A69737217
:104560005F64656661756C74206578697465640A5A
:10457000000000000A696E746572727570745F6580
:104580006E61626C6520656E7465726564200A00F8
:10459000696E746572727570745F6964203D202560
:1045A000780A0000504C4943204241534520414481
:1045B0004452455353203D2025782C20504C4943EC
:1045C00020454E41424C45204F4646534554203DE0
:1045D0002025780A00000000696E7465727275709B
:1045E000745F656E61626C655F61646472203D201A
:1045F00025782063757272656E745F76616C75657F
:10460000203D202578200A0076616C756520726552
:1046100061643A206E65775F76616C7565203D2038
:1046200025780A000A696E746572727570745F6528
:104630006E61626C6520657869746564200A0000AB
:104640000A696E746572727570745F646973616211
:104650006C6520656E7465726564200A0000000058
:10466000504C494320424153452041444452455314
:1046700053203D2025782C20504C494320454E4165
:10468000424C45204F4646534554203D2025782036
:10469000696E746572727570745F6964203D20255F
:1046A000780A0000696E746572727570745F64696F
:1046B0007361626C655F61646472203D20257820BF
:1046C00063757272656E745F76616C7565203D20EE
:1046D0002578200A00000000696E7465727275709A
:1046E000745F64697361626C652065786974656480
:1046F0000A0000000A73657420696E746572727531
:1047000070745F7468726573686F6C6420656E7432
:10471000657265640A000000706C696320746872D9
:104720006573686F6C642073657420746F202564F2
:104730000A00000073657420696E7465727275708A
:10474000745F7468726573686F6C642065786974EF
:1047500065640A000A2073657420696E746572725C
:10476000757074207072696F7269747920656E74E7
:10477000657265642025780A00000000696E746522
:1047800072727570745F7072696F726974795F614B
:10479000646472657373203D2025780A0000000070
:1047A00063757272656E7420646174612061742037
:1047B000696E746572727570745F7072696F726918
:1047C00074795F61646472657373203D2025780A93
:1047D00000000000206E65772064617461206174C0
:1047E00020696E746572727570745F7072696F7231
:1047F0006974795F61646472657373203D20257804
:104800000A00000073657420696E746572727570B9
:1048100074207072696F7269747920657869746543
:10482000640A00000A636F6E6669677572652069C5
:104830006E746572727570742070696E20656E7426
:10484000657265640A0000004750494F2044495290
:10485000454354494F4E20524547495354455220F1
:1048600056414C5545203D2025780A00446174612D
:10487000207772697474656E20746F204750494FB9
:1048800020444952454354494F4E204354524C20F2
:10489000524547203D2025780A000000636F6E6670
:1048A000696775726520696E7465727275707420BF
:1048B00070696E206578697465640A000A706C69B5
:1048C000635F696E697420656E74657265640A0061
:1048D00041737369676E6564206D6163685F706CB6
:1048E00069635F68616E646C657220746F207472B6
:1048F0006170206964203A2025640A000A2A2A2A65
:104900002A2A2A2A2A2A2A2A2A2A2A2A2A2A2A2A07
:104910002A2A2A2A2A2A2A2A2A2A2A2A2A2A2A2AF7
:104920002A2A2A2A2A2A2A2A2A2A2A2A2A00000065
:104930000A696E74657272757074206964203D2016
:104940002578200A726573657420746F206465662B
:1049500061756C742076616C756573207374617415
:1049600065203D2025782009090920200A707269F8
:104970006F72697479203D2025780A636F756E74B3
:10498000203D2025780A2009090920200A2A2A2A00
:104990002A2A2A2A2A2A2A2A2A2A2A2A2A2A2A2A77
:1049A0002A2A2A2A2A2A2A2A2A2A2A2A2A2A2A2A67
:1049B0002A2A2A2A2A2A2A2A2A2A2A2A2A2A0000AB
:1049C000706C69635F696E69742065786974656489
:1049D000200A00000A636F6E6669677572655F6919
:1049E0006E7465727275707420656E74657265643C
:1049F000200A0000636F6E6669677572655F696E95
:104A00007465727275707420657869746564200AC3
:104A1000000000000A506572696F64205265676982
:104A2000737465722056616C756520686967686586
:104A300072207468616E206D61782076616C756596
:104A400020282578290000000A20506572696F64CB
:104A5000205265676973746572206F66206D6F649C
:104A6000756C65206E756D626572202564207365B6
:104A70007420746F202578000A447574792052657B
:104A80006769737465722056616C75652068696723
:104A9000686572207468616E206D61782076616C43
:104AA00075652028257829000A20447574792052DC
:104AB00065676973746572206F66206D6F64756CCD
:104AC00065206E756D6265722025642073657420A3
:104AD000746F2025780000000A436F6E74726F6C4B
:104AE0002052656769737465722056616C75652024
:104AF000686967686572207468616E206D617820EE
:104B000076616C7565202825782900000A20436F9E
:104B10006E74726F6C205265676973746572206F72
:104B200066206D6F64756C65206E756D62657220B0
:104B300025642073657420746F20257800000000C0
:104B40000A2052756E6E696E6720696E20636F6E03
:104B500074696E756F7573206D6F646528312F30C1
:104B6000293A2025640000000A436C6F636B2052D1
:104B7000656769737465722056616C756520686934
:104B800067686572207468616E206D617820766157
:104B90006C75652028257829000000000A20416CEA
:104BA0006C20726567697374657273206F66206D1F
:104BB0006F64756C65206E756D626572202564206A
:104BC000636C6561726564000A20416C6C205265FB
:104BD0006769737465722076616C756573206F66A2
:104BE00020616C6C206D6F64756C657320636C65FF
:104BF00061726564000000000A2043757272656E80
:104C000074204D6F64756C65206973207365742022
:104C1000746F2050574D206D6F6465000A204375F6
:104C20007272656E74204D6F64756C6520697320B7
:104C300073657420746F2074696D6572206F6E6384
:104C400065206F6E6C79206D6F6465000A20437576
:104C50007272656E74204D6F64756C652069732087
:104C600073657420746F2074696D657220636F6E54
:104C700074696E756F7573206D6F64650000000058
:104C80000A2050574D206D6F64756C65206E756DF0
:104C900062657220256420686173206265656E20FC
:104CA000656E7465726564000A2050574D206D6F03
:104CB00064756C65206E756D626572202564206E6A
:104CC0006F7420656E746572656400000A20457219
:104CD000726F7220696E2073657474696E672063E9
:104CE0006C6F636B20726567697374657200000096
:104CF0000A204572726F7220696E20736574746940
:104D00006E67206475747920726567697374657263
:104D1000000000000A204572726F7220696E2073D5
:104D2000657474696E6720706572696F642072655E
:104D300067697374657200000A50574D202564201E
:104D400073756363657366756C6C7920636F6E66EB
:104D500069677572656400000A2050574D206D6FB9
:104D600064756C65206E756D6265722025642068BF
:104D70006173206265656E2073746F707065640086
:104D80000A5468652076616C7565206F66207065D1
:104D900072696F64207265676973746572206973E4
:104DA000202578000A5468652076616C7565206F4F
:104DB0006620647574792072656769737465722002
:104DC00069732025780000000A5468652076616CBC
:104DD0007565206F6620636F6E74726F6C207265EC
:104DE000676973746572206973202578000000007C
:104DF0000A5468652076616C7565206F6620636C67
:104E00006F636B20726567697374657220697320C4
:104E10002578000010380080103800802838008085
:104E20000C3800800C3800806E38008028380080F4
:104E30000C3800806E3800800C38008028380080E4
:104E40000A3800800A3800800A3800806E380080F6
:104E50000001020203030303040404040404040421
:104E600005050505050505050505050505050505F2
:104E700006060606060606060606060606060606D2
:104E800006060606060606060606060606060606C2
:104E900007070707070707070707070707070707A2
:104EA0000707070707070707070707070707070792
:104EB0000707070707070707070707070707070782
:104EC0000707070707070707070707070707070772
:104ED0000808080808080808080808080808080852
:104EE0000808080808080808080808080808080842
:104EF0000808080808080808080808080808080832
:104F00000808080808080808080808080808080821
:104F10000808080808080808080808080808080811
:104F20000808080808080808080808080808080801
:104F300008080808080808080808080808080808F1
:104F400008080808080808080808080808080808E1
:104F50001000000000000000037A5200017C0101F3
:104F60001B0D020010000000180000009AD9FFFF7E
:104F70006603000000000000100000002C0000008C
:0C4F8000ECDCFFFF540300000000000008
:104F8C000000020004000200080002000C000200F5
:104F9C001000020014000200180002001C000200A5
:104FAC00200002002400020028000200FCFF018007
:104FBC0054A90180AC52018054A90180F8BF0002B1
:044FCC00004000029F
:104FEC0000400000970200009382020E7390523032
:104FFC00AD4273B0023085629382828873B04230C6
:10500C00B72F000C137E0E00130E0E002380CF0161
:10501C00A380CF012381CF01A381CF01B70F000C57
:10502C00137E0E002380CF01A380CF012381CF01FB
:10503C00A381CF0181400141814101428142014361
:10504C008143014481440145814501468146014724
:10505C0081470148814801498149014A814A014BF4
:10506C00814B014C814C014D814D014E814E014FC4
:10507C00814F97D1000093812174138581E997E5C5
:10508C000000938565F9014610C16374B5001105E4
:10509C00E5BF1385819D938541A1014610C16374C1
:1050AC00B5001105E5BF170102001301A1F317E2CA
:1050BC000000130292FA137202FC6F00304C01A034
:1050CC0000000000197101001300000006C20AC4A0
:1050DC000EC612C816CA1ACC1ECE22D026D22AD47C
:1050EC002ED632D836DA3ADC3EDEC2C0C6C2CAC4CC
:1050FC00CEC6D2C8D6CADACCDECEE2D0E6D2EAD45C
:10510C00EED6F2D8F6DAFADCFEDE73252034F3257F
:10511C0010340A86EF00800B731015349240224134
:10512C00B2414242D2426243F2430254925422555B
:10513C00B2554256D2566257F257064896482649FF
:10514C00B649464AD64A664BF64B065C965C265DDB
:10515C00B65D465ED65E665FF65F09617300203011
:10516C000000797106D622D40018232EA4FC17B5A2
:10517C0000001305E52A212A0327C4FDB707008088
:10518C0093C7F7FFF98F2326F4FE8325C4FE17B5CA
:10519C0000001305A52A812217B500001305852BE5
:1051AC00FD208327C4FE3E85B25022544561828087
:1051BC00011106CE22CC00102326A4FE2324B4FE1B
:1051CC0017B500001305852AD92001A0797106D6E0
:1051DC0022D40018232EA4FC232CB4FC232604FE7A
:1051EC00232404FE17B500001305052A4D200326C1
:1051FC0084FD8325C4FD17B500001305652A5528C9
:10520C00914517B500001305A52BF120FD4723246C
:10521C00F4FE832784FE0547B317F7003E878327E8
:10522C00C4FDF98F85CB0325C4FD253F2326A4FEA1
:10523C0017B500001305452AAD28138781E983278C
:10524C00C4FE8A07BA979C43832584FD0325C4FDBD
:10525C00829715A017B500001305C5299928138747
:10526C0081ED8327C4FD8A07BA979C43832584FD6F
:10527C000325C4FD829717B5000013056529012885
:10528C00832784FD3E85B2502254456182805D7136
:10529C0022D60018232EA4FC4CC010C454C418C829
:1052AC005CC8232C0401232E1401010032546161CB
:1052BC0082805D7122D60018232EA4FC4CC010C431
:1052CC0054C418C85CC8232C0401232E14010100FB
:1052DC003254616182805D7122D60018232EA4FCA9
:1052EC004CC010C454C418C85CC8232C0401232E11
:1052FC00140101003254616182805D7122D6001864
:10530C00232EA4FC4CC010C454C418C85CC8232C55
:10531C000401232E140101003254616182805D71FD
:10532C0022D60018232EA4FC4CC010C454C418C898
:10533C005CC8232C0401232E14010100325461613A
:10534C0082805D7106D622D40018232EA4FC4CC09A
:10535C0010C454C418C85CC8232C0401232E140197
:10536C0093070402232CF4FC832784FD9117232636
:10537C00F4FE8327C4FEBE850325C4FD912A17B510
:10538C0000001305251A353701A02971232E11129F
:10539C00232C8112232A2113232831132326411372
:1053AC0023245113232261132320711380022324FD
:1053BC00A4EC2326B4EC2322C4EC232E04FC232CD3
:1053CC0004FC832744EC3E8B814B032784EC83271E
:1053DC00C4EC5A86DE863A85BE85EF70D05C2A878F
:1053EC00AE878327C4FD8A07930604FEB69723ACC9
:1053FC00E7EE832744EC3E8981498327C4EC4E8732
:10540C0063E4E7048327C4EC4E876397E7008327A4
:10541C0084EC4A8763EAE702832744EC3E8A814A9C
:10542C005286D686032584EC8325C4ECEF7050217C
:10543C002A87AE872324E4EC2326F4EC8327C4FDCF
:10544C008507232EF4FCB5BF01008327C4FD850717
:10545C00232EF4FC91A08327C4FD8A07130704FEB6
:10546C00BA9703A787EFA54763F7E7009307700583
:10547C00232CF4FC29A093070003232CF4FC832792
:10548C00C4FD8A07130704FEBA9703A787EF832787
:10549C0084FDBA973E85C9298327C4FD1387F7FF7E
:1054AC00232EE4FCE349F0FA010001008320C11330
:1054BC00032481130329411383290113032AC112E5
:1054CC00832A8112032B4112832B011231618280BA
:1054DC001D7186CEA2CCA6CACAC880102326A4FAF7
:1054EC002324B4FA93070000232CF4FC232804FA99
:1054FC00232A04FA232C04FA232E04FA232004FC76
:10550C00232204FC232404FC231604FC11A8638D21
:10551C000438268591298327C4FA85072326F4FAB3
:10552C008327C4FA83C70700BE8493075002E39015
:10553C00F4FE8327C4FA85072326F4FA8327C4FADA
:10554C00232AF4FC232204FE232E04FC8327C4FA12
:10555C00138717002326E4FA83C70700BE8493073A
:10556C0050026380F4329307500263CFF4309307F8
:10557C00800763CB97309307300663C7F43093876B
:10558C00D4F955476362F7301397270097B700009B
:10559C00938787FABA97984397B700009387C7F910
:1055AC00BA978287832744FE85072322F4FE85471A
:1055BC00232EF4FCD5A4832784FA138747002324D5
:1055CC00E4FA9C433E854D26C1AC832784FA1387AD
:1055DC0047002324E4FA03A90700631A090017B94A
:1055EC0000001309E9F421A02685BD2E0509834787
:1055FC000900BE84F5F84DA4A9472328F4FC032721
:10560C0044FE854763D1E702832784FA9D07E19B1B
:10561C00138787002324E4FA9843DC432324E4FE15
:10562C002326F4FE3DA8032744FE8547631FF7009D
:10563C00832784FA138747002324E4FA9C4323240A
:10564C00F4FEFD872326F4FE29A8832784FA13870A
:10565C0047002324E4FA9C432324F4FEFD872326ED
:10566C00F4FE032784FE8327C4FE63DB07021305C5
:10567C00D002DD2C032584FE8325C4FE014781471F
:10568C003306A740328833380701B386B740B38757
:10569C000641BE863287B6872324E4FE2326F4FE19
:1056AC00832704FD3E86032584FE8325C4FEF13941
:1056BC00E5A2832784FA9D07E19B138787002324A7
:1056CC00E4FA9843DC433A85BE85EFA02044AA87D0
:1056DC00232CF4FC930704FB1946BE85032584FD9B
:1056EC00EF00100D232004FE25A0832704FE1307D2
:1056FC0004FFBA9783C707FC3E85BD24032704FE2D
:10570C00F54763C0E702832704FE85072320F4FED8
:10571C00832704FE130704FFBA9783C707FCF1F72E
:10572C00A5AA010095AAA9472328F4FC032744FE47
:10573C00854763D1E702832784FA9D07E19B138792
:10574C0087002324E4FA9843DC432324E4FE232635
:10575C00F4FE1DA8832744FE89CF832784FA138780
:10576C0047002324E4FA9C432324F4FE232604FE5E
:10577C0021A8832784FA138747002324E4FA9C4347
:10578C002324F4FE232604FE832704FD3E860325F2
:10579C0084FE8325C4FED53E01A2A1472328F4FC38
:1057AC00032744FE854763D1E702832784FA9D07CC
:1057BC00E19B138787002324E4FA9843DC432324DA
:1057CC00E4FE2326F4FE1DA8832744FE89CF8327FD
:1057DC0084FA138747002324E4FA9C432324F4FE21
:1057EC00232604FE21A8832784FA13874700232449
:1057FC00E4FA9C432324F4FE232604FE832704FDB1
:10580C003E86032584FE8325C4FE413671A0C14724
:10581C002328F4FC032744FE854763D1E702832742
:10582C0084FA9D07E19B138787002324E4FA9843AD
:10583C00DC432324E4FE2326F4FE1DA8832744FE28
:10584C0089CF832784FA138747002324E4FA9C43E7
:10585C002324F4FE232604FE21A8832784FA13872D
:10586C0047002324E4FA9C432324F4FE232604FE5D
:10587C00832704FD3E86032584FE8325C4FE313632
:10588C0021A82685D52009A813055002F1288327C5
:10589C0044FD2326F4FA01008327C4FD81C7232E7F
:1058AC0004FC6DB10100ADB90100F6406644D6446C
:1058BC004649256182805D7106D622D40018232EBC
:1058CC00A4FC4CC010C454C418C85CC8232C0401DC
:1058DC00232E140193070402232CF4FC832784FD4C
:1058EC0091172326F4FE8327C4FEBE850325C4FD31
:1058FC00C53681473E85B2502254616182800111C8
:10590C0022CE0010232604FE1DA08327C4FE9387FD
:10591C003711A207BE86138781F18327C4FE8A073D
:10592C00BA9794C38327C4FE85072326F4FE032766
:10593C00C4FE8947E3DBE7FC01000100724405610A
:10594C008280411122C600080100938781F19C439B
:10595C0083C7C700918BF5DB938781F19C439C47F0
:10596C003E85324441018280011122CE0010232653
:10597C00A4FE0100938781F19C4383C7C700898BE8
:10598C00F5FB938781F19C430327C4FED8C3814761
:10599C003E85724405618280797122D60018232ECF
:1059AC00A4FC232CB4FC232604FE832784FD92073D
:1059BC0037F7FA0213070708B357F7022326F4FE4A
:1059CC008327C4FE1397070141838327C4FD2390CB
:1059DC00E7000100325445618280011122CE001093
:1059EC002326A4FEAE87A305F4FE8327C4FE03473B
:1059FC00B4FE238CE7000100724405618280011122
:105A0C0022CE00102326A4FEAE87A305F4FE0100CF
:105A1C008327C4FE83C7C700898BFDFB0347B4FEF5
:105A2C008327C4FED8C381473E85724405618280BA
:105A3C00797106D622D40018232EA4FC232CB4FC96
:105A4C00232604FE8327C4FE138717002326E4FEB7
:105A5C00032784FDBA9783C70700A305F4FE834789
:105A6C00B4FEBE850325C4FD593F8347B4FEF9FB44
:105A7C0081473E85B250225445618280797122D68D
:105A8C000018232EA4FC232CB4FCA30704FE010055
:105A9C008327C4FD83C7C700918BFDDB8327C4FD1F
:105AAC009C47A307F4FE832784FD0347F4FE238061
:105ABC00E70085473E85325445618280797106D670
:105ACC0022D40018232EA4FC232CB4FC232604FE81
:105ADC00A30504FE01008327C4FD83C7C700918B77
:105AEC00FDDB8327C4FD9C47A305F4FE8327C4FE7E
:105AFC00138717002326E4FE032784FDBA97034778
:105B0C00B4FE2380E7008347B4FE3E85B13D0347D6
:105B1C00B4FEB547E310F7FC8327C4FE13871700C8
:105B2C002326E4FE032784FDBA9729472380E70048
:105B3C008327C4FE138717002326E4FE032784FD66
:105B4C00BA97238007008327C4FE93F7F70F3E858F
:105B5C00B250225445618280797122D60018232ECE
:105B6C00A4FC31A08327C4FD9C47A307F4FE832724
:105B7C00C4FD83C7C700918BF5F7010001003254B7
:105B8C0045618280411122C6000801003244410166
:105B9C008280411106C622C4000817B50000130507
:105BAC00259FEFF0CFEE938781E917F7FFFF1307DF
:105BBC00676098C3938781E917F7FFFF1307875F27
:105BCC00D8C3938781E917F7FFFF1307A75E98C720
:105BDC00938781E917F7FFFF1307C75DD8C7938732
:105BEC0081E917F7FFFF1307E75C98CB938781E9EF
:105BFC0017F7FFFF1307075CD8CB938781E917F7DB
:105C0C00FFFF1307275B98CF938781E917070000E5
:105C1C0013076770D8CF938781E917F7FFFF130736
:105C2C00675998D3938781E917F7FFFF13078758B4
:105C3C00D8D3938781E917F7FFFF1307A75798D796
:105C4C00938781E91717000013070787D8D7938725
:105C5C0081E917F7FFFF1307E75598DB938781E975
:105C6C0017F7FFFF13070755D8DB938781E917F761
:105C7C00FFFF1307275498DF938781E917F7FFFF7E
:105C8C0013074753D8DF938781ED17F7FFFF1307EF
:105C9C00675298C3938781ED17F7FFFF130787515E
:105CAC00D8C3938781ED17F7FFFF1307A75098C749
:105CBC00938781ED17F7FFFF1307C74FD8C793875B
:105CCC0081ED17F7FFFF1307E74E98CB938781ED14
:105CDC0017F7FFFF1307074ED8CB938781ED17F704
:105CEC00FFFF1307274D98CF938781ED17F7FFFF21
:105CFC001307474CD8CF938781ED17F7FFFF130796
:105D0C00674B98D3938781ED17F7FFFF1307874AEB
:105D1C00D8D3938781ED17F7FFFF1307A74998D7BF
:105D2C00938781ED17F7FFFF1307C748D8D79387E1
:105D3C0081ED17F7FFFF1307E74798DB938781ED9A
:105D4C0017F7FFFF13070747D8DB938781ED17F78A
:105D5C00FFFF1307274698DF938781ED17F7FFFFA7
:105D6C0013074745D8DF17B500001305E583EFF09F
:105D7C000FD20100B240224441018280411106C67B
:105D8C0022C40008AD3E17B5000013052583EFF0C3
:105D9C000FD00135EF50204817B5000013050583CF
:105DAC00EFF0EFCE0100B2402244410182807971C4
:105DBC0022D60018232EA4FC232604FE01008327E0
:105DCC00C4FE138717002326E4FE0327C4FDE3E873
:105DDC00E7FE01000100325445618280797122D6C0
:105DEC000018232EA4FC0327C4FD9307803EB307A1
:105DFC00F7022326F4FE29A89307803E2324F4FE01
:105E0C000100832784FE1387F7FF2324E4FEF5FBB0
:105E1C008327C4FE1387F7FF2326E4FEF1FF01005E
:105E2C000100325445618280797106D622D4001863
:105E3C00232EA4FC85472326F4FE232404FE31A83C
:105E4C000327C4FEBA878A07BA9786072326F4FE6F
:105E5C00832784FE85072324F4FE032784FE8327EF
:105E6C00C4FDE36FF7FC0325C4FEEF903037AA871F
:105E7C003E85B250225445618280797122D6001839
:105E8C00232EA4FC232CB4FC232604FE832784FDA0
:105E9C00FD172324F4FE99A88327C4FE0327C4FD11
:105EAC00BA9783C70700A303F4FE832784FE032756
:105EBC00C4FD3E978327C4FE8326C4FDB6970347D3
:105ECC0007002380E700832784FE0327C4FDBA97CD
:105EDC00034774FE2380E7008327C4FE850723262F
:105EEC00F4FE832784FEFD172324F4FE0327C4FE4F
:105EFC00832784FEE342F7FA010001003254456126
:105F0C008280797106D622D40018232EA4FC232C6F
:105F1C00B4FC232AC4FC232604FE3DA80327C4FD9D
:105F2C00A947B367F70213F7F70F832684FD83277E
:105F3C00C4FEB697130707031377F70F2380E70008
:105F4C008327C4FE85072326F4FE0327C4FDA94737
:105F5C00B347F702232EF4FC8327C4FDE1F339A8E1
:105F6C00032784FD8327C4FEBA97130700032380FD
:105F7C00E7008327C4FE85072326F4FE0327C4FE0F
:105F8C00832744FDE36EF7FC8327C4FEBE850325FF
:105F9C0084FDE535032784FD8327C4FEBA9723804F
:105FAC0007008327C4FE3E85B2502254456182808F
:105FBC005D7186C6A2C48008232EA4FA232CB4FAE1
:105FCC00232AC4FA232604FE232004FC232204FCE7
:105FDC00232404FC232604FC232804FC232A04FC8D
:105FEC00232C04FC231E04FC0325C4FBEF90B028D7
:105FFC002A87AE8797A60000938606609042D4420B
:10600C003A85BE85EF70604F2A87AE873A85BE858C
:10601C00EF90D02FAA87232EF4FA0325C4FBEF9020
:10602C00500AAA872324F4FE032584FEEF90700FF8
:10603C00AA87BE850325C4FBEF90A055AA8723220F
:10604C00F4FE232004FE930500000325C4FBEF900F
:10605C00E02AAA8763DE0700832704FE032784FB5C
:10606C00BA971307D0022380E70085472320F4FE5C
:10607C00832784FE85E3832704FE032784FBBA97DA
:10608C00130700032380E700832704FE85072320E2
:10609C00F4FE3DA8832784FE63D80700832784FE83
:1060AC00B307F0402324F4FE930704FC0146BE859D
:1060BC00032584FEB9352326A4FE832704FE03277B
:1060CC0084FBBA97130704FCBA853E85EF90B04465
:1060DC000327C4FE832704FEBA972326F4FE8327E6
:1060EC0044FBADCF8327C4FE032784FBBA97130769
:1060FC00E0022380E70093050000032544FEEF90A7
:10610C00E01FAA8763DA0700032744FEB707008065
:10611C00B98F2322F4FE39A093050000032544FE19
:10612C00EF90E010032544FB0133AA87BE850325BD
:10613C0044FEEF902024AA872322F4FE032544FE7C
:10614C00EF902078AA868327C4FE8507032784FB5B
:10615C00BA97032644FBBE85368565330100B640ED
:10616C00264461618280797122D60018232EA4FC0A
:10617C00232CB4FC832784FD2326F4FE29A8832733
:10618C0084FD2326F4FE01008327C4FE1387F7FF4A
:10619C002326E4FEF5FB8327C4FD1387F7FF232E8C
:1061AC00E4FCF1FF010001003254456182800111D1
:1061BC0006CE22CC00102326A4FE8327C4FE9C43CB
:1061CC003E868325C4FE17A5000013056541EFF03C
:1061DC008F908327C4FE9C433E85F2406244056148
:1061EC008280011106CE22CC00102326A4FE23248B
:1061FC00B4FE8327C4FE032784FE98C38327C4FE02
:10620C009C433E868325C4FE17A500001305453D1F
:10621C00EFF06F8C0100F240624405618280411105
:10622C0022C60008B7C70002E1179C433E853244E2
:10623C0041018280411122C60008B7C70002F11744
:10624C009C433E85324441018280411106C622C4E2
:10625C004AC24EC00008E137AA873E8981494A8765
:10626C00CE873A85BE85B24022441249824941010B
:10627C008280011106CE22CC00102324A4FE2326FA
:10628C00B4FE17A500001305A537EFF04F809387D8
:10629C00C1959C439843DC439386019603A8060062
:1062AC00032584FE8325C4FE3306A700B288B3B849
:1062BC00E800B386B700B387D800BE863287B687AE
:1062CC002320E8002322F800938701969C439843EF
:1062DC00DC433A86BE8617A5000013052534EFE093
:1062EC005FFD9387C1959C439843DC433A86BE86F9
:1062FC0017A5000013050534EFE0BFFB17A5000040
:10630C0013058534EFE0BFF80100F24062440561EB
:10631C008280011106CE22CC00102326A4FE232459
:10632C00B4FE17A500001305E533EFE05FF6938785
:10633C00019694437D57FD5798C2DCC29387019612
:10634C009C439843DC433A86BE8617A50000130590
:10635C006533EFE05FF8B7C70002E1179C43BE85D9
:10636C0017A5000013058533EFE0FFF617A5000015
:10637C0013050534EFE0BFF10100F2406244056102
:10638C008280797106D622D40018232EA4FC17A57E
:10639C0000001305A533EFE09FEFB707010CC10711
:1063AC002326F4FE8327C4FE0327C4FD98C313875A
:1063BC0041F28327C4FD9207BA97094798C7138700
:1063CC0041F28327C4FD9207BA97DC471387170065
:1063DC00938641F28327C4FD9207B697D8C71387DB
:1063EC0041F28327C4FD9207BA979C473E868325CA
:1063FC00C4FD17A500001305652FEFE0DFED138733
:10640C0041F28327C4FD9207BA978C43138741F25C
:10641C008327C4FD9207BA979047138741F28327CD
:10642C00C4FD9207BA97D443138741F28327C4FD66
:10643C009207BA97DC473E8717A500001305852DF8
:10644C00EFE07FE917A5000013054532EFE03FE4CC
:10645C000100B250225445618280011106CE22CC3B
:10646C000010232604FE17A500001305E531EFE00C
:10647C001FE2B707010CC1072326F4FE8327C4FED5
:10648C009C432324F4FE0326C4FE832584FE17A517
:10649C0000001305A531EFE01FE417A5000013055C
:1064AC00A533EFE0DFDE832784FE3E85F2406244B5
:1064BC0005618280797106D622D40018232EA4FCA3
:1064CC00232CB4FC17A5000013050533EFE03FDCCB
:1064DC0069372326A4FE8325C4FE17A500001305E7
:1064EC006533EFE05FDF8327C4FE91C70327C4FE4B
:1064FC00F14763FAE7008325C4FE17A500001305D6
:10650C002533EFE01FE4138741F28327C4FE920783
:10651C00BA97054798C7138741F28327C4FE9207A1
:10652C00BA979C473E868325C4FE17A50000130529
:10653C00E51BEFE05FDA1387410E8327C4FE8A0761
:10654C00BA979C430325C4FE82970325C4FE153DD0
:10655C008325C4FE17A500001305C530EFE0BFD797
:10656C0017A500001305C531EFE07FD20100B25032
:10657C00225445618280011106CE22CC00102326C4
:10658C00A4FE17A5000013056531EFE05FD083274B
:10659C00C4FE85CB0327C4FE994763E4E702194781
:1065AC008327C4FEB307F7403E85B125AA8791EB3C
:1065BC0019478327C4FEB307F740930500083E85AF
:1065CC00D9238325C4FE17A500001305A52EEFE0E3
:1065DC005FCE17A500001305A52FEFE05FCB0100E0
:1065EC00F240624405618280797106D622D400188B
:1065FC00232EA4FCA30704FE17A500001305C52E2B
:10660C00EFE0FFC88325C4FD17A500001305852FF7
:10661C00EFE07FCC0966B705000C17A50000130549
:10662C00A52FEFE05FCB8327C4FD13D73700B72727
:10663C00000CBA972324F4FE832784FE83C707003B
:10664C00A307F4FE8347F4FE3E86832584FE17A53C
:10665C0000001305A52FEFE01FC88327C4FD9D8BF9
:10666C000547B317F7001397870161878307F4FE7B
:10667C00D98FE207E187A303F4FE832784FE034747
:10668C0074FE2380E700834774FEBE8517A50000C7
:10669C001305C52EEFE03FC417A500001305C52F49
:1066AC00EFE0FFBE0100B250225445618280797147
:1066BC0006D622D40018232EA4FC232604FEA30500
:1066CC0004FE17A500001305E52EEFE05FBC832543
:1066DC00C4FD17A500001305E522EFE0DFBF8326FC
:1066EC00C4FD0966B705000C17A500001305852E1F
:1066FC00EFE07FBE8327C4FD13D73700B727000C0C
:10670C00BA972326F4FE8327C4FE83C70700A3058C
:10671C00F4FE8347B4FE3E868325C4FE17A5000015
:10672C001305852FEFE03FBB8327C4FD9D8B0547E9
:10673C00B317F700E207E18793C7F7FF13978701B9
:10674C0061878307B4FEF98FE207E1872305F4FE26
:10675C008327C4FE0347A4FE2380E700138741F27E
:10676C008327C4FD9207BA9723A40700138741F22D
:10677C008327C4FD9207BA979C473E868325C4FDA8
:10678C0017A50000130585F6EFE0FFB417A5000070
:10679C001305C52BEFE0BFAF0100B2502254456189
:1067AC008280797106D622D40018232EA4FC17A55A
:1067BC0000001305652BEFE09FAD232604FEB70701
:1067CC00010C2326F4FE8327C4FE0327C4FD98C3C3
:1067DC008327C4FE9C43BE8517A500001305052B1B
:1067EC00EFE07FAF17A500001305052CEFE03FAAE3
:1067FC000100B250225445618280797106D622D4B0
:10680C000018232EA4FC232CB4FC8325C4FD17A54F
:10681C0000001305652BEFE09FA7832784FD1397DA
:10682C002700B707000CBA972326F4FE8325C4FE75
:10683C0017A500001305C52BEFE0FFA98327C4FEA5
:10684C009C43BE8517A500001305C52CEFE0BFA81F
:10685C008327C4FE0327C4FD98C38327C4FE9C432F
:10686C00BE8517A500001305252EEFE0DFA617A5A2
:10687C00000013056530EFE09FA10100B2502254D7
:10688C0045618280797106D622D40018232EA4FC8F
:10689C0017A5000013054530EFE07F9FB7070400F4
:1068AC0013850710EFF0BF902326A4FE8325C4FEAA
:1068BC0017A5000013058530EFE0FFA18327C4FD69
:1068CC00E5170547B317F70093C7F7FF3E878327F4
:1068DC00C4FEF98FBE85B707040013850710EFF0CF
:1068EC005F90B707040013850710EFF05F8CAA8741
:1068FC00BE8517A500001305A52EEFE0DF9D17A59B
:10690C0000001305E530EFE09F980100B2502254CF
:10691C0045618280011106CE22CC0010232604FE94
:10692C0017A500001305C530EFE07F96938781E92A
:10693C0017070000130747B8D8D7AD4517A50000B7
:10694C0013054530EFE03F99938741F223A40700EC
:10695C00938741F223A00700938741F223A20700FB
:10696C00938741F223A6070085472326F4FED1A086
:10697C00138741F28327C4FE9207BA9723A407001A
:10698C00138741F28327C4FE9207BA970327C4FEEC
:10699C0098C3138741F28327C4FE9207BA9709471D
:1069AC00D8C3138741F28327C4FE9207BA9723A654
:1069BC00070017A500001305A52BEFE0DF910325B9
:1069CC00C4FEF5311387410E8327C4FE8A07BA979C
:1069DC0017070000130767BA98C38325C4FE09453F
:1069EC00293D138741F28327C4FE9207BA978C4343
:1069FC00138741F28327C4FE9207BA9790471387F7
:106A0C0041F28327C4FE9207BA97D443138741F20D
:106A1C008327C4FE9207BA97DC473E8717A5000070
:106A2C0013054528EFE03F8B8327C4FE85072326FB
:106A3C00F4FE0327C4FEED47E3FCE7F2054595336E
:106A4C0017A500001305052FEFE07F840100F2402D
:106A5C00624405618280011106CE22CC00102326EF
:106A6C00A4FE17A500001305252EEFE05F82032777
:106A7C00C4FE994763FAE7000327C4FED54763E5D4
:106A8C00E7000325C4FEFD3B0325C4FEB13E17A55C
:106A9C0000001305652DEFE08FFF0100F24062440A
:106AAC0005618280797106D622D40018232EA4FCAD
:106ABC00232CB4FC032784FDC167634DF700C16729
:106ACC009385F7FF17A500001305052CEFE03F8514
:106ADC00814725A88327C4FD93870730A207232667
:106AEC00F4FE832784FD1397070141878327C4FE97
:106AFC002390E700032684FD8325C4FD17A5000021
:106B0C001305C52BEFE0EFFA85473E85B2502254B2
:106B1C0045618280797106D622D40018232EA4FCFC
:106B2C00232CB4FC032784FDC167634DF700C167B8
:106B3C009385F7FF17A500001305452BEFE02FFEFB
:106B4C0081472DA88327C4FD93870730A20791079F
:106B5C002326F4FE832784FD13970701418783279F
:106B6C00C4FE2390E700032684FD8325C4FD17A5EE
:106B7C0000001305A52AEFE0CFF385473E85B25000
:106B8C00225445618280797106D622D40018232EB6
:106B9C00A4FC232CB4FC032784FD9307F00F63DCC7
:106BAC00E7009305F00F17A500001305252AEFE069
:106BBC000FF7814725A88327C4FD93870730A207C9
:106BCC00A1072326F4FE832784FD13F7F70F8327F1
:106BDC00C4FE2380E700032684FD8325C4FD17A58E
:106BEC0000001305E529EFE0CFEC85473E85B25058
:106BFC00225445618280797106D622D40018232E46
:106C0C00A4FC8327C4FD93870730A207A107232682
:106C1C00F4FE8327C4FE83C7070093F7F70FA18BFD
:106C2C002324F4FE832784FE8D87BE8517A50000E0
:106C3C0013054528EFE0EFE7832784FE13D7374091
:106C4C0085476314F700854711A081473E85B250F4
:106C5C00225445618280797106D622D40018232EE5
:106C6C00A4FC232CB4FC032784FDC167634DF700FF
:106C7C00C1679385F7FF17A5000013052526EFE0E4
:106C8C000FEA81471DA08327C4FD93870730A20715
:106C9C00B1072326F4FE832784FD13970701418750
:106CAC008327C4FE2390E70085473E85B2502254CB
:106CBC0045618280011106CE22CC00102326A4FE51
:106CCC0081450325C4FEF93B81450325C4FE993556
:106CDC0081450325C4FE453D81450325C4FEA53FE2
:106CEC008325C4FE17A5000013058522EFE06FDC99
:106CFC000100F240624405618280011106CE22CC73
:106D0C000010232604FE09A80325C4FE653783273B
:106D1C00C4FE85072326F4FE0327C4FE9147E3D562
:106D2C00E7FE17A5000013056521EFE08FD80100E1
:106D3C00F240624405618280797106D622D4001833
:106D4C00232EA4FC232604FE8327C4FD9DE717A550
:106D5C0000001305A521EFE0CFD58327C4FE8907DA
:106D6C002326F4FE8327C4FE91072326F4FE8327F3
:106D7C00C4FEC1072326F4FEB9A00327C4FD854732
:106D8C00631EF70017A5000013058520EFE06FD2F6
:106D9C008327C4FE91072326F4FE35A00327C4FDE8
:106DAC0089476312F70217A5000013056521EFE070
:106DBC004FD08327C4FE91072326F4FE8327C4FEFD
:106DCC00A1072326F4FE8327C4FE3E85B25022542D
:106DDC0045618280797106D622D40018232EA4FC3A
:106DEC00232CB4FC032584FD813F2326A4FE83259C
:106DFC00C4FE0325C4FD413BAA8789CB8325C4FD72
:106E0C0017A500001305051FEFE0AFCA8325C4FECC
:106E1C000325C4FD8D3BAA8789EB8325C4FD17A5EB
:106E2C0000001305A51FEFE08FCF0100B2502254D4
:106E3C0045618280797122D60018232EA4FCAE877E
:106E4C00A30DF4FC8327C4FD93870730A207A10789
:106E5C002326F4FE8347B4FD99C78327C4FE850718
:106E6C002326F4FE09A88327C4FE91C78327C4FEFA
:106E7C00FD172326F4FE0100325445618280011176
:106E8C0006CE22CC00102326A4FE2324B4FE832598
:106E9C0084FE0325C4FEC133AA8799E717A5000019
:106EAC001305051AEFE0AFC70100F240624405611B
:106EBC008280011106CE22CC00102326A4FE2324AE
:106ECC00B4FE832584FE0325C4FEA931AA8799E765
:106EDC0017A5000013050519EFE06FC40100F2407F
:106EEC00624405618280011106CE22CC001023265B
:106EFC00A4FE2324B4FE832584FE0325C4FE5D3644
:106F0C00AA8799E717A5000013050518EFE02FC114
:106F1C000100F240624405618280797106D622D468
:106F2C0000182326A4FE2324B4FE2322C4FE23200F
:106F3C00D4FEBA87A30FF4FC832544FE0325C4FEBC
:106F4C005D37832504FE0325C4FEA537832584FE07
:106F5C000325C4FE2D378347F4FDBE850325C4FEEF
:106F6C00D13D8325C4FE17A5000013052514EFE0C1
:106F7C004FB40100B250225445618280011106CEFB
:106F8C0022CC00102326A4FE81450325C4FEE53E39
:106F9C008325C4FE17A5000013054513EFE06FB160
:106FAC000100F240624405618280797106D622D4D8
:106FBC000018232EA4FC8327C4FD93870730A20757
:106FCC002326F4FE8327C4FD93870730A20791077D
:106FDC002324F4FE8327C4FD93870730A207A1075F
:106FEC002322F4FE8327C4FD93870730A207B10741
:106FFC002320F4FE8327C4FE83D70700C207C18376
:10700C00BE8517A500001305E50EEFE08FAA8327B8
:10701C0084FE83D70700C207C183BE8517A5000075
:10702C001305850FEFE0EFA8832744FE83C7070005
:10703C0093F7F70FBE8517A5000013052510EFE099
:10704C004FA7832704FE83D70700C207C183BE85E1
:10705C0017A5000013050511EFE0AFA50100B25014
:10706C00225445618280011122CE00102326A4FEF9
:10707C002324B4FE8327C4FE9843832784FEF98F10
:10708C00B337F00093F7F70F3E85724405618280A9
:10709C00011106CE22CC00102326A4FE2324B4FE1C
:1070AC00B7070300138507AFBD200D220100F24086
:1070BC00624405618280011106CE22CC001023248B
:1070CC00A4FE2326B4FE938781E91707000013075B
:1070DC0067FCD8CF9D4517A500001305E50AEFE026
:1070EC008FFD9302000873A04230A14273A00230BE
:1070FC000100F240624405618280411122C6000801
:10710C009387019694437D57FD5798C2DCC20100CA
:10711C00324441018280011122CE00102326A4FEAC
:10712C009387C1959C439843DC438326C4FE3688E1
:10713C00FD86B688938601968C423306070132850C
:10714C003335E500B3861701B307D500BE86328709
:10715C00B68798C1DCC101007244056182807971E7
:10716C0022D60018AA87A30FF4FCA30704FE39A0AB
:10717C0001008347F4FE8507A307F4FE0347F4FEE2
:10718C008347F4FDE366F7FE0100325445618280CB
:10719C00011122CE00102326A4FE8327C4FE8D8B62
:1071AC0081EB0327C4FE93074006B377F70281EB0C
:1071BC000327C4FE93070019B377F70299E38547B9
:1071CC0011A081473E85724405618280411122C61F
:1071DC000008938781A183C70700850713F7F70F72
:1071EC00938781A12380E700010032444101828012
:1071FC00797122D60018232EA4FC0327C4FD930713
:10720C002003B307F7022326F4FE232404FE39A03F
:10721C000100832784FE85072324F4FE832784FE44
:10722C000327C4FEE3E6E7FE01000100325445618A
:10723C008280797122D60018232EA4FC0327C4FD6A
:10724C00B16793870735B307F7022326F4FE23248F
:10725C0004FE39A00100832784FE85072324F4FE55
:10726C00832784FE0327C4FEE3E6E7FE010001004A
:10727C00325445618280797122D60018232EA4FCE9
:10728C008327C4FD2326F4FE29A89307803E2324DC
:10729C00F4FE0100832784FE1387F7FF2324E4FE0A
:1072AC00F5FB8327C4FE1387F7FF2326E4FEF1FFCB
:1072BC0001000100325445618280011122CE001080
:1072CC002326A4FE2324B4FE8327C4FE98438327DD
:1072DC0084FE5D8F8327C4FE98C301007244056150
:1072EC008280011122CE00102326A4FE2324B4FE9A
:1072FC008327C4FE9843832784FE93C7F7FF7D8FB3
:10730C008327C4FE98C30100724405618280011179
:10731C0022CE00102326A4FE31A08327C4FEFD1725
:10732C002326F4FE8327C4FEEDFB0100010072440A
:10733C0005618280411106C622C40008B70500020F
:10734C00B7070400138587108D3F0545C937B7056E
:10735C000002B70704001385871061370545453FC8
:10736C000100B240224441018280411122C6000832
:10737C00B7070400938707109443B707040093875B
:10738C00071037070001558F98C3B7070400938780
:10739C0087109443B707040093878710370700FFC3
:1073AC007D17758F98C3B707040093870710944314
:1073BC00B70704009387071037070002558F98C34F
:1073CC00B7070400938787109443B707040093878B
:1073DC008710370700FE7D17758F98C3B707040019
:1073EC00938707109443B707040093870710370758
:1073FC000004558F98C3B7070400938787109443F4
:10740C00B70704009387871037070004558F98C37C
:10741C00B7070400938707109443B70704009387BA
:10742C00071037070008558F98C3B70704009387D8
:10743C0087109443B7070400938787103707000819
:10744C00558F98C3B7070400938707109443B70769
:10745C0004009387071037070010558F98C3B707A0
:10746C000400938787109443B70704009387871011
:10747C0037070010558F98C3B70704009387071080
:10748C009443B70704009387071037070020558FE4
:10749C0098C3B7070400938787109443B707040079
:1074AC009387871037070020558F98C3010032440B
:1074BC0041018280011106CE22CC0010AA87A307BD
:1074CC00F4FE8307F4FE63D00702B707040093872A
:1074DC0087109443B7070400938787103707002061
:1074EC00558F98C339A8B707040093878710944326
:1074FC00B707040093878710370700E07D17758F57
:10750C0098C38347F4FE93F7070499CFB707040099
:10751C00938787109443B707040093878710370726
:10752C000010558F98C339A8B707040093878710AC
:10753C009443B707040093878710370700F07D1733
:10754C00758F98C38347F4FE93F7070299CFB7075B
:10755C000400938787109443B70704009387871020
:10756C0037070008558F98C339A8B70704009387CD
:10757C0087109443B707040093878710370700F8E8
:10758C007D17758F98C38347F4FEC18B99CFB707CE
:10759C000400938787109443B707040093878710E0
:1075AC0037070004558F98C339A8B7070400938791
:1075BC0087109443B707040093878710370700FCA4
:1075CC007D17758F98C3BD330100F240624405618D
:1075DC008280011106CE22CC0010AA87A307F4FEEC
:1075EC008347F4FEA18B99CFB707040093878710CC
:1075FC009443B70704009387871037070020558FF3
:10760C0098C339A8B7070400938787109443B7072A
:10761C00040093878710370700E07D17758F98C398
:10762C008347F4FE918B99CFB7070400938787109B
:10763C009443B70704009387871037070010558FC2
:10764C0098C339A8B7070400938787109443B707EA
:10765C00040093878710370700F07D17758F98C348
:10766C008347F4FE898B99CFB70704009387871063
:10767C009443B70704009387871037070008558F8A
:10768C0098C339A8B7070400938787109443B707AA
:10769C00040093878710370700F87D17758F98C300
:1076AC008347F4FE858B99CFB70704009387871027
:1076BC009443B70704009387871037070004558F4E
:1076CC0098C339A8B7070400938787109443B7076A
:1076DC00040093878710370700FC7D17758F98C3BC
:1076EC0091390100F240624405618280011106CE9D
:1076FC0022CC0010AA87A307F4FE8347F4FE9183E3
:10770C0093F7F70F3E85F1358347F4FE3E85D1356F
:10771C007945F53E0100F240624405618280011119
:10772C0006CE22CC0010AA87A307F4FEB7050002F0
:10773C00B7070400138587106D36B7050001B7072E
:10774C00040013858710713E8347F4FE3E85793F14
:10775C000100F240624405618280011106CE22CC08
:10776C000010AA87A307F4FEB7050002B7070400B0
:10777C0013858710BD36B7050001B70704001385C4
:10778C008710253E8347F4FE3E858D370100F2407D
:10779C00624405618280011106CE22CC0010AA87BA
:1077AC00A307F4FE8347F4FE3E85453F0100F240FB
:1077BC00624405618280011106CE22CC0010232682
:1077CC00A4FE21A88327C4FE83C707003E85E137AA
:1077DC008327C4FE85072326F4FE8327C4FE83C7B4
:1077EC000700EDF301000100F24062440561828064
:1077FC00011106CE22CC00102326A4FE2324B4FEB5
:10780C001305800C8D3C0327C4FE8547631DF700D0
:10781C00832784FE93F7F70F938707F893F7F70FF7
:10782C003E85F53D05A00327C4FE8947631CF70080
:10783C00832784FE93F7F70F938707FC93F7F70FD3
:10784C003E85F13D0100F2406244056182804111A8
:10785C0006C622C400080545D9350945C935054574
:10786C00193C0100B240224441018280411106C6FC
:10787C0022C40008B7070400938787109443B70706
:10788C00040093878710370700E07D17758F98C326
:10789C00B7070400938787109443B70704009387B6
:1078AC008710370700F07D17758F98C3B707040052
:1078BC00938787109443B707040093878710370783
:1078CC000008558F98C3B70704009387871094431B
:1078DC00B70704009387871037070004558F98C3A8
:1078EC00913C79452D34B93479451534A134794519
:1078FC00393CB7070400938787109443B7070400FB
:10790C0093878710370700E07D17758F98C3B707EB
:10791C000400938787109443B7070400938787105C
:10792C00370700F07D17758F98C3B707040093874E
:10793C0087109443B7070400938787103707000814
:10794C00558F98C3B7070400938787109443B707E4
:10795C00040093878710370700FC7D17758F98C339
:10796C00D13A79456D320100B24022444101828006
:10797C00411106C622C40008B705003FB707040032
:10798C00138507101D3AD53213054006ED30F93D2D
:10799C0013054006CD30653D13054006E938130547
:1079AC000003B53B13054006F93013058002853BF7
:1079BC0013054006C93039459D331305400665381B
:1079CC000545B13B130540067D301945893B130530
:1079DC00400655300545A1331305803E693801003A
:1079EC00B240224441018280797106D622D400181B
:1079FC002326A4FE2324B4FE2322C4FE2320D4FE7B
:107A0C00BA87A30FF4FC8347F4FD91C38935832512
:107A1C0084FE0325C4FEE93B032544FE693B032594
:107A2C0004FE91380100B250225445618280797174
:107A3C0006D622D400182326A4FE2324B4FE232227
:107A4C00C4FE2320D4FE232EE4FCA30DF4FC8347B8
:107A5C00B4FD91C3ED3B832584FE0325C4FE493B55
:107A6C00832504FE032544FE31280325C4FD213063
:107A7C009387C1A01307000098C30100B250225491
:107A8C00456182805D7186C6A2C48008232EA4FA4B
:107A9C00232CB4FA232604FE930500000325C4FB13
:107AAC00EF70D005AA8763D607028327C4FE13871D
:107ABC0017002326E4FE130704FFBA971307D0021E
:107ACC00238EE7FC0327C4FBB7070080B98F232E56
:107ADC00F4FA0325C4FBEF70D05EAA872322F4FED0
:107AEC00032544FEEF70F063AA87BE850325C4FB13
:107AFC00EF70302AAA872324F4FE8327C4FE1307D1
:107B0C00C4FCBA97BE85032544FEC1202A8783276F
:107B1C00C4FEBA972326F4FE8327C4FE13871700EE
:107B2C002326E4FE130704FFBA971307E002238E03
:107B3C00E7FCA5A097A70000938787208C4303251B
:107B4C0084FEEF703003AA872324F4FE032584FE01
:107B5C00EF703057AA872320F4FE832704FE13F717
:107B6C00F70F8327C4FE938617002326D4FE130732
:107B7C0007031377F70F930604FFB697238EE7FCE2
:107B8C00032504FEEF70F059AA87BE85032584FEF9
:107B9C00EF703020AA872324F4FE832784FB1387FD
:107BAC00F7FF232CE4FAE347F0F88327C4FE13070E
:107BBC0004FFBA97238E07FC9307C4FC3E85E53E71
:107BCC000100B640264461618280397122DE80005A
:107BDC002326A4FC2324B4FC232604FE232404FE25
:107BEC008327C4FCB9EF8327C4FE13871700232611
:107BFC00E4FE3E87832784FCBA9713070003238097
:107C0C00E7008327C4FE49A00327C4FCA947B36738
:107C1C00F70213F7F70F832784FE938617002324AC
:107C2C00D4FE130707031377F70F930604FFB697D9
:107C3C002386E7FE0327C4FCA947B347F702232694
:107C4C00F4FC8327C4FCE341F0FC0DA8832784FEDD
:107C5C00FD172324F4FE8327C4FE13871700232665
:107C6C00E4FE3E87832784FCBA97032784FE9306A1
:107C7C0004FF36970347C7FE2380E700832784FE63
:107C8C00E346F0FC8327C4FE3E857254216182805A
:107C9C00411106C622C40008179500001305C551F2
:107CAC00EFD07FC1B7070300138507AFEFF0AFC666
:107CBC009387C12C23A0070099A8938781A103C7A0
:107CCC00070095476319F702938781A1238007006A
:107CDC009387C12C054798C397B7000093878733C8
:107CEC00054798C39387014F23A007009387411C36
:107CFC00094798C329A89387014F054798C39387D1
:107D0C00411C23A007009387C12C23A00700938755
:107D1C00015D9C4399C79387C12C98438547E31E0B
:107D2C00F7F8EFF08FBD9387C12C23A0070001005B
:107D3C00B240224441018280797106D622D40018C7
:107D4C00232EA4FC232CB4FCA30704FEB7070300CA
:107D5C00138507AFEFF02FBC9387C12C23A007002E
:107D6C001DA8938781A103C7070095476311F702EC
:107D7C00938781A1238007009387C12C054798C363
:107D8C001795000013054545EFD0FFB229A0938746
:107D9C00C12C23A007008327C4FD83C7C700918B88
:107DAC0099E79387C12C98438547E31CF7FAEFF0CA
:107DBC00CFB49387C12C23A007008327C4FD9C4715
:107DCC00A307F4FE832784FD0347F4FE2380E7001A
:107DDC0085473E85B250225445618280411106C6CA
:107DEC0022C400089305000FB70704001385071081
:107DFC00EFF02FCFB7050040B7070400138507102D
:107E0C00EFF0AFCBB7050040B70704001385871020
:107E1C00EFF02FCD179500001305053EEFD0BFA94D
:107E2C000100B240224441018280797122D60018AF
:107E3C00232EA4FCAE87231DF4FCFD572317F4FE60
:107E4C00231604FE85A88357C4FE0327C4FDBA97E6
:107E5C0083C707001397070141838357E4FEB98F4B
:107E6C002317F4FE231504FE25A88357E4FE858B07
:107E7C0091CF8357E4FE85832317F4FE0357E4FE6A
:107E8C00E9778507B98F2317F4FE31A08357E4FEF9
:107E9C0085832317F4FE8357A4FE85072315F4FE70
:107EAC000357A4FE9D47E3F2E7FC8357C4FE850706
:107EBC002316F4FE0357C4FE8357A4FDE365F7F8BD
:107ECC008357E4FE3E85325445618280797106D633
:107EDC0022D44AD24ED00018232EA4FC8327C4FDF2
:107EEC00FD832324F4FE8327C4FDDD8793F7F70F6E
:107EFC002322F4FE0327C4FDB7078000FD17F98F7A
:107F0C002320F4FE032744FE9307F00F631EF702B1
:107F1C00832704FE95E3832784FE99C797A7000067
:107F2C00938747E29C4331A097A700009387C7E152
:107F3C009C432326F4FECDA897A70000938707E166
:107F4C009C432326F4FECDA0832744FEA9EF832770
:107F5C0004FE99EF832784FE99C797A700009387A7
:107F6C0027DF9C4319A0930700002326F4FE6DA87D
:107F7C00032504FEEF70F01A2A8797A70000938759
:107F8C0067DD8C433A85EF700006AA873E8797A77A
:107F9C000000938767DC8C433A85EF70A03DAA877D
:107FAC002326F4FE51A0032504FEEF7090172A87B8
:107FBC0097A70000938707DA8C433A85EF70A002ED
:107FCC00AA873E8797A70000938747D98C433A85A9
:107FDC00EF603050AA873E85EF70F0292A89AE8970
:107FEC00832744FE938717F83E85EF6010482A8656
:107FFC00AE8697A700009387A7D69843DC433A85B3
:10800C00BE85EF3010582A87AE873A86BE864A85E1
:10801C00CE85EF60401D2A87AE873A85BE85EF700E
:10802C00F02EAA872326F4FE832784FE81CB032718
:10803C00C4FEB7070080B98F2326F4FE8327C4FE45
:10804C003E85B25022541259825945618280797111
:10805C0006D622D426D20018232EA4FC93050000A9
:10806C000325C4FDEF70A01CAA8799E3814719A2D0
:10807C008544930500000325C4FDEF702028AA87D2
:10808C0063C30700814493F7F40F2324F4FE930594
:10809C0000000325C4FDEF706026AA8763D8070093
:1080AC000327C4FDB7070080B98F19A08327C4FD2F
:1080BC00232EF4FC232604FE15A08327C4FE85077B
:1080CC002326F4FE97A70000938707CA8C43032549
:1080DC00C4FDEF605071AA87232EF4FC97A7000013
:1080EC00938787C88C430325C4FDEF70A019AA871A
:1080FC00E3D507FC39A88327C4FEFD172326F4FE1D
:10810C008327C4FDBE853E85EF60B03CAA87232E35
:10811C00F4FC97A70000938767C48C430325C4FD28
:10812C00EF70C01DAA87E3C807FC97A700009387D0
:10813C0067C28C430325C4FDEF70C023AA873E851C
:10814C00EF7020782A87B7078000FD17F98F23225C
:10815C00F4FE832784FE1397F7018327C4FE9387CD
:10816C00F707DE075D8F832744FED98F2320F4FEAB
:10817C00832704FE3E85B25022549254456182807E
:10818C00011106CE22CC0010AA87A307F4FE834768
:10819C00F4FEBE851795000013050508EFD0AFF16E
:1081AC0097A70000938787BC98438347F4FE8546C6
:1081BC001306E002C1453E85EF00E06E1305800C0E
:1081CC00EF30200197A70000938787BA9843834725
:1081DC00F4FE854613060003C1453E85EF00A06CF6
:1081EC001305800CEF20F07E97A70000938747B50E
:1081FC0098438347F4FE854613062003C1453E850C
:10820C005D251305800CEF20D07C97A70000938789
:10821C00E7B498438347F4FE854613064003C145F3
:10822C003E8551251305800CEF20B07A97A70000EE
:10823C009387C7B298438347F4FE854613066003C1
:10824C00C1453E858D251305800CEF20907897A7AE
:10825C0000009387A7B098438347F4FE8546130626
:10826C008003C1453E8581251305800CEF20707677
:10827C0097A70000938787AE98438347F4FE854603
:10828C0013068004C1453E85392D0545EFD01FB539
:10829C000100F240624405618280011106CE22CCBD
:1082AC000010AA872E87A307F4FEBA872307F4FED3
:1082BC0001009387813E03C707008547E30BF7FE58
:1082CC000347E4FE85476318F7028347F4FEBE8537
:1082DC0017950000130585F6EFD0EFDD97A700008A
:1082EC00938747A998438347F4FE854613062003DA
:1082FC00C1453E854D2B8347E4FE9DE78347F4FE45
:10830C00BE85179500001305E5F5EFD0CFDA97A7DA
:10831C0000009387E7A298438347F4FE8546130633
:10832C002003C1453E8541230347E4FE8547630E88
:10833C00F7008347E4FE91CB8347F4FEBE85179587
:10834C0000001305E5F4EFD00FD70D45EFD01FA9B2
:10835C000100F2406244056182801D7186CEA2CC80
:10836C00A6CA80109387015D984385476311F7185F
:10837C0017950000130545F4EFD0EFD3A30704FEC7
:10838C009387013E83D7070093F7F70F860793F780
:10839C00F70F950713F7F70F9387213E2380E7001C
:1083AC00230704FE232404FE8D47A301F4FEA3003F
:1083BC0004FE232404FE35A0938781F1D443834724
:1083CC00E4FE138717002307E4FE3E87930744FA65
:1083DC00BA97BE8536858D32832784FE8507232484
:1083EC00F4FE9387213E83C707003E87832784FED4
:1083FC00E3C4E7FC230704FE85472301F4FE232492
:10840C0004FE45A88347E4FE130704FFBA9783874D
:10841C0047FB2300F4FE8347E4FE85072307F4FEA5
:10842C00032784FE894763D1E7089387213E83C7DE
:10843C000700F917032784FE6358F706034704FE69
:10844C00834734FE8E07B317F7003E87832744FE1D
:10845C00D98F2322F4FE834734FE1387F7FFA30141
:10846C00E4FEB9E3832644FE8347F4FE138717002A
:10847C00A307E4FEBE843685913CAA861387415D32
:10848C0093972400BA9794C39387415D984393873D
:10849C00C1A098C3232204FE8D47A301F4FE834799
:1084AC0024FE85072301F4FE832784FE85072324FD
:1084BC00F4FE9387213E83C707003E87832784FE03
:1084CC00E3C2E7F4938781F1DC433E85EFD0CFE83C
:1084DC00B7050040B707040013858710EFE0FFDDF8
:1084EC0097B70000938707B323A007000DA89387C5
:1084FC00015D984389476314F70293052003130524
:10850C002003EFD05FC6938781F1DC433E85EFD02B
:10851C00AFE497B700009387E7AF23A007009387DA
:10852C0081F1DC433E85EFD02FE39387015D23A0DF
:10853C00070097B700009387E7AD23A00700010061
:10854C00F6406644D644256182801D7186CEA2CC4D
:10855C008010AA873687A307F4FAAE872307F4FAAC
:10856C00B2872316F4FABA872315F4FA9387411CC1
:10857C009C4363950732010097B70000938787A946
:10858C0098438547E30AF7FE8347F4FABE851795AF
:10859C000000130525D3EFD00FB29387A12C03470E
:1085AC00F4FA2380E7009387013F0347E4FA238022
:1085BC00E7008357C4FA13F7F70F9387512D2380E5
:1085CC00E700231704FEA30604FE8357A4FA13F74F
:1085DC00F70F938711502380E7008357A4FA86077F
:1085EC002315F4FA9387013E0357A4FA2390E7006E
:1085FC008347D4FE13871700A306E4FE0307F4FA9F
:10860C00930604FFB6972380E7FC8347D4FE1387B9
:10861C001700A306E4FE0307E4FA930604FFB697DB
:10862C002380E7FC8357C4FAA18393960701C18288
:10863C008347D4FE13871700A306E4FE1397860125
:10864C006187930604FFB6972380E7FC8347D4FE2B
:10865C0013871700A306E4FE0357C4FA6207618769
:10866C00930604FFB6972380E7FC8357A4FAA183F3
:10867C0093960701C1828347D4FE13871700A30684
:10868C00E4FE139786016187930604FFB697238057
:10869C00E7FC8347D4FE13871700A306E4FE0357B9
:1086AC00A4FA62076187930604FFB6972380E7FC60
:1086BC00930704FB99453E85EFF02FF7AA87231704
:1086CC00F4FE8347D4FE13871700A306E4FE03577A
:1086DC00E4FE62076187930604FFB6972380E7FCEC
:1086EC008357E4FEA18393960701C1828347D4FE8E
:1086FC0013871700A306E4FE139786016187930680
:10870C0004FFB6972380E7FCA30604FEB7050040E0
:10871C00B707040013858710EFE03FBA938781F108
:10872C00D4438347D4FE13871700A306E4FE130734
:10873C0004FFBA97838707FC93F7F70FBE8536853E
:10874C00EFD0EFAB938781F1D4438347D4FE1387EB
:10875C001700A306E4FE130704FFBA97838707FCF0
:10876C0093F7F70FBE853685EFD06FA9938781F10C
:10877C00D4438347D4FE13871700A306E4FE1307E4
:10878C0004FFBA97838707FC93F7F70FBE853685EE
:10879C00EFD0EFA6938781F1D4438347D4FE1387A0
:1087AC001700A306E4FE130704FFBA97838707FCA0
:1087BC0093F7F70FBE853685EFD06FA4938781F1C1
:1087CC00D4438347D4FE13871700A306E4FE130794
:1087DC0004FFBA97838707FC93F7F70FBE8536859E
:1087EC00EFD0EFA1938781F1D4438347D4FE138755
:1087FC001700A306E4FE130704FFBA97838707FC50
:10880C0093F7F70FBE853685EFD06F9F938781F175
:10881C00D4438347D4FE13871700A306E4FE130743
:10882C0004FFBA97838707FC93F7F70FBE8536854D
:10883C00EFD0EF9C938781F1D4438347D4FE138709
:10884C001700A306E4FE130704FFBA97838707FCFF
:10885C0093F7F70FBE853685EFD06F9AA30604FE0B
:10886C000100938781F1DC4383C7C700858BF5DB5F
:10887C00B7050040B707040013858710EFE07FA60B
:10888C0097A7000093870779054798C39387015DE5
:10889C00054798C3EFF0CFBFEF10102B0100F64047
:1088AC00664425618280597186D6A2D48018AA8725
:1088BC00232AE4F8A30FF4F8AE87230FF4F8B28759
:1088CC00231EF4F8B687231DF4F89387411C9C43B0
:1088DC00639D0748010097A700009387A7739843EF
:1088EC008547E30AF7FE9387A12C0347F4F923800D
:1088FC00E7009387013F0347E4F92380E7008357A0
:10890C00C4F913F7F70F9387512D2380E700231732
:10891C0004FEA30604FE8357A4F913F7F70F9387FD
:10892C0011502380E7008357A4F98607231DF4F820
:10893C009387013E0357A4F92390E700230604FE16
:10894C00032544F9EFF0AFF02324A4FE8347D4FEB3
:10895C0013871700A306E4FE0307F4F9930604FF3C
:10896C00B697238EE7FA8347D4FE13871700A30626
:10897C00E4FE0307E4F9930604FFB697238EE7FAA7
:10898C008357C4F9A18393960701C1828347D4FE10
:10899C0013871700A306E4FE1397860161879306DD
:1089AC0004FFB697238EE7FA8347D4FE138717008C
:1089BC00A306E4FE0357C4F962076187930604FF1C
:1089CC00B697238EE7FA8357A4F9A18393960701F0
:1089DC00C1828347D4FE13871700A306E4FE1397C6
:1089EC0086016187930604FFB697238EE7FA8347C7
:1089FC00D4FE13871700A306E4FE0357A4F96207FD
:108A0C006187930604FFB697238EE7FA8347D4FE5B
:108A1C0013871700A306E4FE130704FFBA97114748
:108A2C00238EE7FA832784FE93D687018347D4FEEF
:108A3C0013871700A306E4FE13978601618793063C
:108A4C0004FFB697238EE7FA832784FE93D607019B
:108A5C008347D4FE13871700A306E4FE1397860101
:108A6C006187930604FFB697238EE7FA832784FE6B
:108A7C0093D687008347D4FE13871700A306E4FE22
:108A8C00139786016187930604FFB697238EE7FA46
:108A9C008347D4FE13871700A306E4FE032784FE46
:108AAC0062076187930604FFB697238EE7FA930754
:108ABC00C4FAAD453E85EFF04FB7AA872317F4FEF5
:108ACC008347D4FE13871700A306E4FE0357E4FE86
:108ADC0062076187930604FFB697238EE7FA8357E4
:108AEC00E4FEA18393960701C1828347D4FE1387CA
:108AFC001700A306E4FE139786016187930604FF13
:108B0C00B697238EE7FAA30604FEB7050040B70715
:108B1C00040013858710EFE04FFA938781F1D4435B
:108B2C008347D4FE13871700A306E4FE130704FF44
:108B3C00BA978387C7FB93F7F70FBE853685EFC0CF
:108B4C001FEC938781F1D4438347D4FE138717001E
:108B5C00A306E4FE130704FFBA978387C7FB93F7BA
:108B6C00F70FBE853685EFC09FE9938781F1D4431B
:108B7C008347D4FE13871700A306E4FE130704FFF4
:108B8C00BA978387C7FB93F7F70FBE853685EFC07F
:108B9C001FE7938781F1D4438347D4FE13871700D3
:108BAC00A306E4FE130704FFBA978387C7FB93F76A
:108BBC00F70FBE853685EFC09FE4938781F1D443D0
:108BCC008347D4FE13871700A306E4FE130704FFA4
:108BDC00BA978387C7FB93F7F70FBE853685EFC02F
:108BEC001FE2938781F1D4438347D4FE1387170088
:108BFC00A306E4FE130704FFBA978387C7FB93F71A
:108C0C00F70FBE853685EFC09FDF938781F1D44384
:108C1C008347D4FE13871700A306E4FE130704FF53
:108C2C00BA978387C7FB93F7F70FBE853685EFC0DE
:108C3C001FDD938781F1D4438347D4FE138717003C
:108C4C00A306E4FE130704FFBA978387C7FB93F7C9
:108C5C00F70FBE853685EFC09FDA938781F1D44339
:108C6C008347D4FE13871700A306E4FE130704FF03
:108C7C00BA978387C7FB93F7F70FBE853685EFC08E
:108C8C001FD8938781F1D4438347D4FE13871700F1
:108C9C00A306E4FE130704FFBA978387C7FB93F779
:108CAC00F70FBE853685EFC09FD5938781F1D443EE
:108CBC008347D4FE13871700A306E4FE130704FFB3
:108CCC00BA978387C7FB93F7F70FBE853685EFC03E
:108CDC001FD3938781F1D4438347D4FE13871700A6
:108CEC00A306E4FE130704FFBA978387C7FB93F729
:108CFC00F70FBE853685EFC09FD0938781F1D443A3
:108D0C008347D4FE13871700A306E4FE130704FF62
:108D1C00BA978387C7FB93F7F70FBE853685EFC0ED
:108D2C001FCEA30604FE0100938781F1DC4383C7A9
:108D3C00C700858BF5DBB7050040B707040013852A
:108D4C008710EFE00FDA938781F1DC433E85EFC0AB
:108D5C00BFE097A700009387E72B054798C393873D
:108D6C00015D094798C3EFE0BFF20100B6502654ED
:108D7C0065618280011106CE22CC0010AA872E8755
:108D8C002317F4FEBA87A306F4FE13054006EF2062
:108D9C0040449387C11C238007006F00807B83575E
:108DAC00E4FE1307C00C638FE7721307C00C634714
:108DBC00F7781307A00C638BE76C1307A00C634FB9
:108DCC00F7761307A0046346F70263C90776130707
:108DDC00A0046365F77613972700978700009387A5
:108DEC00E753BA9798439787000093872753BA970E
:108DFC0082871307800C638FE7626F002074938562
:108E0C008196178500001305E54DEFC0DFAA938707
:108E1C00C11C83C70700138717009376F70F1387BE
:108E2C00C11C2300D7001387415D8A07BA979C4366
:108E3C003E85EF6050442A87AE873A86BE861785FA
:108E4C0000001305A54AEFC01FA78357E4FE89074E
:108E5C002317F4FE6F00406F938501971785000070
:108E6C0013054548EFC03FA59387C11C83C7070076
:108E7C00138717009376F70F1387C11C2300D700B5
:108E8C001387415D8A07BA979C433E85EF60B03EDD
:108E9C002A87AE873A86BE8617850000130585455E
:108EAC00EFC07FA18357E4FE89072317F4FE6F0000
:108EBC00A06993858197178500001305A542EFC023
:108ECC009F9F9387C11C83C7070013871700937656
:108EDC00F70F1387C11C2300D7001387415D8A0746
:108EEC00BA979C433E85EF6010392A87AE873A8645
:108EFC00BE86178500001305E53FEFC0DF9B835747
:108F0C00E4FE89072317F4FE6F000064938541A2E9
:108F1C00178500001305053DEFC0FF999387C11C11
:108F2C0083C70700138717009376F70F1387C11CAD
:108F3C002300D7001387415D8A07BA979C433E856F
:108F4C00EF6070332A87AE873A86BE86178500009D
:108F5C001305453AEFC03F968357E4FE8907231764
:108F6C00F4FEDDA3938501A3178500001305853757
:108F7C00EFC07F949387C11C83C70700138717002A
:108F8C009376F70F1387C11C2300D7001387415D1D
:108F9C008A07BA979C433E85EF60F02D2A87AE87EF
:108FAC003A86BE86178500001305C534EFC0BF9006
:108FBC008357E4FE89072317F4FE79A39385C1A395
:108FCC001785000013050532EFC0FF8E9387C11C77
:108FDC0083C70700138717009376F70F1387C11CFD
:108FEC002300D7001387415D8A07BA979C433E85BF
:108FFC00EF6070282A87AE873A86BE8617850000F8
:10900C001305452FEFC03F8B8357E4FE89072317C9
:10901C00F4FE1DAB93850198178500001305852C74
:10902C00EFC07F899387C11C83C707001387170084
:10903C009376F70F1387C11C2300D7001387415D6C
:10904C008A07BA979C433E85EF60F0222A87AE8749
:10905C003A86BE86178500001305C529EFC0BF856B
:10906C008357E4FE89072317F4FEF9A993858198A9
:10907C001785000013050527EFC0FF839387C11CDC
:10908C0083C70700138717009376F70F1387C11C4C
:10909C002300D7001387415D8A07BA979C433E850E
:1090AC00EF60701D2A87AE873A86BE861785000052
:1090BC0013054524EFC03F808357E4FE890723172F
:1090CC00F4FE59A19385019917850000130585219C
:1090DC00EFC06FFE9387C11C83C70700138717006F
:1090EC009376F70F1387C11C2300D7001387415DBC
:1090FC008A07BA979C433E85EF60F0172A87AE87A4
:10910C003A86BE86178500001305C51EEFC0AFFA60
:10911C008357E4FE89072317F4FE3DA193858199BB
:10912C00178500001305051CEFC0EFF89387C11CD1
:10913C0083C70700138717009376F70F1387C11C9B
:10914C002300D7001387415D8A07BA979C433E855D
:10915C00EF6070122A87AE873A86BE8617850000AC
:10916C0013054519EFC02FF58357E4FE8907231724
:10917C00F4FED9AE9385019A178500001305851668
:10918C00EFC06FF39387C11C83C7070013871700C9
:10919C009376F70F1387C11C2300D7001387415D0B
:1091AC008A07BA979C433E85EF60F00C2A87AE87FE
:1091BC003A86BE86178500001305C513EFC0AFEFC6
:1091CC008357E4FE89072317F4FEBDAE9385819A7D
:1091DC001785000013050511EFC0EFED9387C11C37
:1091EC0083C70700138717009376F70F1387C11CEB
:1091FC002300D7001387415D8A07BA979C433E85AD
:10920C00EF6070072A87AE873A86BE861785000006
:10921C001305450EEFC02FEA8357E4FE8907231789
:10922C00F4FE1DA6938581A4178500001305850BFC
:10923C00EFC06FE89387C11C83C707001387170023
:10924C009376F70F1387C11C2300D7001387415D5A
:10925C008A07BA979C433E85EF60F0012A87AE8758
:10926C003A86BE86178500001305C508EFC0AFE42B
:10927C008357E4FE89072317F4FEF9A49385019B19
:10928C001785000013050506EFC0EFE29387C11C9C
:10929C0083C70700138717009376F70F1387C11C3A
:1092AC002300D7001387415D8A07BA979C433E85FC
:1092BC00EF60607C2A87AE873A86BE8617850000F1
:1092CC0013054503EFC02FDF8357E4FE89072317EF
:1092DC00F4FE9DAC9385419B17850000130585001A
:1092EC00EFC06FDD9387C11C83C70700138717007E
:1092FC009376F70F1387C11C2300D7001387415DAA
:10930C008A07BA979C433E85EF60E0762A87AE8742
:10931C003A86BE86178500001305C5FDEFC0AFD990
:10932C008357E4FE89072317F4FE39AC9385819BA0
:10933C0017850000130505FBEFC0EFD79387C11C01
:10934C0083C70700138717009376F70F1387C11C89
:10935C002300D7001387415D8A07BA979C433E854B
:10936C00EF6060712A87AE873A86BE86178500004B
:10937C00130545F8EFC02FD48357E4FE8907231754
:10938C00F4FED9A2938541A517850000130585F538
:10939C00EFC06FD29387C11C83C7070013871700D8
:1093AC009376F70F1387C11C2300D7001387415DF9
:1093BC008A07BA979C433E85EF60E06B2A87AE879D
:1093CC003A86BE86178500001305C5F2EFC0AFCEF6
:1093DC008357E4FE89072317F4FEBDA2938501A6EB
:1093EC0017850000130505F0EFC0EFCC9387C11C67
:1093FC0083C70700138717009376F70F1387C11CD9
:10940C002300D7001387415D8A07BA979C433E859A
:10941C00EF6060662A87AE873A86BE8617850000A5
:10942C00130545EDEFC02FC98357E4FE89072317B9
:10943C00F4FE19AA9385C19B17850000130585EAD4
:10944C00EFC06FC79387C11C83C707001387170032
:10945C009376F70F1387C11C2300D7001387415D48
:10946C008A07BA979C433E85EF60E0602A87AE87F7
:10947C003A86BE86178500001305C5E7EFC0AFC35B
:10948C008357E4FE89072317F4FE7DA89385419C3E
:10949C0017850000130505E5EFC0EFC19387C11CCC
:1094AC0083C70700138717009376F70F1387C11C28
:1094BC002300D7001387415D8A07BA979C433E85EA
:1094CC00EF60605B2A87AE873A86BE861785000000
:1094DC00130545E2EFC02FBE8357E4FE890723171F
:1094EC00F4FE9DA09385C19C17850000130585DFB4
:1094FC00EFC06FBC9387C11C83C70700138717008D
:10950C009376F70F1387C11C2300D7001387415D97
:10951C008A07BA979C433E85EF60E0552A87AE8751
:10952C003A86BE86178500001305C5DCEFC0AFB8C0
:10953C008357E4FE89072317F4FE39A01785000032
:10954C001305C5DBEFC02FB78347D4FEFD17A30669
:10955C00F4FE8347D4FEE394078401000100F2403B
:10956C00624405618280011122CE0010232604FE84
:10957C0031A08327C4FE85072326F4FE0327C4FEEF
:10958C00B7170300938707D4E3D5E7FE010001006A
:10959C00724405618280011122CE0010232604FE44
:1095AC0031A08327C4FE85072326F4FE0327C4FEBF
:1095BC00B7B70A00938707E6E3D5E7FE0100010081
:1095CC00724405618280411106C622C400081785C9
:1095DC000000130565E7EFC00FAE178500001305FB
:1095EC0025E88D289305401F1305401FEFC0BFB71A
:1095FC00138541504122178500001305E5E6992893
:10960C009305200313052003EFC0FFB513854150CC
:10961C00952217850000130565E52D289305200379
:10962C0013052003EFC03FB413854150A1221785C9
:10963C000000130525E439289305200313052003A6
:10964C00EFC07FB21385415035220100B240224455
:10965C0041018280011106CE22CC00102326A4FEEB
:10966C000DA0938781F198478327C4FE83C7070019
:10967C00BE853A85EFC0AFB88327C4FE8507232685
:10968C00F4FE8327C4FE83C70700E1FF938781F1B3
:10969C009C47B5453E85EFC08FB6938781F19C47BB
:1096AC00A9453E85EFC0AFB581473E85F240624487
:1096BC0005618280011106CE22CC00102326A4FE67
:1096CC000DA0938781F198478327C4FE83C70700B9
:1096DC00BE853A85EFC0AFB28327C4FE850723262B
:1096EC00F4FE8327C4FE83C70700E1FF938781F153
:1096FC009C47B5453E85EFC08FB0938781F19C4761
:10970C00A9453E85EFC0AFAF81473E85F24062442C
:10971C0005618280011106CE22CC00102326A4FE06
:10972C000DA0938781F1D8438327C4FE83C707001C
:10973C00BE853A85EFC0AFAC8327C4FE85072326D0
:10974C00F4FE8327C4FE83C70700E1FF938781F1F2
:10975C00DC43B5453E85EFC08FAA938781F1DC438E
:10976C00A9453E85EFC0AFA981473E85F2406244D2
:10977C0005618280797106D622D40018232EA4FCB0
:10978C008327C4FD2326F4FE8327C4FD2322F4FE85
:10979C00232404FE41A8938781F19C47130704FE00
:1097AC00BA853E85EFC08FAD832704FE13F7F70F04
:1097BC008327C4FE2380E7008327C4FE8507232666
:1097CC00F4FE8327C4FE2380070097850000938551
:1097DC00E5CA032544FEEF60100EAA8799CB8325BA
:1097EC0044FE178500001305A5C9EFC0CF8C814737
:1097FC0099A897850000938525CA032544FEEF6040
:10980C00900BAA8799CB832544FE1785000013057E
:10981C0025C7EFC04F8A81473DA0832784FE85076B
:10982C002324F4FE032784FE9307500CE3D5E7F6BC
:10983C008327C4FE2380070017850000130545C647
:10984C00EFC06F8785473E85B250225445618280B8
:10985C00411106C622C4000801479306400617862C
:10986C0000001306E6C481450945EFE0EF97178524
:10987C0000001305E5BE3D3D17850000130585C4AA
:10988C00EFC06F831545EFC06FD5912189218121E0
:10989C003D2917850000130565BD293D178500007E
:1098AC001305C5C2EFC02F810945EFC02FD3052189
:1098BC00014793064006178600001306E6C1814552
:1098CC000945EFE06F9217850000130525C2DD33C3
:1098DC009305400613054006EFC0FF88178500006E
:1098EC00130585C1C13B9305200313052003EFC06D
:1098FC009F87178500001305E5C16D3B1785000098
:10990C00130505C2EFB03FFB0945EFC02FCDC126B3
:10991C0017850000130545C2713B17850000130520
:10992C00A5C2EFB05FF90945EFC04FCB4D260147FB
:10993C009306400617860000130686C2814509452A
:10994C00EFE08F8A178500001305C5C2A533178574
:10995C0000001305E5C2EFB01FF60945EFC00FC8B4
:10996C00BD269387811B23A007001306A00F8145FA
:10997C001385413FEF60A02F1306A00F814513857F
:10998C00011DEF60C02E69A0178500001305C5BF2F
:10999C0015330545EFC08FC4E5299387413E9843A5
:1099AC0085476317F7069385413F1785000013051C
:1099BC00E5BFEFB05FF097850000938565BF138519
:1099CC00413FEF60406FAA8791C79387811B09477E
:1099DC0098C325A097850000938505BE1385413F4C
:1099EC00EF60606DAA8791C79387811B094798C365
:1099FC0029A09387811B0D4798C31306A00F81459F
:109A0C001385413FEF60A0269387413E094798C3D9
:109A1C009387811B98438947E318F7F601478567BD
:109A2C009386873817860000130686B98145094549
:109A3C00EFD09FFB014793064006178600001306E4
:109A4C0066B981450945EFD03FFA0100B240224486
:109A5C0041018280011106CE22CC00102326A4FEE7
:109A6C0097850000938545B80325C4FEEF60A0647C
:109A7C00AA8791CB8325C4FE17850000130545B733
:109A8C00EFB07FE325A8978500009385E5B7032504
:109A9C00C4FEEF604062AA8791CB8325C4FE178574
:109AAC0000001305E5B6EFB01FE109A88325C4FE3D
:109ABC0017850000130545B7EFB0FFDF0100F2403A
:109ACC00624405618280411122C60008EDA2938791
:109ADC0001A083C707003E879387012EBA9703C75F
:109AEC000700B5476317F718938701A083C70700D2
:109AFC00850713F7F70F938701A02380E70093875F
:109B0C0001A003C707009307A00F63F6E700938734
:109B1C0001A023800700938711A083C70700FD17BE
:109B2C0013F7F70F938711A02380E700938701A009
:109B3C0083C707003E879387012EBA9703C7070098
:109B4C00A9476315F70E938701A083C70700850704
:109B5C0013F7F70F938701A02380E700938701A0E9
:109B6C0003C707009307A00F63F6E700938701A0D4
:109B7C0023800700938711A083C70700FD1713F7F5
:109B8C00F70F938711A02380E700A5A09387D19F9F
:109B9C0083C707003E869387E19F83C7070013871F
:109BAC0017009376F70F1387E19F2300D700BE862B
:109BBC009387012EB29703C707009387C168B697A6
:109BCC002380E7009387D19F83C70700850713F78E
:109BDC00F70F9387D19F2380E7009387D19F03C70B
:109BEC0007009307A00F63F6E7009387D19F2380AC
:109BFC0007009387D19F03C70700938701A083C7F2
:109C0C000700E315F7F89387E19F83C707003E87AA
:109C1C009387C168BA97238007009387E19F2380BD
:109C2C0007009387C15C054798C371A8938701A06F
:109C3C0083C70700850713F7F70F938701A02380CD
:109C4C00E700938701A003C707009307A00F63F6F3
:109C5C00E700938701A023800700938711A083C797
:109C6C000700FD1713F7F70F938711A02380E70068
:109C7C0099A0938701A083C70700850713F7F70FF7
:109C8C00938701A02380E700938701A003C70700F7
:109C9C009307A00F63F6E700938701A023800700CA
:109CAC00938711A083C70700FD1713F7F70F93874E
:109CBC0011A02380E700938711A003C707008547F5
:109CCC00E3E7E7E0010001003244410182804111E9
:109CDC0006C622C400086D2A9387413E98438547E7
:109CEC006315F7029385413F178500001305058C1A
:109CFC00EFB07FBC1306A00F81451385413FEF5099
:109D0C0010779387413E094798C30100B240224423
:109D1C0041018280411106C622C400080147930606
:109D2C004006177600001306A67881450945EFD04A
:109D3C00BFCB1775000013052573E5280545EFC04B
:109D4C00EF891775000013056572E5200545EFC016
:109D5C00EF88178500001305E58EE1280545EFC057
:109D6C00EF87178500001305A58EE1200545EFC090
:109D7C00EF86178500001305E58E65280545EFC0B5
:109D8C00EF85014793064006177600001306C6744C
:109D9C0081450945EFD05FC50147930640061786FC
:109DAC0000001306E68C81450945EFD0FFC393876D
:109DBC0081F19C47E9453E85EFB07FC40545EFC076
:109DCC00EF8101478567938607FA17760000130623
:109DDC00267F81450945EFD03FC10100B2402244A6
:109DEC0041018280411106C622C400089387F19F6D
:109DFC0023800700938701A023800700938711A07D
:109E0C0023800700938721A0238007001306A00F4F
:109E1C0081451385C168EF5090651306A00F8145ED
:109E2C001385012EEF50B0640100B2402244410171
:109E3C008280011106CE22CC00102326A4FE0DA098
:109E4C00938781F198478327C4FE83C70700BE859B
:109E5C003A85EFB0DFBA8327C4FE85072326F4FECC
:109E6C008327C4FE83C70700E1FF938781F19C47DA
:109E7C00B5453E85EFB0BFB8938781F19C47A945A6
:109E8C003E85EFB0DFB70100F2406244056182808D
:109E9C00411122C60008EDA2938771A083C7070069
:109EAC003E879387011DBA9703C70700B547631711
:109EBC00F718938771A083C70700850713F7F70F6F
:109ECC00938771A02380E700938771A003C70700D5
:109EDC009307A00F63F6E700938771A02380070018
:109EEC00938781A083C70700FD1713F7F70F93879C
:109EFC0081A02380E700938771A083C707003E876A
:109F0C009387011DBA9703C70700A9476315F70E7E
:109F1C00938771A083C70700850713F7F70F938703
:109F2C0071A02380E700938771A003C707009307F4
:109F3C00A00F63F6E700938771A023800700938737
:109F4C0081A083C70700FD1713F7F70F938781A034
:109F5C002380E700A5A0938741A083C707003E8616
:109F6C00938751A083C70700138717009376F70FC9
:109F7C00138751A02300D700BE869387011DB2978B
:109F8C0003C707009387413FB6972380E700938769
:109F9C0041A083C70700850713F7F70F938741A0EC
:109FAC002380E700938741A003C707009307A00F06
:109FBC0063F6E700938741A023800700938741A0B5
:109FCC0003C70700938771A083C70700E315F7F851
:109FDC00938751A083C707003E879387413FBA9769
:109FEC0023800700938751A0238007009387413E6D
:109FFC00054798C371A8938771A083C7070085078D
:10A00C0013F7F70F938771A02380E700938771A054
:10A01C0003C707009307A00F63F6E700938771A0AF
:10A02C0023800700938781A083C70700FD1713F7D0
:10A03C00F70F938781A02380E70099A0938771A0E5
:10A04C0083C70700850713F7F70F938771A0238049
:10A05C00E700938771A003C707009307A00F63F66F
:10A06C00E700938771A023800700938781A083C7A3
:10A07C000700FD1713F7F70F938781A02380E700E4
:10A08C00938781A003C707008547E3E7E7E001005A
:10A09C000100324441018280411106C622C40008ED
:10A0AC006945EFC05F9B9387410E17E7FFFF1307CE
:10A0BC00072BB8D7177500001305C55CEFB0AFFFC1
:10A0CC00A14273A0023085629382028073A0423059
:10A0DC00F3270030F3274030F32740340945EFB025
:10A0EC00FFCF938781F1DC4391453E85EFB0FF8E26
:10A0FC000100B240224441018280411106C622C4B3
:10A10C0000086D45EFC03F959387410E170700007F
:10A11C0013070705F8D7177500001305A557EFB0FF
:10A12C008FF9A14273A0023085629382028073A0E2
:10A13C004230F3270030F3274030F32740340945F1
:10A14C00EFB0DFC9938781F19C4791453E85EFB015
:10A15C00DF880100B240224441018280411122C6B5
:10A16C0000086DA0938781F19C479C4713F7F70F6C
:10A17C00938721502380E700938761A083C7070052
:10A18C00BE869387215003C707009387011DB6979E
:10A19C002380E700938761A083C70700850713F727
:10A1AC00F70F938761A02380E700938761A003C713
:10A1BC0007009307A00F63F6E700938761A0238045
:10A1CC000700938781A083C70700850713F7F70F54
:10A1DC00938781A02380E700938781A003C70700A2
:10A1EC009307A00F63FCE700938781A06957238036
:10A1FC00E7009387015005472380E700938781A0F0
:10A20C0003C70700938791A02380E700938781F110
:10A21C009C4783C7C700918BB1F701000100324402
:10A22C0041018280797106D622D40018232EA4FC19
:10A23C00A30704FE8347F4FE13871700A307E4FE6D
:10A24C003E878327C4FDBA9783C707002307F4FE14
:10A25C009387C1789C430347E4FE2380E7009387F0
:10A26C00C1789C43138717009387C17898C38347A1
:10A27C00E4FEE9F39387C1789C432380070093871E
:10A28C00C1789C43138717009387C17898C3938731
:10A29C00014F9C43CDE7938781789C43A1E71775C9
:10A2AC00000013056540EFF0EFC093054006130561
:10A2BC004006EFB05FEB17950000130525C9EFF0D2
:10A2CC006FBF9305401F13054006EFB0DFE993877E
:10A2DC00411C23A00700979700009387A7D323A0C6
:10A2EC000700B1A893878178984385476319F704D1
:10A2FC00177500001305453C2D3E13054006EF0075
:10A30C00506D17950000130565C4253613054006DE
:10A31C00EF00306C938781F19C47E9453E85EFB0A7
:10A32C000FEE13054006EF00D06A9387411C23A063
:10A33C000700979700009387E7CD23A00700010043
:10A34C00B250225445618280411106C622C40008D5
:10A35C009387415D98439387C1789C439D463E8685
:10A36C0089453A8511281305800CEF009066010091
:10A37C00B240224441018280797106D622D4001861
:10A38C00232EA4FC232CB4FC232AC4FC2328D4FCA9
:10A39C00832744FD1307A0032380E700832744FD94
:10A3AC008507232AF4FC930500000325C4FDEF4028
:10A3BC00F074AA8763D50702832744FD1307D002E4
:10A3CC002380E700832744FD8507232AF4FC032719
:10A3DC00C4FDB7070080B98F232EF4FC21A8832776
:10A3EC0044FD1307B0022380E700832744FD850753
:10A3FC00232AF4FC0325C4FDEF50A04CAA8723228A
:10A40C00F4FE032704FD832784FDB307F740F917F7
:10A41C003E86832544FD032544FEF128032704FDD5
:10A42C00832784FDB307F740F917032744FDBA9738
:10A43C00232AF4FC832744FD1307E0022380E70062
:10A44C00832744FD8507232AF4FC032544FEEF50A3
:10A45C00404DAA87BE850325C4FDEF508013AA8703
:10A46C002326F4FE232404FEBDA0978700009387C7
:10A47C00278D8C430325C4FEEF40D06FAA8723267B
:10A48C00F4FE0325C4FEEF50C043AA8793F7F70FE1
:10A49C009387070313F7F70F832744FD2380E70007
:10A4AC000325C4FEEF50E041AA873E85EF5060477C
:10A4BC00AA87BE850325C4FEEF50A00DAA872326CC
:10A4CC00F4FE832744FD8507232AF4FC832784FEAE
:10A4DC0085072324F4FE032784FE832784FDE346AB
:10A4EC00F7F89387C178032744FD98C30100B25055
:10A4FC00225445618280797122D60018232EA4FC47
:10A50C00232CB4FC232AC4FC832744FDFD172326EB
:10A51C00F4FE3DA80327C4FDA947B367F70213F760
:10A52C00F70F8327C4FE832684FDB6971307070312
:10A53C001377F70F2380E7000327C4FDA947B34720
:10A54C00F702232EF4FC8327C4FEFD172326F4FE0A
:10A55C008327C4FEE3D007FC01000100325445619F
:10A56C0082805D7186C6A2C480089387811C23A05B
:10A57C000700930704FD514681453E85EF50206F3F
:10A58C009307C4FB514681453E85EF50406E93873F
:10A59C00C178179700001307679B98C39387C178FE
:10A5AC009C431307B0022380E7009387C1789C4338
:10A5BC00138717009387C17898C39387C1789C43FE
:10A5CC00130720052380E7009387C1789C431387EA
:10A5DC0017009387C17898C39387C1789C4313075E
:10A5EC0030052380E7009387C1789C4313871700BD
:10A5FC009387C17898C39387C1789C431307000550
:10A60C002380E7009387C1789C43138717009387B7
:10A61C00C17898C39387C1789C431307A003238008
:10A62C00E7009387C1789C43138717009387C17801
:10A63C0098C3177500001305A509EFB0CFA7232603
:10A64C0004FE232404FE0100832784FE13871700D5
:10A65C002324E4FE1387413FBA9703C707009307EF
:10A66C004002E313F7FE3DA0032784FE9307170077
:10A67C002324F4FE8327C4FE938617002326D4FEDE
:10A68C009386413F369703470700930604FFB6971E
:10A69C002380E7FE1387413F832784FEBA9703C7C5
:10A6AC0007009307A003E311F7FC832784FE8507BB
:10A6BC002324F4FE8327C4FE85072326F4FE832778
:10A6CC00C4FE130704FFBA97238007FE232604FE5B
:10A6DC003DA0032784FE930717002324F4FE832751
:10A6EC00C4FE938617002326D4FE9386413F3697EB
:10A6FC0003470700930604FFB6972386E7FC1387EE
:10A70C00413F832784FEBA9783C70700F9F3832759
:10A71C0084FE85072324F4FE8327C4FE85072326A5
:10A72C00F4FE8327C4FE130704FFBA97238607FCA5
:10A73C00232604FE8347D4FB138707FDBA878A07B9
:10A74C00BA9786073E878347E4FB938707FDBA9742
:10A75C002322F4FE8347C4FB13074003638CE76E8C
:10A76C0013074003E345F710130730036387E74CE7
:10A77C0013073003E34DF70E130710036388E7004C
:10A78C00130720036380E7266F00700E9387C13D8B
:10A79C00054798C3032744FE93077004630DF71C09
:10A7AC00032744FE9307700463CBE722032744FE80
:10A7BC00CD476309F700032744FE93076004630841
:10A7CC00F71431AC17750000130505F2EFB0AF8E1E
:10A7DC009387012D1307700798C39387012D9C4312
:10A7EC003E879387C1789C430D46BE853A852133BD
:10A7FC009387C1789C43138737009387C17898C39C
:10A80C0001479306400617760000130626EF814594
:10A81C000945EFD06F9D8546014691450545EFD022
:10A82C00DFD28546094691450545EFD01FD28546B6
:10A83C00114691450545EFD05FD1854619469145A6
:10A84C000545EFD09FD08546214691450545EFD073
:10A85C00DFCF8546294691450545EFD01FCF85466C
:10A86C00314691450545EFD05FCE85463946914539
:10A87C000545EFD09FCD8546414691450545EFD026
:10A88C00DFCC8546614691450545EFD01FCC85460A
:10A89C00694691450545EFD05FCB8546714691459C
:10A8AC000545EFD09FCA8546794691450545EFD0C1
:10A8BC00DFC985461306000291450545EFD0FFC858
:10A8CC0085461306200291450545EFD01FC88546E5
:10A8DC001306600491450545EFD03FC78546130626
:10A8EC00800491450545EFD05FC685461306A0044C
:10A8FC0091450545EFD07FC597850000938505658B
:10A90C00177500001305C5E0EFA0FFFAD1A8177565
:10A91C000000130525E1EFA01FFA9387012D130703
:10A92C00A00A98C39387012D9C433E879387C178D7
:10A93C009C430D46BE853A857D3E9387C1789C43EA
:10A94C00138737009387C17898C3177500001305D8
:10A95C0025DFEFA05FF6014793064006177600004F
:10A96C00130646DF81450945EFD00F888145054523
:10A97C00EFD0BF92B5A0177500001305E5DEEFA070
:10A98C009FF39387012D1307B00A98C39387012D6A
:10A99C009C433E879387C1789C430D46BE853A8580
:10A9AC00993E9387C1789C43138737009387C1786E
:10A9BC0098C3177500001305A5DCEFA0DFEF014766
:10A9CC0093064006177600001306C6DC8145094540
:10A9DC00EFD08F8185450545EFD03F8C11A001004C
:10A9EC006F0000699387C13D094798C3032744FE54
:10A9FC0093077004630DF71C032744FE9307700440
:10AA0C0063CBE722032744FECD476309F7000327F6
:10AA1C0044FE930760046308F71431AC177500000B
:10AA2C00130585D8EFA03FE99387012D1307B00DCF
:10AA3C0098C39387012D9C433E879387C1789C4391
:10AA4C000D46BE853A85453C9387C1789C43138758
:10AA5C0037009387C17898C3014793064006177651
:10AA6C0000001306A6D581450945EFC0FFF78546C2
:10AA7C00014691450945EFD05FAD854609469145A4
:10AA8C000945EFD09FAC8546114691450945EFD05D
:10AA9C00DFAB8546194691450945EFD01FAB85467E
:10AAAC00214691450945EFD05FAA85462946914537
:10AABC000945EFD09FA98546314691450945EFD010
:10AACC00DFA88546394691450945EFD01FA8854634
:10AADC00414691450945EFD05FA7854661469145B2
:10AAEC000945EFD09FA68546694691450945EFD0AB
:10AAFC00DFA58546714691450945EFD01FA58546D2
:10AB0C00794691450945EFD05FA4854613060002AE
:10AB1C0091450945EFD07FA3854613062002914548
:10AB2C000945EFD09FA2854613066004914509455F
:10AB3C00EFD0BFA185461306800491450945EFD09F
:10AB4C00DFA085461306A00491450945EFD0FF9F71
:10AB5C00978500009385853F17750000130545BB4D
:10AB6C00EFA07FD5D1A817750000130565C6EFA01F
:10AB7C009FD49387012D1307E01098C39387012D61
:10AB8C009C433E879387C1789C430D46BE853A858E
:10AB9C009D329387C1789C43138737009387C17884
:10ABAC0098C317750000130565C4EFA0DFD00147EB
:10ABBC009306400617760000130686C481450945A6
:10ABCC00EFC09FE281450945EFD02FEDB5A0177579
:10ABDC000000130525C4EFA01FCE9387012D13078A
:10ABEC00F01098C39387012D9C433E879387C178BF
:10ABFC009C430D46BE853A85FD389387C1789C43AE
:10AC0C00138737009387C17898C317750000130515
:10AC1C00E5C1EFA05FCA0147930640061776000016
:10AC2C00130606C281450945EFC01FDC8545094561
:10AC3C00EFD0AFE611A0010025A99387C13D0D47C8
:10AC4C0098C3032744FE930770046309F71A03277C
:10AC5C0044FE9307700463CDE71E032744FECD47E3
:10AC6C006309F700032744FE93076004630EF71291
:10AC7C00C5A2177500001305E5BDEFA0DFC39387D0
:10AC8C00012D1307F01398C39387012D9C433E8726
:10AC9C009387C1789C430D46BE853A85EFF0BF85FE
:10ACAC009387C1789C43138737009387C17898C3E7
:10ACBC008546014691450D45EFD03F8985460946AD
:10ACCC0091450D45EFD07F888546114691450D4540
:10ACDC00EFD0BF878546194691450D45EFD0FF86CD
:10ACEC008546214691450D45EFD03F868546294640
:10ACFC0091450D45EFD07F858546314691450D45F3
:10AD0C00EFD0BF848546394691450D45EFD0FF8382
:10AD1C008546414691450D45EFD03F8385466146BA
:10AD2C0091450D45EFD07F828546694691450D458D
:10AD3C00EFD0BF818546714691450D45EFD0FF8020
:10AD4C008546794691450D45EFD03F8085461306E3
:10AD5C00000291450D45EFD04FFF854613062002AA
:10AD6C0091450D45EFD06FFE854613066004914565
:10AD7C000D45EFD08FFD85461306800491450D459A
:10AD8C00EFD0AFFC85461306A00491450D45EFD0DE
:10AD9C00CFFB978500009385651B17750000130585
:10ADAC002597EFA05FB175A0177500001305C5AB13
:10ADBC00EFA07FB09387012D1307201798C39387BB
:10ADCC00012D9C433E879387C1789C430D46BE85DD
:10ADDC003A85EFF04FF29387C1789C431387370085
:10ADEC009387C17898C3177500001305A5A9EFA028
:10ADFC009FAC81450D45EFD04FCAA1A81775000037
:10AE0C00130585A9EFA03FAB9387012D13073017CE
:10AE1C0098C39387012D9C433E879387C1789C43AD
:10AE2C000D46BE853A85EFF00FED9387C1789C43B4
:10AE3C00138737009387C17898C3177500001305E3
:10AE4C0025A7EFA05FA785450D45EFD00FC511A035
:10AE5C00010039AC9387C13D114798C3032744FEC9
:10AE6C00930770046309F71A032744FE93077004D1
:10AE7C0063CDE71E032744FECD476309F700032784
:10AE8C0044FE93076004630EF712C5A21775000009
:10AE9C00130545A3EFA03FA29387012D1307301A8A
:10AEAC0098C39387012D9C433E879387C1789C431D
:10AEBC000D46BE853A85EFF00FE49387C1789C432D
:10AECC00138737009387C17898C38546014691450F
:10AEDC001145EFD08FE78546094691451145EFD0D6
:10AEEC00CFE68546114691451145EFD00FE68546D4
:10AEFC00194691451145EFD04FE5854621469145C0
:10AF0C001145EFD08FE48546294691451145EFD088
:10AF1C00CFE38546314691451145EFD00FE3854689
:10AF2C00394691451145EFD04FE285464146914552
:10AF3C001145EFD08FE18546614691451145EFD023
:10AF4C00CFE08546694691451145EFD00FE0854627
:10AF5C00714691451145EFD04FDF854679469145B5
:10AF6C001145EFD08FDE8546130600029145114541
:10AF7C00EFD0AFDD85461306200291451145EFD089
:10AF8C00CFDC85461306600491451145EFD0EFDB0D
:10AF9C0085461306800491451145EFD00FDB85469D
:10AFAC001306A00491451145EFD02FDA97850000C8
:10AFBC009385C5F91765000013058575EFA0BF8F44
:10AFCC0075A01775000013052591EFA0DF8E9387F0
:10AFDC00012D1307601D98C39387012D9C433E8759
:10AFEC009387C1789C430D46BE853A85EFF0AFD070
:10AFFC009387C1789C43138737009387C17898C394
:10B00C00177500001305058FEFA0FF8A81451145C8
:10B01C00EFD0AFA8A1A8177500001305E58EEFA01F
:10B02C009F899387012D1307701D98C39387012D5A
:10B03C009C433E879387C1789C430D46BE853A85D9
:10B04C00EFF06FCB9387C1789C43138737009387BE
:10B05C00C17898C3177500001305858CEFA0BF85C8
:10B06C0085451145EFD06FA311A0010011A001007F
:10B07C009387014F984385476314F70C9387012DF1
:10B08C009843930770076307F7029387012D984342
:10B09C009307B00D6300F7029387012D9843930734
:10B0AC00F0136309F7009387012D98439307301A27
:10B0BC006318F708938781789C4385E71775000020
:10B0CC0013054587EFE00FDF0945EFA03FD117854A
:10B0DC0000001305A5E7EFE0EFDD0945EFA01FD059
:10B0EC0099A09387817898438547631EF70217656B
:10B0FC0000001305655CEFE0DFD30945EFA01FCE20
:10B10C0017850000130585E4EFE0BFD20945EFA0D9
:10B11C00FFCC938781F19C47E9453E85EFA03F8E9C
:10B12C000945EFA0BFCB01478567938687BB177690
:10B13C0000001306268181450945EFC0FF8AADA0AA
:10B14C009387014F9C43ADE39387C1781787000029
:10B15C001307C7DF98C39387C1789C4313875700A5
:10B16C009387C17898C39387C1789C430347C4FBEA
:10B17C002380E7009387C1789C431387170093873C
:10B18C00C17898C3176500001305057DEFF08F8912
:10B19C000147896793860771176600001306067CC2
:10B1AC0081450945EFC05F841306800C81451785E6
:10B1BC0000001305A5D9EF40902B9387C178178712
:10B1CC0000001307A7D898C30100B640264461615C
:10B1DC008280797122D60018232EA4FC8327C4FD0B
:10B1EC002326F4FE29A89307803E2324F4FE0100B5
:10B1FC00832784FE1387F7FF2324E4FEF5FB8327C4
:10B20C00C4FE1387F7FF2326E4FEF1FF01000100C3
:10B21C00325445618280797106D622D40018938706
:10B22C0041969C431307500598C3EFC03FBBEFC03A
:10B23C002FF4054785679386873817660000130639
:10B24C00267381450545EFC02FFA93050002B70719
:10B25C00040013858710EFB01FE1AA8763900714D1
:10B26C00054793064006176600001306A671814534
:10B27C000545EFC06FF701479306400617660000BF
:10B28C001306867181450945EFC00FF60545EFA001
:10B29C00FFB40547930640061766000013060671B7
:10B2AC0081450545EFC04FF40147930640061766EC
:10B2BC0000001306E67081450945EFC0EFF29305D7
:10B2CC000002B707040013858710EFB0DFD9AA87F7
:10B2DC009DE3176500001305E56FEFA0CFDD014777
:10B2EC0093064006176600001306866F81450545D8
:10B2FC00EFC08FEFE9B7C145B7070400138587107E
:10B30C00EFB07FD6AA879DE3176500001305856E05
:10B31C00EFA06FDA0147930640061766000013068C
:10B32C00266E81450545EFC02FEC51BF93050004F7
:10B33C00B707040013858710EFB0FFD2AA879DE3EF
:10B34C00176500001305056DEFA0EFD601479306B6
:10B35C004006176600001306A66C81450545EFC034
:10B36C00AFE8B1BF93050008B70704001385871039
:10B37C00EFB07FCFAA87A1F7176500001305856B87
:10B38C00EFA06FD301479306400617660000130623
:10B39C00266B81450545EFC02FE515B7054793068C
:10B3AC004006176600001306E62281450545EFC0EE
:10B3BC00AFE337050300130505AF8145EFB0BFCFF1
:10B3CC001765000013050569EFA0EFCE1306A00F5B
:10B3DC0081451385C168EF4090091306A00F814584
:10B3EC001385012EEF40B008EFA06FD1938781F148
:10B3FC00D8438967938507583A85EFA0EFD993878F
:10B40C0081F198478967938507583A85EFA0CFD883
:10B41C00938781F1DC433E85EFA00FF4938781F194
:10B42C009C473E85EFA04FF3EFB0CFCE9387813E84
:10B43C00238007001306A00F81451385C168EF40D8
:10B44C0010031306A00F81451385012EEF40300227
:10B45C001306A00F81451385011DEF405001130603
:10B46C00A00F81451385413FEF4070001306800CFF
:10B47C00814517850000130565ADEF40407F93872C
:10B48C00C17817870000130767AC98C3054793066C
:10B49C004006176600001306E65D81450545EFC0C2
:10B4AC00AFD40545EFA09F939387411C23A00700C1
:10B4BC0097870000938707B623A007009305000425
:10B4CC00B707040013858710EFB0FFB9AA876399FB
:10B4DC000738054793064006176600001306C65A40
:10B4EC0081450545EFC04FD00147930640061766CE
:10B4FC0000001306265A81450945EFC0EFCE93870D
:10B50C00014F054798C31765000013056559EFA057
:10B51C008FBA176500001305655BEFA0CFB9EFE09C
:10B52C00BFB70545EFC0DFC50945EFC07FC58545F1
:10B53C000545EFC09FD6232604FEB1A885463146AB
:10B54C0091450545EFD06F80054793064006176679
:10B55C0000001306E65981450545EFC0EFC80147C9
:10B56C009306400617660000130686598145094567
:10B57C00EFC08FC79387C1A090438147056713071E
:10B58C0087BB894695450945EFC06FCA8327C4FE22
:10B59C0085072326F4FE0327C4FEA547E3D0E7FA6C
:10B5AC00054793064006176600001306E6558145CD
:10B5BC000545EFC06FC301479306400617660000B0
:10B5CC001306065481450945EFC00FC28145054558
:10B5DC00EFC0BFCC232404FE05A885463146914517
:10B5EC000545EFC09FF69387C1A09043814705673F
:10B5FC00130787BB894695450945EFC04FC3832781
:10B60C0084FE85072324F4FE032784FEA547E3D696
:10B61C00E7FC9387014F9C43A1E70547930640063F
:10B62C00176600001306864F81450545EFC0CFBB5A
:10B63C0001479306007D176600001306264F8145CF
:10B64C000945EFC06FBA176500001305254FEFA031
:10B65C008FA6176500001305A550EFA0CFA529A84C
:10B66C00176500001305854DEFA0EFA417650000CA
:10B67C0013054550EFA02FA49387411C23A007006E
:10B68C00978700009387079923A007009387014FA2
:10B69C00054798C30545EFA06FF405479306400690
:10B6AC00176600001306464E81450545EFC0CFB323
:10B6BC000147930640061766000013066644814551
:10B6CC000945EFC06FB285450945EFC01FBD232268
:10B6DC0004FEB1A88546314691450945EFC0FFE609
:10B6EC00054793064006176600001306E649814598
:10B6FC000545EFC06FAF0147930640061766000083
:10B70C001306064081450945EFC00FAE9387C1A0D3
:10B71C00904381470567130787BB894695450945C3
:10B72C00EFC0EFB0832744FE85072322F4FE0327E6
:10B73C0044FEA547E3D0E7FA054793064006176693
:10B74C0000001306664581450545EFC0EFA901478A
:10B75C0093064006176600001306863A8145094594
:10B76C00EFC08FA881450945EFC03FB3232004FEED
:10B77C00B1A88546314691450945EFC01FDD054707
:10B78C0093064006176600001306064181450545E1
:10B79C00EFC08FA5014793064006176600001306FD
:10B7AC00263681450945EFC02FA49387C1A090434D
:10B7BC0081470567130787BB894695450945EFC047
:10B7CC000FA7832704FE85072320F4FE032704FE1E
:10B7DC00A547E3D0E7FA9387014F9C43A1E70547C0
:10B7EC0093064006176600001306463C8145054546
:10B7FC00EFC08F9F014793064006176600001306A3
:10B80C00E63281450945EFC02F9E176500001305F0
:10B81C00E53AEFA04F8A1765000013056534EFA0D9
:10B82C008F8929A81765000013054539EFA0AF884B
:10B83C001765000013050534EFA0EF879387411CB3
:10B84C0023A00700977700009387C77C23A00700ED
:10B85C009387014F054798C30545EFA02FD8C1B971
:10B86C00EFE09F830547930640061766000013061A
:10B87C00263781450545EFC02F97014793064006B3
:10B88C00176600001306C63681450945EFC0CF95F3
:10B89C001545EFA0AFD493050008B7070400138536
:10B8AC008710EFB04FFCAA8795CF0547930640064B
:10B8BC00176600001306863481450545EFC0CF920C
:10B8CC00176500001305C534EF90FFFEA165B7079F
:10B8DC00040013858710EFB00FF993878178054723
:10B8EC0098C32DA80547930640061766000013065B
:10B8FC00663381450545EFC02F8F17650000130592
:10B90C00A533EF905FFBA165B70704001385871083
:10B91C00EFB06FF59387817823A00700014793065A
:10B92C004006176600001306A6B881450945EFC00E
:10B93C00AF8BEFE08FFC0545EFC09F840945EFC04E
:10B94C003F84938781789C4399E7EFD07FF005453E
:10B95C00EFA0CFC821A893878178984385476317B8
:10B96C00F700EFE02FBB0545EFA04FC717650000B0
:10B97C001305C52DEF903FF40545EFA02FC6130618
:10B98C00A00F81451385C168EF40602E1306A00FF0
:10B99C0081451385012EEF40802D1306A00F8145A4
:10B9AC001385011DEF40A02C1306A00F81451385B4
:10B9BC00413FEF40C02B1306800C814517750000EA
:10B9CC001305C558EF40A02A9387C178177700005C
:10B9DC001307C75798C30147930640061766000024
:10B9EC00130646BF81450945EFC00F80B79741004C
:10B9FC0093877793232EF4FC938781789C436391F0
:10BA0C00070E176500001305E525EF90DFEAEFE060
:10BA1C002FC89387413E984385476313F7061765F4
:10BA2C00000013052526EF901FE99385413F17650C
:10BA3C0000001305A5B7EF901FE8976500009385EC
:10BA4C00E5241385413FEF400067AA8799C3EFE0D7
:10BA5C005FB11306A00F81451385413FEF402021B4
:10BA6C009387413E094798C30147930640061766E2
:10BA7C000000130626B681450945EFB0FFF639A83C
:10BA8C00C145B707040013858710EFB0CFDDAA8737
:10BA9C0091E7EFD0FFDB0545EFA04FB48327C4FD42
:10BAAC0095EB176500001305E51EEFD0BFC00945E7
:10BABC00EFA0CFB2176500001305C51EEFD09FBFD6
:10BACC000945EFA0AFB1B797410093877793232E29
:10BADC00F4FC35BF8327C4FDFD17232EF4FC05BFF2
:10BAEC0093878178984385476317F728176500007B
:10BAFC001305C51BEF903FDCEFE08FB99387413EF8
:10BB0C0098438547631BF71E1765000013058517BF
:10BB1C00EF907FDA9385413F17650000130505A967
:10BB2C00EF907FD997650000938545951385413F2C
:10BB3C00EF406058AA87ADEF976500009385C595D7
:10BB4C001385413FEF402057AA87BDE3976500005E
:10BB5C00938585171385413FEF40E055AA87A9CB04
:10BB6C00232C04FC29A81387413F832784FDBA9713
:10BB7C0083C70700138707FD9387416298C3832708
:10BB8C0084FD13871700232CE4FC1387413FBA97DD
:10BB9C0003C707009307C002E317F7FC1765000003
:10BBAC0013050513EFE0EFA81305800CEFF06FE21F
:10BBBC00976500009385850D1385413FEF40A04F9D
:10BBCC00AA879DCB1765000013050511EF90BFCE1A
:10BBDC009385413F176500001305C510EF90BFCD4D
:10BBEC00EFE03F9817650000130585A6EFE06FA402
:10BBFC000D45EFA0AF9ED9A8976500009385C50EA3
:10BC0C001385413FEF40204BAA879DCB1765000061
:10BC1C001305050EEF903FCA9385413F1765000051
:10BC2C001305450CEF903FC9EFE0BF93176500007B
:10BC3C00130505A2EFE0EF9F0D45EFA02F9A79A019
:10BC4C00976500009385850B1385413FEF40A04617
:10BC5C00AA87ADEF976500009385050B1385413FCF
:10BC6C00EF406045AA878DCB01478567938687385F
:10BC7C00176600001306060A81450945EFB0DFD6AA
:10BC8C00014793064006176600001306A6948145EB
:10BC9C000945EFB07FD51DA8976500009385C508B1
:10BCAC001385413FEF402041AA878DE39765000043
:10BCBC00938545081385413FEF40E03FAA8799C71C
:10BCCC00176500001305059AEFE0AF961306A00F59
:10BCDC0081451385413FEF3090799387413E094769
:10BCEC0098C3014793064006176600001306868E1C
:10BCFC0081450945EFB05FCF01B593050002B70749
:10BD0C00040013858710EFB00FB6AA87E39607DE01
:10BD1C001765000013050595EFE0AF9101479306F9
:10BD2C00803E175600001306A67881450945EFB0F2
:10BD3C00BFCB01479306803E175600001306C67909
:10BD4C0081450945EFB05FCA01479306803E1766EF
:10BD5C0000001306E68081450945EFB0FFC8014796
:10BD6C0093064006176600001306C68681450945F2
:10BD7C00EFB09FC751B381473E85B2502254456105
:10BD8C008280011122CC26CA4AC84EC652C456C261
:10BD9C0006CEAA892E89B28436848D2203A741A1AE
:10BDAC00FD57AA8A2E8A630BF70426862685A2865F
:10BDBC00A285EF20F06739E14E864E85CA86CA858A
:10BDCC00EF20106749E54E85CA8501468146EF2074
:10BDDC00202621E12685A28501468146EF204025BB
:10BDEC0035CD2685A285EF00F05609C92685A2859A
:10BDFC0001468146EF20C034634C050AF240624490
:10BE0C00D2444249B2495685D285924A224A0561AA
:10BE1C0082805685D285EF00F05321C95685D28594
:10BE2C0001468146EF20C02071F94E85CA85EF008E
:10BE3C00705269D52685A285EF00D05161D1EF30C3
:10BE4C00B062930720021CC1814A014A45BF268576
:10BE5C00A28501468146EF20A01D4DF1B7D7008089
:10BE6C0083AA07FD03AA47FD51BF4E85CA85EF0083
:10BE7C00704E4DD52685A285EF00D04D45D1568606
:10BE8C005685D286D285EF20B05A39E9EF30D05D95
:10BE9C009306200214C1014681464E85CA85EF20C7
:10BEAC00202A6341050283AA018103AA4181B9B703
:10BEBC00EF30905B83AA818003AAC18093071002A4
:10BECC001CC12DBF2685A285EF00704A2686A2864E
:10BEDC00EF20001669D983AA818003AAC18039BFDB
:10BEEC00EF30905893071002014681461CC1B6856D
:10BEFC003285EF10903FAA8A2E8A09B7B7070080C7
:10BF0C00597193C7F7FFDEC6B3FBF60086D6A2D4F1
:10BF1C00A6D2CAD0CECED2CCD6CADAC8E2C4E6C239
:10BF2C00EAC06EDE33E7CB0055C7B3F9B700B707ED
:10BF3C00F07F2A8B2E8A2E8CAA8C63DB3703B707F3
:10BF4C0010C0CE97B3E76701814AB705F03FD1EB3C
:10BF5C00B650265496540659F649664A464BB64B8B
:10BF6C00264C964C064DF25D5685D64A656182800C
:10BF7C003684B2846384F906E3C377FDB707F07F98
:10BF8C006381FB1C014963420C08D5ECB707F07FB9
:10BF9C006387FB14B707F03F6385FB16B7070040B8
:10BFAC00E303F414B707E03F631FF408634D0C0878
:10BFBC002654B65096540659F649D64AB64B264CDA
:10BFCC00964C064DF25D5A85D285464B664A6561A4
:10BFDC006F00B01B814AB705F03F9DBF19E1E3DF4D
:10BFEC0079F92654B65096540659F649664AD64AFB
:10BFFC00464BB64B264C964C064DF25D37D5008021
:10C00C00130505F965616F00F035B707404363DD33
:10C01C00FB12B707F03F63C7FB0293D74B419387E3
:10C02C0017C05147E35AF70C13074003B307F74007
:10C03C0033D7F400B317F70063969700058B0949C3
:10C04C003309E940A1D85A85D285EF005030AA8A2D
:10C05C0063880C049357FA01FD173367F9006307E3
:10C06C00070E3707E0416358770F3707F0436354E7
:10C07C007779B707F03F63D6F90A6351040803A632
:10C08C00818383A6C1833285B685EF20C015AA8A29
:10C09C00C1B55A85D285EF00902BAA8A63980C0AF9
:10C0AC006389090093172A0089833707F03FE393CC
:10C0BC00E7FA634B0406E35D0CE8B70710C0CE97B4
:10C0CC00B3E72701E39407085686AE865685EF2022
:10C0DC0000562A86AE86EF105021AA8A95BDB70766
:10C0EC0010C0CE97B3E76701E38607EEB707F03FC2
:10C0FC0063C3F96EA285814AE35C04E4814A8145FD
:10C10C0081BDDA8AD285E35504E4B7D7008003A554
:10C11C0007FD83A547FD5A86D286EF10101DAA8A0B
:10C12C0005BDE34E80F4D9BF37D70080AE87032519
:10C13C0007FD832547FD5686BE86EF10101BAA8A85
:10C14C009DBFE38104E4E5BB094981B55A865A8554
:10C15C00D286D285ADBF3707F07F337A47010145D0
:10C16C00631F0A0003A6018783A6418756853EC03C
:10C17C00EF2060078247AA8AAE891305B0FCB70589
:10C18C00100013D649411387F5FFB7A60300B3F986
:10C19C00E900130616C0370AF03F9386E68833078A
:10C1AC00A60033EA490163D03665B7B60B00938617
:10C1BC00966763D5367BB7DC008003A80CFD83A89B
:10C1CC004CFD0507330ABA40014B814B5A83DE8381
:10C1DC00014C4286C6865685D2851AD41ED63AD2D2
:10C1EC003ED042C046C2EF208044024892482E8E78
:10C1FC004286C686AA8DD2855685F28942C846CA21
:10C20C00EF10A02F2A86AE8603A50CFD83A54CFD4E
:10C21C00014DEF10900D2A86AE862ACC2EC66E8567
:10C22C00CE854EC0EF10307C93561A403706002056
:10C23C00D18E370E0800F296338E86012A8FF28645
:10C24C0001466A85AE897A8C72C4EF10D079AE86BD
:10C25C0082452A866E85EF20803D224E4248D24888
:10C26C002E8F4286F285C686AA8D01457AC0EF20B4
:10C27C00003C2A86AE865685D285EF20403B6A86E6
:10C28C00CE86EF105076024F2A86AE866E85FA85E2
:10C29C00EF20E039E24EB242814D76869686EF1061
:10C2AC009074AA882E886286CE866285CE8546C01A
:10C2BC0042C4EF10507303A6818783A6C187AA8A54
:10C2CC002E8AEF10507203A6018883A64188EF10C6
:10C2DC00C0225686D286EF10107103A6818883A6E1
:10C2EC00C188EF1080215686D286EF10D06F03A63E
:10C2FC00018983A64189EF1040205686D286EF1023
:10C30C00906E03A6818983A6C189EF10001F568603
:10C31C00D286EF10506D03A6018A83A6418AEF10D6
:10C32C00C01DAA882E885686D2865685D285C68A86
:10C33C00428AEF10506B2A86AE865685D285EF1056
:10C34C00906AAA8A2E8A6A86CE866285CE85EF107E
:10C35C00C01A0246A246EF1010695686D286EF101C
:10C36C00C0192E88AA8A6A86CE866A85CE85428AAC
:10C37C00EF10706703A6818A83A6C18A2ACE2EC8C5
:10C38C00EF10A0175686D28652C6EF1000172E8AD1
:10C39C006E86AE866A85CE85EF10F06403A6818A20
:10C3AC0083A6C18A2E882A8DD2856E8542CCEF2039
:10C3BC000028F248424E4686F286EF204027AE8691
:10C3CC00B2452A865685EF2080266286CE86EF10EF
:10C3DC0090612A88AE890245A2456E86D286428A31
:10C3EC00EF1070602A86AE865285CE85EF10E01075
:10C3FC00E24D2A8AAE892A86AE866A85EE85EF10D2
:10C40C00C00F03A6018B83A6418B0145AE8AEF10AA
:10C41C00905D2E882A8C6A86EE86D6850145428DE3
:10C42C00EF20E0202A86AE865285CE85EF20202094
:10C43C0003A6818B83A6C18BEF10F05A03A6018C47
:10C44C0083A6418C2A8AAE890145D685EF10B05956
:10C45C002A86AE865285CE85EF10200A2253B2531F
:10C46C001A869E86EF1060091257AA8DAE8A3A85FD
:10C47C00EF20A07F2A8AAE89D6866E86EA856285F1
:10C48C0056C0EF108007DE865A86EF1000075286E2
:10C49C00CE86EF108006014842855286CE86428AAF
:10C4AC00AE8AEF20C018DE865A86EF204018EA8646
:10C4BC006286EF20C017AE8682452A866E85EF20F5
:10C4CC00001782572A8DAE8B7D19B367F900639FD5
:10C4DC00072E03A9018383A94183014C6286A2869E
:10C4EC002685A285EF20A0145286D686EF10B04F79
:10C4FC00AE872A8B2686A286DE856A85BE84EF10DF
:10C50C00904E2A86AE865A85A685EF00107FAA87A4
:10C51C006286A2862E8B5285D685BE8AEF10B04CD1
:10C52C002A86AE86AA842E8A5685DA85EF00F07CA0
:10C53C00B70790402E84AA8B2E8C63CEF522B3873E
:10C54C00F540C98F6393073E03A6818C83A6C18CEB
:10C55C005685DA85EF00707A2A87AE8726865E8547
:10C56C00D286A285BA8B3E84EF20600C2A86AE86DA
:10C57C005E85A285EF1070326349A03A93574C4107
:10C58C0093F7F77F37051000938727C0B357F54013
:10C59C00E29713D747411377F77F9306F5FF1307FD
:10C5AC0017C0B3D5E64093C5F5FFFD8DD14BF58F84
:10C5BC00C98F3387EB400146AE86B3DBE74063544B
:10C5CC000C00B30B70412685D285EF2040062A86DD
:10C5DC00AE86AA842E8A5685DA85EF001072139DDA
:10C5EC004B012E8403A6818D83A6C18D814DA2851E
:10C5FC006E85EF10503FAE872A8C2686D286A28598
:10C60C006E85BE84EF20A0022A86AE865685DA851A
:10C61C00EF20E00103A6018E83A6418EEF10B03C03
:10C62C0003A6818E83A6C18EAE872A8AA2856E85CB
:10C63C003E84EF10503B2A86AE865285A285EF00D1
:10C64C00D06B2A8B2E842A86AE866285A685EF0057
:10C65C00D06A6286A686AA8A2E8AEF10507D2A8618
:10C66C00AE865A85A285EF10907C2A8C2E8B56862E
:10C67C00D2865685D285EF10103703A6018F83A67C
:10C68C00418FAA842E84EF10103603A6818F83A6C7
:10C69C00C18FEF10D0792686A286EF10D03403A676
:10C6AC00019083A64190EF0050652686A286EF107C
:10C6BC00903303A6819083A6C190EF105077268605
:10C6CC00A286EF10503203A6019183A64191EF0090
:10C6DC00D0622686A286EF1010312A86AE86568549
:10C6EC00D285EF10D074AA842E842A86AE86568505
:10C6FC00D285EF10502F03A6819183A6C1912A8772
:10C70C00AE872685A285BA843E84EF1050722A86A5
:10C71C00AE862685A285EF10403DAA842E846286C3
:10C72C00DA865685D285EF10102C6286DA86EF00F9
:10C73C00D05C2A86AE862685A285EF10506F568671
:10C74C00D286EF10D06EAE862A8683A54CFD03A54B
:10C75C000CFDEF10D06DB307BD0093D647412A876F
:10C76C006350D0223A85BE854A86CE86EF10B0271C
:10C77C00AA8A6FF0EFFD93971500B7D6904085838A
:10C78C009386F6BF63DBF618B7376F3F9387074086
:10C79C00AE97C98F99EB2686D286EF1050695686D4
:10C7AC00DA86EF10900FE34B05DC03A6018D83A610
:10C7BC00418D4A85CE85EF10102303A6018D83A6EB
:10C7CC00418DEF105022AA8A6FF08FF803A90CFD4F
:10C7DC0083A94CFD19B3E3530492B7050080814A39
:10C7EC00A18D6FF0EFF6B7DC008003A80CFD83A8D9
:10C7FC004CFD6FF07F9D3707F03F9306E7FFE3DEBC
:10C80C003687E3403793B7DC008003A60CFD83A684
:10C81C004CFD56853EC0EF10906103A6018483A6A3
:10C82C0041842A8AAE89EF10101C03A6818483A64A
:10C83C00C184AA8BAE8A5285CE85EF10D01A03A67E
:10C84C00018583A641852E8B2A8CCE855285EF10CF
:10C85C0090192A86AE8603A5818583A5C185EF1024
:10C86C00105D5286CE86EF1010182A86AE8603A570
:10C87C00018683A54186EF10905B2A882E8752860D
:10C88C00CE865285CE85428ABA89EF10D0152A867B
:10C89C00AE865285CE85EF10101503A6818683A631
:10C8AC00C186EF1050142A86AE866285DA85EF10A9
:10C8BC0010582A86AE862A8BAE895E85D685EF0007
:10C8CC00D04301485E86D6864285428AAE8AEF10F6
:10C8DC0010562A86AE865A85CE85EF105055824763
:10C8EC002A8DAE8BD5B65A865A85D286D285EF1054
:10C8FC00900FAA8A6FF0CFE5639D04F8B307F74059
:10C90C0033D7FB40B317F7002689639577E9058B7E
:10C91C0009493309E9406FF0EFE73707E03F014D74
:10C92C00814BE351F7CCD187B1B903A6818383A6A0
:10C93C00C1834A85CE85EF10100B03A6818383A695
:10C94C00C183EF10500AAA8A6FF08FE085476311FC
:10C95C00F9E0B7070080BD8D6FF08FDF03AB8181ED
:10C96C0083ABC18103A3018283A3418203A881828B
:10C97C0083A8C182370C0400B7DC00806FF07F8580
:10C98C005E86AD2E2A87AE87F1BB41113707F07F4B
:10C99C0022C426C206C63376B700AE842A84630549
:10C9AC00E616AA866357B00E13D64541AE876302CE
:10C9BC000610370710009305F7FFED8FD98F9304FE
:10C9CC0016C01397170013F6140093D7F601BA97F5
:10C9DC001397160011C67D838607BA971397260006
:10C9EC008584D945014E8146370620003385C60023
:10C9FC001358F701FD1563C6A700898FB306C50050
:10CA0C00329E8607C29706070582EDF10143130596
:10CA1C0000023706008019A86388D70C1358F70159
:10CA2C0086077D15C2970607058215C93308B6001F
:10CA3C00E3D4F6FEB305C800B6886341080A958FA7
:10CA4C00B3360701958F330707411358F701860753
:10CA5C007D153293C686C2970607058261F9D98F78
:10CA6C00C9EF1355130093571E403707E03F137E51
:10CA7C001E00BA9763050E0037070080598DD2044B
:10CA8C002A84BE94B24022852244A6859244410158
:10CA9C008280939715008583C98FEDD70146D1E528
:10CAAC0013D7B6002D16BA87D6067DDB93554701F2
:10CABC00D1E9814586071397B7002E858505E35B81
:10CACC0007FE930800023688B388B8403E87B396B9
:10CADC00B600B3571801098ED98FE1BD93C8F5FF85
:10CAEC0093D8F801B698A1BFE36A07F3B305C80061
:10CAFC00E34608FEBE888147B9B7FD576302F304CD
:10CB0C0013051300058185B72A86AE86EF10A06D3C
:10CB1C002286A686EF00701E2A84B240228522440B
:10CB2C00AE84A6859244410182802A86AE86EF109F
:10CB3C0010302A86AE86EF00507B2A84AE8499B7DB
:10CB4C00050E15B73688930800027D5559B7860532
:10CB5C0085818280139515000581B70510802E956F
:10CB6C007D81828003A5019283A54192828093D618
:10CB7C004541797193F6F67F22D406D626D24AD057
:10CB8C004ECE138816C04D46AE872A87AE8E13D470
:10CB9C00F501634D06096346080E370610007D1635
:10CBAC0033560641F18DC98D2A833E8EBDC5135572
:10CBBC001600337FF500336FEF0063050F02138609
:10CBCC00E6BEB70E0400133616001345F5FF370FFB
:10CBDC0000803306C040E98F33D80E41337FCF003D
:10CBEC00B3EE070137D6008093183400130606D92C
:10CBFC00B29803A4080083A448007A86F68622859E
:10CC0C00A685EF00900F2AC42EC62245B245228677
:10CC1C00A686EF10D0212A832E8EB2502254925425
:10CC2C000259F2491A85F2854561828093083003D6
:10CC3C0063DF0801930600402A832E8EE31FD8FC85
:10CC4C002A86F686EF00700B2A832E8EF9B7938610
:10CC5C00D6BE7D563356D600B375A6002A833E8EBB
:10CC6C00CDDD0582B377A6002A8FADDF370F0040EC
:10CC7C001346F6FF3377A600B356DF40336FD70069
:10CC8C0095B7370E00809344FEFFB3F6B400C98EFF
:10CC9C002A832E8ED9D29397C500B18333E7A70090
:10CCAC00B307E040D98F37D70080931634001307B1
:10CCBC0007D936970329070083294700B18381756B
:10CCCC00370E0800B3F5D50133FEC701336EBE0035
:10CCDC00F2862A86CE854A85EF0030022AC42EC6FB
:10CCEC002245B2454A86CE86EF10701433FEB4004E
:10CCFC009318F401336E1E012A8305B7411193D6A4
:10CD0C00454122C406C632841396560125EA9397F0
:10CD1C0015008583C98FDDC783A6C19203A68192B6
:10CD2C00EF10604CD176938606CB2E876349D40ED8
:10CD3C0093D7454193F7F77F9387A7FCA297930668
:10CD4C00E07F63CDF604634FF00A9306B0FC63D624
:10CD5C00D708B1679387073563C2870403A8018D91
:10CD6C0083A8418D63C9050C03A6018D83A6418D53
:10CD7C004285C685EF102047AA8781A093F7F67FDE
:10CD8C009306F07F2E87E39BD7FA2A86AE86B527CB
:10CD9C00B2402244AA873E854101828003A8818348
:10CDAC0083A8C18363C6050203A6818383A6C183BE
:10CDBC004285C685EF102043AA87B24022443E85A7
:10CDCC0041018280B2402244AA873E854101828083
:10CDDC0003A8019383A84193C1BFB7051080FD152B
:10CDEC00938767036D8FD207D98F03A6019483A60F
:10CDFC004194BE85EF10203FB2402244AA873E8565
:10CE0C0041018280B2402244B7051080FD156D8F20
:10CE1C0093954701AA87D98D3E854101828003A64F
:10CE2C00018D83A6418DEF10003CB2402244AA87AD
:10CE3C003E854101828003A8819383A8C1932DB7BD
:10CE4C00AA88AE8732883685468363990620B7D682
:10CE5C000080938606E963F0C50C41676376E60AA9
:10CE6C001307F00F3337C7000E073355E600AA96A9
:10CE7C0083C60600130500023697B306E540630C23
:10CE8C00E500B397D70033D7E8003318D600B36565
:10CE9C00F7003393D80093580801B3D71503131632
:10CEAC000801418213570301B3F615033E85B30500
:10CEBC00F602C206558F637CB70042971385F7FFC5
:10CECC00636707016375B7001385E7FF42970D8F02
:10CEDC00B377170342031353030133571703C207E6
:10CEEC0033E36700B306E6023A86637BD3004293D2
:10CEFC001306F7FF636603016374D3001306E7FFA1
:10CF0C004205518D81455DA8370500014147E36E0F
:10CF1C00A6F4614799BF01E605473358C70241673C
:10CF2C00637FE8081307F00F63730701214533573C
:10CF3C00A800BA9603C70600130600022A97B30688
:10CF4C00E6406315E608B387074185459358080109
:10CF5C0013160801418213570301B3F61703B3D715
:10CF6C001703C206558F330EF6023E85637CC7014C
:10CF7C0042971385F7FF636707016375C701138534
:10CF8C00E7FF42973307C741B377170342031353A5
:10CF9C00030133571703C20733E36700B306E602F6
:10CFAC003A86637BD30042931306F7FF6366030153
:10CFBC006374D3001306E7FF4205518D8280370757
:10CFCC0000014145E365E8F6614595B73318D80093
:10CFDC00B3D5E7003393D800B397D70033D7E80025
:10CFEC00935808013366F70033F7150393170801BC
:10CFFC00C18313550601B3D515034207498FB38678
:10D00C00B7022E85637CD70042971385F5FF6367C3
:10D01C0007016375D7001385E5FF4297B306D74028
:10D02C0033F7160342064182B3D616034207B38880
:10D03C00D702B367C700368763FC1701C297138703
:10D04C00F6FF63E7070163F517011387E6FFC29745
:10D05C0093150501B3871741D98DCDBD63E2D51466
:10D06C00416763FFE6021307F00FB335D7008E0557
:10D07C0037D7008033D5B600130707E92A97034743
:10D08C000700130500022E97B305E5406311E50276
:10D09C000545E3E5F6F233B5C8001345150039BF75
:10D0AC0037070001C145E3E5E6FCE145D1B7335351
:10D0BC00E600B396B6003363D30013550301B31ED9
:10D0CC00B60033D6E700B376A602B397B70033D7D2
:10D0DC00E8003368F70093170301C1831357080165
:10D0EC003356A602C206558F338FC702328E637C2D
:10D0FC00E7011A97130EF6FF636767006375E70184
:10D10C00130EE6FF1A973307E741B376A70233579E
:10D11C00A702C2063386E70293170801C183D58F95
:10D12C00BA8663FCC7009A979306F7FF63E767001C
:10D13C0063F5C7009306E7FF9A9713150E01416E2E
:10D14C00558D9306FEFF3378D500918FB3F6DE0034
:10D15C001356050193DE0E013303D802B306D60233
:10D16C00135703013308D803369842973306D60376
:10D17C006373D700729693560701369663E0C70225
:10D18C00E392C7D8C167FD177D8F42073373F30055
:10D19C00B398B8001A978145E3F2E8E27D159DB388
:10D1AC008145014521BDB2883687AA872E886398B0
:10D1BC00061CB7D60080938606E963F8C50A41635E
:10D1CC00637E66081303F00F6373C3002147335368
:10D1DC00E6009A9603CE06003A9E1307000233032C
:10D1EC00C741630CC701B3956500335EC501B31825
:10D1FC0066003368BE00B317650013D60801337799
:10D20C00C80213950801418193D607013358C8020F
:10D21C004207D98E3308050363F80601C69663E509
:10D22C00160163F30601C696B386064133F7C602B0
:10D23C00C207C183B3D6C602B306D50213150701C4
:10D24C00C98F63F8D700C69763E5170163F3D7005E
:10D25C00C697958F33D567008145828037030001CF
:10D26C004147E36666F661479DB701E60546B3584C
:10D27C001603416663F3C8081306F00F63731601B7
:10D28C00214733D6E800B29603CE06003A9E130728
:10D29C0000023303C7416319C707B385154113D780
:10D2AC00080113950801418113D60701B3F6E50275
:10D2BC00B3D5E502C206D18EB305B50263F8B6004C
:10D2CC00C69663E5160163F3B600C696B385B64001
:10D2DC00B3F6E502C207C183B3D5E502B305B502C7
:10D2EC0013950601C98F63F8B700C69763E517015C
:10D2FC0063F3B700C6978D8FB1BF37060001414766
:10D30C00E3E1C8F86147B5BFB398680033D7C501EE
:10D31C00B3176500335EC50113D50801B376A702B8
:10D32C00B3956500336EBE0093950801C181135609
:10D33C000E013357A702C206D18E3387E50263F87C
:10D34C00E600C69663E5160163F3E600C6963386DF
:10D35C00E640B376A602420E135E0E013356A602C9
:10D36C00C2063386C502B3E5C60163F8C500C6958F
:10D37C0063E5150163F3C500C695918D0DB7E3EE1A
:10D38C00D5EC416763F5E604130EF00F3337DE007E
:10D39C000E07B7D8008033D3E600938808E99A9833
:10D3AC0003CE08003A9E130700023303C7416317EC
:10D3BC00C70363E4B6006369C500B307C540958D28
:10D3CC003335F5003388A5403E85C28579B5B7085D
:10D3DC0000014147E3EF16FB614765BF3357C601B8
:10D3EC00B3966600336FD700B3D7C50113570F013F
:10D3FC00B3F8E702B39565003358C5013368B8003C
:10D40C0093150F01C181935608013316660033152D
:10D41C006500B3D7E702C208B3E6D800B38EF502B5
:10D42C00BE8863FCD601FA969388F7FF63E7E601A2
:10D43C0063F5D6019388E7FFFA96B386D641B3FE1F
:10D44C00E602420813580801B3D6E602C20EB3EE48
:10D45C000E01B385D502B68763FCBE00FA9E938796
:10D46C00F6FF63E7EE0163F5BE009387E6FFFA9ED5
:10D47C00B385BE40C208C16EB3E8F8009387FEFFC7
:10D48C0033F8F8009356060193D80801F18F33074F
:10D49C00F802B387F8023308D802B388D8023E9852
:10D4AC0093560701C29663F3F600F698C167FD1711
:10D4BC0013D80601FD8EC2067D8FC298369763E69F
:10D4CC001501639C1501637AE5003306C7403337B9
:10D4DC00C7007A97B388E84032873307E540333585
:10D4EC00E500B3851541898DB397C50133576700A6
:10D4FC0033E5E700B3D565008DB3370810007D1810
:10D50C000111B377B80013D745013378D80093D8FD
:10D51C00460122CC8E071374F77F1357D50126CA08
:10D52C00D98F93D4F5011357D60193F8F87F93D57F
:10D53C00F6010E0806CE4AC84EC60E053367070123
:10D54C000E06B30614416395B4226351D00E639852
:10D55C000802B365C700638B05209385F6FF89E944
:10D56C002A963335A600BA97AA9732850544B1A8F6
:10D57C001308F07F639D06011304F07F71AA9305D5
:10D58C00F07F630BB418B70580004D8FB6859306FA
:10D59C00800363C9B608FD4663C0B60613080002D3
:10D5AC003308B840B3160701B358B600331606015A
:10D5BC00B3E616013336C000558E3357B7002A96A2
:10D5CC003E97B337A600BA973285139787006355F9
:10D5DC00071405041307F07F6305E448B70680FFC2
:10D5EC00FD16FD8E9355150005899397F6014D8D0B
:10D5FC005D8D93D716000DA2938605FE930800024D
:10D60C00B356D70001486388150113080004B3050D
:10D61C00B8403318B7003366C8003336C000558E97
:10D62C00014771BF598E3336C000DDBFD5CAB385F3
:10D63C0088400DE4B3E6A700638C06409386F5FFA3
:10D64C0099E63295BA973336C500B29705B71308E9
:10D65C00F07F639D0501BA87328539BF9306F07F51
:10D66C00E38BD8FEB7068000D58FAE86930580037A
:10D67C0063C4D506FD4563CBD502130800023308FD
:10D68C00D8403353D500B395070133150501B3E5E5
:10D69C0065003335A0004D8DB3D6D7003295B387D6
:10D6AC00E6003336C500B297468405B7938506FE6F
:10D6BC0013030002B3D5B700014863886600130852
:10D6CC000004B306D8403398D7003365A80033352F
:10D6DC00A0004D8D8146D9B75D8D3335A000DDBFDF
:10D6EC009306140093F5E67FBDE1B3E6A70029E4A9
:10D6FC0063840636B366C70085C22A96BA9733355B
:10D70C00A600AA971397870032856357070037073F
:10D71C0080FF7D17F98F0544137775006305073477
:10D72C001377F50091466300D7349306450033B563
:10D73C00A600AA97368505AE99DE598EE30E06E251
:10D74C008144B707400001451304F07F29AE9305CF
:10D75C00F07F6386B6302A963E97B337A6003E9785
:10D76C001315F7010582518D9357170036846DB749
:10D77C006356D00C63910808B365C700E5D993854F
:10D78C00F6FF91E93306C5403335C500998F898F73
:10D79C0032850544B1A01308F07FE38F06DD9306B4
:10D7AC00800363C9B608FD4663C0B60613080002C1
:10D7BC003308B840B3160701B358B6003316060148
:10D7CC00B3E616013336C000558E3357B700330617
:10D7DC00C5403387E740B337C500B307F740328500
:10D7EC0013978700E35A07F2370980007D1933F944
:10D7FC002701AA8975A29305F07FE30FB4F0B70552
:10D80C0080004D8FB68561BF938605FE930800029C
:10D81C00B356D70001486388150113080004B305FB
:10D82C00B8403318B7003366C8003336C000558E85
:10D83C00014771BF598E3336C000DDBFF9C2338842
:10D84C00884015E8B3E6A700638F06269306F8FF19
:10D85C0091EA3305A640B307F7403336A600918F03
:10D86C00AE8405BF1303F07F631F6800BA8732854F
:10D87C001304F07F7DA09306F07FE389D8FEB706F2
:10D88C008000D58FC286130880036348D8067D4874
:10D89C00634ED802130300023303D340335ED5002A
:10D8AC0033986700331565003368C8013335A00021
:10D8BC003365A800B3D6D7003305A640B307D740CD
:10D8CC003336A600918F4684AE8419BF138806FEAA
:10D8DC00130E000233D8070101436388C6011303FA
:10D8EC000004B306D3403393D7003365A30033351C
:10D8FC00A0003365A8008146C1B75D8D3335A0000B
:10D90C00DDBF9306140093F6E67FB5E633E8A70077
:10D91C00B366C70031E463180800638A061ABA8735
:10D92C003285AE84D5BBE38906DE3308C540B338F7
:10D93C000501B386E740B38616419398860063DAF7
:10D94C0008003305A640B307F7403336A600918F85
:10D95C00C9BF3365D80063000518B68742856DBB17
:10D96C0063180800638B0616BA873285AE8429B11A
:10D97C00E38406C0F1B3B309C540B336350133892E
:10D98C00E7403309D9409316890063D80606B309DA
:10D99C00A640B307F740333636013389C740AE840F
:10D9AC00630309064A85EF206028130785FFFD47AE
:10D9BC0063C1E70693060002998EB317E900B3D64C
:10D9CC00D900DD8E3395E900634E8706018F9307EE
:10D9DC0017007D466345F604130700021D8FB355EF
:10D9EC00F5003396E6003315E5004D8E3335A00077
:10D9FC00518DB3D7F600014405B333E529014DF140
:10DA0C0081470144F9A04E85EF2040221305050201
:10DA1C0069BF130585FDB396A900014575B70517B8
:10DA2C009305000233D7E60001466387B70013065F
:10DA3C0000041D8E3396C600518D3335A000598DD0
:10DA4C00814755BFB70780FFFD17198CF58FE9B1DA
:10DA5C00BA8732852E84C9B1BA87328575B9130459
:10DA6C00F07F8147014513978700635B070005042E
:10DA7C001307F07F6308E406370780FF7D17F98FE3
:10DA8C001397D7010D81598D1307F07F8D8363197F
:10DA9C00E4005D8D814709C5B70708000145814445
:10DAAC0013174401B706F07FB207F2406244758F3A
:10DABC00B183FE04D98F33E797004249D244B2496F
:10DACC00BA8505618280BA873285428499BD8147C7
:10DADC000145814449BF8147EDBF01458144B707EA
:10DAEC0040009DB18147014561BF797193D74501D4
:10DAFC0026D24AD052CC5AC862C49394C50006D6DA
:10DB0C0022D44ECE56CA5EC6139757012A89328B41
:10DB1C00368CB18013DAF50151C793FAF77F93076E
:10DB2C00F07F638BFA0C9359D5018E04B3E4990002
:10DB3C00B7098000B3E9340113143500938A1AC075
:10DB4C00814B93574C011315CC00139757019354E9
:10DB5C00C50093F5F77F135CFC0171C39307F07F4D
:10DB6C00638AF510139534009357DB015D8DB70470
:10DB7C008000C98C931F3B00138515C001469397F9
:10DB8C002B00D18FFD173947B3468A01B385AA40C4
:10DB9C006364F71037D700808A07130707DABA9740
:10DBAC009C438287B3E9A400638209069DC826853D
:10DBBC00EF20C007930755FF71476349F702F549FA
:10DBCC00130485FFB389F940B3948400B359390128
:10DBDC00B3E99900331489009305D0C0B38AA540EA
:10DBEC0085B7EF20A00413050502E9B7930485FD62
:10DBFC00B31999000144CDB7B3E9A400638C0900B3
:10DC0C002A84A689930AF07F8D4B25BF0144814A53
:10DC1C00854B05BF0144930AF07F894B1DB7B3EFC9
:10DC2C00640163820F069DC82685EF202000AA851B
:10DC3C00938755FF71476349F702F546938F85FF2C
:10DC4C009D8E3395F401B356DB00B3E4A600B31FED
:10DC5C00FB011307D0C03305B7400DB75A85EF1041
:10DC6C00F07C93050502E9B7138585FDB314AB0071
:10DC7C00814FC5B7B3EF6401638B0F00DA8F1305C7
:10DC8C00F07F0D46EDBD814401450546CDBD814477
:10DC9C001305F07F0946E5B563E634016396992ACE
:10DCAC006364F42B1396F901135714009317F401C2
:10DCBC0093D919003364E6001395840093D88F012F
:10DCCC00B3E8A800418133D8A902939E080193DEE2
:10DCDC000E011357040113938F00B3F4A902C28FE2
:10DCEC0033860E039399040133673701637CC700B5
:10DCFC004697930FF8FF636717016375C700930F7F
:10DD0C00E8FF4697118F335EA702420441803377B8
:10DD1C00A70272863388CE034207418F637C0701CA
:10DD2C0046971306FEFF6367170163750701130619
:10DD3C00EEFF469733040741C20F4168B3EFCF00A3
:10DD4C00130EF8FF13D60F0133F7CF01135F030146
:10DD5C00337EC301B303EE02B304C6033307EF02F1
:10DD6C00B302E6033306970013D7030132976373AC
:10DD7C009700C292135607011696C162FD123378B2
:10DD8C0057004208B3F353001E986367C400FE8427
:10DD9C00631EC40263FC07039A9733B76700469768
:10DDAC003A949384FFFF63E688006391880263EFE3
:10DDBC0067006366C400631B860063F907019A97CA
:10DDCC0033B7670046979384EFFF3A943388074143
:10DDDC00118CB3B707011D8CFD5F6387880EB35F91
:10DDEC00A402135708013374A4027E86B387FE0382
:10DDFC004204598C637CF40046941386FFFF6367DE
:10DE0C0014016375F4001386EFFF46941D8C335791
:10DE1C00A4024208135808013374A402BA87B38EC3
:10DE2C00EE02420433648800637CD4014694930769
:10DE3C00F7FF636714016375D4019307E7FF4694FA
:10DE4C0042065D8E93170601C183135706013308F2
:10DE5C00EF023304D441330FFF02B38EC703330EEA
:10DE6C00C70393D70E01729FFA9763F4C7014167FA
:10DE7C003A9813D70701429741687D1833F507018B
:10DE8C004205B3FE0E0176956366E4006310E41A56
:10DE9C00B28F1DC94694930FF6FF6361140363663A
:10DEAC00E4006314E418637DA3009317130033B3E9
:10DEBC0067009A98930FE6FF46943E836314E40040
:10DECC006304650093EF1F009387F53F635BF00AD3
:10DEDC0013F77F0001CF13F7FF0011466308C7004B
:10DEEC0013864F00B33FF601FE94B28F1397740064
:10DEFC0063580700B70700FFFD17FD8C938705409B
:10DF0C001307E07F6342F70693DF3F001397D401BA
:10DF1C003367F70113D53400D2073706F07F32058B
:10DF2C00B2502254F18F31815D8DFE06B367D5005E
:10DF3C0092540259F249624AD24A424BB24B224C99
:10DF4C003A85BE8545618280FD158147B5B3D28681
:10DF5C00CE84A28F5E868D47630BF60A8547630FCE
:10DF6C00F60A8947E312F6F6014501479307F07F5D
:10DF7C0065B7E286CDB7B7040800814F81460D46E0
:10DF8C00D9BF05451D8D130780036349A7087D473D
:10DF9C006349A7049385E541B397B40033D7AF0029
:10DFAC00B395BF00D98FB335B000CD8F33D5A40056
:10DFBC0013F7770001CF13F7F70011466308C7007A
:10DFCC0013874700B337F7003E95BA8713178500C0
:10DFDC00634907041317D5018D835D8F0D8181472C
:10DFEC0025BF0557B307F74013060002B3D7F4005B
:10DFFC0001476306C5009385E5433397B400B36FBF
:10E00C00F701B33FF001B3E7F701014555B7370509
:10E01C00080001479307F07F8146FDBD014501478C
:10E02C007DBF014501478547C5BD7E86B28F59BD71
:10E03C0013D74501B7071000FD1713D846012A83E3
:10E04C00AA8E1377F77F1305F07FB3F8B700328FE2
:10E05C00F58FFD811378F87FFD82631AA70033EEEC
:10E06C006800054563140E006305E80082806315A3
:10E07C00A8005D8E05457DFA0545E31907FFE3977A
:10E08C00F8FEE395EEFF6388D5006DF333E5680089
:10E09C003335A000828001458280370710007D1740
:10E0AC0013D84501B378B700AA872A831378F87F71
:10E0BC0013D5F501930EF07F93D54601758F328EF3
:10E0CC0093F5F57FFD826318D801B3EEF8006384F5
:10E0DC000E06795582806396D501B36EC700E39A1C
:10E0EC000EFE631C0804B3E7F80093B7170099E120
:10E0FC00598E0DCE81EB6314D50063D905010DC586
:10E10C007D5582807D5591C6368582806354B800DA
:10E11C0065D98280E36517FF639CE800E3616EFEBE
:10E12C00E368C3FF0145828005458280E5FFC1BFDE
:10E13C00E3E0E8FEC5BFE38205FBD5FD81474DBF9B
:10E14C00370710007D1713D84501B378B700AA879D
:10E15C002A831378F87F13D5F501930EF07F93D5AE
:10E16C004601758F328E93F5F57FFD826318D801C9
:10E17C00B3EEF80063840E06094582806396D501E0
:10E18C00B36EC700E39A0EFE631C0804B3E7F800F5
:10E19C0093B7170099E1598E0DCE81EB6314D5001E
:10E1AC0063D905010DC57D5582807D5591C6368597
:10E1BC0082806354B80065D98280E36517FF639C45
:10E1CC00E800E3616EFEE368C3FF0145828005450C
:10E1DC008280E5FFC1BFE3E0E8FEC5BFE38205FB3B
:10E1EC00D5FD81474DBF797193D7450122D426D2F5
:10E1FC004ECE52CC56CA9394C50006D64AD05AC8B5
:10E20C005EC6139757012A84B289B68AB18013DA95
:10E21C00F50159C313FBF77F9307F07F6306FB0CE3
:10E22C009357D5018E04DD8CB7078000DD8C131954
:10E23C003500130B1BC0814B93D74A011394CA00B2
:10E24C0013975701318013F5F77F93DAFA015DCFFD
:10E25C009307F07F6304F51093D7D9010E045D8CFE
:10E26C00B70780005D8C130515C0939739000147E3
:10E27C0093962B00D98E5A95FD16394833465A0180
:10E28C0093051500636DD80E37D500808A061305EB
:10E29C00C5DDAA969442828633E9A400630F090473
:10E2AC008DC82685EF109018130755FFF14763C7EB
:10E2BC00E702F547130985FF998FB3942401B357EF
:10E2CC00F400DD8C33192401130BD0C0330BAB409D
:10E2DC009DB7EF10B01513050502F9B7930485FD32
:10E2EC00B31494000149CDB733E9A400630B0900C2
:10E2FC002A89130BF07F8D4B81B78144014B854BE1
:10E30C0025BF8144130BF07F894B3DB7B3673401B4
:10E31C00B1CF0DC82285EF107011930655FFF14750
:10E32C0063C8D7027547930785FF158F3314F40024
:10E33C0033D7E900598CB397F9001307D0C03305D4
:10E34C00A74035B74E85EF10700E13050502F1B7D7
:10E35C00130485FD339489008147C5B7B367340135
:10E36C0091CBCE871305F07F0D4719B701440145BA
:10E37C000547FDBD01441305F07F0947D5BD416F2D
:10E38C001307FFFF9356090113D307013379E900F3
:10E39C00F98FB30823033308F902B38FF602B38E57
:10E3AC00F80193580801F698338E660263F3F8016E
:10E3BC007A9E93D20801B3F8E8003378E800135F33
:10E3CC000401C208798CC29833878602330889020B
:10E3DC0033092F03B30EE900135908017699B3865C
:10E3EC00E6036374E9004167BA96935E0901B69E31
:10E3FC00C166938FF6FF3379F9013378F80113D79F
:10E40C0004014209B3F4F401B38397024299CA920E
:10E41C0033089302B307F702B30FE3023303F80098
:10E42C0013D803011A986373F800B69F9357080129
:10E43C00C166BE9F9387F6FF3378F800B3F7F300FD
:10E44C00B303940242083E9833048702B3049F023C
:10E45C003303EF02A29413D70301BA9463F384003D
:10E46C003693C167FD17B3F6F400C206B3F7F30099
:10E47C00169EBE9633392E01F69633872601429EA0
:10E48C0033380E01330FF701B3020F01B3B6D601C7
:10E49C0033372701558F33B80201C180B33FFF01D9
:10E4AC00269733E80F0193179E0042971A97B3E70C
:10E4BC0017012607B337F000135E7E0113D47201E7
:10E4CC00B3E7C701A60293167700598CB3E7570040
:10E4DC0063DA060A13D71700858BD98F1317F4014B
:10E4EC00D98F05809386F53F6350D00A13F77700D8
:10E4FC0001CF13F7F70011456308A70013874700F6
:10E50C00B337F7003E94BA871317740063580700AB
:10E51C00370700FF7D17798C938605401307E07F42
:10E52C00634ED70E13D737009317D401D98F0D80B4
:10E53C00139746013204B706F07F758F3180598CE2
:10E54C007E06B2503367C400225492540259F249E9
:10E55C00624AD24A424BB24B3E85BA8545618280B3
:10E56C0052862684CA875E8789466309D70A8D46F8
:10E57C00630FD7088546E317D7F6014481479DA062
:10E58C005686DDB7AA85B9BF0545158D13078003DF
:10E59C00E345A7FE7D476349A7049385E5413317FF
:10E5AC00B400B3D6A700B397B700558FB337F000BC
:10E5BC00D98F3354A40013F7770001CF13F7F7006A
:10E5CC0091466308D70013874700B337F7003E9492
:10E5DC00BA8713178400634807041317D4018D837B
:10E5EC00D98F0D808146A9B70557158F13080002E6
:10E5FC003357E4008146630605019385E543B31662
:10E60C00B400D58FB337F000D98F01446DB7370400
:10E61C00080081479306F07F014619BF01448147EA
:10E62C009306F07F31B701448147854611B737080F
:10E63C0010007D180111B377B80013D7450133785A
:10E64C00D80093D8460122CC8E071374F77F13574A
:10E65C00D50126CAD98F93D4F5011357D60193D57A
:10E66C00F6010E0806CE4AC84EC693F8F87F9306FC
:10E67C00F07F0E05336707010E066395D800B3666D
:10E68C00C70099E293C51500330814416393952292
:10E69C00635C000F63950804B366C7008DC2130852
:10E6AC00F4FF631A08002A963335A600BA97AA9786
:10E6BC003285054495A89306F07F6319D40213772D
:10E6CC0075006305074E1377F50091466300D74E2E
:10E6DC009306450033B5A600AA973685C1A99306C3
:10E6EC00F07FE30ED4FCB7068000558F93068003B1
:10E6FC0063C80609FD4663C0060793050002B3858F
:10E70C000541B316B700B35806013316B600B3E68D
:10E71C0016013336C000558E335707012A963E97A3
:10E72C00B337A600BA97328513978700E35907F8D9
:10E73C0005041307F07F6309E446B70680FFFD1656
:10E74C00FD8E9355150005899397F6014D8D5D8DC2
:10E75C0093D71600ADB7930608FE93080002B35684
:10E76C00D7008145630818019305000433880541DF
:10E77C00B31507014D8E3336C000558E014779BF56
:10E78C00598E3336C000DDBF630B080AB385884051
:10E79C000DE4B3E6A700638006409386F5FF99E687
:10E7AC003295BA973336C500B29721B71308F07F6C
:10E7BC00639D0501BA873285EDAC9306F07FE38B40
:10E7CC00D8FEB7068000D58FAE869305800363C450
:10E7DC00D506FD4563CBD502130800023308D8409B
:10E7EC003353D500B395070133150501B3E5650027
:10E7FC003335A0004D8DB3D6D7003295B387E600E4
:10E80C003336C500B297468405B7938506FE1303CD
:10E81C000002B3D5B70001486388660013080004F2
:10E82C00B306D8403398D7003365A8003335A00021
:10E83C004D8D8146D9B75D8D3335A000DDBF930674
:10E84C00140093F5E67FA9E5B3E6A7001DE4638801
:10E85C000634B366C700E38406E62A96BA973335C6
:10E86C00A600AA97139787003285E35A07E4370767
:10E87C0080FF7D17F98F054499B58DDE598E630A9B
:10E88C0006228144B707400001451304F07F39AEDE
:10E89C009305F07F6388B6302A963E97B337A6006F
:10E8AC003E971315F7010582518D93571700368447
:10E8BC0039B56356000D63930808B366C700E3804F
:10E8CC0006E01308F4FF631B08003306C54033351C
:10E8DC00C500998F898F32850544B1A09306F07FCE
:10E8EC00E30FD4DC9306800363C70609FD4663CFB0
:10E8FC00060593050002B3850541B316B700B3585E
:10E90C0006013316B600B3E616013336C000558E39
:10E91C00335707013306C5403387E740B337C5008B
:10E92C00B307F740328513978700E35A07D83709A6
:10E93C0080007D1933F92701AA8975A29306F07F0F
:10E94C00E30FD4D6B7068000558F69BF930608FE37
:10E95C0093080002B356D70081456308180193054C
:10E96C00000433880541B31507014D8E3336C000C2
:10E97C00558E014745B7598E3336C000DDBF630451
:10E98C00080C3388884015E8B3E6A7006380062896
:10E99C009306F8FF91EA3305A640B307F7403336E8
:10E9AC00A600918FAE840DBF1303F07F631F680028
:10E9BC00BA8732851304F07F7DA09306F07FE3893C
:10E9CC00D8FEB7068000D58FC28613088003634833
:10E9DC00D8067D48634ED802130300023303D3409C
:10E9EC00335ED50033986700331565003368C80172
:10E9FC003335A0003365A800B3D6D7003305A64045
:10EA0C00B307D7403336A600918F4684AE8421BF1E
:10EA1C00138806FE130E000233D8070101436388E6
:10EA2C00C60113030004B306D3403393D7003365F8
:10EA3C00A3003335A0003365A8008146C1B75D8DB6
:10EA4C003335A000DDBF9306140093F6E67FBDE6D8
:10EA5C0033E8A700B366C70031E463180800638B82
:10EA6C00061ABA873285AE8499B9E38A06C433088C
:10EA7C00C540B3380501B386E740B3861641939879
:10EA8C00860063DA08003305A640B307F740333637
:10EA9C00A600918FC9BF3365D80063010518B687EE
:10EAAC00428531B9631A0800638C0616BA87328521
:10EABC00AE841304F07F21B1EDDEE1B3B309C540A0
:10EACC00B33635013389E7403309D94093168900B1
:10EADC0063D80606B309A640B307F74033363601B0
:10EAEC003389C740AE84630309064A85EF100014CE
:10EAFC00130785FFFD4763C1E70693060002998E55
:10EB0C00B317E900B3D6D900DD8E3395E900634E17
:10EB1C008706018F930717007D466345F60413079C
:10EB2C0000021D8FB355F5003396E6003315E50052
:10EB3C004D8E3335A000518DB3D7F600014441B64C
:10EB4C0033E529014DF181470144F9A04E85EF10C1
:10EB5C00E00D1305050269BF130585FDB396A900E9
:10EB6C00014575B705179305000233D7E60001463A
:10EB7C006387B700130600041D8E3396C600518DB3
:10EB8C003335A000598D814755BFB70780FFFD175E
:10EB9C00198CF58F2DB6BA8732852E840DB6BA87AF
:10EBAC00328531BE1304F07F8147014513978700EE
:10EBBC00635B070005041307F07F6308E40637075F
:10EBCC0080FF7D17F98F1397D7010D81598D13078E
:10EBDC00F07F8D836319E4005D8D814709C5B7070C
:10EBEC0008000145814413174401B706F07FB207B2
:10EBFC00F2406244758FB183FE04D98F33E79700DE
:10EC0C004249D244B249BA8505618280BA873285BD
:10EC1C00428491BD81470145814449BF8147EDBF85
:10EC2C0001458144B70740008DB18147014561BF63
:10EC3C00370710009307F7FF33F7B700D18193C55F
:10EC4C00F5FFF58F13985501D18293F6F67F631576
:10EC5C000800498F054509EB1307F07F01456395C3
:10EC6C00E600D18F3335F0008280411106C622C4F4
:10EC7C0026C229CD9357F54133C4A7001D8C93545C
:10EC8C00F5012285EF00907A1307E041A947098F1F
:10EC9C0063C8A702AD47898F5505B357F4003314E9
:10ECAC00A4002685B2075207B1837E05D98FB240E6
:10ECBC0033E7A700228522449244BA854101828021
:10ECCC005515B317A40026850144E9BF01478147B8
:10ECDC00E5BF411113577501370680007D164AC0F8
:10ECEC001379F70F13D77501B377A60026C26D8E73
:10ECFC001377F70F06C622C49354F501FD818E07D6
:10ED0C000E06B306E9406394B412635AD00621E3AD
:10ED1C00630C0626FD168DE6B2974A87939657002C
:10ED2C0063DB060C05079306F00F6305D726B706C1
:10ED3C00007E13F61700FD168583F58FD18F65A81D
:10ED4C001307F00F631CE9001307F00F6DA01307F6
:10ED5C00F00FE30BE9FE37070004598EED4505472C
:10ED6C0063CDD500930500023357D600B386D5404A
:10ED7C003316D6003336C000518FBA9779BFA9CA63
:10ED8C00B3052741631D090089CBFD1599E1B297A5
:10ED9C0071B79306F00F631BD700B287A9A893062F
:10EDAC00F00FE30CD7FEB7060004D58F6D458546F2
:10EDBC00634DB500930600028D8E33D5B700B39723
:10EDCC00D700B337F000B366F500B387C600B9B708
:10EDDC009305190013F7E50F39E363190902D5DF21
:10EDEC0019CAB2979396570063D70600370700FCF1
:10EDFC007D17F98F054793F67700638E061893F607
:10EE0C00F70011466389C618910771A26380071831
:10EE1C0005DE8144B70700021307F00FADAA1307F4
:10EE2C00F00F6387E516B29785832E87E9B7635495
:10EE3C00D00621EB4A8761D2FD1681EE918F939615
:10EE4C005700E3DA06FA370400047D147D8C3A8906
:10EE5C00C5A89305F00F1307F00FE30EB9F8ED45B5
:10EE6C00054763CDD500930500023357D600B38612
:10EE7C00D5403316D6003336C000518F998F4A8750
:10EE8C007DBF9305F00F1307F00FE306B9F63707B4
:10EE9C000004598EE9B7A1CE33052741631009024E
:10EEAC0099CB7D1509E5B307F640AE8449BF9306AF
:10EEBC00F00F631CD700B287AE8435BF9306F00FFA
:10EECC00E30BD7FEB7060004D58F6D488546634D1E
:10EEDC00A80093060002898E33D8A700B397D700F9
:10EEEC00B337F000B366F800B307D6407DBF130705
:10EEFC0019001377E70F05EF6314090289E745FE44
:10EF0C008147814449A8E30806EEB386C7401395B0
:10EF1C005600B307F640E34105FAFDD2B687E1BDD2
:10EF2C00E39807EEE30706EEB287AE8431BD338477
:10EF3C00C74013175400635E07023304F640AE84D7
:10EF4C002285EF00B04E1307B5FF3314E40063467F
:10EF5C00270333072741050793060002B357E40044
:10EF6C003387E6403314E40033348000C18F01470B
:10EF7C0059B579F48147014769B7B70700FCFD170C
:10EF8C003307E940E18F85BD4A87B5B5B2876DBBC4
:10EF9C001307F00F81479396570063DB06000507B4
:10EFAC009306F00F630FD702B70600FCFD16F58F22
:10EFBC009306F00F8D836316D70081C7B707400007
:10EFCC008144B24022443705807F5E07A607698FD3
:10EFDC00A5831395F401D98F924402495D8D4101AB
:10EFEC0082808147F1B7011126CA935475014AC832
:10EFFC004EC652C49319950006CE22CC56C293F439
:10F00C00F40F2E8A93D999001359F501A5C49307CF
:10F01C00F00F638EF4068E09B7070004B3E9F9000C
:10F02C00938414F8814A93577A0113149A0093F736
:10F03C00F70F2580135AFA01ADC71307F00F638E33
:10F04C00E7060E0437070004598C938717F881469E
:10F05C0013962A00558E9D8C7D16B9473345490170
:10F06C0063E6C706B7D70080938787E10A063E960A
:10F07C001C428287638409024E85EF00303B930764
:10F08C00B5FF9304A0F8B399F900898C61BF930480
:10F09C00F00F894AE38909F88D4A71B78144854A92
:10F0AC0059B715C02285EF0070389307B5FF33149C
:10F0BC00F4009307A0F8898F59BF9307F00F894686
:10F0CC0041D88D4671B78147854659B79315540081
:10F0DC0063FB890CFD14814613D40501B3D8890256
:10F0EC00C167FD17ED8FC18233F7890246863388DD
:10F0FC0017034207558F637C07012E971386F8FF81
:10F10C006367B700637507011386E8FF2E97330713
:10F11C0007413358870233778702B3860703931767
:10F12C000701428763FCD700AE971307F8FF63E72C
:10F13C00B70063F5D7001307E8FFAE971314060169
:10F14C00958F598CB337F0005D8C1387F407635897
:10F15C00E0089377740099C79377F4009146638322
:10F16C00D70011049317440063D80700B70700F8C1
:10F17C00FD177D8C138704089307E00F0D8063C582
:10F18C00E7045E07B707807F26047D8F2580598CA6
:10F19C007E05F240418D6244D2444249B249224A32
:10F1AC00924A056182809396F90193D919002DB783
:10F1BC004A854E84D6868D476382F60685476385DD
:10F1CC00F6068947E393F6F801441307F00F55BF91
:10F1DC005285D5B73704400001458D46E9BF8547B8
:10F1EC00998F6D476342F7049384E409B357F40095
:10F1FC0033149400333480005D8C9377740099C77A
:10F20C009377F40011476383E700110493175400BC
:10F21C000D8063DC070001440547A5B737044000A7
:10F22C001307F00F0145B1BF0144014799BF3707E0
:10F23C0080007D17935675013378A70013D675019E
:10F24C009357F50193F6F60F1305F00F6D8F1376A8
:10F25C00F60FFD816395A60005456314080213059E
:10F26C00F00F6314A600054509EF0545639BC60026
:10F27C006319E8006386B70089E6333500018280A4
:10F28C000145828093567501B7078000FD1713D78F
:10F29C00750193F6F60F1308F00F33F6A7001377EA
:10F2AC00F70FED8F7D81FD816395060139C279558C
:10F2BC00828063130701E5FF9DEE11E38DCB01CA3C
:10F2CC006314B5006359D7000DC17D5582807D55FF
:10F2DC0091C52E85828063D4E60065D98280E3E5F2
:10F2EC00C7FEE36CF6FE014582800545828065DE33
:10F2FC00E1BFE302D7FC69F7E1DBD9B7935675019F
:10F30C00B7078000FD1713D7750193F6F60F130896
:10F31C00F00F33F6A7001377F70FED8F7D81FD818A
:10F32C006395060139C20945828063130701E5FF25
:10F33C009DEE11E38DCB01CA6314B5006359D70060
:10F34C000DC17D5582807D5591C52E85828063D4FB
:10F35C00E60065D98280E3E5C7FEE36CF6FE014565
:10F36C0082800545828065DEE1BFE302D7FC69F748
:10F37C00E1DBD9B701114AC81359750126CA4EC62B
:10F38C0052C49314950006CE22CC56C21379F90FB1
:10F39C002E8AA5809359F501630609069307F00F91
:10F3AC00630FF9068E04B7070004DD8C130919F8F6
:10F3BC00814A93577A0113149A0093F7F70F25801B
:10F3CC00135AFA01B5C71307F00F638FE7060E0443
:10F3DC0037070004598C938717F8014793962A0036
:10F3EC00D98ECA97FD16B94533C549011386170046
:10F3FC0063E5D506B7D70080938747E58A06BE96A6
:10F40C009C4282879DC02685EF0050029307B5FF72
:10F41C001309A0F8B394F4003309A94051BF1309A0
:10F42C00F00F894AD9D48D4A69B70149854A51B739
:10F43C0015C02285EF00807F9307B5FF3314F400CD
:10F44C009307A0F8898F51BF9307F00F094759D440
:10F45C000D4769B78147054751B741679308F7FFD7
:10F46C0093D6040193550401B3F4140133741401BD
:10F47C003308940233848602B386B602B3859502B0
:10F48C0093540801A295AE9463F38400BA9633F7B3
:10F49C001401420733781801429713146700C18096
:10F4AC00333480006983B694418F9A0433E4E400CA
:10F4BC0013974400635707069357140005885D8C17
:10F4CC001307F6076351E0069377740099C7937797
:10F4DC00F40091466383D70011049317440063D85A
:10F4EC000700B70700F8FD177D8C13070608930774
:10F4FC00E00F0D8063DDE70601441307F00F85A8CC
:10F50C004E85268456878947E308F7FE8D47630BA3
:10F51C00F7048547E316F7FA0144014789A8528599
:10F52C00DDB73E8671BF8547998F6D47E346F7FE81
:10F53C001306E609B357F4003314C40033348000C7
:10F54C005D8C9377740099C79377F40011476383AC
:10F55C00E7001104931754000D80E3D007FC01441D
:10F56C00054731A0370440001307F00F01455E0733
:10F57C00B707807F26047D8F2580598C7E05F2404D
:10F58C00418D6244D2444249B249224A924A0561B1
:10F59C008280B70680004111FD161356750193D871
:10F5AC007501B3F7A60026C2ED8E4AC01376F60F8E
:10F5BC009354F50193F8F80F06C622C41305F00F07
:10F5CC0032898E074687FD818E066393A80099E2E7
:10F5DC0093C515003308164163929512635D0007BD
:10F5EC0063920804638E06267D1863160802B6978C
:10F5FC0032879396570063DD060C05079306F00FD0
:10F60C006306D726B706007E13F61700FD16858312
:10F61C00F58FD18F75A81307F00F631CE600130745
:10F62C00F00F7DA01307F00FE30BE6FE3707000485
:10F63C00D98EED45054763CE050113070002B3D5FE
:10F64C00060133080741B3960601B336D00033E701
:10F65C00D500BA9771BF630A0804B385C84009EE98
:10F66C0063820720FD1599E1B69761B71306F00F79
:10F67C00639BC800B68765B71306F00FE38CC8FE12
:10F68C0037060004D18F6D450546634DB500130652
:10F69C0000020D8E33D5B700B397C700B337F00017
:10F6AC003366F500B307D600A9B79305160013F718
:10F6BC00E50F0DEF0DEA6387071A99CAB697939673
:10F6CC00570063D70600370700FC7D17F98F0547F5
:10F6DC0093F67700638D061893F6F700114663884E
:10F6EC00C618910769A2D9D79DDA09AA1307F00F9A
:10F6FC00638CE516B69785832E87D9BF63570007B1
:10F70C00639B08043287E9D67D18631D0800958F2A
:10F71C0093965700E3DE06FA370400047D147D8CC3
:10F72C003A89E5A89305F00F1307F00FE302B6FA38
:10F73C00ED45054763CE050113070002B3D506015D
:10F74C0033080741B3960601B336D00033E7D50032
:10F75C00998F328775BF9305F00F1307F00FE309EC
:10F76C00B6F637070004D98EE1B7630C080433856D
:10F77C00C84019EEB9CF7D1509E5B387F640AE84C4
:10F78C0041BF1306F00F639CC800B687AE8441BD21
:10F79C001306F00FE38BC8FE37060004D18F6D48BB
:10F7AC000546634DA80013060002098E33D8A70046
:10F7BC00B397C700B337F0003366F800B387C64081
:10F7CC007DBF130716001377E70F1DEF0DE681E7DA
:10F7DC0085C2B68719A8E38D06EE3386D74013157C
:10F7EC00560063560500B387F640AE84D5B571E676
:10F7FC0081478144ADA8E39907EEC1FA8144B7076C
:10F80C0000021307F00FA5A03384D7401317540040
:10F81C00635D07023384F640AE8422850129130709
:10F82C00B5FF3314E400634627033307274105076C
:10F83C0093060002B357E4003387E6403314E40028
:10F84C0033348000C18F014761B561F881470147AE
:10F85C004DB7B70700FCFD173307E940E18F8DBDAD
:10F86C003287BDB5B687ADB51307F00F81479396B8
:10F87C00570063DB060005079306F00F6301D704FE
:10F88C00B70600FCFD16F58F9306F00F8D836316FB
:10F89C00D70081C7B70740008144B24022443705E6
:10F8AC00807F5E07A607698FA5831395F401D98F16
:10F8BC00924402495D8D41018280B28711BD81471E
:10F8CC00E1B737068000135775019307F6FF1377DE
:10F8DC00F70F9305E007E98F9356F50163F1E50403
:10F8EC009305D00963F8E500370500801345F5FF53
:10F8FC003695828033E5C7009307500963DAE70039
:10F90C001307A7F63315E50081CE3305A04082809E
:10F91C00930760093387E7403355E500F5B7014598
:10F92C008280411106C622C426C255C59357F541A3
:10F93C0033C4A7001D8C9354F5012285C52C930765
:10F94C00E0092A873385A7409307600963C4A7029F
:10F95C00A14763D5E70061173314E40026045E0564
:10F96C002580498C1395F401B240418D2244924478
:10F97C00410182809307900963DDA7009547998F19
:10F98C009306B701B357F4003314D400333480001A
:10F99C005D8C954763D6E7009307B7FF3314F400EB
:10F9AC00B70700FCFD1793767400E18F91C63D8874
:10F9BC0091466303D40091079396570063DA0600CF
:10F9CC00B70600FCFD161304F009F58F3305E4406F
:10F9DC0013D4370061B78144014449B7411122C4A3
:10F9EC0006C62A84814719CD91249307E009898F93
:10F9FC00130760096341F70221476355A70061159E
:10FA0C003314A4002604258013957701B240418D50
:10FA1C0022444101828013079009635DF7001307AC
:10FA2C00B50195463317E400898E3337E000335423
:10FA3C00D400598C15476356A7001307B5FF331430
:10FA4C00E400370700FC7D1793767400618F91C634
:10FA5C003D8891466303D40011079316570063D970
:10FA6C000600B70700FCFD177D8F9307F009898FFF
:10FA7C001354370041BF93577501411193F7F70F9A
:10FA8C0022C426C2131495009354F5011385170054
:10FA9C0006C61375E50F25800DC5138507389357DA
:10FAAC0034007604B2075205B183C98F1395F40163
:10FABC00B24033E7A700228522449244BA85410123
:10FACC00828095EB65D022859522A94763CFA7004C
:10FADC00AD47898F13075501B357F4003314E40075
:10FAEC00130790383305A74075BF930755FFB3171D
:10FAFC00F4000144F5B7814719C493573400370714
:10FB0C0008007604D98F1305F07F69BF1396C500E2
:10FB1C0013D845019357D5011378F87F25825D8E54
:10FB2C009307180093F7E77FFD8113173500D1C3B6
:10FB3C00930608C89307E00F63CBD7086342D0063F
:10FB4C00A55763CAF60CB707800079455D8E158DF5
:10FB5C00FD4763C3A702130828C8B3170701B337BF
:10FB6C00F000331606013355A700D18FC98F81469B
:10FB7C0013F7770025C355A0F957B386D7409307E1
:10FB8C000002B356D60081486306F500130828CA54
:10FB9C00B3180601B3E7E800B337F000D58FC1BF47
:10FBAC001A053335A0000E069357D701498ED18F15
:10FBBC00C1B7B367E60063150800B337F00045BF63
:10FBCC009306F00F81CB0E06B7070002CDB7814725
:10FBDC009306F00F13975700635B07008506130716
:10FBEC00F00F6383E604370700FC7D17F98F1307CA
:10FBFC00F00F8D836396E60081C7B70740008145FF
:10FC0C003705807FDE06A607E98EA583D58F139571
:10FC1C00F5015D8D82808547814613F7F70011460B
:10FC2C00E30AC7FA91077DB78147D1B7C1676376FD
:10FC3C00F5029307F00FB3B7A7008E0737D70080F4
:10FC4C00930600029D8E3355F500930707E93E9508
:10FC5C00034505003385A640828037070001C14764
:10FC6C00E36EE5FCE147D9BF03A5419D82803D438E
:10FC7C002A876373C3029377F700BDEFADE59376E4
:10FC8C0006FF3D8ABA960CC34CC30CC74CC7410740
:10FC9C00E36BD7FE11E28280B306C3408A0697025B
:10FCAC00000096966780A6002307B700A306B7004E
:10FCBC002306B700A305B7002305B700A304B700BC
:10FCCC002304B700A303B7002303B700A302B700B4
:10FCDC002302B700A301B7002301B700A300B700AC
:10FCEC002300B700828093F5F50F93968500D58D90
:10FCFC0093960501D58D61B7939627009702000066
:10FD0C0096968682E78086FA9680C1171D8F3E965E
:10FD1C00E374C3F8A5B7B367B5008D8BB1EF984109
:10FD2C00B7867F7F9386F6F7B377D700B697D98FD0
:10FD3C00D58F7D56639BC7042A867D5818C2D8413F
:10FD4C0091051106B377D700B697D98FD58FE38776
:10FD5C0007FF83C7050003C7150083C625002300D2
:10FD6C00F60099C7A300E60001C72301D60091E273
:10FD7C008280A30106008280AA8703C7050085073D
:10FD8C008505A38FE7FE75FB82802A86D9B7130100
:10FD9C0001BB2324814423229144232E3143232469
:10FDAC0081432326114423202145232C4143232A1C
:10FDBC00514323286143232671432322914323205B
:10FDCC00A143232EB1418547B6892A842E8CB28457
:10FDDC0063F0D72E0146854D8546FD5C09A8B38D91
:10FDEC0097413E868546B307D60063F737033387C2
:10FDFC0094013697B385F40083C5050003470700CB
:10FE0C00E3EFE5FC6386E514B28C85460506B30783
:10FE1C00D600854DE3ED37FD8145054805467D55FA
:10FE2C00054709A83308A740BA8505463387C5009E
:10FE3C0063773703B387C400B386E400AA9783C6FD
:10FE4C00060083C70700E3EFD7FC6387F6102E8507
:10FE5C00054685053387C5000548E36D37FD050567
:10FE6C00850C63649501C28DAA8C1C081307014193
:10FE7C0023A037019107E31DF7FE1389F9FFB38522
:10FE8C009900268733862401638F09008347070076
:10FE9C0013050141B306E6408A07AA97050723A07C
:10FEAC00D7C0E395E5FE6686B385B4012685652645
:10FEBC0063150512856B054A9387FCFF938B0B80AA
:10FECC00014B014D330A9A413EC6B38AB941B3EB9B
:10FEDC007901B305A401B387250183C70700130774
:10FEEC0001418A07BA9783A707C0BDCB63050B00F6
:10FEFC0063F3B701D6873E9D014BB3073C41E3FA50
:10FF0C00A7FD33058401DE85CD292A9CB3073C412E
:10FF1C00E3F1A7FD01458320C144032481448324DC
:10FF2C004144032901448329C143032A8143832A81
:10FF3C004143032B0143832BC142032C8142832C6D
:10FF4C004142032D0142832DC141130101458280A1
:10FF5C00638BDD14850641BD630406150506F9B5F2
:10FF6C00668763F36C015A8763702703B307A70195
:10FF7C003388E400A2978346080083C70700639385
:10FF8C00F6040507E36427FF3247668863669B0126
:10FF9C001DA0630D67032A87B307A701B386E4008E
:10FFAC00A29783C6060083C7070013081700130522
:10FFBC00F7FFE380F6FE13061B00636EC8006E9D10
:10FFCC00568B25BF529D3A9D014B05BF5A8813068F
:10FFDC001B00E376C8FE2E853DBFB38A994163EFC3
:10FFEC009A0B056B054A130B0B80850A814B330A60
:04FFFC009A417D5D4C
:02000004800179
:1000000033EB690133067401B307260183C7070088
:10001000130701418A07BA9783A707C085CFBE9B04
:10002000B3073C41E3F077FF33058401DA85E12E25
:100030002A9CB3073C41E3E577EF33067401B3072D
:10004000260183C70700130701418A07BA9783A7D0
:1000500007C0F1F7668763E62C0115A005076370FA
:100060002703B30777013388E400A297834608008B
:1000700083C70700E384F6FED29BBA9B55B79387EC
:10008000FCFF6395A7010DA86388A7033387770159
:10009000B386F400229783C6060003470700FD17C6
:1000A000E384E6FED69BADBFE68A91B7B2950546DE
:1000B00061B36E96854635BB3285A5B5854D814CBD
:1000C0005DBB1D71A2CCA6CA86CECAC8CEC6D2C49C
:1000D000D6C2AE8483C505002A84DDCD83C6140054
:1000E0006381061203C7240071C303C63400630D85
:1000F000061083C74400E9CF26856D242A899365BD
:10010000052022850926636C250F9307E00F63E322
:100110002715B309254113060004930519000A8524
:10012000A299EFF09FB5630509021376F90F2687B0
:10013000B30599002696834707008800B306E6407A
:1001400093F7F703AA9705072380D7FCE395E5FE0D
:10015000856A938A0A807D14B307240183C7070048
:10016000980093F7F703BA9703C507FC2A9463F640
:100170008900D1A0529463E0890CB307240183C79E
:1001800007009800228593F7F703BA974A86A68559
:1001900003CA07FCF92079FDF64022856644D6445F
:1001A0004649B649264A964A25618280C2050347D8
:1001B0000500D58D814711A03684C207D98F21C390
:1001C0000347140093061400E398F5FE7D14E9B785
:1001D00093970601E20583460500CD8FD18F220754
:1001E000D98F91CE014719A06383E70622852207A4
:1001F0000504558F83460400E5FA638AE704014449
:1002000061BF4D282A8449BF9397850193950601C4
:100210002207CD8FD98F83460500014711A0328474
:10022000558F2207E9DE8346140013061400E39875
:10023000E7FE791495B73385290183470500E1D39B
:10024000D685D122AA99E3F889F00144B1B7130405
:10025000D5FF99B7AA85CA86228526863D3E2A847F
:1002600025BF8D4763F0C702B367B5008D8B8D4600
:100270009DEF18419C41631CF70271161105910511
:10028000E3E9C6FE9306F6FF0DC28506AE9619A0F9
:10029000638DD5008347050003C705000505850567
:1002A000E388E7FE3385E74082800145828093063C
:1002B000F6FFE1BF93F6F50F93773500D1CA91CBE6
:1002C00083470500C1C76384D708050593773500C8
:1002D000E5FB93F5F50F93978500DD8D184113939A
:1002E00005013363B3003708FFFE3346E30013080C
:1002F000F8EFB3070601B30507011346F6FF1347EE
:10030000F7FFF18F6D8FB7888080D98F93880808A9
:10031000B3F717019DE35841110533466700B30752
:100320000701B30506011347F7FF1346F6FFF98FE0
:100330006D8ED18FB3F71701F9DF8347050099C799
:100340006381F606834715000505FDFB01458280A4
:1003500081CB83470500E5DF050593773500F5FB85
:1003600018413706FFFE1306F6EFB307C700B7863E
:1003700080801347F7FFF98F93860608F58F91EB7E
:1003800058411105B307C7001347F7FFF98FF58FE1
:10039000E5DB83470500C5DF834715000505EDFF55
:1003A00082808280937735002A8795EFB7867F7F9A
:1003B0009386F6F7FD5510431107B377D600B6972D
:1003C000D18FD58FE389B7FE8346C7FF0346D7FF9A
:1003D0008347E7FF098F8DC60DC23335F0003A958C
:1003E00079158280E1D683470700050793763700A9
:1003F000F5FB098F1305F7FF82801305D7FF828075
:100400001305C7FF82802A86B306B6002E85B28701
:1004100089E511A885076387F60003C707007DFB00
:100420003385C740828082800A6578747261637404
:100430005F69655F636F646520656E74657265648E
:100440000A000000657863657074696F6E20636FE1
:100450006465203D2025780A0000000065787472EC
:100460006163745F69655F636F6465206578697453
:1004700065640A000A64656661756C745F68616E24
:10048000646C657220656E74657265640A000000B4
:100490000A68616E646C655F7472617020656E7469
:1004A000657265640A0000000A547261703A206D3A
:1004B0006361757365203D2025782C20657063206D
:1004C0003D2025780A00000073697A656F662875FB
:1004D000696E747074722920203D202564200A0002
:1004E000536F75726365206F6620547261703A2095
:1004F000496E746572727570740A0000536F75727C
:100500006365206F6620547261703A20536F667481
:10051000776172650A00000068616E646C655F74E3
:10052000726170206578697465640A000A207061E0
:100530006E6963200A000000286E756C6C2900004B
:100540008250FFFFC450FFFF5453FFFF7E51FFFF57
:100550005453FFFF5453FFFF5453FFFF5453FFFF07
:100560005453FFFF7050FFFF5453FFFF5453FFFFDE
:100570006652FFFF5453FFFF5453FFFF5453FFFFD6
:100580009650FFFF5453FFFFF251FFFF5453FFFFFC
:100590005453FFFFDA52FFFF747261705F696E6936
:1005A0007420656E7465726564200A200000000086
:1005B000747261705F696E697420657869746564CE
:1005C000200A2000696E697420656E746572656426
:1005D000200A2000696E6974206578697465640A70
:1005E000000000000000000061646472203D2025CE
:1005F000782064617461203D2025780A00000000A5
:1006000048AFBC9AF2D77A3E0A636F6E6669677527
:1006100072655F636F756E74657220656E74657266
:1006200065640A006D74696D65636D702076616C38
:100630007565203D2025640A000000006D74696D19
:10064000652076616C7565203D2025640A000000F8
:100650000A636F6E6669677572655F636F756E7446
:100660006572206578697465640A00000A6D6163CB
:10067000685F636C696E745F68616E646C6572203C
:10068000656E74657265640A000000006D74696DC2
:1006900065636D702076616C7565203D2025780A54
:1006A000000000006D74696D652076616C756520D1
:1006B0003D2025780A0000006D6163685F636C6906
:1006C0006E745F68616E646C6572206578697465CC
:1006D000640A00000A696E746572727570745F63F3
:1006E0006F6D706C65746520656E74657265640A03
:1006F00000000000696E7465727275707420696420
:100700002025642C207374617465206368616E67B2
:10071000656420746F2025640A000000696E7465AA
:100720007272757074206964203D202578200A203B
:10073000726573657420746F2064656661756C748E
:100740002076616C756573207374617465203D203B
:10075000257820090920200A207072696F72697457
:1007600079203D2025780A20636F756E74203D2026
:1007700025780A00696E746572727570745F636FB4
:100780006D706C657465206578697465640A000035
:100790000A696E746572727570745F636C61696DFD
:1007A0005F7265717565737420656E7465726564DA
:1007B0000A000000696E7465727275707420696455
:1007C000205B25785D20636C61696D656420206124
:1007D0007420616464726573732025780A000000D8
:1007E000696E746572727570745F636C61696D5F58
:1007F00072657175657374206578697465640A0043
:100800000A6D6163685F706C69635F68616E646CD8
:10081000657220656E74657265640A00696E746540
:10082000727275707420696420636C61696D6564AF
:10083000203D2025780A0000466174616C206572B5
:10084000726F722C20696E74657272757074206993
:1008500064205B25785D20636C61696D6564206947
:10086000732077726F6E670A00000000696E74650E
:10087000727275707420696420256420636F6D70D6
:100880006C657465200A00000A6D6163685F706CB6
:1008900069635F68616E646C657220657869746510
:1008A000640A00000A6973725F64656661756C743E
:1008B00020656E74657265640A000000696E746577
:1008C0007272757074205B25645D20736572766941
:1008D0006365640A000000000A6973725F646566FC
:1008E00061756C74206578697465640A00000000A5
:1008F0000A696E746572727570745F656E61626CA0
:100900006520656E7465726564200A00696E7465A1
:1009100072727570745F6964203D2025780A00004A
:10092000504C494320424153452041444452455391
:1009300053203D2025782C20504C494320454E41E2
:10094000424C45204F4646534554203D2025780AC9
:1009500000000000696E746572727570745F656E78
:1009600061626C655F61646472203D20257820635C
:10097000757272656E745F76616C7565203D2025B9
:1009800078200A0076616C756520726561643A2092
:100990006E65775F76616C7565203D2025780A006D
:1009A0000A696E746572727570745F656E61626CEF
:1009B0006520657869746564200A00000A696E74B0
:1009C0006572727570745F64697361626C652065CD
:1009D0006E7465726564200A00000000504C494343
:1009E00020424153452041444452455353203D2029
:1009F00025782C20504C494320454E41424C4520FF
:100A00004F4646534554203D20257820696E746535
:100A100072727570745F6964203D2025780A000049
:100A2000696E746572727570745F64697361626C0B
:100A3000655F61646472203D202578206375727261
:100A4000656E745F76616C7565203D202578200A9F
:100A500000000000696E746572727570745F64697D
:100A60007361626C65206578697465640A000000D2
:100A70000A73657420696E746572727570745F7440
:100A800068726573686F6C6420656E746572656406
:100A90000A000000706C6963207468726573686F87
:100AA0006C642073657420746F2025640A00000054
:100AB00073657420696E746572727570745F7468A2
:100AC000726573686F6C64206578697465640A0088
:100AD0000A2073657420696E746572727570742073
:100AE0007072696F7269747920656E74657265647D
:100AF0002025780A00000000696E746572727570B6
:100B0000745F7072696F726974795F616464726531
:100B10007373203D2025780A00000000637572720F
:100B2000656E74206461746120617420696E7465FF
:100B300072727570745F7072696F726974795F61D7
:100B4000646472657373203D2025780A00000000FC
:100B5000206E6577206461746120617420696E7411
:100B60006572727570745F7072696F726974795FA3
:100B700061646472657373203D2025780A0000006B
:100B800073657420696E746572727570742070720A
:100B9000696F72697479206578697465640A000008
:100BA0000A636F6E66696775726520696E74657237
:100BB000727570742070696E20656E7465726564FC
:100BC0000A0000004750494F2044495245435449C8
:100BD0004F4E2052454749535445522056414C559B
:100BE00045203D2025780A004461746120777269B0
:100BF0007474656E20746F204750494F20444952E9
:100C0000454354494F4E204354524C2052454720AF
:100C10003D2025780A000000636F6E666967757273
:100C20006520696E746572727570742070696E20CB
:100C30006578697465640A000A706C69635F696E3F
:100C4000697420656E74657265640A004173736926
:100C5000676E6564206D6163685F706C69635F686F
:100C6000616E646C657220746F20747261702069AB
:100C700064203A2025640A000A2A2A2A2A2A2A2AD3
:100C80002A2A2A2A2A2A2A2A2A2A2A2A2A2A2A2AC4
:100C90002A2A2A2A2A2A2A2A2A2A2A2A2A2A2A2AB4
:100CA0002A2A2A2A2A2A2A2A2A0000000A696E7475
:100CB000657272757074206964203D202578200A61
:100CC000726573657420746F2064656661756C74F9
:100CD0002076616C756573207374617465203D20A6
:100CE00025782009090920200A7072696F726974D9
:100CF00079203D2025780A636F756E74203D20258C
:100D0000780A2009090920200A2A2A2A2A2A2A2AB6
:100D10002A2A2A2A2A2A2A2A2A2A2A2A2A2A2A2A33
:100D20002A2A2A2A2A2A2A2A2A2A2A2A2A2A2A2A23
:100D30002A2A2A2A2A2A2A2A2A2A0000706C696367
:100D40005F696E697420657869746564200A0000C3
:100D50000A636F6E6669677572655F696E74657246
:100D60007275707420656E7465726564200A000087
:100D7000636F6E6669677572655F696E74657272BE
:100D800075707420657869746564200A000000003D
:100D90000A506572696F6420526567697374657281
:100DA0002056616C75652068696768657220746893
:100DB000616E206D61782076616C756520282578DC
:100DC000290000000A20506572696F64205265672F
:100DD0006973746572206F66206D6F64756C652031
:100DE0006E756D6265722025642073657420746F62
:100DF000202578000A4475747920526567697374F8
:100E000065722056616C7565206869676865722037
:100E10007468616E206D61782076616C756520283C
:100E2000257829000A204475747920526567697312
:100E3000746572206F66206D6F64756C65206E75C9
:100E40006D6265722025642073657420746F20259F
:100E5000780000000A436F6E74726F6C20526567F1
:100E600069737465722056616C756520686967687E
:100E70006572207468616E206D61782076616C7592
:100E800065202825782900000A20436F6E74726F50
:100E90006C205265676973746572206F66206D6F90
:100EA00064756C65206E756D6265722025642073B3
:100EB000657420746F202578000000000A205275A8
:100EC0006E6E696E6720696E20636F6E74696E75F1
:100ED0006F7573206D6F646528312F30293A202596
:100EE000640000000A436C6F636B2052656769738E
:100EF0007465722056616C756520686967686572F3
:100F0000207468616E206D61782076616C75652053
:100F100028257829000000000A20416C6C207265A9
:100F200067697374657273206F66206D6F64756C8A
:100F300065206E756D62657220256420636C656145
:100F4000726564000A20416C6C2052656769737495
:100F500065722076616C756573206F6620616C6CBC
:100F6000206D6F64756C657320636C656172656478
:100F7000000000000A2043757272656E74204D6F88
:100F800064756C652069732073657420746F2050DC
:100F9000574D206D6F6465000A2043757272656E4F
:100FA00074204D6F64756C652069732073657420BF
:100FB000746F2074696D6572206F6E6365206F6E4B
:100FC0006C79206D6F6465000A2043757272656EDE
:100FD00074204D6F64756C6520697320736574208F
:100FE000746F2074696D657220636F6E74696E75BD
:100FF0006F7573206D6F6465000000000A20505704
:101000004D206D6F64756C65206E756D6265722024
:10101000256420686173206265656E20656E746565
:10102000726564000A2050574D206D6F64756C65C1
:10103000206E756D626572202564206E6F74206568
:101040006E746572656400000A204572726F7220CA
:10105000696E2073657474696E6720636C6F636B6F
:101060002072656769737465720000000A2045721A
:10107000726F7220696E2073657474696E67206484
:101080007574792072656769737465720000000079
:101090000A204572726F7220696E207365747469DC
:1010A0006E6720706572696F64207265676973741A
:1010B000657200000A50574D2025642073756363E4
:1010C000657366756C6C7920636F6E66696775729F
:1010D000656400000A2050574D206D6F64756C6583
:1010E000206E756D626572202564206861732062D0
:1010F00065656E2073746F70706564000A5468656E
:101100002076616C7565206F6620706572696F640A
:101110002072656769737465722069732025780091
:101120000A5468652076616C7565206F6620647569
:1011300074792072656769737465722069732025FC
:10114000780000000A5468652076616C7565206F30
:101150006620636F6E74726F6C207265676973745A
:101160006572206973202578000000000A546865C4
:101170002076616C7565206F6620636C6F636B20F1
:101180007265676973746572206973202578000041
:1011900041737369676E656420637573746F6D5F07
:1011A000636C696E745F68616E646C657220746FE5
:1011B0002074726170206964203A2025640A00005E
:1011C000436865636B696E672069662072733438A3
:1011D000352074696D65646F75743F0A0000000006
:1011E00054696D656F75742066726F6D20726561EC
:1011F00064696E672066756E6374696F6E0A0000BD
:101200005253343835206170706C69636174696F52
:101210006E206D6F64756C6520696E69740A0000DC
:101220002D2D2D2D2D4D657465722049642025646A
:101230003A494E49542026204F46462D2D2D2D2D1E
:101240000A0000002D2D2D2D2D2D2D2D2D4D6574D9
:1012500065722049642025643A52454C4159204F1B
:101260004E2D2D2D2D2D2D2D2D2D0A002D2D2D2DDD
:101270002D2D2D2D2D4D657465722049642025641A
:101280003A52454C4159204F46462D2D2D2D2D2D9E
:101290002D2D2D0A000000002D2D2D2D2D2D2D2D55
:1012A0004D657465722049642025643A52454C416D
:1012B00059204572726F722D2D2D2D2D2D2D0A0066
:1012C0004953522063616C6C65640A002D2D2D2DED
:1012D00052656164696E67204D657465722049646A
:1012E0003A2564202D2D2D2D0A0000002573203D68
:1012F00020000000256C66200A000000256C660AAC
:10130000000000004E616D65206F662070617261A3
:101310006D65746572206E6F7420666F756E6420E3
:101320000A000000E67AFFFF2482FFFF407BFFFFF8
:101330002482FFFF9A7BFFFF2482FFFFF47BFFFFE5
:101340002482FFFF4C7CFFFF2482FFFFA47CFFFF71
:101350002482FFFFFC7CFFFF2482FFFF547DFFFF00
:101360002482FFFFAC7DFFFF2482FFFF2482FFFF6A
:101370002482FFFF2482FFFF2482FFFF2482FFFFDD
:101380002482FFFF047EFFFF2482FFFF5C7EFFFFBD
:101390002482FFFFB47EFFFF2482FFFF647FFFFFF4
:1013A0002482FFFFBC7FFFFF2482FFFF1480FFFF2A
:1013B0002482FFFF2482FFFF2482FFFF2482FFFF9D
:1013C0002482FFFF2482FFFF2482FFFF2482FFFF8D
:1013D0002482FFFF2482FFFF2482FFFF2482FFFF7D
:1013E0002482FFFF2482FFFF2482FFFF2482FFFF6D
:1013F0002482FFFF2482FFFF2482FFFF2482FFFF5D
:101400002482FFFF2482FFFF2482FFFF2482FFFF4C
:101410002482FFFF2482FFFF2482FFFF2482FFFF3C
:101420002482FFFF2482FFFF2482FFFF2482FFFF2C
:101430002482FFFF2482FFFF2482FFFF0C7FFFFF37
:101440002482FFFF6C80FFFF2482FFFFC480FFFF28
:10145000436865636B206D6F64756C6520707265A1
:1014600073656E740A00000041542B5253540000FF
:1014700041540000415445300000000041542B47C6
:101480004D5200004F4B0000726561642066726F20
:101490006D20657370383236362025730A000000DF
:1014A0004552524F520000007265616420657865B4
:1014B0006375746564200A00436F6E6E65637469BA
:1014C0006E672E202020202000000000524553454A
:1014D000540A00004543484F204F46460A0000008A
:1014E000436F6E6E656374696E672E2E2020202018
:1014F0000000000041542B43574D4F44453D3100FF
:1015000041542B43574A41503D2253454D222C22F2
:1015100031323334313233342200000041542B5302
:101520004C4545503D300000534C454550204D4FF3
:1015300044452044495341424C45440A00000000C0
:1015400041542B43574155544F434F4E4E3D31006C
:101550004155544F20434F4E4E45435420454E4134
:10156000424C45440A000000436F6E6E6563746927
:101570006E672E2E2E2020200000000041542B43A9
:1015800049504D55583D30004D55580A0000000057
:1015900041542B43495053544152543D22544350DB
:1015A000222C223139322E3136382E342E31222C53
:1015B0003830000025730000434F4E4E00000000FD
:1015C000414C524541445900436F6E6E65637465EA
:1015D0006421202020202020000000002020202046
:1015E000202020202020202020202020000000007B
:1015F0002B4950442C300000446174612066726FA6
:101600006D20636C69656E7420303A2025730A0082
:101610002B4950442C310000446174612066726F84
:101620006D20636C69656E7420313A2025730A0061
:10163000556E6B6E6F776E206461746120736F7589
:101640007263653A2025730A0000000041542B4361
:101650004D47463D3100000041542B434D47444126
:101660003D44454C20414C4C0000000041542B436C
:101670005245473D31000000436F6E6E65637469EB
:101680006E672E2E2E20202020000000554152543F
:10169000312049535220696E69740A000A5541523B
:1016A00054322049535220696E69740A00000000C8
:1016B00041542B43495053454E443D3130000000C6
:1016C00041542B434D47533D22303937363431395D
:1016D0003638363822000000495352206461746164
:1016E00020636F6E7461696E7320434D440A00007D
:1016F000524541444D303120414C4C2050415241E3
:101700000A00000052656164696E67204D31202037
:1017100020202020000000000A46696E616C2046EF
:1017200072616D653D25730A000000004D4554450A
:10173000522030312052454C4159204F46462043DB
:101740004153450A000000005475726E204F6666D2
:10175000204D3120747269670A0000004469736388
:101760006F6E6E656374204D3120202000000000F4
:101770004D455445522030312052454C4159204F5F
:101780004E20434153450A005475726E204F6E201F
:101790004D3120747269670A00000000436F6E6E5D
:1017A000656374204D31202020202020000000009F
:1017B000524541444D303220414C4C205041524121
:1017C0000A00000052656164696E67204D32202076
:1017D00020202020000000004D455445522030328A
:1017E0002052454C4159204F464620434153450A1B
:1017F000000000005475726E204F6666204D322046
:10180000747269670A000000446973636F6E6E65E5
:101810006374204D32202020000000004D455445C7
:10182000522030322052454C4159204F4E204341E6
:1018300053450A005475726E204F6E204D3220744D
:101840007269670A00000000436F6E6E6563742062
:101850004D3220202020202000000000524541442D
:101860004D303320414C4C20504152410A00000081
:101870004D455445522030332052454C4159204F5C
:10188000464620434153450A000000005475726EDD
:10189000204F6666204D3320747269670A0000008D
:1018A0004D455445522030332052454C4159204F2C
:1018B0004E20434153450A005475726E204F6E20EE
:1018C0004D3320747269670A00000000524541449C
:1018D0004D303420414C4C20504152410A00000010
:1018E0004D455445522030342052454C4159204FEB
:1018F000464620434153450A000000005475726E6D
:10190000204F6666204D3420747269670A0000001B
:101910004D455445522030342052454C4159204FBA
:101920004E20434153450A005475726E204F6E207D
:101930004D3420747269670A0000000041542B4343
:10194000495053454E443D31353400004461746183
:101950002073656E742120202020202000000000CC
:101960003031000054696D656F7574206572726F57
:10197000722120200000000020202020414E5348EA
:10198000554D414E20202020000000004553542D8D
:101990005368616B746920746573742000000000E3
:1019A0006D6F646520696E69746961746564212076
:1019B00000000000205072657373207377697463B0
:1019C000686573200000000020533420205333202A
:1019D000205332202053312000000000533120706A
:1019E0007265737365640A00202020202020202067
:1019F00020202020204F4B20000000005332207078
:101A00007265737365640A00202020202020202046
:101A1000204F4B2020202020000000005333207056
:101A20007265737365640A0020202020204F4B20CC
:101A3000202020202020202000000000533420708F
:101A40007265737365640A00204F4B2020202020AC
:101A50002020202020202020000000000A3D3D3DC5
:101A60003D3D3D4461746120434F4C4C4543544FD0
:101A7000523D3D3D3D3D3D0A000000005761697407
:101A80002E2E2E20202020202020202000000000AC
:101A90004D6574657220746573740000696E6974B5
:101AA00069617465642100000A0A0A0A3D3D3D3EF1
:101AB00020456E65726779206D6574657220746566
:101AC0007374206D6F64652073656C656374210A9F
:101AD0000000000054657374696E67206D6574655D
:101AE0007220666F722049443A3031206F6E6C79F3
:101AF000210A0A0A0000000054657374204D6574C1
:101B0000657220312F4F4E00574154543D00000064
:101B100054657374204D6574657220312F4F4646AD
:101B20000000000020202020204D657465722031C7
:101B300000000000204D4F44425553204641494C7F
:101B4000454421000A0A0A5465737420656E646571
:101B500064206F66206D65746572207769746820F3
:101B600049443A30310A0000526573756C743A206A
:101B70004641494C4544210A0000000052657375F6
:101B80006C743A20504153534544210A0000000030
:101B900054657374204D6574657220322F4F4E006A
:101BA00054657374204D6574657220322F4F46461C
:101BB0000000000020202020204D65746572203236
:101BC000000000000A0A0A5465737420656E64659B
:101BD00064206F66206D6574657220776974682073
:101BE00049443A30320A0000202050726573732F46
:101BF00052656C656173650053343D576966692FA2
:101C000047534D0020202044432D42202847534D68
:101C1000292020200000000047534D206D6F64658F
:101C20002073656C65637465640A0000202020449D
:101C3000432D4120285769466929202000000000D3
:101C400057694669206D6F64652073656C656374C0
:101C500065640A000A4461746120636F6C6C65639B
:101C6000746F72207265616479210A002D2D2D2D0B
:101C70002D2D2D2D44432D41202857694669292DAE
:101C80002D2D2D2D2D2D2D0A0000000055415254D3
:101C9000320A000024434D440000000041542B430D
:101CA000495053454E443D3600000000202020207E
:101CB000000000002D2D2D2D2D2D2D2D44432D42C6
:101CC000202847534D292D2D2D2D2D2D2D2D0A004A
:101CD0002B434D54493A000041542B434D474C008F
:101CE000436F6D6D616E642D3E00000025730A0028
:101CF0002452535000000000526573706F6E73657C
:101D00002D3E00002B435245473A20300000000092
:101D10002B435245473A203100000000436F6E6E5E
:101D200065637465642020202020202000000000CE
:101D30002B435245473A2032000000002B435245C6
:101D4000473A20330000000000002041000080FFDF
:101D50000000807F0000C07F000000800000004B7A
:101D6000000080000000803F0000000000000040F4
:101D70000000004000000043000010420000AA42A2
:101D8000000000000000304300000000000030C3ED
:101D9000848F0080389000808E8F00803890008083
:101DA0002A900080389000808E8F0080848F008081
:101DB000848F00802A9000808E8F00806A8F008040
:101DC0006A8F00806A8F0080928F008084950080E7
:101DD000849500809C9500807E9500807E95008093
:101DE0002A9600809C9500807E9500802A9600802F
:101DF0007E9500809C9500807C9500807C9500807D
:101E00007C9500802A960080E4A1008044A2008096
:101E1000ECA1008044A2008038A2008044A200808F
:101E2000ECA10080E4A10080E4A1008038A2008041
:101E3000ECA10080CCA10080CCA10080CCA10080CE
:101E4000F0A1008022A5008022A500803AA5008094
:101E50001EA500801EA5008080A500803AA50080F8
:101E60001EA5008080A500801EA500803AA50080E8
:101E70001CA500801CA500801CA5008080A50080FA
:101E80000001020203030303040404040404040421
:101E900005050505050505050505050505050505F2
:101EA00006060606060606060606060606060606D2
:101EB00006060606060606060606060606060606C2
:101EC00007070707070707070707070707070707A2
:101ED0000707070707070707070707070707070792
:101EE0000707070707070707070707070707070782
:101EF0000707070707070707070707070707070772
:101F00000808080808080808080808080808080851
:101F10000808080808080808080808080808080841
:101F20000808080808080808080808080808080831
:101F30000808080808080808080808080808080821
:101F40000808080808080808080808080808080811
:101F50000808080808080808080808080808080801
:101F600008080808080808080808080808080808F1
:101F700008080808080808080808080808080808E1
:101F8000000000001000000000000000037A520072
:101F9000017C01011B0D0200100000001800000070
:101FA000ACAEFFFF66030000000000001000000060
:101FB0002C000000FEB1FFFF5403000000000000F1
:101FC000000000000000F03F000000000000F0FFF3
:101FD000000000000000F07F0000004003B8E23F76
:101FE00006D0CF43EBFD4C3E000000000000F83F60
:101FF000000000000000F0BF9C7500883CE4377EC4
:10200000000000604715F73F44DF5DF80BAE543E1B
:10201000000000000000D03F555555555555D53F9F
:10202000000000000000E03FFE822B654715F73FEF
:102030000000000000004043EF4E454A287ECA3FA2
:1020400065DBC9934A86CD3F01411DA96074D13F2C
:102050004D268F515555D53FFFAB6FDBB66DDB3F3E
:10206000033333333333E33F000000000000084004
:10207000000000E009C7EE3FFD033ADC09C7EE3F70
:10208000F5015B14E02F3EBEFE822B654715973CA1
:1020900059F3F8C21F6EA50100000000432EE63F71
:1020A000EF39FAFE422EE63F396CA80C615C20BE87
:1020B000D0A4BE726937663EF16BD2C541BDBB3E4E
:1020C0002CDE25AF6A56113F93BDBE166CC1663F2C
:1020D0003E5555555555C53F0000000000000040D5
:1020E000000000000000F87F0000000000005043E6
:1020F0009C7500883CE437FE59F3F8C21F6EA58139
:10210000000000000000903C40D20080FCFF0180F5
:102110001870018034E0008018700180F8BF000260
:102120000040000210150400564F4C5431000000CE
:10213000564F4C5432000000564F4C5433000000B0
:1021400057415454310000005741545432000000AC
:1021500057415454330000005641523100000000F2
:102160005641523200000000564152330000000038
:10217000504631005046320050463300564C203114
:102180002D320000564C20322D330000564C2033A7
:102190002D31000040D2008000000000000000004F
:1021A000000000000000000000000000000000002F
:1021B000000000000000000000000000000000001F
:1021C000000000000000000000000000000000000F
:1021D00000000000000000000000000101000000FD
:1021E000E807000043555252454E543100000000AC
:1021F00043555252454E543200000000435552524E
:10220000454E5433000000004672657175656E637B
:1022100079000000576820496D706F7274000000EB
:102220005768204578706F7274000000000000004D
:10223000000000002CD5008094D50080FCD50080E3
:10224000000000000000000000000000000000008E
:10225000000000000000000000000000000000007E
:10226000000000000000000000000000000000006E
:10227000000000000000000000000000000000005E
:10228000000000000000000000000000000000004E
:10229000000000000000000000000000000000003E
:1022A000000000000000000000000000000000002E
:1022B000000000000000000000000000000000001E
:1022C000000000000000000000000000000000000E
:1022D00000000000000000000100000000000000FD
:1022E0000E33CDAB34126DE6ECDE05000B000000C2
:1022F00000000000000000000000000000000000DE
:1023000000000000000000000000000000000000CD
:1023100000000000000000000000000000000000BD
:1023200000000000000000000000000000000000AD
:10233000000000000000000000000000000000009D
:10234000000000000000000000000000000000008D
:10235000000000000000000000000000000000007D
:10236000000000000000000000000000000000006D
:10237000000000000000000000000000000000005D
:10238000000000000000000000000000000000004D
:10239000000000000000000000000000000000003D
:1023A000000000000000000000000000000000002D
:1023B000000000000000000000000000000000001D
:1023C000000000000000000000000000000000000D
:1023D00000000000000000000000000000000000FD
:1023E00000000000000000000000000000000000ED
:1023F00000000000000000000000000000000000DD
:1024000000000000000000000000000000000000CC
:1024100000000000000000000000000000000000BC
:1024200000000000000000000000000000000000AC
:10243000000000000000000000000000000000009C
:10244000000000000000000000000000000000008C
:10245000000000000000000000000000000000007C
:10246000000000000000000000000000000000006C
:10247000000000000000000000000000000000005C
:10248000000000000000000000000000000000004C
:10249000000000000000000000000000000000003C
:1024A000000000000000000000000000000000002C
:1024B000000000000000000000000000000000001C
:1024C000000000000000000000000000000000000C
:1024D00000000000000000000000000000000000FC
:1024E00000000000000000000000000000000000EC
:1024F00000000000000000000000000000000000DC
:1025000000000000000000000000000000000000CB
:1025100000000000000000000000000000000000BB
:1025200000000000000000000000000000000000AB
:10253000000000000000000000000000000000009B
:10254000000000000000000000000000000000008B
:10255000000000000000000000000000000000007B
:10256000000000000000000000000000000000006B
:10257000000000000000000000000000000000005B
:10258000000000000000000000000000000000004B
:10259000000000000000000000000000000000003B
:1025A000000000000000000000000000000000002B
:1025B000000000000000000000000000000000001B
:1025C000000000000000000000000000000000000B
:1025D00000000000000000000000000000000000FB
:1025E00000000000000000000000000000000000EB
:1025F00000000000000000000000000000000000DB
:1026000000000000000000000000000000000000CA
:1026100000000000000000000000000000000000BA
:1026200000000000000000000000000000000000AA
:10263000000000000000000000000000000000009A
:10264000000000000000000000000000000000008A
:10265000000000000000000000000000000000007A
:10266000000000000000000000000000000000006A
:10267000000000000000000000000000000000005A
:10268000000000000000000000000000000000004A
:10269000000000000000000000000000000000003A
:1026A000000000000000000000000000000000002A
:1026B000000000000000000000000000000000001A
:1026C000000000000000000000000000000000000A
:1026D00000000000000000000000000000000000FA
:1026E00000000000000000000000000000000000EA
:1026F00000000000000000000000000000000000DA
:1027000000000000000000000000000000000000C9
:1027100000000000000000000000000000000000B9
:1027200000000000000000000000000000000000A9
:102730000000000000000000000000000000000099
:102740000000000000000000000000000000000089
:102750000000000000000000000000000000000079
:102760000000000000000000000000000000000069
:102770000000000000000000000000000000000059
:102780000000000000000000000000000000000049
:102790000000000000000000000000000000000039
:1027A0000000000000000000000000000000000029
:1027B0000000000000000000000000000000000019
:1027C0000000000000000000000000000000000009
:1027D00000000000000000000000000000000000F9
:1027E00000000000000000000000000000000000E9
:1027F00000000000000000000000000000000000D9
:1028000000000000000000000000000000000000C8
:1028100000000000000000000000000000000000B8
:1028200000000000000000000000000000000000A8
:102830000000000000000000000000000000000098
:102840000000000000000000000000000000000088
:102850000000000000000000000000000000000078
:102860000000000000000000000000000000000068
:102870000000000000000000000000000000000058
:102880000000000000000000000000000000000048
:102890000000000000000000000000000000000038
:1028A0000000000000000000000000000000000028
:1028B0000000000000000000000000000000000018
:1028C0000000000000000000000000000000000008
:1028D00000000000000000000000000000000000F8
:1028E00000000000000000000000000000000000E8
:1028F00000000000000000000000000000000000D8
:1029000000000000000000000000000000000000C7
:1029100000000000000000000000000000000000B7
:1029200000000000000000000000000000000000A7
:102930000000000000000000000000000000000097
:102940000000000000000000000000000000000087
:102950000000000000000000000000000000000077
:102960000000000000000000000000000000000067
:102970000000000000000000000000000000000057
:102980000000000000000000000000000000000047
:102990000000000000000000000000000000000037
:1029A0000000000000000000000000000000000027
:1029B0000000000000000000000000000000000017
:1029C0000000000000000000000000000000000007
:1029D00000000000000000000000000000000000F7
:1029E00000000000000000000000000000000000E7
:1029F00000000000000000000000000000000000D7
:102A000000000000000000000000000000000000C6
:102A100000000000000000000000000000000000B6
:102A200000000000000000000000000000000000A6
:102A30000000000000000000000000000000000096
:102A40000000000000000000000000000000000086
:102A50000000000000000000000000000000000076
:102A60000000000000000000000000000000000066
:102A70000000000000000000000000000000000056
:102A80000000000000000000000000000000000046
:102A90000000000000000000000000000000000036
:102AA0000000000000000000000000000000000026
:102AB0000000000000000000000000000000000016
:102AC0000000000000000000000000000000000006
:102AD00000000000000000000000000000000000F6
:102AE00000000000000000000000000000000000E6
:102AF00000000000000000000000000000000000D6
:102B000000000000000000000000000000000000C5
:102B100000000000000000000000000000000000B5
:102B200000000000000000000000000000000000A5
:102B30000000000000000000000000000000000095
:102B40000000000000000000000000000000000085
:102B50000000000000000000000000000000000075
:102B60000000000000000000000000000000000065
:102B70000000000000000000000000000000000055
:102B80000000000000000000000000000000000045
:102B90000000000000000000000000000000000035
:102BA0000000000000000000000000000000000025
:102BB0000000000000000000000000000000000015
:102BC0000000000000000000000000000000000005
:102BD00000000000000000000000000000000000F5
:102BE00000000000000000000000000000000000E5
:102BF00000000000000000000000000000000000D5
:102C000000000000000000000000000000000000C4
:102C100000000000000000000000000000000000B4
:102C200000000000000000000000000000000000A4
:102C30000000000000000000000000000000000094
:102C40000000000000000000000000000000000084
:102C50000000000000000000000000000000000074
:102C60000000000000000000000000000000000064
:102C70000000000000000000000000000000000054
:102C80000000000000000000000000000000000044
:102C90000000000000000000000000000000000034
:102CA0000000000000000000000000000000000024
:102CB0000000000000000000000000000000000014
:102CC0000000000000000000000000000000000004
:102CD00000000000000000000000000000000000F4
:102CE00000000000000000000000000000000000E4
:102CF00000000000000000000000000000000000D4
:102D000000000000000000000000000000000000C3
:102D100000000000000000000000000000000000B3
:102D200000000000000000000000000000000000A3
:102D30000000000000000000000000000000000093
:102D40000000000000000000000000000000000083
:102D50000000000000000000000000000000000073
:102D60000000000000000000000000000000000063
:102D70000000000000000000000000000000000053
:102D80000000000000000000000000000000000043
:102D90000000000000000000000000000000000033
:102DA0000000000000000000000000000000000023
:102DB0000000000000000000000000000000000013
:102DC0000000000000000000000000000000000003
:102DD00000000000000000000000000000000000F3
:102DE00000000000000000000000000000000000E3
:102DF00000000000000000000000000000000000D3
:102E000000000000000000000000000000000000C2
:102E100000000000000000000000000000000000B2
:102E200000000000000000000000000000000000A2
:102E30000000000000000000000000000000000092
:102E40000000000000000000000000000000000082
:102E50000000000000000000000000000000000072
:102E60000000000000000000000000000000000062
:102E70000000000000000000000000000000000052
:102E80000000000000000000000000000000000042
:102E90000000000000000000000000000000000032
:102EA0000000000000000000000000000000000022
:102EB0000000000000000000000000000000000012
:102EC0000000000000000000000000000000000002
:102ED00000000000000000000000000000000000F2
:102EE00000000000000000000000000000000000E2
:102EF00000000000000000000000000000000000D2
:102F000000000000000000000000000000000000C1
:102F100000000000000000000000000000000000B1
:102F200000000000000000000000000000000000A1
:102F30000000000000000000000000000000000091
:102F40000000000000000000000000000000000081
:102F50000000000000000000000000000000000071
:102F60000000000000000000000000000000000061
:102F70000000000000000000000000000000000051
:102F80000000000000000000000000000000000041
:102F90000000000000000000000000000000000031
:102FA0000000000000000000000000000000000021
:102FB0000000000000000000000000000000000011
:102FC0000000000000000000000000000000000001
:102FD00000000000000000000000000000000000F1
:102FE00000000000000000000000000000000000E1
:102FF00000000000000000000000000000000000D1
:1030000000000000000000000000000000000000C0
:1030100000000000000000000000000000000000B0
:1030200000000000000000000000000000000000A0
:103030000000000000000000000000000000000090
:103040000000000000000000000000000000000080
:103050000000000000000000000000000000000070
:103060000000000000000000000000000000000060
:103070000000000000000000000000000000000050
:103080000000000000000000000000000000000040
:103090000000000000000000000000000000000030
:1030A0000000000000000000000000000000000020
:1030B0000000000000000000000000000000000010
:1030C0000000000000000000000000000000000000
:1030D00000000000000000000000000000000000F0
:1030E00000000000000000000000000000000000E0
:1030F00000000000000000000000000000000000D0
:1031000000000000000000000000000000000000BF
:1031100000000000000000000000000000000000AF
:10312000000000000000000000000000000000009F
:10313000000000000000000000000000000000008F
:10314000000000000000000000000000000000007F
:10315000000000000000000000000000000000006F
:10316000000000000000000000000000000000005F
:10317000000000000000000000000000000000004F
:10318000000000000000000000000000000000003F
:10319000000000000000000000000000000000002F
:1031A000000000000000000000000000000000001F
:1031B000000000000000000000000000000000000F
:1031C00000000000000000000000000000000000FF
:1031D00000000000000000000000000000000000EF
:1031E00000000000000000000000000000000000DF
:1031F00000000000000000000000000000000000CF
:1032000000000000000000000000000000000000BE
:1032100000000000000000000000000000000000AE
:10322000000000000000000000000000000000009E
:10323000000000000000000000000000000000008E
:10324000000000000000000000000000000000007E
:10325000000000000000000000000000000000006E
:10326000000000000000000000000000000000005E
:10327000000000000000000000000000000000004E
:10328000000000000000000000000000000000003E
:10329000000000000000000000000000000000002E
:1032A000000000000000000000000000000000001E
:1032B000000000000000000000000000000000000E
:1032C00000000000000000000000000000000000FE
:1032D00000000000000000000000000000000000EE
:1032E00000000000000000000000000000000000DE
:1032F00000000000000000000000000000000000CE
:1033000000000000000000000000000000000000BD
:1033100000000000000000000000000000000000AD
:10332000000000000000000000000000000000009D
:10333000000000000000000000000000000000008D
:10334000000000000000000000000000000000007D
:10335000000000000000000000000000000000006D
:10336000000000000000000000000000000000005D
:10337000000000000000000000000000000000004D
:10338000000000000000000000000000000000003D
:10339000000000000000000000000000000000002D
:1033A000000000000000000000000000000000001D
:1033B000000000000000000000000000000000000D
:1033C00000000000000000000000000000000000FD
:1033D00000000000000000000000000000000000ED
:1033E00000000000000000000000000000000000DD
:1033F00000000000000000000000000000000000CD
:1034000000000000000000000000000000000000BC
:1034100000000000000000000000000000000000AC
:10342000000000000000000000000000000000009C
:10343000000000000000000000000000000000008C
:10344000000000000000000000000000000000007C
:10345000000000000000000000000000000000006C
:10346000000000000000000000000000000000005C
:10347000000000000000000000000000000000004C
:10348000000000000000000000000000000000003C
:10349000000000000000000000000000000000002C
:1034A000000000000000000000000000000000001C
:1034B000000000000000000000000000000000000C
:1034C00000000000000000000000000000000000FC
:1034D00000000000000000000000000000000000EC
:1034E00000000000000000000000000000000000DC
:1034F00000000000000000000000000000000000CC
:1035000000000000000000000000000000000000BB
:1035100000000000000000000000000000000000AB
:10352000000000000000000000000000000000009B
:10353000000000000000000000000000000000008B
:10354000000000000000000000000000000000007B
:10355000000000000000000000000000000000006B
:10356000000000000000000000000000000000005B
:10357000000000000000000000000000000000004B
:10358000000000000000000000000000000000003B
:10359000000000000000000000000000000000002B
:1035A000000000000000000000000000000000001B
:1035B000000000000000000000000000000000000B
:1035C00000000000000000000000000000000000FB
:1035D00000000000000000000000000000000000EB
:1035E00000000000000000000000000000000000DB
:1035F00000000000000000000000000000000000CB
:1036000000000000000000000000000000000000BA
:1036100000000000000000000000000000000000AA
:10362000000000000000000000000000000000009A
:10363000000000000000000000000000000000008A
:10364000000000000000000000000000000000007A
:10365000000000000000000000000000000000006A
:10366000000000000000000000000000000000005A
:10367000000000000000000000000000000000004A
:10368000000000000000000000000000000000003A
:10369000000000000000000000000000000000002A
:1036A000000000000000000000000000000000001A
:1036B000000000000000000000000000000000000A
:1036C00000000000000000000000000000000000FA
:1036D00000000000000000000000000000000000EA
:1036E00000000000000000000000000000000000DA
:1036F00000000000000000000000000000000000CA
:1037000000000000000000000000000000000000B9
:1037100000000000000000000000000000000000A9
:103720000000000000000000000000000000000099
:103730000000000000000000000000000000000089
:103740000000000000000000000000000000000079
:103750000000000000000000000000000000000069
:103760000000000000000000000000000000000059
:103770000000000000000000000000000000000049
:103780000000000000000000000000000000000039
:103790000000000000000000000000000000000029
:1037A0000000000000000000000000000000000019
:1037B0000000000000000000000000000000000009
:1037C00000000000000000000000000000000000F9
:1037D00000000000000000000000000000000000E9
:1037E00000000000000000000000000000000000D9
:1037F00000000000000000000000000000000000C9
:1038000000000000000000000000000000000000B8
:1038100000000000000000000000000000000000A8
:103820000000000000000000000000000000000098
:103830000000000000000000000000000000000088
:103840000000000000000000000000000000000078
:103850000000000000000000000000000000000068
:103860000000000000000000000000000000000058
:103870000000000000000000000000000000000048
:103880000000000000000000000000000000000038
:103890000000000000000000000000000000000028
:1038A0000000000000000000000000000000000018
:1038B0000000000000000000000000000000000008
:1038C00000000000000000000000000000000000F8
:1038D00000000000000000000000000000000000E8
:1038E00000000000000000000000000000000000D8
:1038F00000000000000000000000000000000000C8
:1039000000000000000000000000000000000000B7
:1039100000000000000000000000000000000000A7
:103920000000000000000000000000000000000097
:103930000000000000000000000000000000000087
:103940000000000000000000000000000000000077
:103950000000000000000000000000000000000067
:103960000000000000000000000000000000000057
:103970000000000000000000000000000000000047
:103980000000000000000000000000000000000037
:103990000000000000000000000000000000000027
:1039A0000000000000000000000000000000000017
:1039B0000000000000000000000000000000000007
:1039C00000000000000000000000000000000000F7
:1039D00000000000000000000000000000000000E7
:1039E00000000000000000000000000000000000D7
:1039F00000000000000000000000000000000000C7
:103A000000000000000000000000000000000000B6
:103A100000000000000000000000000000000000A6
:103A20000000000000000000000000000000000096
:103A30000000000000000000000000000000000086
:103A40000000000000000000000000000000000076
:103A50000000000000000000000000000000000066
:103A60000000000000000000000000000000000056
:103A70000000000000000000000000000000000046
:103A80000000000000000000000000000000000036
:103A90000000000000000000000000000000000026
:103AA0000000000000000000000000000000000016
:103AB0000000000000000000000000000000000006
:103AC00000000000000000000000000000000000F6
:103AD00000000000000000000000000000000000E6
:103AE00000000000000000000000000000000000D6
:103AF00000000000000000000000000000000000C6
:103B000000000000000000000000000000000000B5
:103B100000000000000000000000000000000000A5
:103B20000000000000000000000000000000000095
:103B30000000000000000000000000000000000085
:103B40000000000000000000000000000000000075
:103B50000000000000000000000000000000000065
:103B60000000000000000000000000000000000055
:103B70000000000000000000000000000000000045
:103B80000000000000000000000000000000000035
:103B90000000000000000000000000000000000025
:103BA0000000000000000000000000000000000015
:103BB0000000000000000000000000000000000005
:103BC00000000000000000000000000000000000F5
:103BD00000000000000000000000000000000000E5
:103BE00000000000000000000000000000000000D5
:103BF00000000000000000000000000000000000C5
:103C000000000000000000000000000000000000B4
:103C100000000000000000000000000000000000A4
:103C20000000000000000000000000000000000094
:103C30000000000000000000000000000000000084
:103C40000000000000000000000000000000000074
:103C50000000000000000000000000000000000064
:103C60000000000000000000000000000000000054
:103C70000000000000000000000000000000000044
:103C80000000000000000000000000000000000034
:103C90000000000000000000000000000000000024
:103CA0000000000000000000000000000000000014
:103CB0000000000000000000000000000000000004
:103CC00000000000000000000000000000000000F4
:103CD00000000000000000000000000000000000E4
:103CE00000000000000000000000000000000000D4
:103CF00000000000000000000000000000000000C4
:103D000000000000000000000000000000000000B3
:103D100000000000000000000000000000000000A3
:103D20000000000000000000000000000000000093
:103D30000000000000000000000000000000000083
:103D40000000000000000000000000000000000073
:103D50000000000000000000000000000000000063
:103D60000000000000000000000000000000000053
:103D70000000000000000000000000000000000043
:103D80000000000000000000000000000000000033
:103D90000000000000000000000000000000000023
:103DA0000000000000000000000000000000000013
:103DB0000000000000000000000000000000000003
:103DC00000000000000000000000000000000000F3
:103DD00000000000000000000000000000000000E3
:103DE00000000000000000000000000000000000D3
:103DF00000000000000000000000000000000000C3
:103E000000000000000000000000000000000000B2
:103E100000000000000000000000000000000000A2
:103E20000000000000000000000000000000000092
:103E30000000000000000000000000000000000082
:103E40000000000000000000000000000000000072
:103E50000000000000000000000000000000000062
:103E60000000000000000000000000000000000052
:103E70000000000000000000000000000000000042
:103E80000000000000000000000000000000000032
:103E90000000000000000000000000000000000022
:103EA0000000000000000000000000000000000012
:103EB0000000000000000000000000000000000002
:103EC00000000000000000000000000000000000F2
:103ED00000000000000000000000000000000000E2
:103EE00000000000000000000000000000000000D2
:103EF00000000000000000000000000000000000C2
:103F000000000000000000000000000000000000B1
:103F100000000000000000000000000000000000A1
:103F20000000000000000000000000000000000091
:103F30000000000000000000000000000000000081
:103F40000000000000000000000000000000000071
:103F50000000000000000000000000000000000061
:103F60000000000000000000000000000000000051
:103F70000000000000000000000000000000000041
:103F80000000000000000000000000000000000031
:103F90000000000000000000000000000000000021
:103FA0000000000000000000000000000000000011
:103FB0000000000000000000000000000000000001
:103FC00000000000000000000000000000000000F1
:103FD00000000000000000000000000000000000E1
:103FE00000000000000000000000000000000000D1
:103FF00000000000000000000000000000000000C1
:1040000000000000000000000000000000000000B0
:1040100000000000000000000000000000000000A0
:104020000000000000000000000000000000000090
:104030000000000000000000000000000000000080
:104040000000000000000000000000000000000070
:104050000000000000000000000000000000000060
:104060000000000000000000000000000000000050
:104070000000000000000000000000000000000040
:104080000000000000000000000000000000000030
:104090000000000000000000000000000000000020
:1040A0000000000000000000000000000000000010
:1040B0000000000000000000000000000000000000
:1040C00000000000000000000000000000000000F0
:1040D00000000000000000000000000000000000E0
:1040E00000000000000000000000000000000000D0
:1040F00000000000000000000000000000000000C0
:1041000000000000000000000000000000000000AF
:10411000000000000000000000000000000000009F
:10412000000000000000000000000000000000008F
:10413000000000000000000000000000000000007F
:10414000000000000000000000000000000000006F
:10415000000000000000000000000000000000005F
:10416000000000000000000000000000000000004F
:10417000000000000000000000000000000000003F
:10418000000000000000000000000000000000002F
:10419000000000000000000000000000000000001F
:1041A000000000000000000000000000000000000F
:1041B00000000000000000000000000000000000FF
:1041C00000000000000000000000000000000000EF
:1041D00000000000000000000000000000000000DF
:1041E00000000000000000000000000000000000CF
:1041F00000000000000000000000000000000000BF
:1042000000000000000000000000000000000000AE
:10421000000000000000000000000000000000009E
:10422000000000000000000000000000000000008E
:10423000000000000000000000000000000000007E
:10424000000000000000000000000000000000006E
:10425000000000000000000000000000000000005E
:10426000000000000000000000000000000000004E
:10427000000000000000000000000000000000003E
:10428000000000000000000000000000000000002E
:10429000000000000000000000000000000000001E
:1042A000000000000000000000000000000000000E
:1042B00000000000000000000000000000000000FE
:1042C00000000000000000000000000000000000EE
:1042D00000000000000000000000000000000000DE
:1042E00000000000000000000000000000000000CE
:1042F00000000000000000000000000000000000BE
:1043000000000000000000000000000000000000AD
:10431000000000000000000000000000000000009D
:10432000000000000000000000000000000000008D
:10433000000000000000000000000000000000007D
:10434000000000000000000000000000000000006D
:10435000000000000000000000000000000000005D
:10436000000000000000000000000000000000004D
:10437000000000000000000000000000000000003D
:10438000000000000000000000000000000000002D
:10439000000000000000000000000000000000001D
:1043A000000000000000000000000000000000000D
:1043B00000000000000000000000000000000000FD
:1043C00000000000000000000000000000000000ED
:1043D00000000000000000000000000000000000DD
:1043E00000000000000000000000000000000000CD
:1043F00000000000000000000000000000000000BD
:1044000000000000000000000000000000000000AC
:10441000000000000000000000000000000000009C
:10442000000000000000000000000000000000008C
:10443000000000000000000000000000000000007C
:10444000000000000000000000000000000000006C
:10445000000000000000000000000000000000005C
:10446000000000000000000000000000000000004C
:10447000000000000000000000000000000000003C
:10448000000000000000000000000000000000002C
:10449000000000000000000000000000000000001C
:1044A000000000000000000000000000000000000C
:1044B00000000000000000000000000000000000FC
:1044C00000000000000000000000000000000000EC
:1044D00000000000000000000000000000000000DC
:1044E00000000000000000000000000000000000CC
:1044F00000000000000000000000000000000000BC
:1045000000000000000000000000000000000000AB
:10451000000000000000000000000000000000009B
:10452000000000000000000000000000000000008B
:10453000000000000000000000000000000000007B
:10454000000000000000000000000000000000006B
:10455000000000000000000000000000000000005B
:10456000000000000000000000000000000000004B
:10457000000000000000000000000000000000003B
:10458000000000000000000000000000000000002B
:10459000000000000000000000000000000000001B
:1045A000000000000000000000000000000000000B
:1045B00000000000000000000000000000000000FB
:1045C00000000000000000000000000000000000EB
:1045D00000000000000000000000000000000000DB
:1045E00000000000000000000000000000000000CB
:1045F00000000000000000000000000000000000BB
:1046000000000000000000000000000000000000AA
:10461000000000000000000000000000000000009A
:10462000000000000000000000000000000000008A
:10463000000000000000000000000000000000007A
:10464000000000000000000000000000000000006A
:10465000000000000000000000000000000000005A
:10466000000000000000000000000000000000004A
:10467000000000000000000000000000000000003A
:10468000000000000000000000000000000000002A
:10469000000000000000000000000000000000001A
:1046A000000000000000000000000000000000000A
:1046B00000000000000000000000000000000000FA
:1046C00000000000000000000000000000000000EA
:1046D00000000000000000000000000000000000DA
:1046E00000000000000000000000000000000000CA
:1046F00000000000000000000000000000000000BA
:1047000000000000000000000000000000000000A9
:104710000000000000000000000000000000000099
:104720000000000000000000000000000000000089
:104730000000000000000000000000000000000079
:104740000000000000000000000000000000000069
:104750000000000000000000000000000000000059
:104760000000000000000000000000000000000049
:104770000000000000000000000000000000000039
:104780000000000000000000000000000000000029
:104790000000000000000000000000000000000019
:1047A0000000000000000000000000000000000009
:1047B00000000000000000000000000000000000F9
:1047C00000000000000000000000000000000000E9
:1047D00000000000000000000000000000000000D9
:1047E00000000000000000000000000000000000C9
:1047F00000000000000000000000000000000000B9
:1048000000000000000000000000000000000000A8
:104810000000000000000000000000000000000098
:104820000000000000000000000000000000000088
:104830000000000000000000000000000000000078
:104840000000000000000000000000000000000068
:104850000000000000000000000000000000000058
:104860000000000000000000000000000000000048
:104870000000000000000000000000000000000038
:104880000000000000000000000000000000000028
:104890000000000000000000000000000000000018
:1048A0000000000000000000000000000000000008
:1048B00000000000000000000000000000000000F8
:1048C00000000000000000000000000000000000E8
:1048D00000000000000000000000000000000000D8
:1048E00000000000000000000000000000000000C8
:1048F00000000000000000000000000000000000B8
:1049000000000000000000000000000000000000A7
:104910000000000000000000000000000000000097
:104920000000000000000000000000000000000087
:104930000000000000000000000000000000000077
:104940000000000000000000000000000000000067
:104950000000000000000000000000000000000057
:104960000000000000000000000000000000000047
:104970000000000000000000000000000000000037
:104980000000000000000000000000000000000027
:104990000000000000000000000000000000000017
:1049A0000000000000000000000000000000000007
:1049B00000000000000000000000000000000000F7
:1049C00000000000000000000000000000000000E7
:1049D00000000000000000000000000000000000D7
:1049E00000000000000000000000000000000000C7
:1049F00000000000000000000000000000000000B7
:104A000000000000000000000000000000000000A6
:104A10000000000000000000000000000000000096
:104A20000000000000000000000000000000000086
:104A30000000000000000000000000000000000076
:104A40000000000000000000000000000000000066
:104A50000000000000000000000000000000000056
:104A60000000000000000000000000000000000046
:104A70000000000000000000000000000000000036
:104A80000000000000000000000000000000000026
:104A90000000000000000000000000000000000016
:104AA0000000000000000000000000000000000006
:104AB00000000000000000000000000000000000F6
:104AC00000000000000000000000000000000000E6
:104AD00000000000000000000000000000000000D6
:104AE00000000000000000000000000000000000C6
:104AF00000000000000000000000000000000000B6
:104B000000000000000000000000000000000000A5
:104B10000000000000000000000000000000000095
:104B20000000000000000000000000000000000085
:104B30000000000000000000000000000000000075
:104B40000000000000000000000000000000000065
:104B50000000000000000000000000000000000055
:104B60000000000000000000000000000000000045
:104B70000000000000000000000000000000000035
:104B80000000000000000000000000000000000025
:104B90000000000000000000000000000000000015
:104BA0000000000000000000000000000000000005
:104BB00000000000000000000000000000000000F5
:104BC00000000000000000000000000000000000E5
:104BD00000000000000000000000000000000000D5
:104BE00000000000000000000000000000000000C5
:104BF00000000000000000000000000000000000B5
:104C000000000000000000000000000000000000A4
:104C10000000000000000000000000000000000094
:104C20000000000000000000000000000000000084
:104C30000000000000000000000000000000000074
:104C40000000000000000000000000000000000064
:104C50000000000000000000000000000000000054
:104C60000000000000000000000000000000000044
:104C70000000000000000000000000000000000034
:104C80000000000000000000000000000000000024
:104C90000000000000000000000000000000000014
:104CA0000000000000000000000000000000000004
:104CB00000000000000000000000000000000000F4
:104CC00000000000000000000000000000000000E4
:104CD00000000000000000000000000000000000D4
:104CE00000000000000000000000000000000000C4
:104CF00000000000000000000000000000000000B4
:104D000000000000000000000000000000000000A3
:104D10000000000000000000000000000000000093
:104D20000000000000000000000000000000000083
:104D30000000000000000000000000000000000073
:104D40000000000000000000000000000000000063
:104D50000000000000000000000000000000000053
:104D60000000000000000000000000000000000043
:104D70000000000000000000000000000000000033
:104D80000000000000000000000000000000000023
:104D90000000000000000000000000000000000013
:104DA0000000000000000000000000000000000003
:104DB00000000000000000000000000000000000F3
:104DC00000000000000000000000000000000000E3
:104DD00000000000000000000000000000000000D3
:104DE00000000000000000000000000000000000C3
:104DF00000000000000000000000000000000000B3
:104E000000000000000000000000000000000000A2
:104E10000000000000000000000000000000000092
:104E20000000000000000000000000000000000082
:104E30000000000000000000000000000000000072
:104E40000000000000000000000000000000000062
:104E50000000000000000000000000000000000052
:104E60000000000000000000000000000000000042
:104E70000000000000000000000000000000000032
:104E80000000000000000000000000000000000022
:104E90000000000000000000000000000000000012
:104EA0000000000000000000000000000000000002
:104EB00000000000000000000000000000000000F2
:104EC00000000000000000000000000000000000E2
:104ED00000000000000000000000000000000000D2
:104EE00000000000000000000000000000000000C2
:104EF00000000000000000000000000000000000B2
:104F000000000000000000000000000000000000A1
:104F10000000000000000000000000000000000091
:104F20000000000000000000000000000000000081
:104F30000000000000000000000000000000000071
:104F40000000000000000000000000000000000061
:104F50000000000000000000000000000000000051
:104F60000000000000000000000000000000000041
:104F70000000000000000000000000000000000031
:104F80000000000000000000000000000000000021
:104F90000000000000000000000000000000000011
:104FA0000000000000000000000000000000000001
:104FB00000000000000000000000000000000000F1
:104FC00000000000000000000000000000000000E1
:104FD00000000000000000000000000000000000D1
:104FE00000000000000000000000000000000000C1
:040000058000000077
:00000001FF
