00000297
0e028293
30529073
b07342ad
62853002
88828293
3042b073
0c002fb7
000e7e13
000e0e13
01cf8023
01cf80a3
01cf8123
01cf81a3
0c000fb7
000e7e13
01cf8023
01cf80a3
01cf8123
01cf81a3
41014081
42014181
43014281
44014381
45014481
46014581
47014681
48014781
49014881
4a014981
4b014a81
4c014b81
4d014c81
4e014d81
4f014e81
d1974f81
81930000
85136f21
e597e981
85930000
4601f465
7463c110
051100b5
8513bfe5
85939d81
4601a141
7463c110
051100b5
0117bfe5
01130002
e217f3a1
02130000
7213f592
006ffc02
a0014c30
00000000
00017119
00000013
c40ac206
c812c60e
cc1aca16
d022ce1e
d42ad226
d832d62e
dc3ada36
c0c2de3e
c4cac2c6
c8d2c6ce
ccdacad6
d0e2cede
d4ead2e6
d8f2d6ee
dcfadaf6
2573defe
25f33420
860a3410
0b8000ef
34151073
41224092
424241b2
436242d2
540243f2
55225492
564255b2
576256d2
480657f2
49264896
4a4649b6
4b664ad6
5c064bf6
5d265c96
5e465db6
5f665ed6
61095ff6
30200073
71790000
d422d606
2e231800
b517fca4
05130000
2a212865
fdc42703
800007b7
fff7c793
26238ff9
2583fef4
b517fec4
05130000
22812825
0000b517
29050513
278320fd
853efec4
542250b2
80826145
ce061101
1000cc22
fea42623
feb42423
0000b517
28050513
a00120d9
d6067179
1800d422
fca42e23
fcb42c23
fe042623
fe042423
0000b517
27850513
2603204d
2583fd84
b517fdc4
05130000
285527e5
b5174591
05130000
20f12925
242347fd
2783fef4
4705fe84
00f717b3
2783873e
8ff9fdc4
2503cb85
3f25fdc4
fea42623
0000b517
27c50513
871328ad
2783e981
078afec4
439c97ba
fd842583
fdc42503
a0159782
0000b517
27450513
87132899
2783ed81
078afdc4
439c97ba
fd842583
fdc42503
b5179782
05130000
280126e5
fd842783
50b2853e
61455422
715d8082
1800d622
fca42e23
c410c04c
c818c454
2c23c85c
2e230104
00010114
61615432
715d8082
1800d622
fca42e23
c410c04c
c818c454
2c23c85c
2e230104
00010114
61615432
715d8082
1800d622
fca42e23
c410c04c
c818c454
2c23c85c
2e230104
00010114
61615432
715d8082
1800d622
fca42e23
c410c04c
c818c454
2c23c85c
2e230104
00010114
61615432
715d8082
1800d622
fca42e23
c410c04c
c818c454
2c23c85c
2e230104
00010114
61615432
715d8082
d422d606
2e231800
c04cfca4
c454c410
c85cc818
01042c23
01142e23
02040793
fcf42c23
fd842783
26231791
2783fef4
85befec4
fdc42503
b5172a91
05130000
373517a5
7129a001
12112e23
12812c23
13212a23
13312823
13412623
13512423
13612223
13712023
24230280
2623eca4
2223ecb4
2e23ecc4
2c23fc04
2783fc04
8b3eec44
27034b81
2783ec84
865aecc4
853a86de
70ef85be
872a5a10
278387ae
078afdc4
fe040693
ac2397b6
2783eee7
893eec44
27834981
874eecc4
04e7e463
ecc42783
9763874e
278300e7
874aec84
02e7ea63
ec442783
4a818a3e
86d68652
ec842503
ecc42583
1e9070ef
87ae872a
ece42423
ecf42623
fdc42783
2e230785
bfb5fcf4
27830001
0785fdc4
fcf42e23
2783a091
078afdc4
fe040713
a70397ba
47a5ef87
00e7f763
05700793
fcf42c23
0793a029
2c230300
2783fcf4
078afdc4
fe040713
a70397ba
2783ef87
97bafd84
29c9853e
fdc42783
fff78713
fce42e23
faf049e3
00010001
13c12083
13812403
13412903
13012983
12c12a03
12812a83
12412b03
12012b83
80826131
ce86711d
caa6cca2
1080c8ca
faa42623
fab42423
00000793
fcf42c23
fa042823
fa042a23
fa042c23
fa042e23
fc042023
fc042223
fc042423
fc041623
8d63a811
85263804
27832991
0785fac4
faf42623
fac42783
0007c783
079384be
90e30250
2783fef4
0785fac4
faf42623
fac42783
fcf42a23
fe042223
fc042e23
fac42783
00178713
fae42623
0007c783
079384be
80630250
079332f4
cf630250
079330f4
cb630780
07933097
c7630630
879330f4
4755f9d4
30f76263
00279713
0000b797
f8078793
439897ba
0000b797
f7478793
878297ba
fe442783
22230785
4785fef4
fcf42e23
2783a4d5
8713fa84
24230047
439cfae4
264d853e
2783acc1
8713fa84
24230047
a903fae4
1a630007
b9170009
09130000
a021f269
2ebd8526
47830905
84be0009
a44df8f5
282347a9
2703fcf4
4785fe44
02e7d163
fa842783
9be1079d
00878713
fae42423
43dc4398
fee42423
fef42623
2703a83d
4785fe44
00f71f63
fa842783
00478713
fae42423
2423439c
87fdfef4
fef42623
2783a829
8713fa84
24230047
439cfae4
fef42423
262387fd
2703fef4
2783fe84
db63fec4
05130207
2cdd02d0
fe842503
fec42583
47814701
40a70633
38338832
86b30107
87b340b7
86be4106
87b68732
fee42423
fef42623
fd042783
2503863e
2583fe84
39f1fec4
2783a2e5
079dfa84
87139be1
24230087
4398fae4
853a43dc
a0ef85be
87aa4160
fcf42c23
fb040793
85be4619
fd842503
0d1000ef
fe042023
2783a025
0713fe04
97baff04
fc07c783
24bd853e
fe042703
c06347f5
278302e7
0785fe04
fef42023
fe042783
ff040713
c78397ba
f7f1fc07
0001aaa5
47a9aa95
fcf42823
fe442703
d1634785
278302e7
079dfa84
87139be1
24230087
4398fae4
242343dc
2623fee4
a81dfef4
fe442783
2783cf89
8713fa84
24230047
439cfae4
fef42423
fe042623
2783a821
8713fa84
24230047
439cfae4
fef42423
fe042623
fd042783
2503863e
2583fe84
3ed5fec4
47a1a201
fcf42823
fe442703
d1634785
278302e7
079dfa84
87139be1
24230087
4398fae4
242343dc
2623fee4
a81dfef4
fe442783
2783cf89
8713fa84
24230047
439cfae4
fef42423
fe042623
2783a821
8713fa84
24230047
439cfae4
fef42423
fe042623
fd042783
2503863e
2583fe84
3641fec4
47c1a071
fcf42823
fe442703
d1634785
278302e7
079dfa84
87139be1
24230087
4398fae4
242343dc
2623fee4
a81dfef4
fe442783
2783cf89
8713fa84
24230047
439cfae4
fef42423
fe042623
2783a821
8713fa84
24230047
439cfae4
fef42423
fe042623
fd042783
2503863e
2583fe84
3631fec4
8526a821
a80920d5
02500513
278328f1
2623fd44
0001faf4
fdc42783
2e23c781
b16dfc04
b9ad0001
40f60001
44d64466
61254946
715d8082
d422d606
2e231800
c04cfca4
c454c410
c85cc818
01042c23
01142e23
02040793
fcf42c23
fd842783
26231791
2783fef4
85befec4
fdc42503
478136c5
50b2853e
61615422
11018082
1000ce22
fe042623
2783a01d
8793fec4
07a21137
871386be
2783f181
078afec4
c39497ba
fec42783
26230785
2703fef4
4789fec4
fce7dbe3
00010001
61054472
11418082
0800c622
87930001
439cf181
00c7c783
dbf58b91
f1818793
479c439c
4432853e
80820141
ce221101
26231000
0001fea4
f1818793
c783439c
8b8900c7
8793fbf5
439cf181
fec42703
4781c3d8
4472853e
80826105
d6227179
2e231800
2c23fca4
2623fcb4
2783fe04
0792fd84
02faf737
08070713
02f757b3
fef42623
fec42783
01079713
27838341
9023fdc4
000100e7
61455432
11018082
1000ce22
fea42623
05a387ae
2783fef4
4703fec4
8c23feb4
000100e7
61054472
11018082
1000ce22
fea42623
05a387ae
0001fef4
fec42783
00c7c783
fbfd8b89
feb44703
fec42783
4781c3d8
4472853e
80826105
d6067179
1800d422
fca42e23
fcb42c23
fe042623
fec42783
00178713
fee42623
fd842703
c78397ba
05a30007
4783fef4
85befeb4
fdc42503
47833f59
fbf9feb4
853e4781
542250b2
80826145
d6227179
2e231800
2c23fca4
07a3fcb4
0001fe04
fdc42783
00c7c783
dbfd8b91
fdc42783
07a3479c
2783fef4
4703fd84
8023fef4
478500e7
5432853e
80826145
d6067179
1800d422
fca42e23
fcb42c23
fe042623
fe0405a3
27830001
c783fdc4
8b9100c7
2783dbfd
479cfdc4
fef405a3
fec42783
00178713
fee42623
fd842703
470397ba
8023feb4
478300e7
853efeb4
47033db1
47b5feb4
fcf710e3
fec42783
00178713
fee42623
fd842703
472997ba
00e78023
fec42783
00178713
fee42623
fd842703
802397ba
27830007
f793fec4
853e0ff7
542250b2
80826145
d6227179
2e231800
a031fca4
fdc42783
07a3479c
2783fef4
c783fdc4
8b9100c7
0001f7f5
54320001
80826145
c6221141
00010800
01414432
11418082
c422c606
b5170800
05130000
f0ef9ca5
8793eecf
f717e981
0713ffff
c3986067
e9818793
fffff717
5f870713
8793c3d8
f717e981
0713ffff
c7985ea7
e9818793
fffff717
5dc70713
8793c7d8
f717e981
0713ffff
cb985ce7
e9818793
fffff717
5c070713
8793cbd8
f717e981
0713ffff
cf985b27
e9818793
00000717
70670713
8793cfd8
f717e981
0713ffff
d3985967
e9818793
fffff717
58870713
8793d3d8
f717e981
0713ffff
d79857a7
e9818793
00001717
87070713
8793d7d8
f717e981
0713ffff
db9855e7
e9818793
fffff717
55070713
8793dbd8
f717e981
0713ffff
df985427
e9818793
fffff717
53470713
8793dfd8
f717ed81
0713ffff
c3985267
ed818793
fffff717
51870713
8793c3d8
f717ed81
0713ffff
c79850a7
ed818793
fffff717
4fc70713
8793c7d8
f717ed81
0713ffff
cb984ee7
ed818793
fffff717
4e070713
8793cbd8
f717ed81
0713ffff
cf984d27
ed818793
fffff717
4c470713
8793cfd8
f717ed81
0713ffff
d3984b67
ed818793
fffff717
4a870713
8793d3d8
f717ed81
0713ffff
d79849a7
ed818793
fffff717
48c70713
8793d7d8
f717ed81
0713ffff
db9847e7
ed818793
fffff717
47070713
8793dbd8
f717ed81
0713ffff
df984627
ed818793
fffff717
45470713
b517dfd8
05130000
f0ef8165
0001d20f
442240b2
80820141
c6061141
0800c422
b5173ead
05130000
f0ef80a5
3501d00f
456050ef
0000b517
80850513
ceeff0ef
40b20001
01414422
71798082
1800d622
fca42e23
fe042623
27830001
8713fec4
26230017
2703fee4
e8e3fdc4
0001fee7
54320001
80826145
d6227179
2e231800
2703fca4
0793fdc4
07b33e80
262302f7
a829fef4
3e800793
fef42423
27830001
8713fe84
2423fff7
fbf5fee4
fec42783
fff78713
fee42623
0001fff1
54320001
80826145
d6067179
1800d422
fca42e23
26234785
2423fef4
a831fe04
fec42703
078a87ba
078697ba
fef42623
fe842783
24230785
2703fef4
2783fe84
6fe3fdc4
2503fcf7
90effec4
87aa3470
50b2853e
61455422
71798082
1800d622
fca42e23
fcb42c23
fe042623
fd842783
242317fd
a899fef4
fec42783
fdc42703
c78397ba
03a30007
2783fef4
2703fe84
973efdc4
fec42783
fdc42683
470397b6
80230007
278300e7
2703fe84
97bafdc4
fe744703
00e78023
fec42783
26230785
2783fef4
17fdfe84
fef42423
fec42703
fe842783
faf742e3
00010001
61455432
71798082
d422d606
2e231800
2c23fca4
2a23fcb4
2623fcc4
a83dfe04
fdc42703
67b347a9
f71302f7
26830ff7
2783fd84
97b6fec4
03070713
0ff77713
00e78023
fec42783
26230785
2703fef4
47a9fdc4
02f747b3
fcf42e23
fdc42783
a839f3e1
fd842703
fec42783
071397ba
80230300
278300e7
0785fec4
fef42623
fec42703
fd442783
fcf76ee3
fec42783
250385be
35e5fd84
fd842703
fec42783
802397ba
27830007
853efec4
542250b2
80826145
c686715d
0880c4a2
faa42e23
fab42c23
fac42a23
fe042623
fc042023
fc042223
fc042423
fc042623
fc042823
fc042a23
fc042c23
fc041e23
fbc42503
25f090ef
87ae872a
0000a697
5d868693
42d44290
85be853a
4ca070ef
87ae872a
85be853a
2d1090ef
2e2387aa
2503faf4
90effbc4
87aa0790
fef42423
fe842503
0cb090ef
85be87aa
fbc42503
52e090ef
222387aa
2023fef4
0593fe04
25030000
90effbc4
87aa2820
0007de63
fe042783
fb842703
071397ba
802302d0
478500e7
fef42023
fe842783
2783e385
2703fe04
97bafb84
03000713
00e78023
fe042783
20230785
a83dfef4
fe842783
0007d863
fe842783
40f007b3
fef42423
fc040793
85be4601
fe842503
262335b9
2783fea4
2703fe04
97bafb84
fc040713
853e85ba
41f090ef
fec42703
fe042783
262397ba
2783fef4
cfadfb44
fec42783
fb842703
071397ba
802302e0
059300e7
25030000
90effe44
87aa1d20
0007da63
fe442703
800007b7
22238fb9
a039fef4
00000593
fe442503
0e2090ef
fb442503
87aa3301
250385be
90effe44
87aa2160
fef42223
fe442503
756090ef
278386aa
0785fec4
fb842703
260397ba
85befb44
33658536
40b60001
61614426
71798082
1800d622
fca42e23
fcb42c23
fd842783
fef42623
2783a829
2623fd84
0001fef4
fec42783
fff78713
fee42623
2783fbf5
8713fdc4
2e23fff7
fff1fce4
00010001
61455432
11018082
cc22ce06
26231000
2783fea4
439cfec4
2583863e
a517fec4
05130000
f0ef3ee5
2783908f
439cfec4
40f2853e
61054462
11018082
cc22ce06
26231000
2423fea4
2783feb4
2703fec4
c398fe84
fec42783
863e439c
fec42583
0000a517
3ac50513
8c6ff0ef
40f20001
61054462
11418082
0800c622
0200c7b7
439c17e1
4432853e
80820141
c6221141
c7b70800
17f10200
853e439c
01414432
11418082
c422c606
c04ec24a
37e10800
893e87aa
874a4981
853a87ce
40b285be
49124422
01414982
11018082
cc22ce06
24231000
2623fea4
a517feb4
05130000
f0ef3525
8793804f
439c95c1
43dc4398
96018693
0006a803
fe842503
fec42583
00a70633
b8b388b2
86b300e8
87b300b7
86be00d8
87b68732
00e82023
00f82223
96018793
4398439c
863a43dc
a51786be
05130000
e0ef31a5
8793fd5f
439c95c1
43dc4398
86be863a
0000a517
31850513
fbbfe0ef
0000a517
32050513
f8bfe0ef
40f20001
61054462
11018082
cc22ce06
26231000
2423fea4
a517feb4
05130000
e0ef3165
8793f65f
43949601
57fd577d
c2dcc298
96018793
4398439c
863a43dc
a51786be
05130000
e0ef30e5
c7b7f85f
17e10200
85be439c
0000a517
31050513
f6ffe0ef
0000a517
31850513
f1bfe0ef
40f20001
61054462
71798082
d422d606
2e231800
a517fca4
05130000
e0ef3125
07b7ef9f
07c10c01
fef42623
fec42783
fdc42703
8713c398
2783f241
0792fdc4
470997ba
8713c798
2783f241
0792fdc4
47dc97ba
00178713
f2418693
fdc42783
97b60792
8713c7d8
2783f241
0792fdc4
479c97ba
2583863e
a517fdc4
05130000
e0ef2ce5
8713eddf
2783f241
0792fdc4
438c97ba
f2418713
fdc42783
97ba0792
87134790
2783f241
0792fdc4
43d497ba
f2418713
fdc42783
97ba0792
873e47dc
0000a517
2b050513
e97fe0ef
0000a517
2fc50513
e43fe0ef
50b20001
61455422
11018082
cc22ce06
26231000
a517fe04
05130000
e0ef2f65
07b7e21f
07c10c01
fef42623
fec42783
2423439c
2603fef4
2583fec4
a517fe84
05130000
e0ef2f25
a517e41f
05130000
e0ef3125
2783dedf
853efe84
446240f2
80826105
d6067179
1800d422
fca42e23
fcb42c23
0000a517
30850513
dc3fe0ef
26233769
2583fea4
a517fec4
05130000
e0ef30e5
2783df5f
c791fec4
fec42703
fa6347f1
258300e7
a517fec4
05130000
e0ef30a5
8713e41f
2783f241
0792fec4
470597ba
8713c798
2783f241
0792fec4
479c97ba
2583863e
a517fec4
05130000
e0ef1965
8713da5f
27830e41
078afec4
439c97ba
fec42503
25039782
3d15fec4
fec42583
0000a517
2e450513
d7bfe0ef
0000a517
2f450513
d27fe0ef
50b20001
61455422
11018082
cc22ce06
26231000
a517fea4
05130000
e0ef2ee5
2783d05f
cb85fec4
fec42703
e4634799
471902e7
fec42783
40f707b3
25b1853e
eb9187aa
27834719
07b3fec4
059340f7
853e0800
258323d9
a517fec4
05130000
e0ef2c25
a517ce5f
05130000
e0ef2d25
0001cb5f
446240f2
80826105
d6067179
1800d422
fca42e23
fe0407a3
0000a517
2c450513
c8ffe0ef
fdc42583
0000a517
2d050513
cc7fe0ef
05b76609
a5170c00
05130000
e0ef2d25
2783cb5f
d713fdc4
27b70037
97ba0c00
fef42423
fe842783
0007c783
fef407a3
fef44783
2583863e
a517fe84
05130000
e0ef2d25
2783c81f
8b9dfdc4
17b34705
971300f7
87610187
fef40783
07e28fd9
03a387e1
2783fef4
4703fe84
8023fe74
478300e7
85befe74
0000a517
2c450513
c43fe0ef
0000a517
2d450513
beffe0ef
50b20001
61455422
71798082
d422d606
2e231800
2623fca4
05a3fe04
a517fe04
05130000
e0ef2c65
2583bc5f
a517fdc4
05130000
e0ef2065
2683bfdf
6609fdc4
0c0005b7
0000a517
2c050513
be7fe0ef
fdc42783
0037d713
0c0027b7
262397ba
2783fef4
c783fec4
05a30007
4783fef4
863efeb4
fec42583
0000a517
2d050513
bb3fe0ef
fdc42783
47058b9d
00f717b3
87e107e2
fff7c793
01879713
07838761
8ff9feb4
87e107e2
fef40523
fec42783
fea44703
00e78023
f2418713
fdc42783
97ba0792
0007a423
f2418713
fdc42783
97ba0792
863e479c
fdc42583
0000a517
f4050513
b4ffe0ef
0000a517
29450513
afbfe0ef
50b20001
61455422
71798082
d422d606
2e231800
a517fca4
05130000
e0ef28e5
2623ad9f
07b7fe04
26230c01
2783fef4
2703fec4
c398fdc4
fec42783
85be439c
0000a517
28850513
af7fe0ef
0000a517
29850513
aa3fe0ef
50b20001
61455422
71798082
d422d606
2e231800
2c23fca4
2583fcb4
a517fdc4
05130000
e0ef28e5
2783a79f
9713fd84
07b70027
97ba0c00
fef42623
fec42583
0000a517
29450513
a9ffe0ef
fec42783
85be439c
0000a517
2a450513
a8bfe0ef
fec42783
fdc42703
2783c398
439cfec4
a51785be
05130000
e0ef2ba5
a517a6df
05130000
e0ef2de5
0001a19f
542250b2
80826145
d6067179
1800d422
fca42e23
0000a517
2dc50513
9f7fe0ef
000407b7
10078513
90bff0ef
fea42623
fec42583
0000a517
2e050513
a1ffe0ef
fdc42783
470517e5
00f717b3
fff7c793
2783873e
8ff9fec4
07b785be
85130004
f0ef1007
07b7905f
85130004
f0ef1007
87aa8c5f
a51785be
05130000
e0ef2c25
a5179ddf
05130000
e0ef2e65
0001989f
542250b2
80826145
ce061101
1000cc22
fe042623
0000a517
2e450513
967fe0ef
e9818793
00000717
b8470713
45add7d8
0000a517
2dc50513
993fe0ef
f2418793
0007a423
f2418793
0007a023
f2418793
0007a223
f2418793
0007a623
26234785
a0d1fef4
f2418713
fec42783
97ba0792
0007a423
f2418713
fec42783
97ba0792
fec42703
8713c398
2783f241
0792fec4
470997ba
8713c3d8
2783f241
0792fec4
a62397ba
a5170007
05130000
e0ef2925
250391df
31f5fec4
0e418713
fec42783
97ba078a
00000717
ba670713
2583c398
4509fec4
87133d29
2783f241
0792fec4
438c97ba
f2418713
fec42783
97ba0792
87134790
2783f241
0792fec4
43d497ba
f2418713
fec42783
97ba0792
873e47dc
0000a517
25c50513
8b3fe0ef
fec42783
26230785
2703fef4
47edfec4
f2e7fce3
33954505
0000a517
2c850513
847fe0ef
40f20001
61054462
11018082
cc22ce06
26231000
a517fea4
05130000
e0ef2ba5
2703825f
4799fec4
00e7fa63
fec42703
e56347d5
250300e7
3bfdfec4
fec42503
a5173eb1
05130000
e0ef2ae5
0001ff8f
446240f2
80826105
d6067179
1800d422
fca42e23
fcb42c23
fd842703
4d6367c1
67c100f7
fff78593
0000a517
29850513
853fe0ef
a8254781
fdc42783
30078793
262307a2
2783fef4
9713fd84
87410107
fec42783
00e79023
fd842603
fdc42583
0000a517
29450513
faefe0ef
853e4785
542250b2
80826145
d6067179
1800d422
fca42e23
fcb42c23
fd842703
4d6367c1
67c100f7
fff78593
0000a517
28c50513
fe2fe0ef
a82d4781
fdc42783
30078793
079107a2
fef42623
fd842783
01079713
27838741
9023fec4
260300e7
2583fd84
a517fdc4
05130000
e0ef2825
4785f3cf
50b2853e
61455422
71798082
d422d606
2e231800
2c23fca4
2703fcb4
0793fd84
dc630ff0
059300e7
a5170ff0
05130000
e0ef27a5
4781f70f
2783a825
8793fdc4
07a23007
262307a1
2783fef4
f713fd84
27830ff7
8023fec4
260300e7
2583fd84
a517fdc4
05130000
e0ef2765
4785eccf
50b2853e
61455422
71798082
d422d606
2e231800
2783fca4
8793fdc4
07a23007
262307a1
2783fef4
c783fec4
f7930007
8ba10ff7
fef42423
fe842783
85be878d
0000a517
25c50513
e7efe0ef
fe842783
4037d713
14634785
478500f7
4781a011
50b2853e
61455422
71798082
d422d606
2e231800
2c23fca4
2703fcb4
67c1fd84
00f74d63
859367c1
a517fff7
05130000
e0ef23a5
4781ea0f
2783a01d
8793fdc4
07a23007
262307b1
2783fef4
9713fd84
87410107
fec42783
00e79023
853e4785
542250b2
80826145
ce061101
1000cc22
fea42623
25034581
3bf9fec4
25034581
3599fec4
25034581
3d45fec4
25034581
3fa5fec4
fec42583
0000a517
20050513
dc6fe0ef
40f20001
61054462
11018082
cc22ce06
26231000
a809fe04
fec42503
27833765
0785fec4
fef42623
fec42703
d5e34791
a517fee7
05130000
e0ef1ee5
0001d88f
446240f2
80826105
d6067179
1800d422
fca42e23
fe042623
fdc42783
a517e79d
05130000
e0ef1f25
2783d5cf
0789fec4
fef42623
fec42783
26230791
2783fef4
07c1fec4
fef42623
2703a0b9
4785fdc4
00f71e63
0000a517
1e050513
d26fe0ef
fec42783
26230791
a035fef4
fdc42703
12634789
a51702f7
05130000
e0ef1ee5
2783d04f
0791fec4
fef42623
fec42783
262307a1
2783fef4
853efec4
542250b2
80826145
d6067179
1800d422
fca42e23
fcb42c23
fd842503
26233f81
2583fea4
2503fec4
3b41fdc4
cb8987aa
fdc42583
0000a517
1c850513
caafe0ef
fec42583
fdc42503
87aa3b8d
2583eb89
a517fdc4
05130000
e0ef1d25
0001cf8f
542250b2
80826145
d6227179
2e231800
87aefca4
fcf40da3
fdc42783
30078793
07a107a2
fef42623
fdb44783
2783c799
0785fec4
fef42623
2783a809
c791fec4
fec42783
262317fd
0001fef4
61455432
11018082
cc22ce06
26231000
2423fea4
2583feb4
2503fe84
33c1fec4
e79987aa
0000a517
17850513
c7afe0ef
40f20001
61054462
11018082
cc22ce06
26231000
2423fea4
2583feb4
2503fe84
31a9fec4
e79987aa
0000a517
16850513
c46fe0ef
40f20001
61054462
11018082
cc22ce06
26231000
2423fea4
2583feb4
2503fe84
365dfec4
e79987aa
0000a517
15850513
c12fe0ef
40f20001
61054462
71798082
d422d606
26231800
2423fea4
2223feb4
2023fec4
87bafed4
fcf40fa3
fe442583
fec42503
2583375d
2503fe04
37a5fec4
fe842583
fec42503
4783372d
85befdf4
fec42503
25833dd1
a517fec4
05130000
e0ef11a5
0001b44f
542250b2
80826145
ce061101
1000cc22
fea42623
25034581
3ee5fec4
fec42583
0000a517
10c50513
b16fe0ef
40f20001
61054462
71798082
d422d606
2e231800
2783fca4
8793fdc4
07a23007
fef42623
fdc42783
30078793
079107a2
fef42423
fdc42783
30078793
07a107a2
fef42223
fdc42783
30078793
07b107a2
fef42023
fec42783
0007d783
83c107c2
a51785be
05130000
e0ef0c65
2783aa8f
d783fe84
07c20007
85be83c1
0000a517
0d050513
a8efe0ef
fe442783
0007c783
0ff7f793
a51785be
05130000
e0ef0da5
2783a74f
d783fe04
07c20007
85be83c1
0000a517
0e850513
a5afe0ef
50b20001
61455422
11018082
1000ce22
fea42623
feb42423
fec42783
27834398
8ff9fe84
00f037b3
0ff7f793
4472853e
80826105
ce061101
1000cc22
fea42623
feb42423
000307b7
af078513
220d20bd
40f20001
61054462
11018082
cc22ce06
24231000
2623fea4
8793feb4
0717e981
07130000
cfd8fc67
a517459d
05130000
e0ef0865
0293fd8f
a0730800
42a13042
3002a073
40f20001
61054462
11418082
0800c622
96018793
577d4394
c29857fd
0001c2dc
01414432
11018082
1000ce22
fea42623
95c18793
4398439c
268343dc
8836fec4
88b686fd
96018693
0633428c
85320107
00e53533
011786b3
00d507b3
873286be
c19887b6
0001c1dc
61054472
71798082
1800d622
0fa387aa
07a3fcf4
a039fe04
47830001
0785fef4
fef407a3
fef44703
fdf44783
fef766e3
54320001
80826145
ce221101
26231000
2783fea4
8b8dfec4
2703eb81
0793fec4
77b30640
eb8102f7
fec42703
19000793
02f777b3
4785e399
4781a011
4472853e
80826105
c6221141
87930800
c783a181
07850007
0ff7f713
a1818793
00e78023
44320001
80820141
d6227179
2e231800
2703fca4
0793fdc4
07b30320
262302f7
2423fef4
a039fe04
27830001
0785fe84
fef42423
fe842783
fec42703
fee7e6e3
00010001
61455432
71798082
1800d622
fca42e23
fdc42703
879367b1
07b33507
262302f7
2423fef4
a039fe04
27830001
0785fe84
fef42423
fe842783
fec42703
fee7e6e3
00010001
61455432
71798082
1800d622
fca42e23
fdc42783
fef42623
0793a829
24233e80
0001fef4
fe842783
fff78713
fee42423
2783fbf5
8713fec4
2623fff7
fff1fee4
00010001
61455432
11018082
1000ce22
fea42623
feb42423
fec42783
27834398
8f5dfe84
fec42783
0001c398
61054472
11018082
1000ce22
fea42623
feb42423
fec42783
27834398
c793fe84
8f7dfff7
fec42783
0001c398
61054472
11018082
1000ce22
fea42623
2783a031
17fdfec4
fef42623
fec42783
0001fbed
44720001
80826105
c6061141
0800c422
020005b7
000407b7
10878513
45053f8d
05b737c9
07b70200
85130004
37611087
3f454505
40b20001
01414422
11418082
0800c622
000407b7
10078793
07b74394
87930004
07371007
8f550100
07b7c398
87930004
43941087
000407b7
10878793
ff000737
8f75177d
07b7c398
87930004
43941007
000407b7
10078793
02000737
c3988f55
000407b7
10878793
07b74394
87930004
07371087
177dfe00
c3988f75
000407b7
10078793
07b74394
87930004
07371007
8f550400
07b7c398
87930004
43941087
000407b7
10878793
04000737
c3988f55
000407b7
10078793
07b74394
87930004
07371007
8f550800
07b7c398
87930004
43941087
000407b7
10878793
08000737
c3988f55
000407b7
10078793
07b74394
87930004
07371007
8f551000
07b7c398
87930004
43941087
000407b7
10878793
10000737
c3988f55
000407b7
10078793
07b74394
87930004
07371007
8f552000
07b7c398
87930004
43941087
000407b7
10878793
20000737
c3988f55
44320001
80820141
ce061101
1000cc22
07a387aa
0783fef4
d063fef4
07b70207
87930004
43941087
000407b7
10878793
20000737
c3988f55
07b7a839
87930004
43941087
000407b7
10878793
e0000737
8f75177d
4783c398
f793fef4
cf990407
000407b7
10878793
07b74394
87930004
07371087
8f551000
a839c398
000407b7
10878793
07b74394
87930004
07371087
177df000
c3988f75
fef44783
0207f793
07b7cf99
87930004
43941087
000407b7
10878793
08000737
c3988f55
07b7a839
87930004
43941087
000407b7
10878793
f8000737
8f75177d
4783c398
8bc1fef4
07b7cf99
87930004
43941087
000407b7
10878793
04000737
c3988f55
07b7a839
87930004
43941087
000407b7
10878793
fc000737
8f75177d
33bdc398
40f20001
61054462
11018082
cc22ce06
87aa1000
fef407a3
fef44783
cf998ba1
000407b7
10878793
07b74394
87930004
07371087
8f552000
a839c398
000407b7
10878793
07b74394
87930004
07371087
177de000
c3988f75
fef44783
cf998b91
000407b7
10878793
07b74394
87930004
07371087
8f551000
a839c398
000407b7
10878793
07b74394
87930004
07371087
177df000
c3988f75
fef44783
cf998b89
000407b7
10878793
07b74394
87930004
07371087
8f550800
a839c398
000407b7
10878793
07b74394
87930004
07371087
177df800
c3988f75
fef44783
cf998b85
000407b7
10878793
07b74394
87930004
07371087
8f550400
a839c398
000407b7
10878793
07b74394
87930004
07371087
177dfc00
c3988f75
00013991
446240f2
80826105
ce061101
1000cc22
07a387aa
4783fef4
8391fef4
0ff7f793
35f1853e
fef44783
35d1853e
3ef54579
40f20001
61054462
11018082
cc22ce06
87aa1000
fef407a3
020005b7
000407b7
10878513
05b7366d
07b70100
85130004
3e711087
fef44783
3f79853e
40f20001
61054462
11018082
cc22ce06
87aa1000
fef407a3
020005b7
000407b7
10878513
05b736bd
07b70100
85130004
3e251087
fef44783
378d853e
40f20001
61054462
11018082
cc22ce06
87aa1000
fef407a3
fef44783
3f45853e
40f20001
61054462
11018082
cc22ce06
26231000
a821fea4
fec42783
0007c783
37e1853e
fec42783
26230785
2783fef4
c783fec4
f3ed0007
00010001
446240f2
80826105
ce061101
1000cc22
fea42623
feb42423
0c800513
27033c8d
4785fec4
00f71d63
fe842783
0ff7f793
f8078793
0ff7f793
3df5853e
2703a005
4789fec4
00f71c63
fe842783
0ff7f793
fc078793
0ff7f793
3df1853e
40f20001
61054462
11418082
c422c606
45050800
450935d9
450535c9
00013c19
442240b2
80820141
c6061141
0800c422
000407b7
10878793
07b74394
87930004
07371087
177de000
c3988f75
000407b7
10878793
07b74394
87930004
07371087
177df000
c3988f75
000407b7
10878793
07b74394
87930004
07371087
8f550800
07b7c398
87930004
43941087
000407b7
10878793
04000737
c3988f55
45793c91
34b9342d
34154579
457934a1
07b73c39
87930004
43941087
000407b7
10878793
e0000737
8f75177d
07b7c398
87930004
43941087
000407b7
10878793
f0000737
8f75177d
07b7c398
87930004
43941087
000407b7
10878793
08000737
c3988f55
000407b7
10878793
07b74394
87930004
07371087
177dfc00
c3988f75
45793ad1
0001326d
442240b2
80820141
c6061141
0800c422
3f0005b7
000407b7
10078513
32d53a1d
06400513
3df930ed
06400513
3d6530cd
06400513
051338e9
3bb50300
06400513
051330f9
3b850280
06400513
453930c9
0513339d
38650640
3bb14505
06400513
4519307d
05133b89
30550640
33a14505
3e800513
00013869
442240b2
80820141
d6067179
1800d422
fea42623
feb42423
fec42223
fed42023
0fa387ba
4783fcf4
c391fdf4
25833589
2503fe84
3be9fec4
fe442503
25033b69
3891fe04
50b20001
61455422
71798082
d422d606
26231800
2423fea4
2223feb4
2023fec4
2e23fed4
0da3fce4
4783fcf4
c391fdb4
25833bed
2503fe84
3b49fec4
fe042583
fe442503
25032831
3021fdc4
a0c18793
00000713
0001c398
542250b2
80826145
c686715d
0880c4a2
faa42e23
fab42c23
fe042623
00000593
fbc42503
031070ef
d66387aa
27830207
8713fec4
26230017
0713fee4
97baff04
02d00713
fce78e23
fbc42703
800007b7
2e238fb9
2503faf4
70effbc4
87aa5c10
fef42223
fe442503
613070ef
85be87aa
fbc42503
277070ef
242387aa
2783fef4
0713fec4
97bafcc4
250385be
20c1fe44
2783872a
97bafec4
fef42623
fec42783
00178713
fee42623
ff040713
071397ba
8e2302e0
a0a5fce7
0000a797
1b878793
2503438c
70effe84
87aa0070
fef42423
fe842503
547070ef
202387aa
2783fef4
f713fe04
27830ff7
8693fec4
26230017
0713fed4
77130307
06930ff7
97b6ff04
fce78e23
fe042503
573070ef
85be87aa
fe842503
1d7070ef
242387aa
2783fef4
8713fb84
2c23fff7
47e3fae4
2783f8f0
0713fec4
97baff04
fc078e23
fcc40793
3ee5853e
40b60001
61614426
71398082
0080de22
fca42623
fcb42423
fe042623
fe042423
fcc42783
2783efb9
8713fec4
26230017
873efee4
fc842783
071397ba
80230300
278300e7
a049fec4
fcc42703
67b347a9
f71302f7
27830ff7
8693fe84
24230017
0713fed4
77130307
06930ff7
97b6ff04
fee78623
fcc42703
47b347a9
262302f7
2783fcf4
41e3fcc4
a80dfcf0
fe842783
242317fd
2783fef4
8713fec4
26230017
873efee4
fc842783
270397ba
0693fe84
9736ff04
fec74703
00e78023
fe842783
fcf046e3
fec42783
5472853e
80826121
c6061141
0800c422
00009517
4f450513
c17fd0ef
000307b7
af078513
c6aff0ef
2cc18793
0007a023
8793a899
c703a181
47950007
02f71963
a1818793
00078023
2cc18793
c3984705
0000b797
2e878793
c3984705
4f018793
0007a023
1c418793
c3984709
8793a829
47054f01
8793c398
a0231c41
87930007
a0232cc1
87930007
439c5d01
8793c799
43982cc1
1ee34785
f0eff8f7
8793bd8f
a0232cc1
00010007
442240b2
80820141
d6067179
1800d422
fca42e23
fcb42c23
fe0407a3
000307b7
af078513
bc2ff0ef
2cc18793
0007a023
8793a81d
c703a181
47950007
02f71163
a1818793
00078023
2cc18793
c3984705
00009517
42c50513
b2ffd0ef
8793a029
a0232cc1
27830007
c783fdc4
8b9100c7
8793e799
43982cc1
1ce34785
f0effaf7
8793b4cf
a0232cc1
27830007
479cfdc4
fef407a3
fd842783
fef44703
00e78023
853e4785
542250b2
80826145
c6061141
0800c422
0f000593
000407b7
10078513
cf2ff0ef
400005b7
000407b7
10078513
cbaff0ef
400005b7
000407b7
10878513
cd2ff0ef
00009517
3b850513
a9bfd0ef
40b20001
01414422
71798082
1800d622
fca42e23
1d2387ae
57fdfcf4
fef41723
fe041623
5783a885
2703fec4
97bafdc4
0007c783
01079713
57838341
8fb9fee4
fef41723
fe041523
5783a825
8b85fee4
5783cf91
8385fee4
fef41723
fee45703
078577e9
17238fb9
a031fef4
fee45783
17238385
5783fef4
0785fea4
fef41523
fea45703
f2e3479d
5783fce7
0785fec4
fef41623
fec45703
fda45783
f8f765e3
fee45783
5432853e
80826145
d6067179
d24ad422
1800d04e
fca42e23
fdc42783
242383fd
2783fef4
87ddfdc4
0ff7f793
fef42223
fdc42703
008007b7
8ff917fd
fef42023
fe442703
0ff00793
02f71e63
fe042783
2783e395
c799fe84
0000a797
dd478793
a031439c
0000a797
dcc78793
2623439c
a8cdfef4
0000a797
dc078793
2623439c
a0cdfef4
fe442783
2783efa9
ef99fe04
fe842783
a797c799
87930000
439cda27
0793a019
26230000
a86dfef4
fe042503
183070ef
a797872a
87930000
438cd867
70ef853a
87aa0340
a797873e
87930000
438cd767
70ef853a
87aa3ae0
fef42623
2503a051
70effe04
872a14d0
0000a797
d5078793
853a438c
7ff060ef
873e87aa
0000a797
d4478793
853a438c
4d7060ef
853e87aa
273070ef
89ae892a
fe442783
f8178793
60ef853e
862a4550
a79786ae
87930000
4398d1a7
853a43dc
30ef85be
872a5550
863a87ae
854a86be
60ef85ce
872a1a80
853a87ae
70ef85be
87aa2c30
fef42623
fe842783
2703cb81
07b7fec4
8fb98000
fef42623
fec42783
50b2853e
59125422
61455982
71798082
d422d606
1800d226
fca42e23
00000593
fdc42503
19e070ef
e39987aa
a2194781
05934485
25030000
70effdc4
87aa2560
0007c363
f7934481
24230ff4
0593fef4
25030000
70effdc4
87aa23a0
0007d863
fdc42703
800007b7
a0198fb9
fdc42783
fcf42e23
fe042623
2783a015
0785fec4
fef42623
0000a797
c5078793
2503438c
60effdc4
87aa6e90
fcf42e23
0000a797
c3878793
2503438c
70effdc4
87aa16e0
fc07d5e3
2783a839
17fdfec4
fef42623
fdc42783
853e85be
39f060ef
2e2387aa
a797fcf4
87930000
438cbf67
fdc42503
1b0070ef
c8e387aa
a797fc07
87930000
438cbd67
fdc42503
210070ef
853e87aa
756070ef
07b7872a
17fd0080
22238ff9
2783fef4
9713fe84
278301f7
8793fec4
07de07f7
27838f5d
8fd9fe44
fef42023
fe042783
50b2853e
54925422
80826145
ce061101
1000cc22
07a387aa
4783fef4
85befef4
00009517
05850513
f1afd0ef
0000a797
b7878793
47834398
4685fef4
02e00613
853e45c1
6ee000ef
0c800513
7e7020ef
0000a797
b5878793
47834398
4685fef4
03000613
853e45c1
6ca000ef
0c800513
7c3020ef
0000a797
b0478793
47834398
4685fef4
03200613
853e45c1
0513255d
20ef0c80
a7977a10
87930000
4398afe7
fef44783
06134685
45c10340
2551853e
0c800513
77f020ef
0000a797
adc78793
47834398
4685fef4
03600613
853e45c1
0513258d
20ef0c80
a79775d0
87930000
4398aba7
fef44783
06134685
45c10380
2581853e
0c800513
73b020ef
0000a797
a9878793
47834398
4685fef4
04800613
853e45c1
45052d39
b51fd0ef
40f20001
61054462
11018082
cc22ce06
87aa1000
07a3872e
87bafef4
fef40723
87930001
c7033e81
47850007
fef70be3
fee44703
18634785
478302f7
85befef4
00009517
f4050513
ddefd0ef
0000a797
a4478793
47834398
4685fef4
03200613
853e45c1
47832b4d
e79dfee4
fef44783
951785be
05130000
d0eff365
a797dacf
87930000
43989de7
fef44783
06134685
45c10320
2341853e
fee44703
0e634785
478300f7
cb91fee4
fef44783
951785be
05130000
d0eff265
450dd70f
a91fd0ef
40f20001
61054462
711d8082
cca2ce86
1080caa6
5d018793
47854398
18f71163
00009517
f1c50513
d3efd0ef
fe0407a3
3e018793
0007d783
0ff7f793
f7930786
07950ff7
0ff7f713
3e218793
00e78023
fe040723
fe042423
01a3478d
00a3fef4
2423fe04
a035fe04
f1818793
478343d4
8713fee4
07230017
873efee4
fa440793
85be97ba
328d8536
fe842783
24230785
8793fef4
c7833e21
873e0007
fe842783
fce7c4e3
fe040723
01234785
2423fef4
a845fe04
fee44783
ff040713
878397ba
0023fb47
4783fef4
0785fee4
fef40723
fe842703
d1634789
879308e7
c7833e21
17f90007
fe842703
06f75863
fe044703
fe344783
17b3078e
873e00f7
fe442783
22238fd9
4783fef4
8713fe34
01a3fff7
e3b9fee4
fe442683
fef44783
00178713
fee407a3
853684be
86aa3c91
5d418713
00249793
c39497ba
5d418793
87934398
c398a0c1
fe042223
01a3478d
4783fef4
0785fe24
fef40123
fe842783
24230785
8793fef4
c7833e21
873e0007
fe842783
f4e7c2e3
f1818793
853e43dc
e8cfd0ef
400005b7
000407b7
10878513
ddffe0ef
0000b797
ae078793
0007a023
8793a80d
43985d01
14634789
059302f7
05130320
d0ef0320
8793c65f
43dcf181
d0ef853e
b797e4af
87930000
a023aae7
87930007
43dcf181
d0ef853e
8793e32f
a0235d01
b7970007
87930000
a023a8e7
00010007
446640f6
612544d6
711d8082
cca2ce86
87aa1080
07a38736
87aefaf4
faf40723
162387b2
87bafaf4
faf41523
1c418793
9563439c
00013207
0000b797
a4878793
47854398
fef70ae3
faf44783
951785be
05130000
d0efd0a5
8793b20f
47032ca1
8023faf4
879300e7
47033f01
8023fae4
578300e7
f713fac4
87930ff7
80232d51
172300e7
06a3fe04
5783fe04
f713faa4
87930ff7
80235011
578300e7
0786faa4
faf41523
3e018793
faa45703
00e79023
fed44783
00178713
fee406a3
faf40703
ff040693
802397b6
4783fce7
8713fed4
06a30017
0703fee4
0693fae4
97b6ff04
fce78023
fac45783
969383a1
82c10107
fed44783
00178713
fee406a3
01869713
06938761
97b6ff04
fce78023
fed44783
00178713
fee406a3
fac45703
87610762
ff040693
802397b6
5783fce7
83a1faa4
01079693
478382c1
8713fed4
06a30017
9713fee4
87610186
ff040693
802397b6
4783fce7
8713fed4
06a30017
5703fee4
0762faa4
06938761
97b6ff04
fce78023
fb040793
853e4599
f72ff0ef
172387aa
4783fef4
8713fed4
06a30017
5703fee4
0762fee4
06938761
97b6ff04
fce78023
fee45783
969383a1
82c10107
fed44783
00178713
fee406a3
01869713
06938761
97b6ff04
fce78023
fe0406a3
400005b7
000407b7
10878513
ba3fe0ef
f1818793
478343d4
8713fed4
06a30017
0713fee4
97baff04
fc078783
0ff7f793
853685be
abefd0ef
f1818793
478343d4
8713fed4
06a30017
0713fee4
97baff04
fc078783
0ff7f793
853685be
a96fd0ef
f1818793
478343d4
8713fed4
06a30017
0713fee4
97baff04
fc078783
0ff7f793
853685be
a6efd0ef
f1818793
478343d4
8713fed4
06a30017
0713fee4
97baff04
fc078783
0ff7f793
853685be
a46fd0ef
f1818793
478343d4
8713fed4
06a30017
0713fee4
97baff04
fc078783
0ff7f793
853685be
a1efd0ef
f1818793
478343d4
8713fed4
06a30017
0713fee4
97baff04
fc078783
0ff7f793
853685be
9f6fd0ef
f1818793
478343d4
8713fed4
06a30017
0713fee4
97baff04
fc078783
0ff7f793
853685be
9cefd0ef
f1818793
478343d4
8713fed4
06a30017
0713fee4
97baff04
fc078783
0ff7f793
853685be
9a6fd0ef
fe0406a3
87930001
43dcf181
00c7c783
dbf58b85
400005b7
000407b7
10878513
a67fe0ef
0000a797
74078793
c3984705
5d018793
c3984705
bfcff0ef
285010ef
40f60001
61254466
71598082
d4a2d686
87aa1880
f8e42a23
f8f40fa3
0f2387ae
87b2f8f4
f8f41e23
1d2387b6
8793f8f4
439c1c41
48079d63
a7970001
87930000
43986ea7
0ae34785
8793fef7
47032ca1
8023f9f4
879300e7
47033f01
8023f9e4
578300e7
f713f9c4
87930ff7
80232d51
172300e7
06a3fe04
5783fe04
f713f9a4
87930ff7
80235011
578300e7
0786f9a4
f8f41d23
3e018793
f9a45703
00e79023
fe040623
f9442503
f0aff0ef
fea42423
fed44783
00178713
fee406a3
f9f40703
ff040693
8e2397b6
4783fae7
8713fed4
06a30017
0703fee4
0693f9e4
97b6ff04
fae78e23
f9c45783
969383a1
82c10107
fed44783
00178713
fee406a3
01869713
06938761
97b6ff04
fae78e23
fed44783
00178713
fee406a3
f9c45703
87610762
ff040693
8e2397b6
5783fae7
83a1f9a4
01079693
478382c1
8713fed4
06a30017
9713fee4
87610186
ff040693
8e2397b6
4783fae7
8713fed4
06a30017
5703fee4
0762f9a4
06938761
97b6ff04
fae78e23
fed44783
00178713
fee406a3
ff040713
471197ba
fae78e23
fe842783
0187d693
fed44783
00178713
fee406a3
01869713
06938761
97b6ff04
fae78e23
fe842783
0107d693
fed44783
00178713
fee406a3
01869713
06938761
97b6ff04
fae78e23
fe842783
0087d693
fed44783
00178713
fee406a3
01869713
06938761
97b6ff04
fae78e23
fed44783
00178713
fee406a3
fe842703
87610762
ff040693
8e2397b6
0793fae7
45adfac4
f0ef853e
87aab74f
fef41723
fed44783
00178713
fee406a3
fee45703
87610762
ff040693
8e2397b6
5783fae7
83a1fee4
01079693
478382c1
8713fed4
06a30017
9713fee4
87610186
ff040693
8e2397b6
06a3fae7
05b7fe04
07b74000
85130004
e0ef1087
8793fa4f
43d4f181
fed44783
00178713
fee406a3
ff040713
878397ba
f793fbc7
85be0ff7
c0ef8536
8793ec1f
43d4f181
fed44783
00178713
fee406a3
ff040713
878397ba
f793fbc7
85be0ff7
c0ef8536
8793e99f
43d4f181
fed44783
00178713
fee406a3
ff040713
878397ba
f793fbc7
85be0ff7
c0ef8536
8793e71f
43d4f181
fed44783
00178713
fee406a3
ff040713
878397ba
f793fbc7
85be0ff7
c0ef8536
8793e49f
43d4f181
fed44783
00178713
fee406a3
ff040713
878397ba
f793fbc7
85be0ff7
c0ef8536
8793e21f
43d4f181
fed44783
00178713
fee406a3
ff040713
878397ba
f793fbc7
85be0ff7
c0ef8536
8793df9f
43d4f181
fed44783
00178713
fee406a3
ff040713
878397ba
f793fbc7
85be0ff7
c0ef8536
8793dd1f
43d4f181
fed44783
00178713
fee406a3
ff040713
878397ba
f793fbc7
85be0ff7
c0ef8536
8793da9f
43d4f181
fed44783
00178713
fee406a3
ff040713
878397ba
f793fbc7
85be0ff7
c0ef8536
8793d81f
43d4f181
fed44783
00178713
fee406a3
ff040713
878397ba
f793fbc7
85be0ff7
c0ef8536
8793d59f
43d4f181
fed44783
00178713
fee406a3
ff040713
878397ba
f793fbc7
85be0ff7
c0ef8536
8793d31f
43d4f181
fed44783
00178713
fee406a3
ff040713
878397ba
f793fbc7
85be0ff7
c0ef8536
8793d09f
43d4f181
fed44783
00178713
fee406a3
ff040713
878397ba
f793fbc7
85be0ff7
c0ef8536
06a3ce1f
0001fe04
f1818793
c78343dc
8b8500c7
05b7dbf5
07b74000
85130004
e0ef1087
8793da0f
43dcf181
c0ef853e
a797e0bf
87930000
470526e7
8793c398
47095d01
e0efc398
0001f2bf
542650b6
80826165
ce061101
1000cc22
872e87aa
fef41723
06a387ba
0513fef4
20ef0640
87934180
80231cc1
006f0007
57837b80
0713fee4
8f630cc0
071372e7
47630cc0
071378f7
8b630ca0
07136ce7
4f630ca0
071376f7
466304a0
c96302f7
07137607
656304a0
971376f7
87970027
87930000
97ba5167
87974398
87930000
97ba50a7
07138782
8f630c80
006f62e7
85937420
85179681
05130000
c0ef4b65
8793aadf
c7831cc1
87130007
76930017
87130ff7
00231cc1
871300d7
078a5d41
439c97ba
60ef853e
872a4190
863a87ae
851786be
05130000
c0ef4825
5783a71f
0789fee4
fef41723
6f40006f
97018593
00008517
45c50513
a53fc0ef
1cc18793
0007c783
00178713
0ff77693
1cc18713
00d70023
5d418713
97ba078a
853e439c
3bf060ef
87ae872a
86be863a
00008517
43050513
a17fc0ef
fee45783
17230789
006ffef4
859369a0
85179781
05130000
c0ef4025
87939f9f
c7831cc1
87130007
76930017
87130ff7
00231cc1
871300d7
078a5d41
439c97ba
60ef853e
872a3650
863a87ae
851786be
05130000
c0ef3d65
57839bdf
0789fee4
fef41723
6400006f
a2418593
00008517
3a850513
99ffc0ef
1cc18793
0007c783
00178713
0ff77693
1cc18713
00d70023
5d418713
97ba078a
853e439c
30b060ef
87ae872a
86be863a
00008517
37c50513
963fc0ef
fee45783
17230789
a3ddfef4
a3018593
00008517
35050513
947fc0ef
1cc18793
0007c783
00178713
0ff77693
1cc18713
00d70023
5d418713
97ba078a
853e439c
2b3060ef
87ae872a
86be863a
00008517
32450513
90bfc0ef
fee45783
17230789
a379fef4
a3c18593
00008517
2f850513
8effc0ef
1cc18793
0007c783
00178713
0ff77693
1cc18713
00d70023
5d418713
97ba078a
853e439c
25b060ef
87ae872a
86be863a
00008517
2cc50513
8b3fc0ef
fee45783
17230789
ab1dfef4
98018593
00008517
2a050513
897fc0ef
1cc18793
0007c783
00178713
0ff77693
1cc18713
00d70023
5d418713
97ba078a
853e439c
203060ef
87ae872a
86be863a
00008517
27450513
85bfc0ef
fee45783
17230789
a9f9fef4
98818593
00008517
24850513
83ffc0ef
1cc18793
0007c783
00178713
0ff77693
1cc18713
00d70023
5d418713
97ba078a
853e439c
1ab060ef
87ae872a
86be863a
00008517
21c50513
803fc0ef
fee45783
17230789
a159fef4
99018593
00008517
1f050513
fe6fc0ef
1cc18793
0007c783
00178713
0ff77693
1cc18713
00d70023
5d418713
97ba078a
853e439c
153060ef
87ae872a
86be863a
00008517
1c450513
faafc0ef
fee45783
17230789
a13dfef4
99818593
00008517
19850513
f8efc0ef
1cc18793
0007c783
00178713
0ff77693
1cc18713
00d70023
5d418713
97ba078a
853e439c
0fb060ef
87ae872a
86be863a
00008517
16c50513
f52fc0ef
fee45783
17230789
aed9fef4
9a018593
00008517
14050513
f36fc0ef
1cc18793
0007c783
00178713
0ff77693
1cc18713
00d70023
5d418713
97ba078a
853e439c
0a3060ef
87ae872a
86be863a
00008517
11450513
efafc0ef
fee45783
17230789
aebdfef4
9a818593
00008517
0e850513
edefc0ef
1cc18793
0007c783
00178713
0ff77693
1cc18713
00d70023
5d418713
97ba078a
853e439c
04b060ef
87ae872a
86be863a
00008517
0bc50513
ea2fc0ef
fee45783
17230789
a61dfef4
a4818593
00008517
09050513
e86fc0ef
1cc18793
0007c783
00178713
0ff77693
1cc18713
00d70023
5d418713
97ba078a
853e439c
7f2060ef
87ae872a
86be863a
00008517
06450513
e4afc0ef
fee45783
17230789
a4f9fef4
9b018593
00008517
03850513
e2efc0ef
1cc18793
0007c783
00178713
0ff77693
1cc18713
00d70023
5d418713
97ba078a
853e439c
79a060ef
87ae872a
86be863a
00008517
00c50513
df2fc0ef
fee45783
17230789
ac9dfef4
9b418593
00008517
fe050513
dd6fc0ef
1cc18793
0007c783
00178713
0ff77693
1cc18713
00d70023
5d418713
97ba078a
853e439c
742060ef
87ae872a
86be863a
00008517
fb450513
d9afc0ef
fee45783
17230789
ac39fef4
9b818593
00008517
f8850513
d7efc0ef
1cc18793
0007c783
00178713
0ff77693
1cc18713
00d70023
5d418713
97ba078a
853e439c
6ea060ef
87ae872a
86be863a
00008517
f5c50513
d42fc0ef
fee45783
17230789
a2d9fef4
a5418593
00008517
f3050513
d26fc0ef
1cc18793
0007c783
00178713
0ff77693
1cc18713
00d70023
5d418713
97ba078a
853e439c
692060ef
87ae872a
86be863a
00008517
f0450513
ceafc0ef
fee45783
17230789
a2bdfef4
a6018593
00008517
ed850513
ccefc0ef
1cc18793
0007c783
00178713
0ff77693
1cc18713
00d70023
5d418713
97ba078a
853e439c
63a060ef
87ae872a
86be863a
00008517
eac50513
c92fc0ef
fee45783
17230789
aa19fef4
9bc18593
00008517
e8050513
c76fc0ef
1cc18793
0007c783
00178713
0ff77693
1cc18713
00d70023
5d418713
97ba078a
853e439c
5e2060ef
87ae872a
86be863a
00008517
e5450513
c3afc0ef
fee45783
17230789
a87dfef4
9c418593
00008517
e2850513
c1efc0ef
1cc18793
0007c783
00178713
0ff77693
1cc18713
00d70023
5d418713
97ba078a
853e439c
58a060ef
87ae872a
86be863a
00008517
dfc50513
be2fc0ef
fee45783
17230789
a09dfef4
9cc18593
00008517
dd050513
bc6fc0ef
1cc18793
0007c783
00178713
0ff77693
1cc18713
00d70023
5d418713
97ba078a
853e439c
532060ef
87ae872a
86be863a
00008517
da450513
b8afc0ef
fee45783
17230789
a039fef4
00008517
d9450513
b72fc0ef
fed44783
06a317fd
4783fef4
94e3fed4
00018407
40f20001
61054462
11018082
1000ce22
fe042623
2783a031
0785fec4
fef42623
fec42703
000317b7
d4078793
fee7d5e3
00010001
61054472
11018082
1000ce22
fe042623
2783a031
0785fec4
fef42623
fec42703
000ab7b7
e6078793
fee7d5e3
00010001
61054472
11418082
c422c606
85170800
05130000
c0efe4e5
8517ae0f
05130000
288de5a5
1f400593
1f400513
b7bfc0ef
50418513
85172241
05130000
2899e465
03200593
03200513
b5ffc0ef
50418513
85172295
05130000
282de2e5
03200593
03200513
b43fc0ef
50418513
851722a1
05130000
2839e1a5
03200593
03200513
b27fc0ef
50418513
00012235
442240b2
80820141
ce061101
1000cc22
fea42623
8793a00d
4798f181
fec42783
0007c783
853a85be
b8afc0ef
fec42783
26230785
2783fef4
c783fec4
ffe10007
f1818793
45b5479c
c0ef853e
8793b68f
479cf181
853e45a9
b5afc0ef
853e4781
446240f2
80826105
ce061101
1000cc22
fea42623
8793a00d
4798f181
fec42783
0007c783
853a85be
b2afc0ef
fec42783
26230785
2783fef4
c783fec4
ffe10007
f1818793
45b5479c
c0ef853e
8793b08f
479cf181
853e45a9
afafc0ef
853e4781
446240f2
80826105
ce061101
1000cc22
fea42623
8793a00d
43d8f181
fec42783
0007c783
853a85be
acafc0ef
fec42783
26230785
2783fef4
c783fec4
ffe10007
f1818793
45b543dc
c0ef853e
8793aa8f
43dcf181
853e45a9
a9afc0ef
853e4781
446240f2
80826105
d6067179
1800d422
fca42e23
fdc42783
fef42623
fdc42783
fef42223
fe042423
8793a841
479cf181
fe040713
853e85ba
ad8fc0ef
fe042783
0ff7f713
fec42783
00e78023
fec42783
26230785
2783fef4
8023fec4
85970007
85930000
2503c865
60effe44
87aa0b50
2583cb99
8517fe44
05130000
c0efc725
47818ccf
8597a899
85930000
2503c7a5
60effe44
87aa08d0
2583cb99
8517fe44
05130000
c0efc4a5
47818a4f
2783a03d
0785fe84
fef42423
fe842703
0c500793
f6e7d5e3
fec42783
00078023
00008517
c3c50513
876fc0ef
853e4785
542250b2
80826145
c6061141
0800c422
06934701
86170640
06130000
4581c266
e0ef4509
851797ef
05130000
3d3dbc65
00008517
c2050513
836fc0ef
c0ef4515
2921d56f
29112919
85172909
05130000
3d29bae5
00008517
c0450513
812fc0ef
c0ef4509
2ed5d32f
06934701
86170640
06130000
4581bf66
e0ef4509
8517926f
05130000
33ddbfa5
00008517
bfc50513
fdffb0ef
c0ef4509
26c1cfef
00008517
c0050513
851733e1
05130000
b0efc065
4509fc1f
ce0fc0ef
4701264d
06400693
00008617
c0460613
45094581
8d4fe0ef
00008517
c0850513
85173b51
05130000
b0efc0a5
4509f8df
cacfc0ef
879326bd
a0231b81
06130007
45810fa0
3f418513
2fa060ef
0fa00613
85134581
60ef1d01
a0692ec0
00008517
bd850513
45053b81
c74fc0ef
879329e5
43983e41
17634785
859306f7
85173f41
05130000
b0efbda5
8597f31f
85930000
8513bd25
60ef3f41
87aa6f40
8793c791
47091b81
a025c398
00008597
bbc58593
3f418513
6d6060ef
c79187aa
1b818793
c3984709
8793a029
470d1b81
0613c398
45810fa0
3f418513
26a060ef
3e418793
c3984709
1b818793
47894398
f6f718e3
67854701
38878693
00008617
b7460613
45094581
fe5fd0ef
06934701
86170640
06130000
4581b726
d0ef4509
0001fcff
442240b2
80820141
ce061101
1000cc22
fea42623
00008597
b6058593
fec42503
64a060ef
cb9187aa
fec42583
00008517
b5050513
e63fb0ef
8597a825
85930000
2503b5a5
60effec4
87aa6240
2583cb91
8517fec4
05130000
b0efb4a5
a809e3df
fec42583
00008517
b5050513
e2bfb0ef
40f20001
61054462
11418082
0800c622
8793a2ed
c783a001
873e0007
2e018793
c70397ba
47b50007
18f71763
a0018793
0007c783
f7130785
87930ff7
8023a001
879300e7
c703a001
07930007
f6630fa0
879300e7
8023a001
87930007
c783a011
17fd0007
0ff7f713
a0118793
00e78023
a0018793
0007c783
8793873e
97ba2e01
0007c703
156347a9
87930ef7
c783a001
07850007
0ff7f713
a0018793
00e78023
a0018793
0007c703
0fa00793
00e7f663
a0018793
00078023
a0118793
0007c783
f71317fd
87930ff7
8023a011
a0a500e7
9fd18793
0007c783
8793863e
c7839fe1
87130007
76930017
87130ff7
00239fe1
86be00d7
2e018793
c70397b2
87930007
97b668c1
00e78023
9fd18793
0007c783
f7130785
87930ff7
80239fd1
879300e7
c7039fd1
07930007
f6630fa0
879300e7
80239fd1
87930007
c7039fd1
87930007
c783a001
15e30007
8793f8f7
c7839fe1
873e0007
68c18793
802397ba
87930007
80239fe1
87930007
47055cc1
a871c398
a0018793
0007c783
f7130785
87930ff7
8023a001
879300e7
c703a001
07930007
f6630fa0
879300e7
8023a001
87930007
c783a011
17fd0007
0ff7f713
a0118793
00e78023
8793a099
c783a001
07850007
0ff7f713
a0018793
00e78023
a0018793
0007c703
0fa00793
00e7f663
a0018793
00078023
a0118793
0007c783
f71317fd
87930ff7
8023a011
879300e7
c703a011
47850007
e0e7e7e3
00010001
01414432
11418082
c422c606
2a6d0800
3e418793
47854398
02f71563
3f418593
00008517
89c50513
bf3fb0ef
0fa00613
85134581
50ef3f41
87937710
47093e41
0001c398
442240b2
80820141
c6061141
0800c422
06934701
76170640
06130000
458178e6
d0ef4509
7517ce7f
05130000
28e57365
c0ef4505
75178caf
05130000
20e572a5
c0ef4505
85178baf
05130000
28e18ca5
c0ef4505
85178aaf
05130000
20e18c65
c0ef4505
851789af
05130000
28658ca5
c0ef4505
470188af
06400693
00007617
75060613
45094581
c81fd0ef
06934701
86170640
06130000
45818aa6
d0ef4509
8793c6bf
479cf181
853e45e9
c73fb0ef
c0ef4505
470184af
86936785
7617fa07
06130000
45817ce6
d0ef4509
0001c3ff
442240b2
80820141
c6061141
0800c422
9ff18793
00078023
a0018793
00078023
a0118793
00078023
a0218793
00078023
0fa00613
85134581
50ef68c1
06136590
45810fa0
2e018513
64b050ef
40b20001
01414422
11018082
cc22ce06
26231000
a00dfea4
f1818793
27834798
c783fec4
85be0007
b0ef853a
2783bd9f
0785fec4
fef42623
fec42783
0007c783
8793ffe1
479cf181
853e45b5
bb7fb0ef
f1818793
45a9479c
b0ef853e
0001ba9f
446240f2
80826105
c6221141
a2ed0800
a0718793
0007c783
8793873e
97ba1d01
0007c703
176347b5
879318f7
c783a071
07850007
0ff7f713
a0718793
00e78023
a0718793
0007c703
0fa00793
00e7f663
a0718793
00078023
a0818793
0007c783
f71317fd
87930ff7
8023a081
879300e7
c783a071
873e0007
1d018793
c70397ba
47a90007
0ef71563
a0718793
0007c783
f7130785
87930ff7
8023a071
879300e7
c703a071
07930007
f6630fa0
879300e7
8023a071
87930007
c783a081
17fd0007
0ff7f713
a0818793
00e78023
8793a0a5
c783a041
863e0007
a0518793
0007c783
00178713
0ff77693
a0518713
00d70023
879386be
97b21d01
0007c703
3f418793
802397b6
879300e7
c783a041
07850007
0ff7f713
a0418793
00e78023
a0418793
0007c703
0fa00793
00e7f663
a0418793
00078023
a0418793
0007c703
a0718793
0007c783
f8f715e3
a0518793
0007c783
8793873e
97ba3f41
00078023
a0518793
00078023
3e418793
c3984705
8793a871
c783a071
07850007
0ff7f713
a0718793
00e78023
a0718793
0007c703
0fa00793
00e7f663
a0718793
00078023
a0818793
0007c783
f71317fd
87930ff7
8023a081
a09900e7
a0718793
0007c783
f7130785
87930ff7
8023a071
879300e7
c703a071
07930007
f6630fa0
879300e7
8023a071
87930007
c783a081
17fd0007
0ff7f713
a0818793
00e78023
a0818793
0007c703
e7e34785
0001e0e7
44320001
80820141
c6061141
0800c422
c0ef4569
87939e1f
e7170e41
0713ffff
d7b82dc7
00007517
5a850513
827fb0ef
a07342a1
62853002
80028293
3042a073
300027f3
304027f3
344027f3
b0ef4509
8793d2bf
43dcf181
853e4591
91bfb0ef
40b20001
01414422
11418082
c422c606
456d0800
97ffc0ef
0e418793
00000717
05070713
7517d7f8
05130000
b0ef5565
42a1fc4f
3002a073
82936285
a0738002
27f33042
27f33000
27f33040
45093440
cc9fb0ef
f1818793
4591479c
b0ef853e
00018b9f
442240b2
80820141
c6221141
a06d0800
f1818793
479c479c
0ff7f713
50218793
00e78023
a0618793
0007c783
879386be
c7035021
87930007
97b61d01
00e78023
a0618793
0007c783
f7130785
87930ff7
8023a061
879300e7
c703a061
07930007
f6630fa0
879300e7
8023a061
87930007
c783a081
07850007
0ff7f713
a0818793
00e78023
a0818793
0007c703
0fa00793
00e7fc63
a0818793
80235769
879300e7
47055001
00e78023
a0818793
0007c703
a0918793
00e78023
f1818793
c783479c
8b9100c7
0001f7b1
44320001
80820141
d6067179
1800d422
fca42e23
fe0407a3
fef44783
00178713
fee407a3
2783873e
97bafdc4
0007c783
fef40723
78c18793
4703439c
8023fee4
879300e7
439c78c1
00178713
78c18793
4783c398
f3e9fee4
78c18793
8023439c
87930007
439c78c1
00178713
78c18793
8793c398
439c4f01
8793e7cd
439c7881
7517e7a1
05130000
f0ef3e25
0593c3af
05130640
b0ef0640
9517ee1f
05130000
f0efc6e5
0593c22f
05131f40
b0ef0640
8793ec9f
a0231c41
97970007
87930000
a023d167
a8b10007
78818793
47854398
04f71963
00007517
3a050513
05133e2d
00ef0640
95176d50
05130000
3625c225
06400513
6c3000ef
f1818793
45e9479c
b0ef853e
0513f0cf
00ef0640
87936ad0
a0231c41
97970007
87930000
a023cba7
00010007
542250b2
80826145
c6061141
0800c422
5d418793
87934398
439c78c1
863e469d
853a4589
05132811
00ef0c80
00016690
442240b2
80820141
d6067179
1800d422
fca42e23
fcb42c23
fcc42a23
fcd42823
fd442783
03a00713
00e78023
fd442783
2a230785
0593fcf4
25030000
40effdc4
87aa74f0
0207d563
fd442783
02d00713
00e78023
fd442783
2a230785
2703fcf4
07b7fdc4
8fb98000
fcf42e23
2783a821
0713fd44
802302b0
278300e7
0785fd44
fcf42a23
fdc42503
4ca050ef
222387aa
2703fef4
2783fd04
07b3fd84
17f940f7
2583863e
2503fd44
28f1fe44
fd042703
fd842783
40f707b3
270317f9
97bafd44
fcf42a23
fd442783
02e00713
00e78023
fd442783
2a230785
2503fcf4
50effe44
87aa4d40
250385be
50effdc4
87aa1380
fef42623
fe042423
8797a0bd
87930000
438c8ae7
fec42503
6fd040ef
262387aa
2503fef4
50effec4
87aa43c0
0ff7f793
03078793
0ff7f713
fd442783
00e78023
fec42503
41e050ef
853e87aa
476050ef
85be87aa
fec42503
0da050ef
262387aa
2783fef4
0785fd44
fcf42a23
fe842783
24230785
2703fef4
2783fe84
46e3fd84
8793f8f7
270378c1
c398fd44
50b20001
61455422
71798082
1800d622
fca42e23
fcb42c23
fcc42a23
fd442783
262317fd
a83dfef4
fdc42703
67b347a9
f71302f7
27830ff7
2683fec4
97b6fd84
03070713
0ff77713
00e78023
fdc42703
47b347a9
2e2302f7
2783fcf4
17fdfec4
fef42623
fec42783
fc07d0e3
00010001
61455432
715d8082
c4a2c686
87930880
a0231c81
07930007
4651fd04
853e4581
6f2050ef
fbc40793
45814651
50ef853e
87936e40
971778c1
07130000
c3989927
78c18793
0713439c
802302b0
879300e7
439c78c1
00178713
78c18793
8793c398
439c78c1
05200713
00e78023
78c18793
8713439c
87930017
c39878c1
78c18793
0713439c
80230530
879300e7
439c78c1
00178713
78c18793
8793c398
439c78c1
05000713
00e78023
78c18793
8713439c
87930017
c39878c1
78c18793
0713439c
802303a0
879300e7
439c78c1
00178713
78c18793
7517c398
05130000
b0ef0765
2623aa8f
2423fe04
0001fe04
fe842783
00178713
fee42423
3f418713
c70397ba
07930007
13e30240
a03dfef7
fe842703
00170793
fef42423
fec42783
00178693
fed42623
3f418693
47039736
06930007
97b6ff04
fee78023
3f418713
fe842783
c70397ba
07930007
11e303a0
2783fcf7
0785fe84
fef42423
fec42783
26230785
2783fef4
0713fec4
97baff04
fe078023
fe042623
2703a03d
0793fe84
24230017
2783fef4
8693fec4
26230017
8693fed4
97363f41
00074703
ff040693
862397b6
8713fce7
27833f41
97bafe84
0007c783
2783f3f9
0785fe84
fef42423
fec42783
26230785
2783fef4
0713fec4
97baff04
fc078623
fe042623
fbd44783
fd078713
078a87ba
078697ba
4783873e
8793fbe4
97bafd07
fef42223
fbc44783
03400713
6ee78c63
03400713
10f745e3
03300713
4ce78763
03300713
0ef74de3
03100713
00e78863
03200713
26e78063
0e70006f
3dc18793
c3984705
fe442703
04700793
1cf70d63
fe442703
04700793
22e7cb63
fe442703
096347cd
270300f7
0793fe44
08630460
ac3114f7
00007517
efc50513
916fb0ef
2d018793
07700713
8793c398
439c2d01
8793873e
439c78c1
85be460d
3321853a
78c18793
8713439c
87930037
c39878c1
06934701
76170640
06130000
4581ece6
d0ef4509
4685a02f
45914601
d0ef4505
4685d59f
45914609
d0ef4505
4685d4df
45914611
d0ef4505
4685d41f
45914619
d0ef4505
4685d35f
45914621
d0ef4505
4685d29f
45914629
d0ef4505
4685d1df
45914631
d0ef4505
4685d11f
45914639
d0ef4505
4685d05f
45914641
d0ef4505
4685cf9f
45914661
d0ef4505
4685cedf
45914669
d0ef4505
4685ce1f
45914671
d0ef4505
4685cd5f
45914679
d0ef4505
4685cc9f
02000613
45054591
cbbfd0ef
06134685
45910220
d0ef4505
4685cadf
04600613
45054591
c9ffd0ef
06134685
45910480
d0ef4505
4685c91f
04a00613
45054591
c83fd0ef
00008597
62c58593
00007517
de850513
fdbfa0ef
7517a8d1
05130000
a0efdee5
8793fcdf
07132d01
c3980aa0
2d018793
873e439c
78c18793
460d439c
853a85be
87933e7d
439c78c1
00378713
78c18793
7517c398
05130000
a0efdce5
4701f91f
06400693
00007617
dd060613
45094581
8acfd0ef
45054581
957fd0ef
7517a0b5
05130000
a0efdca5
8793f65f
07132d01
c3980ab0
2d018793
873e439c
78c18793
460d439c
853a85be
87933e99
439c78c1
00378713
78c18793
7517c398
05130000
a0efda65
4701f29f
06400693
00007617
da860613
45094581
844fd0ef
45054585
8effd0ef
0001a011
6900006f
3dc18793
c3984709
fe442703
04700793
1cf70d63
fe442703
04700793
22e7cb63
fe442703
096347cd
270300f7
0793fe44
08630460
ac3114f7
00007517
d6450513
ebffa0ef
2d018793
0db00713
8793c398
439c2d01
8793873e
439c78c1
85be460d
3c45853a
78c18793
8713439c
87930037
c39878c1
06934701
76170640
06130000
4581d366
c0ef4509
4685fabf
45914601
d0ef4509
4685b01f
45914609
d0ef4509
4685af5f
45914611
d0ef4509
4685ae9f
45914619
d0ef4509
4685addf
45914621
d0ef4509
4685ad1f
45914629
d0ef4509
4685ac5f
45914631
d0ef4509
4685ab9f
45914639
d0ef4509
4685aadf
45914641
d0ef4509
4685aa1f
45914661
d0ef4509
4685a95f
45914669
d0ef4509
4685a89f
45914671
d0ef4509
4685a7df
45914679
d0ef4509
4685a71f
02000613
45094591
a63fd0ef
06134685
45910220
d0ef4509
4685a55f
04600613
45094591
a47fd0ef
06134685
45910480
d0ef4509
4685a39f
04a00613
45094591
a2bfd0ef
00008597
3d458593
00007517
b9050513
d83fa0ef
7517a8d1
05130000
a0efc425
8793d75f
07132d01
c39810e0
2d018793
873e439c
78c18793
460d439c
853a85be
8793329d
439c78c1
00378713
78c18793
7517c398
05130000
a0efc225
4701d39f
06400693
00007617
c2460613
45094581
e55fc0ef
45094581
efefd0ef
7517a0b5
05130000
a0efc1e5
8793d0df
07132d01
c39810f0
2d018793
873e439c
78c18793
460d439c
853a85be
879338fd
439c78c1
00378713
78c18793
7517c398
05130000
a0efbfa5
4701cd1f
06400693
00007617
bfc60613
45094581
dedfc0ef
45094585
e96fd0ef
0001a011
8793a925
470d3dc1
2703c398
0793fe44
09630470
27031af7
0793fe44
cd630470
27031ee7
47cdfe44
00f70963
fe442703
04600793
12f70e63
7517a2c5
05130000
a0efbba5
8793c69f
07132d01
c39813f0
2d018793
873e439c
78c18793
460d439c
853a85be
85bff0ef
78c18793
8713439c
87930037
c39878c1
46014685
450d4591
8bffd0ef
46094685
450d4591
8b3fd0ef
46114685
450d4591
8a7fd0ef
46194685
450d4591
89bfd0ef
46214685
450d4591
88ffd0ef
46294685
450d4591
883fd0ef
46314685
450d4591
877fd0ef
46394685
450d4591
86bfd0ef
46414685
450d4591
85ffd0ef
46614685
450d4591
853fd0ef
46694685
450d4591
847fd0ef
46714685
450d4591
83bfd0ef
46794685
450d4591
82ffd0ef
06134685
45910200
d0ef450d
4685821f
02200613
450d4591
813fd0ef
06134685
45910460
d0ef450d
4685805f
04800613
450d4591
ff6fd0ef
06134685
459104a0
d0ef450d
8597fe8f
85930000
75171925
05130000
a0ef94e5
a075b41f
00007517
a9850513
b33fa0ef
2d018793
17200713
8793c398
439c2d01
8793873e
439c78c1
85be460d
f0ef853a
8793f24f
439c78c1
00378713
78c18793
7517c398
05130000
a0efa765
4581af5f
d0ef450d
a8a1cd0f
00007517
a7450513
adffa0ef
2d018793
17300713
8793c398
439c2d01
8793873e
439c78c1
85be460d
f0ef853a
8793ed0f
439c78c1
00378713
78c18793
7517c398
05130000
a0efa4e5
4585aa1f
d0ef450d
a011c7cf
ac390001
3dc18793
c3984711
fe442703
04700793
1af70963
fe442703
04700793
1ee7cd63
fe442703
096347cd
270300f7
0793fe44
0e630460
a2c512f7
00007517
a1050513
a4ffa0ef
2d018793
1a300713
8793c398
439c2d01
8793873e
439c78c1
85be460d
f0ef853a
8793e40f
439c78c1
00378713
78c18793
4685c398
45914601
d0ef4511
4685ea4f
45914609
d0ef4511
4685e98f
45914611
d0ef4511
4685e8cf
45914619
d0ef4511
4685e80f
45914621
d0ef4511
4685e74f
45914629
d0ef4511
4685e68f
45914631
d0ef4511
4685e5cf
45914639
d0ef4511
4685e50f
45914641
d0ef4511
4685e44f
45914661
d0ef4511
4685e38f
45914669
d0ef4511
4685e2cf
45914671
d0ef4511
4685e20f
45914679
d0ef4511
4685e14f
02000613
45114591
e06fd0ef
06134685
45910220
d0ef4511
4685df8f
04600613
45114591
deafd0ef
06134685
45910480
d0ef4511
4685ddcf
04a00613
45114591
dcefd0ef
00008597
f7858593
00006517
73450513
927fa0ef
7517a075
05130000
a0ef8ee5
8793919f
07132d01
c3981d60
2d018793
873e439c
78c18793
460d439c
853a85be
d0aff0ef
78c18793
8713439c
87930037
c39878c1
00007517
8cc50513
8dbfa0ef
45114581
ab6fd0ef
7517a8a1
05130000
a0ef8ca5
87938c5f
07132d01
c3981d70
2d018793
873e439c
78c18793
460d439c
853a85be
cb6ff0ef
78c18793
8713439c
87930037
c39878c1
00007517
8a450513
887fa0ef
45114585
a62fd0ef
0001a011
0001a011
4f018793
47854398
0cf71463
2d018793
07934398
07630770
879302f7
43982d01
0db00793
02f70063
2d018793
07934398
096313f0
879300f7
43982d01
1a300793
08f71863
78818793
e785439c
00007517
85050513
e1cfe0ef
a0ef4509
8517d3ff
05130000
e0efe565
4509e0af
d2dfa0ef
8793a099
43987881
1e634785
651702f7
05130000
e0ef5a25
4509d3df
d0dfa0ef
00008517
e2450513
d2bfe0ef
a0ef4509
8793cfbf
479cf181
853e45e9
90ffa0ef
a0ef4509
4701ce7f
86936785
6617bb87
06130000
45817ee6
c0ef4509
a0ad8dbf
4f018793
e3ad439c
78c18793
00008717
dd870713
8793c398
439c78c1
00578713
78c18793
8793c398
439c78c1
fbc44703
00e78023
78c18793
8713439c
87930017
c39878c1
00006517
7ac50513
898ff0ef
67894701
71078693
00006617
79c60613
45094581
871fc0ef
0c800613
85174581
05130000
40efd765
87932b90
871778c1
07130000
c398d667
40b60001
61614426
71798082
1800d622
fca42e23
fdc42783
fef42623
0793a829
24233e80
0001fef4
fe842783
fff78713
fee42423
2783fbf5
8713fec4
2623fff7
fff1fee4
00010001
61455432
71798082
d422d606
87931800
439c9641
05500713
c0efc398
c0efbdff
4705f6ef
86936785
66173887
06130000
458170e6
c0ef4505
0593fcef
07b70200
85130004
b0ef1087
87aae3df
14079063
06934705
66170640
06130000
45816f66
c0ef4505
4701fa2f
06400693
00006617
6f460613
45094581
f8cfc0ef
a0ef4505
4705b7bf
06400693
00006617
6ec60613
45054581
f70fc0ef
06934701
66170640
06130000
45816ea6
c0ef4509
0593f5af
07b70200
85130004
b0ef1087
87aadc9f
6517e39d
05130000
a0ef6da5
4701e08f
06400693
00006617
6d460613
45054581
f24fc0ef
45c1b7e9
000407b7
10878513
d93fb0ef
e39d87aa
00006517
6c450513
dd2fa0ef
06934701
66170640
06130000
45816be6
c0ef4505
bf51eeef
04000593
000407b7
10878513
d5bfb0ef
e39d87aa
00006517
6ac50513
d9afa0ef
06934701
66170640
06130000
45816a66
c0ef4505
bfb1eb6f
08000593
000407b7
10878513
d23fb0ef
f7a187aa
00006517
69450513
d62fa0ef
06934701
66170640
06130000
458168e6
c0ef4505
b715e7ef
06934705
66170640
06130000
458120a6
c0ef4505
0537e66f
05130003
4581af05
d27fb0ef
00006517
66c50513
d1afa0ef
0fa00613
85134581
40ef68c1
06130990
45810fa0
2e018513
08b040ef
d42fa0ef
f1818793
678943d8
58078593
a0ef853a
8793dcaf
4798f181
85936789
853a5807
db8fa0ef
f1818793
853e43dc
f6cfa0ef
f1818793
853e479c
f60fa0ef
d18fb0ef
3e818793
00078023
0fa00613
85134581
40ef68c1
06130310
45810fa0
2e018513
023040ef
0fa00613
85134581
40ef1d01
06130150
45810fa0
3f418513
007040ef
0c800613
85174581
05130000
40efab25
87937f40
871778c1
07130000
c398aa27
06934705
66170640
06130000
45815ba6
c0ef4505
4505d76f
965fa0ef
1c418793
0007a023
00008797
b3c78793
0007a023
04000593
000407b7
10878513
bcbfb0ef
996387aa
47053807
06400693
00006617
58860613
45054581
d30fc0ef
06934701
66170640
06130000
458157e6
c0ef4509
8793d1af
47054f01
6517c398
05130000
a0ef5725
6517bd4f
05130000
a0ef5925
e0efbc8f
4505b7bf
c89fc0ef
c0ef4509
4585c83f
c0ef4505
2623d95f
a8b1fe04
46314685
45054591
832fd0ef
06934705
66170640
06130000
458157a6
c0ef4505
4701cbaf
06400693
00006617
57460613
45094581
ca4fc0ef
a0c18793
47814390
07136705
4689bb87
45094595
cd2fc0ef
fec42783
26230785
2703fef4
47a5fec4
fae7d0e3
06934705
66170640
06130000
458153a6
c0ef4505
4701c62f
06400693
00006617
51c60613
45094581
c4cfc0ef
45054581
cf7fc0ef
fe042423
4685a805
45914631
c0ef4505
8793f95f
4390a0c1
67054781
bb870713
45954689
c0ef4509
2783c60f
0785fe84
fef42423
fe842703
d6e347a5
8793fce7
439c4f01
4705e7a1
06400693
00006617
4d460613
45054581
be8fc0ef
06934701
66177d00
06130000
45814ce6
c0ef4509
6517bd2f
05130000
a0ef4ce5
6517a94f
05130000
a0ef4e65
a829a88f
00006517
4b450513
a7afa0ef
00006517
4e050513
a6efa0ef
1c418793
0007a023
00008797
96c78793
0007a023
4f018793
c3984705
a0ef4505
4705f72f
06400693
00006617
4c060613
45054581
b68fc0ef
06934701
66170640
06130000
45814226
c0ef4509
4585b52f
c0ef4509
2223bfdf
a8b1fe04
46314685
45094591
e9bfc0ef
06934705
66170640
06130000
458147a6
c0ef4505
4701b22f
06400693
00006617
3dc60613
45094581
b0cfc0ef
a0c18793
47814390
07136705
4689bb87
45094595
b3afc0ef
fe442783
22230785
2703fef4
47a5fe44
fae7d0e3
06934705
66170640
06130000
45814326
c0ef4505
4701acaf
06400693
00006617
38460613
45094581
ab4fc0ef
45094581
b5ffc0ef
fe042023
4685a8b1
45914631
c0ef4509
4705dfdf
06400693
00006617
3ec60613
45054581
a84fc0ef
06934701
66170640
06130000
458133e6
c0ef4509
8793a6ef
4390a0c1
67054781
bb870713
45954689
c0ef4509
2783a9cf
0785fe04
fef42023
fe042703
d0e347a5
8793fae7
439c4f01
4705e7a1
06400693
00006617
3a060613
45054581
a24fc0ef
06934701
66170640
06130000
458130a6
c0ef4509
6517a0ef
05130000
a0ef38a5
65178d0f
05130000
a0ef3225
a8298c4f
00006517
37050513
8b6fa0ef
00006517
31c50513
8aafa0ef
1c418793
0007a023
00007797
7a878793
0007a023
4f018793
c3984705
a0ef4505
b9c1daef
839fe0ef
06934705
66170640
06130000
458134e6
c0ef4505
470199ef
06400693
00006617
34860613
45094581
988fc0ef
a0ef4515
0593d76f
07b70800
85130004
b0ef1087
87aaff0f
4705cf95
06400693
00006617
32460613
45054581
958fc0ef
00006517
32850513
81afa0ef
07b765a1
85130004
b0ef1087
8793fbcf
47057881
a82dc398
06934705
66170640
06130000
45813126
c0ef4505
651791ef
05130000
90ef3165
65a1fe1f
000407b7
10878513
f82fb0ef
78818793
0007a023
06934701
66170640
06130000
4581b8e6
c0ef4509
e0ef8e6f
4505fc8f
875fc0ef
c0ef4509
879386ff
439c7881
d0efe799
4505f33f
cb8fa0ef
8793a821
43987881
17634785
e0ef00f7
4505bb2f
ca0fa0ef
00006517
2b850513
f6ff90ef
a0ef4505
0613c8ef
45810fa0
68c18513
2e6040ef
0fa00613
85134581
40ef2e01
06132d80
45810fa0
1d018513
2ca040ef
0fa00613
85134581
40ef3f41
06132bc0
45810c80
00007517
56850513
2aa040ef
78c18793
00007717
55870713
4701c398
06400693
00006617
bd060613
45094581
82cfc0ef
004197b7
93778793
fcf42e23
78818793
9163439c
65170e07
05130000
90ef23a5
e0efed9f
8793c82f
43983e41
13634785
651706f7
05130000
90ef23e5
8593ebdf
65173f41
05130000
90efb565
6597eadf
85930000
851322a5
40ef3f41
87aa6700
e0efc399
0613b15f
45810fa0
3f418513
212040ef
3e418793
c3984709
06934701
66170640
06130000
4581b3e6
b0ef4509
a839f9bf
07b745c1
85130004
b0ef1087
87aae08f
d0efe791
4505debf
b70fa0ef
fdc42783
6517eb95
05130000
d0ef1ca5
4509c37f
b58fa0ef
00006517
1c850513
c25fd0ef
a0ef4509
97b7b46f
87930041
2e239377
bf35fcf4
fdc42783
2e2317fd
bf05fcf4
78818793
47854398
28f71763
00006517
19850513
deff90ef
b98fe0ef
3e418793
47854398
1ef71b63
00006517
15450513
dd3f90ef
3f418593
00006517
a6c50513
dc3f90ef
00006597
95858593
3f418513
586040ef
efad87aa
00006597
96058593
3f418513
572040ef
e3bd87aa
00006597
15458593
3f418513
55e040ef
cba987aa
fc042c23
8713a829
27833f41
97bafd84
0007c783
fd078713
62418793
2783c398
8713fd84
2c230017
8713fce4
97ba3f41
0007c703
02c00793
fcf717e3
00006517
10c50513
a8efe0ef
0c800513
e26ff0ef
00006597
0b458593
3f418513
4fa040ef
cb9d87aa
00006517
0ec50513
d17f90ef
3f418593
00006517
0e850513
d07f90ef
983fe0ef
00006517
a4450513
a46fe0ef
a0ef450d
a8d9a16f
00006597
0c858593
3f418513
4b2040ef
cb9d87aa
00006517
0bc50513
ccff90ef
3f418593
00006517
0a050513
cbff90ef
93bfe0ef
00006517
9fc50513
9fefe0ef
a0ef450d
a0799cef
00006597
09458593
3f418513
46a040ef
efad87aa
00006597
08c58593
3f418513
456040ef
cb8d87aa
67854701
38878693
00006617
07c60613
45094581
d99fb0ef
06934701
66170640
06130000
45819266
b0ef4509
a81dd83f
00006597
06858593
3f418513
412040ef
e38d87aa
00006597
06058593
3f418513
3fe040ef
c79987aa
00006517
97c50513
96afe0ef
0fa00613
85134581
30ef3f41
87937990
47093e41
4701c398
06400693
00006617
8c460613
45094581
d21fb0ef
0593b501
07b70200
85130004
b0ef1087
87aab8cf
de0796e3
00006517
92c50513
91afe0ef
06934701
56173e80
06130000
458178e6
b0ef4509
4701ce7f
3e800693
00005617
7a060613
45094581
cd1fb0ef
06934701
56173e80
06130000
45817ea6
b0ef4509
4701cbbf
06400693
00006617
84860613
45094581
ca5fb0ef
4781b351
50b2853e
61455422
11018082
ca26cc22
c64ec84a
c256c452
89aace06
84b2892e
228d8436
a141a703
8aaa57fd
0b638a2e
862604f7
86a28526
20ef85a2
e13967f0
854e864e
85ca86ca
671020ef
854ee549
460185ca
20ef4681
e1212620
85a28526
46814601
254020ef
8526cd35
00ef85a2
c90956f0
85a28526
46814601
34c020ef
0a054c63
446240f2
494244d2
855649b2
4a9285d2
61054a22
85568082
00ef85d2
c92153f0
85d28556
46814601
20c020ef
854ef971
00ef85ca
d5695270
85a28526
51d000ef
30efd161
079362b0
c11c0220
4a014a81
8526bf45
460185a2
20ef4681
f14d1da0
8000d7b7
f807aa83
f847aa03
854ebf51
00ef85ca
d54d4e70
85a28526
4dd000ef
8656d145
86d28556
20ef85d2
e9395ab0
5dd030ef
02200693
4601c114
854e4681
20ef85ca
41632a20
aa830205
aa038101
b7b98141
5b9030ef
8081aa83
80c1aa03
02100793
bf2dc11c
85a28526
4a7000ef
86a28626
160020ef
aa83d969
aa038081
bf3980c1
589030ef
02100793
46814601
85b6c11c
10ef8532
8aaa3f90
b7098a2e
800007b7
c7937159
c6defff7
00f6fbb3
d4a2d686
d0cad2a6
ccd2cece
c8dacad6
c2e6c4e2
de6ec0ea
00cbe733
f9b3c755
07b700b7
8b2a7ff0
8c2e8a2e
db638caa
07b70337
97cec010
0167e7b3
05b74a81
ebd13ff0
542650b6
59065496
4a6649f6
4bb64b46
4c964c26
5df24d06
4ad68556
80826165
84b28436
06f98463
fd77c3e3
7ff007b7
1cfb8163
42634901
ecd5080c
7ff007b7
14fb8763
3ff007b7
16fb8563
400007b7
14f403e3
3fe007b7
08f41f63
080c4d63
50b65426
59065496
4ad649f6
4c264bb6
4d064c96
855a5df2
4b4685d2
61654a66
1bb0006f
05b74a81
bf9d3ff0
dfe3e119
5426f979
549650b6
49f65906
4ad64a66
4bb64b46
4c964c26
5df24d06
8000d537
f4050513
006f6165
07b735f0
dd634340
07b712fb
c7633ff0
d79302fb
8793414b
4751c017
0cf75ae3
03400713
40f707b3
00f4d733
00f717b3
00979663
49098b05
40e90933
855ad8a1
00ef85d2
8aaa3050
040c8863
01fa5793
673317fd
076300f9
07370e07
586341e0
07370f77
546343f0
07b77977
d6633ff0
51630af9
a6030804
a6838381
853283c1
20ef85b6
8aaa15c0
855ab5c1
00ef85d2
8aaa2b90
0a0c9863
00098963
002a1793
07378389
93e33ff0
4b63fae7
5de30604
07b7e80c
97cec010
0127e7b3
080794e3
86ae8656
20ef8556
862a5600
10ef86ae
8aaa2150
07b7bd95
97cec010
0167e7b3
ee0786e3
3ff007b7
6ef9c363
4a8185a2
e4045ce3
45814a81
8adabd81
55e385d2
d7b7e404
a5038000
a583f807
865af847
10ef86d2
8aaa1d10
4ee3bd05
bfd9f480
8000d737
250387ae
2583f807
8656f847
10ef86be
8aaa1b10
81e3bf9d
bbe5e404
b5814909
855a865a
85d286d2
0737bfad
7a337ff0
45010147
000a1f63
8701a603
8741a683
c03e8556
076020ef
8aaa4782
051389ae
05b7fcb0
d6130010
87134149
a6b7fff5
f9b30003
061300e9
0a37c016
86933ff0
073388e6
ea3300a6
d0630149
b6b76536
8693000b
d5636796
dcb77b36
a8038000
a883f80c
0705f84c
40ba0a33
4b814b01
83de835a
86424c01
855686c6
d41a85d2
d23ad61e
c042d03e
20efc246
48024480
8e2e4892
86c68642
85d28daa
89f28556
ca46c842
2fa010ef
86ae862a
f80ca503
f84ca583
10ef4d01
862a0d90
cc2a86ae
856ec62e
c04e85ce
7c3010ef
401a5693
20000637
0e378ed1
96f20008
01868e33
86f28f2a
856a4601
8c7a89ae
10efc472
86ae79d0
862a4582
20ef856e
4e223d80
48d24842
86428f2e
86c685f2
45018daa
20efc07a
862a3c00
855686ae
20ef85d2
866a3b40
10ef86ce
4f027650
86ae862a
85fa856e
39e020ef
42b24ee2
86764d81
10ef8696
88aa7490
8662882e
856286ce
c04685ce
10efc442
a6037350
a6838781
8aaa87c1
10ef8a2e
a6037250
a6838801
10ef8841
865622c0
10ef86d2
a6037110
a6838881
10ef88c1
86562180
10ef86d2
a6036fd0
a6838901
10ef8941
86562040
10ef86d2
a6036e90
a6838981
10ef89c1
86561f00
10ef86d2
a6036d50
a6838a01
10ef8a41
88aa1dc0
8656882e
855686d2
8ac685d2
10ef8a42
862a6b50
855686ae
10ef85d2
8aaa6a90
866a8a2e
856286ce
10ef85ce
46021ac0
10ef46a2
86566910
10ef86d2
882e19c0
866a8aaa
856a86ce
8a4285ce
677010ef
8a81a603
8ac1a683
c82ece2a
17a010ef
86d28656
10efc652
8a2e1700
86ae866e
85ce856a
64f010ef
8a81a603
8ac1a683
8d2a882e
856e85d2
20efcc42
48f22800
86464e42
20ef86f2
86ae2740
862a45b2
20ef8556
86622680
10ef86ce
882a6190
450289ae
866e45a2
8a4286d2
607010ef
86ae862a
85ce8552
10e010ef
8a2a4de2
862a89ae
856a86ae
10ef85ee
a6030fc0
a6838b01
45018b41
10ef8aae
882e5d90
866a8c2a
85d686ee
8d424501
20e020ef
86ae862a
85ce8552
202020ef
8b81a603
8bc1a683
5af010ef
8c01a603
8c41a683
89ae8a2a
85d64501
59b010ef
86ae862a
85ce8552
0a2010ef
53b25322
869e861a
096010ef
8daa5712
853a8aae
7fa020ef
89ae8a2a
866e86d6
856285ea
10efc056
86de0780
10ef865a
86520700
10ef86ce
48010680
86528542
8a4286ce
20ef8aae
86de18c0
20ef865a
86ea1840
20ef8662
86ae17c0
862a4582
20ef856e
57821700
8bae8d2a
67b3197d
9f6300f9
a9032e07
a9838301
4c018341
86a28662
85a28526
14a020ef
86d68652
4fb010ef
8b2a87ae
86a28626
856a85de
10ef84be
862a4e90
855a86ae
00ef85a6
87aa7f10
86a28662
85528b2e
8abe85d6
4cb010ef
86ae862a
8a2e84aa
85da8556
7cf000ef
409007b7
8baa842e
ce638c2e
87b322f5
8fc940f5
3e079363
8c81a603
8cc1a683
85da8556
7a7000ef
87ae872a
855e8626
85a286d2
843e8bba
0c6020ef
86ae862a
85a2855e
327010ef
3aa04963
414c5793
7ff7f793
00100537
c0278793
40f557b3
d71397e2
77134147
06937ff7
0713fff5
d5b3c017
c59340e6
8dfdfff5
8ff54bd1
87338fc9
460140eb
dbb386ae
546340e7
0bb3000c
85264170
20ef85d2
862a0640
84aa86ae
85568a2e
00ef85da
9d137210
842e014b
8d81a603
8dc1a683
85a24d81
10ef856e
87ae3f50
86268c2a
85a286d2
84be856e
02a020ef
86ae862a
85da8556
01e020ef
8e01a603
8e41a683
3cb010ef
8e81a603
8ec1a683
8a2a87ae
856e85a2
10ef843e
862a3b50
855286ae
00ef85a2
8b2a6bd0
862a842e
856286ae
00ef85a6
86626ad0
8aaa86a6
10ef8a2e
862a7d50
855a86ae
10ef85a2
8c2a7c90
86568b2e
855686d2
10ef85d2
a6033710
a6838f01
84aa8f41
10ef842e
a6033610
a6838f81
10ef8fc1
862679d0
10ef86a2
a60334d0
a6839001
00ef9041
86266550
10ef86a2
a6033390
a6839081
10ef90c1
86267750
10ef86a2
a6033250
a6839101
00ef9141
862662d0
10ef86a2
862a3110
855686ae
10ef85d2
84aa74d0
862a842e
855686ae
10ef85d2
a6032f50
a6839181
872a91c1
852687ae
84ba85a2
10ef843e
862a7250
852686ae
10ef85a2
84aa3d40
8662842e
855686da
10ef85d2
86622c10
00ef86da
862a5cd0
852686ae
10ef85a2
86566f50
10ef86d2
86ae6ed0
a583862a
a503f84c
10eff80c
07b36dd0
d69300bd
872a4147
22d05063
85be853a
86ce864a
27b010ef
f06f8aaa
9793fdef
d6b70015
83854090
bff68693
18f6db63
3f6f37b7
40078793
8fc997ae
8626eb99
10ef86d2
86566950
10ef86da
4be30f90
a603dc05
a6838d01
854a8d41
10ef85ce
a6032310
a6838d01
10ef8d41
8aaa2250
f88ff06f
f80ca903
f84ca983
53e3b319
05b79204
4a818000
f06f8da1
dcb7f6ef
a8038000
a883f80c
f06ff84c
07379d7f
06933ff0
dee3ffe7
40e38736
dcb79337
a6038000
a683f80c
8556f84c
10efc03e
a6036190
a6838401
8a2a8441
10ef89ae
a6031c10
a6838481
8baa84c1
85528aae
10ef85ce
a6031ad0
a6838501
8b2e8541
85ce8c2a
10ef8552
862a1990
a50386ae
a5838581
10ef85c1
86525d10
10ef86ce
862a1810
a50386ae
a5838601
10ef8641
882a5b90
8652872e
855286ce
8a4285ce
10ef89ba
862a15d0
855286ae
10ef85ce
a6031510
a6838681
10ef86c1
862a1450
856286ae
10ef85da
862a5810
8b2a86ae
855e89ae
00ef85d6
480143d0
86d6865e
8a428542
10ef8aae
862a5610
855a86ae
10ef85ce
47825550
8bae8d2a
865ab6d5
86d2855a
10ef85d2
8aaa0f90
e5cff06f
f8049d63
40f707b3
40fbd733
00f717b3
95638926
8b05e977
09334909
f06f40e9
0737e7ef
4d013fe0
51e34b81
87d1ccf7
a603b9b1
a6838381
854a83c1
10ef85ce
a6030b10
a6838381
10ef83c1
8aaa0a50
e08ff06f
11634785
07b7e0f9
8dbd8000
df8ff06f
8181ab03
81c1ab83
8201a303
8241a383
8281a803
82c1a883
00040c37
8000dcb7
857ff06f
2ead865e
87ae872a
1141bbf1
7ff00737
c226c422
7633c606
84ae00b7
0563842a
86aa16e6
0eb05763
4145d613
026387ae
07371006
05930010
8fedfff7
04938fd9
9713c016
f6130017
d7930014
97ba01f6
00169713
837dc611
97ba0786
00269713
45d98485
46814e01
00200637
00c68533
01f75813
c66315fd
8f8900a7
00c506b3
07869e32
070697c2
f1ed8205
05134301
06370200
a8198000
0cd78863
01f75813
157d0786
070697c2
c9158205
00b60833
fef6d4e3
00c805b3
416388b6
8f950a08
010736b3
07338f95
58134107
078601f7
9332157d
97c286c6
82050706
8fd9f961
5513efc9
57930013
0737401e
7e133fe0
97ba001e
000e0563
80000737
04d28d59
94be842a
852240b2
85a64422
01414492
97938082
83850015
d7ed8fc9
e5d14601
00b6d713
87ba162d
db7d06d6
01475593
4581e9d1
97130786
852e00b7
5be30585
0893fe07
88360200
40b888b3
96b3873e
57b300b6
8e090118
bde18fd9
fff5c893
01f8d893
bfa198b6
f3076ae3
00c805b3
fe0846e3
478188be
57fdb7b9
04f30263
00130513
b7858105
86ae862a
6da010ef
86a68622
1e7000ef
40b2842a
44228522
85a684ae
01414492
862a8082
10ef86ae
862a3010
00ef86ae
842a7b50
b79984ae
b7150e05
08938836
557d0200
0586b759
80828185
00159513
05b78105
952e8010
8082817d
9201a503
9241a583
d6938082
71794145
7ff6f693
d606d422
d04ad226
8813ce4e
464dc016
872a87ae
d4138eae
4d6301f5
46630906
06370e08
167d0010
41065633
8dc98df1
8e3e832a
5513c5bd
7f330016
6f3300f5
056300ef
8613020f
0eb7bee6
36130004
45130016
0f37fff5
06338000
8fe940c0
410ed833
00cf7f33
0107eeb3
8000d637
00341893
d4060613
a40398b2
a4830008
867a0048
852286f6
00ef85a6
c42a0f90
4522c62e
862245b2
10ef86a6
832a21d0
50b28e2e
54925422
49f25902
85f2851a
80826145
03300893
0108df63
40000693
8e2e832a
fcd81fe3
86f6862a
0b7000ef
8e2e832a
8693b7f9
567dbed6
00d65633
00a675b3
8e3e832a
8205ddcd
00a677b3
dfad8f2a
40000f37
fff64613
00a67733
40df56b3
00d76f33
0e37b795
44938000
f6b3fffe
8ec900b4
8e2e832a
9793d2d9
83b100c5
00a7e733
40e007b3
d7378fd9
16938000
07130034
9736d407
00072903
00472983
758183b1
00080e37
01d5f5b3
01c7fe33
00be6e33
862a86f2
854a85ce
023000ef
c62ec42a
45b24522
86ce864a
147010ef
00b4fe33
01f41893
011e6e33
b705832a
d6931141
c4224145
8432c606
01569613
9793ea25
83850015
c7dd8fc9
92c1a683
9281a603
4c6010ef
869376d1
872ecb06
0ed44963
4145d793
7ff7f793
fca78793
069397a2
cd637fe0
4f6304f6
06930af0
d663fcb0
67b108d7
35078793
0487c263
8d01a803
8d41a883
0c05c963
8d01a603
8d41a683
85c68542
472010ef
a08187aa
7ff6f793
7ff00693
9be3872e
862afad7
27b586ae
442240b2
853e87aa
80820141
8381a803
83c1a883
0205c663
8381a603
83c1a683
85c68542
432010ef
40b287aa
853e4422
80820141
442240b2
853e87aa
80820141
9301a803
9341a883
05b7bfc1
15fd8010
03678793
07d28f6d
a6038fd9
a6839401
85be9441
3f2010ef
442240b2
853e87aa
80820141
442240b2
801005b7
8f6d15fd
01479593
8dd987aa
0141853e
a6038082
a6838d01
10ef8d41
40b23c00
87aa4422
0141853e
a8038082
a8839381
b72d93c1
87ae88aa
85368832
99638346
d6b72006
86938000
f063e406
67410cc5
0ae67663
0ff00713
00c73733
5533070e
96aa00e6
0006c683
02000513
06b39736
0c6340e5
97b300e5
d73300d7
183300e8
65b300d6
933300f7
589300d8
d7b30108
16130315
82410108
01035713
0315f6b3
05b3853e
06c202f6
7c638f55
974200b7
fff78513
01076763
00b77563
ffe78513
8f0d9742
031777b3
53130342
57330103
07c20317
0067e333
02e606b3
7b63863a
934200d3
fff70613
01036663
00d37463
ffe70613
8d510542
a85d4581
01000537
6ee34741
4761f4a6
e601bf99
58334705
674102c7
08e87f63
0ff00713
01077363
57334521
96ba00a8
0006c703
02000613
06b3972a
156340e6
87b308e6
45854107
01085893
01081613
57138241
f6b30103
d7b30317
06c20317
0e338f55
853e02f6
01c77c63
85139742
6763fff7
75630107
851301c7
9742ffe7
41c70733
031777b3
53130342
57330103
07c20317
0067e333
02e606b3
7b63863a
934200d3
fff70613
01036663
00d37463
ffe70613
8d510542
07378082
45410100
f6e865e3
b7954561
00d81833
00e7d5b3
00d89333
00d797b3
00e8d733
01085893
00f76633
0315f733
01081793
551383c1
d5b30106
07420315
86b38f49
852e02b7
00d77c63
85139742
6763fff5
75630107
851300d7
9742ffe5
40d706b3
0316f733
82410642
0316d6b3
88b30742
67b302d7
873600c7
0117fc63
871397c2
e763fff6
f5630107
87130117
97c2ffe6
01051593
411787b3
bdcd8dd9
14d5e263
ff636741
071302e6
35b30ff0
058e00d7
8000d737
00b6d533
e4070713
4703972a
05130007
972e0200
40e505b3
02e51163
e5e34505
b533f2f6
451300c8
bf390015
01000737
e5e345c1
45e1fce6
5333b7d1
96b300e6
633300b6
551300d3
1eb30103
d63300b6
76b300e7
97b302a6
d73300b7
683300e8
179300f7
83c10103
01085713
02a65633
8f5506c2
02c78f33
7c638e32
971a01e7
fff60e13
00676763
01e77563
ffe60e13
0733971a
76b341e7
573302a7
06c202a7
02e78633
01081793
8fd583c1
fc6386ba
979a00c7
fff70693
0067e763
00c7f563
ffe70693
1513979a
6e41010e
06938d55
7833fffe
8f9100d5
00def6b3
01055613
010ede93
02d80333
02d606b3
01035713
03d80833
97429836
03d60633
00d77363
56939672
96360107
02c7e063
d8c792e3
17fd67c1
07428f7d
00f37333
00b898b3
4581971a
e2e8f2e3
b39d157d
45014581
88b2bd21
87aa8736
9863882e
d6b71c06
86938000
f863e406
63410ac5
08667e63
0ff00313
00c37363
53334721
969a00e6
0006ce03
07139e3a
03330200
0c6341c7
95b301c7
5e330065
18b301c5
68330066
17b300be
d6130065
77330108
951302c8
81410108
0107d693
02c85833
8ed90742
03050833
0106f863
e56396c6
f3630116
96c60106
410686b3
02c6f733
83c107c2
02c6d6b3
02d506b3
01071513
f8638fc9
97c600d7
0117e563
00d7f363
8f9597c6
0067d533
80824581
01000337
66e34741
4761f666
e601b79d
58b34605
66410316
08c8f363
0ff00613
01167363
d6334721
96b200e8
0006ce03
07139e3a
03330200
196341c7
85b307c7
d7134115
95130108
81410108
0107d613
02e5f6b3
02e5d5b3
8ed106c2
02b505b3
00b6f863
e56396c6
f3630116
96c600b6
40b685b3
02e5f6b3
83c107c2
02e5d5b3
02b505b3
01069513
f8638fc9
97c600b7
0117e563
00b7f363
8f8d97c6
0637bfb1
47410100
f8c8e1e3
bfb54761
006898b3
01c5d733
006517b3
01c55e33
0108d513
02a776b3
006595b3
00be6e33
01089593
561381c1
5733010e
06c202a7
87338ed1
f86302e5
96c600e6
0116e563
00e6f363
863396c6
76b340e6
0e4202a6
010e5e13
02a65633
863306c2
e5b302c5
f86301c6
95c600c5
0115e563
00c5f363
8d9195c6
eee3b70d
6741ecd5
04e6f563
0ff00e13
00de3733
d8b7070e
d3338000
889300e6
989ae408
0008ce03
07139e3a
03330200
176341c7
e46303c7
696300b6
07b300c5
8d9540c5
00f53533
40a58833
85c2853e
08b7b579
47410100
fb16efe3
bf654761
01c65733
006696b3
00d76f33
01c5d7b3
010f5713
02e7f8b3
006595b3
01c55833
00b86833
010f1593
569381c1
16330108
15330066
d7b30065
08c202e7
00d8e6b3
02f58eb3
fc6388be
96fa01d6
fff78893
01e6e763
01d6f563
ffe78893
86b396fa
feb341d6
084202e6
01085813
02e6d6b3
eeb30ec2
85b3010e
87b602d5
00befc63
87939efa
e763fff6
f56301ee
879300be
9efaffe6
40be85b3
6ec108c2
00f8e8b3
fffe8793
00f8f833
01065693
0108d893
07338ff1
87b302f8
083302f8
88b302d8
983e02d8
01075693
f36396c2
98f600f6
17fd67c1
0106d813
06c28efd
98c28f7d
e6639736
9c630115
7a630115
063300e5
373340c7
977a00c7
40e888b3
07338732
353340e5
85b300e5
8d894115
01c597b3
00675733
00e7e533
0065d5b3
0837b38d
187d0010
77b31101
d71300b8
78330145
d89300d8
cc220146
7413078e
57137ff7
ca2601d5
d4938fd9
571301f5
f89301d6
d5937ff8
080e01f6
c84ace06
050ec64e
01076733
06b3060e
95634114
516322b4
98630ed0
65b30208
8b6300c7
85932005
e989fff6
3533962a
97ba00a6
853297aa
a8b14405
7ff00813
01069d63
7ff00413
0593aa71
0b637ff0
05b718b4
8f4d0080
069385b6
c9630380
46fd08b6
06b6c063
02000813
40b80833
010716b3
00b658b3
01061633
0116e6b3
00c03633
57338e55
962a00b7
37b3973e
97ba00a6
97138532
55630087
04051407
7ff00713
48e40563
ff8006b7
8efd16fd
00155593
97938905
8d4d01f6
d7938d5d
a20d0016
fe058693
02000893
00d756b3
88634801
08130115
05b30400
183340b8
663300b7
363300c8
8e5500c0
bf714701
36338e59
bfdd00c0
85b3cad5
e40d4088
00a7e6b3
40068c63
fff58693
9532e699
363397ba
97b200c5
0813b705
9d637ff0
87ba0105
bf398532
7ff00693
fed88be3
008006b7
86ae8fd5
03800593
06d5c463
cb6345fd
081302d5
08330200
533340d8
95b300d5
15330107
e5b30105
35330065
8d4d00a0
00d7d6b3
87b39532
363300e6
97b200c5
b7058446
fe068593
02000313
00b7d5b3
88634801
08130066
06b30400
983340d8
653300d7
353300a8
8d4d00a0
b7d94681
35338d5d
bfdd00a0
00140693
7fe6f593
e6b3e1bd
e42900a7
36068463
00c766b3
962ac285
353397ba
97aa00a6
00879713
57638532
07370007
177dff80
44058ff9
00757713
34070563
00f57713
00634691
069334d7
b5330045
97aa00a6
ae058536
8e59de99
e2060ee3
07b74481
45010040
7ff00413
0593ae29
86637ff0
962a30b6
37b3973e
973e00a6
01f71513
8d518205
00175793
b76d8436
0cd05663
08089163
00c765b3
8593d9e5
e991fff6
40c50633
00c53533
8f898f99
44058532
0813a0b1
8fe37ff0
0693dd06
c9630380
46fd08b6
06b6c063
02000813
40b80833
010716b3
00b658b3
01061633
0116e6b3
00c03633
57338e55
063300b7
873340c5
37b340e7
07b300c5
853240f7
00879713
f2075ae3
00800937
f933197d
89aa0127
0593a275
0fe37ff0
05b7f0b4
8f4d0080
bf6185b6
fe058693
02000893
00d756b3
88634801
08130115
05b30400
183340b8
663300b7
363300c8
8e5500c0
bf714701
36338e59
bfdd00c0
8833c2f9
e8154088
00a7e6b3
26068f63
fff80693
0533ea91
07b340a6
363340f7
8f9100a6
bf0584ae
7ff00313
00681f63
853287ba
7ff00413
0693a07d
89e37ff0
06b7fed8
8fd50080
081386c2
48630380
487d06d8
02d84e63
02000313
40d30333
00d55e33
00679833
00651533
01c86833
00a03533
00a86533
00d7d6b3
40a60533
40d707b3
00a63633
84468f91
bf1984ae
fe068813
02000e13
0107d833
88634301
031301c6
06b30400
933340d3
653300d7
353300a3
653300a0
468100a8
8d5db7c1
00a03533
0693bfdd
f6930014
e6b57fe6
00a7e833
00c766b3
1863e431
8a630008
87ba1a06
84ae8532
89e3bbd5
0833de06
38b340c5
86b30105
86b340e7
98934116
da630086
05330008
07b340a6
363340f7
8f9100a6
6533bfc9
006300d8
87b61805
bb6d8542
00081863
16068b63
853287ba
b12984ae
c00684e3
09b3b3f1
36b340c5
89330135
093340e7
169340d9
d8630089
09b30606
07b340a6
363340f7
89330136
84ae40c7
06090363
20ef854a
07132860
47fdff85
06e7c163
02000693
17b38e99
d6b300e9
8edd00d9
00e99533
06874e63
07938f01
467d0017
04f64563
02000713
55b38f1d
963300f5
153300e6
8e4d00e5
00a03533
d7b38d51
440100f6
e533b305
f14d0129
44014781
854ea0f9
224020ef
02050513
0513bf69
96b3fd85
450100a9
1705b775
02000593
00e6d733
87634601
061300b7
8e1d0400
00c69633
35338d51
8d5900a0
bf554781
ff8007b7
8c1917fd
b1e98ff5
853287ba
b1c9842e
853287ba
0413b975
47817ff0
97134501
5b630087
04050007
7ff00713
06e40863
ff800737
8ff9177d
01d79713
8d59810d
7ff00713
1963838d
8d5d00e4
c5094781
000807b7
44814501
01441713
7ff006b7
40f207b2
8f754462
04fe83b1
e7338fd9
49420097
49b244d2
610585ba
87ba8082
84428532
4781bd99
44814501
4781bf49
4501bfed
07b74481
b19d0040
45014781
7179bf61
0145d793
d04ad226
c85acc52
9493c462
d60600c5
ce4ed422
c65eca56
01579713
8b32892a
80b18c36
01f5da13
fa93c751
07937ff7
8b637ff0
59930cfa
048e01d5
0099e4b3
008009b7
0134e9b3
00351413
c01a8a93
57934b81
1513014c
971300cc
54930157
f59300c5
5c137ff7
c37101fc
7ff00793
10f58a63
00349513
01db5793
04b78d5d
8cc90080
003b1f93
c0158513
97934601
8fd1002b
473917fd
018a46b3
40aa85b3
10f76463
8000d737
0713078a
97bad507
8782439c
00a4e9b3
06098263
8526c89d
07c020ef
ff550793
49634771
49f502f7
ff850413
40f989b3
008494b3
013959b3
0099e9b3
00891433
c0d00593
40a58ab3
20efb785
051304a0
b7e90205
fd850493
009919b3
b7cd4401
00a4e9b3
00098c63
89a6842a
7ff00a93
bf254b8d
4a814401
bf054b85
0a934401
4b897ff0
efb3b71d
82630164
c89d060f
20ef8526
85aa0020
ff558793
49634771
46f502f7
ff858f93
95338e9d
56b301f4
e4b300db
1fb300a6
071301fb
0533c0d0
b70d40b7
10ef855a
05937cf0
b7e90205
fd858513
00ab14b3
b7c54f81
0164efb3
000f8b63
05138fda
460d7ff0
4481bded
46054501
4481bdcd
7ff00513
b5e54609
0134e663
2a999663
2bf46463
01f99613
00145713
01f41793
0019d993
00e66433
00849513
018fd893
00a8e8b3
d8338141
9e9302a9
de930108
5713010e
93130104
f4b3008f
8fc202a9
030e8633
01049993
01376733
00c77c63
0f939746
6763fff8
75630117
0f9300c7
9746ffe8
5e338f11
044202a7
77338041
867202a7
03ce8833
8f410742
01077c63
06139746
6763fffe
75630117
06130107
9746ffee
41070433
68410fc2
00cfefb3
fff80e13
010fd613
01cff733
01035f13
01c37e33
02ee03b3
03c604b3
02ef0733
03e602b3
00970633
0103d713
73639732
92c20097
01075613
62c19616
783312fd
08420057
0053f3b3
6763981e
84fe00c4
02c41e63
0307fc63
b733979a
97460067
8493943a
e663ffff
91630088
ef630288
66630067
1b6300c4
f9630086
979a0107
0067b733
84939746
943affef
41078833
b7b38c11
8c1d0107
87635ffd
5fb30e88
571302a4
74330108
867e02a4
03fe87b3
8c590442
00f47c63
86139446
6763ffff
75630114
861300f4
9446ffef
57338c1d
084202a4
01085813
02a47433
8eb387ba
044202ee
00886433
01d47c63
07939446
6763fff7
75630114
079301d4
9446ffe7
8e5d0642
01061793
571383c1
08330106
043302ef
0f3341d4
8eb302ff
0e3303c7
d79303c7
9f72010e
f46397fa
674101c7
d713983a
97420107
187d6841
0107f533
feb30542
9576010e
00e46663
1ae41063
c91d8fb2
0f939446
6163fff6
66630314
146300e4
7d6318e4
179300a3
b3330013
989a0067
ffe60f93
833e9446
00e41463
00650463
001fef93
3ff58793
0af05b63
007ff713
f713cf01
461100ff
00c70863
004f8613
01f63fb3
8fb294fe
00749713
00075863
ff0007b7
8cfd17fd
40058793
7fe00713
06f74263
003fdf93
01d49713
01f76733
0034d513
063707d2
05327ff0
542250b2
81318ff1
06fe8d5d
00d567b3
59025492
4a6249f2
4b424ad2
4c224bb2
85be853a
80826145
478115fd
86d2b3b5
8fa284ce
478d865e
0af60b63
0f634785
47890af6
f6f612e3
47014501
7ff00793
86e2b765
04b7b7cd
4f810008
460d4681
4505bfd9
07138d1d
49630380
477d08a7
04a74963
41e58593
00b497b3
00afd733
00bf95b3
35b38fd9
8fcd00b0
00a4d533
0077f713
f713cf01
461100f7
00c70863
00478713
00f737b3
87ba953e
00851713
04074963
01d51713
8f5d838d
4781810d
5705bf25
40f707b3
02000613
00f4d7b3
06634701
859300c5
973343e5
6fb300b4
3fb301f7
e7b301f0
450101f7
0537b755
47010008
7ff00793
bdfd4681
47014501
4501bf7d
47854701
867ebdc5
bd598fb2
0145d713
001007b7
d81317fd
832a0146
77138eaa
05137ff7
f8b37ff0
8f3200b7
81fd8ff5
7ff87813
1a6382fd
ee3300a7
45050068
000e1463
00e80563
15638082
8e5d00a8
fa7d4505
19e34505
97e3ff07
95e3fef8
8863ffee
f36d00d5
0068e533
00a03533
45018082
07378082
177d0010
0145d813
00b778b3
832a87aa
7ff87813
01f5d513
7ff00e93
0146d593
8e328f75
7ff5f593
186382fd
eeb301d8
846300f8
5579060e
96638082
6eb301d5
9ae300c7
1c63fe0e
e7b30408
b79300f8
e1990017
ce0d8e59
1463eb81
d96300d5
c50d0105
8082557d
c691557d
80828536
00b85463
8082d965
ff1765e3
00e89c63
fe6e61e3
ffc368e3
80824501
80824505
bfc1ffe5
fee8e0e3
82e3bfc5
fdd5fb05
bf4d4781
00100737
d813177d
78b30145
87aa00b7
7813832a
d5137ff8
0e9301f5
d5937ff0
8f750146
f5938e32
82fd7ff5
01d81863
00f8eeb3
060e8463
80824509
01d59663
00c76eb3
fe0e9ae3
04081c63
00f8e7b3
0017b793
8e59e199
eb81ce0d
00d51463
0105d963
557dc50d
557d8082
8536c691
54638082
d96500b8
65e38082
9c63ff17
61e300e8
68e3fe6e
4501ffc3
45058082
ffe58082
e0e3bfc1
bfc5fee8
fb0582e3
4781fdd5
7179bf4d
0145d793
d226d422
cc52ce4e
9493ca56
d60600c5
c85ad04a
9713c65e
842a0157
8ab689b2
da1380b1
c35901f5
7ff7fb13
7ff00793
0cfb0663
01d55793
8cdd048e
008007b7
19138cdd
0b130035
4b81c01b
014ad793
00ca9413
01579713
f5138031
da937ff7
cf5d01fa
7ff00793
10f50463
01d9d793
8c5d040e
008007b7
05138c5d
9793c015
47010039
002b9693
955a8ed9
483916fd
015a4633
00150593
0ed86d63
8000d537
0513068a
96aad8c5
86824294
00a4e933
04090f63
8526c88d
189010ef
ff550713
c76347f1
47f502e7
ff850913
94b38f99
57b30124
8cdd00f4
01241933
c0d00b13
40ab0b33
10efb79d
051315b0
b7f90205
fd850493
009414b3
b7cd4901
00a4e933
00090b63
0b13892a
4b8d7ff0
4481b781
4b854b01
4481bf25
7ff00b13
b73d4b89
013467b3
c80dcfb1
10ef8522
06931170
47f1ff55
02d7c863
07934775
8f15ff85
00f41433
00e9d733
97b38c59
071300f9
0533c0d0
b73540a7
10ef854e
05130e70
b7f10205
fd850413
00899433
b7c54781
013467b3
87cecb91
7ff00513
b719470d
45014401
bdfd4705
05134401
47097ff0
6f41bdd5
ffff0713
01095693
0107d313
00e97933
08b38ff9
08330323
8fb302f9
8eb302f6
589301f8
98f60108
02668e33
01f8f363
d2939e7a
f8b30108
783300e8
5f1300e8
08c20104
98c28c79
02868733
02890833
032f0933
00e90eb3
01085913
86b39976
746303e6
674100e9
5e9396ba
9eb60109
8f9366c1
7933fff6
783301f9
d71301f8
09420104
01f4f4b3
029783b3
92ca9942
02930833
02f707b3
02e30fb3
00f80333
0103d813
7363981a
9fb600f8
01085793
9fbe66c1
fff68793
00f87833
00f3f7b3
029403b3
983e0842
02870433
029f04b3
02ef0333
d71394a2
94ba0103
0084f363
67c19336
f6b317fd
06c200f4
00f3f7b3
96be9e16
012e3933
873396f6
9e420126
010e3833
01f70f33
010f02b3
01d6b6b3
01273733
b8338f55
80c10102
01ff3fb3
e8339726
1793010f
9742009e
e7b3971a
07260117
00f037b3
017e5e13
0172d413
01c7e7b3
169302a6
8c590077
0057e7b3
0a06da63
0017d713
8fd98b85
01f41713
80058fd9
3ff58693
0ad05063
0077f713
f713cf01
451100f7
00a70863
00478713
00f737b3
87ba943e
00741713
00075863
ff000737
8c79177d
40058693
7fe00713
0ed74e63
0037d713
01d41793
800d8fd9
01469713
06b70432
8f757ff0
8c598031
50b2067e
00c46733
54925422
49f25902
4ad24a62
4bb24b42
85ba853e
80826145
84268652
875e87ca
09634689
468d0ad7
08d70f63
17e34685
4401f6d7
a09d4781
b7dd8656
bfb985aa
8d154505
03800713
fea745e3
4963477d
859304a7
173341e5
d6b300b4
97b300a7
8f5500b7
00f037b3
54338fd9
f71300a4
cf010077
00f7f713
08634691
871300d7
37b30047
943e00f7
171387ba
48630084
17130407
838d01d4
800d8fd9
b7a94681
8f155705
02000813
00e45733
06634681
85930105
16b343e5
8fd500b4
00f037b3
44018fd9
0437b76d
47810008
7ff00693
bf194601
47814401
7ff00693
4401b731
46854781
0837b711
187d0010
77b31101
d71300b8
78330145
d89300d8
cc220146
7413078e
57137ff7
ca2601d5
d4938fd9
571301f5
d59301d6
080e01f6
c84ace06
f893c64e
06937ff8
050e7ff0
01076733
9563060e
66b300d8
e29900c7
0015c593
41140833
22959363
0f005c63
04089563
00c766b3
0813c28d
1a63fff4
962a0008
00a63533
97aa97ba
44058532
0693a895
19637ff0
771302d4
05630075
77134e07
469100f5
4ed70063
00450693
00a6b533
853697aa
0693a9c1
0ee37ff0
06b7fcd4
8f550080
03800693
0906c863
c06346fd
05930706
85b30200
16b34105
58b300b7
16330106
e6b300b6
36330116
8e5500c0
01075733
973e962a
00a637b3
853297ba
00879713
f80759e3
07130405
09637ff0
06b746e4
16fdff80
55938efd
89050015
01f69793
8d5d8d4d
0016d793
0693b7ad
0893fe08
56b30200
458100d7
01180863
04000593
41058833
010715b3
36338e4d
8e5500c0
bf794701
36338e59
bfdd00c0
0a080b63
408885b3
e6b3e40d
806300a7
86934006
e699fff5
97ba9532
00c53633
b72197b2
7ff00813
01059d63
853287ba
0693aced
8be37ff0
06b7fed8
8fd50080
059386ae
c4630380
45fd06d5
02d5cb63
02000813
40d80833
00d55333
010795b3
01051533
0065e5b3
00a03533
d6b38d4d
953200d7
00e687b3
00c53633
844697b2
8593b705
0313fe06
d5b30200
480100b7
00668863
04000813
40d806b3
00d79833
00a86533
00a03533
46818d4d
8d5db7d9
00a03533
0693bfdd
f5930014
e5a97fe6
00a7e6b3
8863e41d
66b33406
84e300c7
962ae606
353397ba
97aa00a6
00879713
5ae38532
0737e407
177dff80
44058ff9
de8db599
0a638e59
44812206
004007b7
04134501
ae397ff0
7ff00593
30b68863
973e962a
00a637b3
1513973e
820501f7
57938d51
84360017
5663b539
93630d00
66b30808
80e300c7
0813e006
1b63fff4
06330008
353340c5
8f9900c5
85328f89
a0b14405
7ff00693
dcd40fe3
03800693
0906c763
cf6346fd
05930506
85b30200
16b34105
58b300b7
16330106
e6b300b6
36330116
8e5500c0
01075733
40c50633
40e78733
00c537b3
40f707b3
97138532
5ae30087
0937d807
197d0080
0127f933
a27589aa
7ff00693
d6d40fe3
008006b7
bf698f55
fe080693
02000893
00d756b3
08634581
05930118
88330400
15b34105
8e4d0107
00c03633
47018e55
8e59b745
00c03633
0463bfdd
88330c08
e8154088
00a7e6b3
28068063
fff80693
0533ea91
07b340a6
363340f7
8f9100a6
bf0d84ae
7ff00313
00681f63
853287ba
7ff00413
0693a07d
89e37ff0
06b7fed8
8fd50080
081386c2
48630380
487d06d8
02d84e63
02000313
40d30333
00d55e33
00679833
00651533
01c86833
00a03533
00a86533
00d7d6b3
40a60533
40d707b3
00a63633
84468f91
bf2184ae
fe068813
02000e13
0107d833
88634301
031301c6
06b30400
933340d3
653300d7
353300a3
653300a0
468100a8
8d5db7c1
00a03533
0693bfdd
f6930014
e6bd7fe6
00a7e833
00c766b3
1863e431
8b630008
87ba1a06
84ae8532
8ae3b999
0833c406
38b340c5
86b30105
86b340e7
98934116
da630086
05330008
07b340a6
363340f7
8f9100a6
6533bfc9
016300d8
87b61805
b9318542
00081a63
16068c63
853287ba
041384ae
b1217ff0
b3e1deed
40c509b3
013536b3
40e78933
40d90933
00891693
0606d863
40a609b3
40f707b3
01363633
40c78933
036384ae
854a0609
140010ef
ff850713
c16347fd
069306e7
8e990200
00e917b3
00d9d6b3
95338edd
4e6300e9
8f010687
00170793
4563467d
071304f6
8f1d0200
00f555b3
00e69633
00e51533
35338e4d
8d5100a0
00f6d7b3
b6414401
0129e533
4781f14d
a0f94401
10ef854e
05130de0
bf690205
fd850513
00a996b3
b7754501
05931705
d7330200
460100e6
00b78763
04000613
96338e1d
8d5100c6
00a03533
47818d59
07b7bf55
17fdff80
8ff58c19
87bab62d
842e8532
87bab60d
be318532
7ff00413
45014781
00879713
00075b63
07130405
08637ff0
073706e4
177dff80
97138ff9
810d01d7
07138d59
838d7ff0
00e41963
47818d5d
07b7c509
45010008
17134481
06b70144
07b27ff0
446240f2
83b18f75
8fd904fe
0097e733
44d24942
85ba49b2
80826105
853287ba
bd918442
45014781
bf494481
bfed4781
44814501
004007b7
4781b18d
bf614501
00100737
fff70793
00b7f733
c59381d1
8ff5fff5
01559813
f69382d1
15637ff6
8f490008
eb094505
7ff00713
95634501
8fd100e6
00f03533
11418082
c422c606
cd29c226
41f55793
00a7c433
54938c1d
852201f5
7a9000ef
41e00713
8f0947a9
02a7c863
8f8947ad
57b30555
143300f4
852600a4
075207b2
057e83b1
40b28fd9
00a7e733
44228522
85ba4492
80820141
17b31555
852600a4
bfe94401
47814701
1141bfe5
01755713
00800637
c04a167d
0ff77913
0175d713
00a677b3
8e6dc226
0ff77713
c422c606
01f55493
078e81fd
06b3060e
946340e9
5a6312b4
e32106d0
26060c63
e68d16fd
874a97b2
00579693
0c06db63
06930705
05630ff0
06b726d7
f6137e00
16fd0017
8ff58385
a8658fd1
0ff00713
00e91c63
0ff00713
0713a06d
0be30ff0
0737fee9
8e590400
470545ed
00d5cd63
02000593
00d65733
40d586b3
00d61633
00c03633
97ba8f51
caa9bf79
412705b3
00091d63
15fdcb89
97b2e199
0693b771
1b630ff0
87b200d7
0693a8a9
0ce30ff0
06b7fed7
8fd50400
4685456d
00b54d63
02000693
d5338e8d
97b300b7
37b300d7
66b300f0
87b300f5
b7b900c6
00190593
0fe5f713
1963e339
dfd50209
97b2ca19
00579693
0006d763
fc000737
8ff9177d
f6934705
8e630077
f6931806
461100f7
18c68963
a2710791
18078063
4481de05
020007b7
0ff00713
0713aaad
87630ff0
97b216e5
872e8385
5463b7e9
eb2106d0
d261874a
ee8116fd
96938f91
dae30057
0437fa06
147d0400
893a8c7d
0593a8c5
07130ff0
0ee30ff0
45edf8b9
cd634705
059300d5
57330200
86b300d6
163340d5
363300d6
8f5100c0
874a8f99
0593bf7d
07130ff0
06e30ff0
0737f6b9
8e590400
cea1b7e9
41270533
02091063
157dcb99
07b3e509
84ae40f6
0693bf49
1c630ff0
87b200d7
bf3584ae
0ff00693
fed70be3
040006b7
486d8fd5
4d634685
069300a8
8e890200
00a7d833
00d797b3
00f037b3
00f866b3
40d607b3
0713bf7d
77130019
ef050fe7
02091463
fe45e789
44814781
08e3a849
86b3ee06
951340c7
07b30056
41e340f6
d2fdfa05
bde187b6
ee0798e3
ee0607e3
84ae87b2
8433bd31
171340c7
5e630054
04330207
84ae40f6
00ef8522
07134eb0
1433ffb5
466300e4
07330327
07054127
02000693
00e457b3
40e68733
00e41433
00803433
47018fc1
f479b559
47014781
07b7b769
17fdfc00
40e90733
bd858fe1
b5b5874a
bb6d87b2
0ff00713
96934781
db630057
07050006
0ff00693
02d70f63
fc0006b7
8ff516fd
0ff00693
1663838d
c78100d7
004007b7
40b24481
05374422
075e7f80
8f6907a6
951383a5
8fd901f4
49024492
01418d5d
47818082
1101b7f1
5493ca26
c84a0175
c452c64e
00951993
cc22ce06
f493c256
8a2e0ff4
0099d993
01f55913
0793c4a5
8e630ff0
098e06f4
040007b7
00f9e9b3
f8148493
57934a81
1413017a
f793009a
80250ff7
01fa5a13
0713c7ad
8e630ff0
040e06e7
04000737
87938c59
4681f817
002a9613
8c9d8e55
47b9167d
01494533
06c7e663
8000d7b7
dc878793
963e060a
8782421c
02098463
00ef854e
07933b30
0493ffb5
99b3f8a0
8c8900f9
0493bf61
4a890ff0
f80989e3
b7714a8d
4a854481
c015b759
00ef8522
07933870
1433ffb5
079300f4
8f89f8a0
0793bf59
46890ff0
468dd841
4781b771
b7594685
00541593
0c89fb63
468114fd
0105d413
0289d8b3
17fd67c1
82c18fed
0289f733
88338646
07420317
7c638f55
972e0107
fff88613
00b76763
01077563
ffe88613
0733972e
58334107
77330287
86b30287
17930307
87420107
00d7fc63
071397ae
e763fff8
f56300b7
071300d7
97aeffe8
01061413
8c598f95
00f037b3
87138c5d
586307f4
779308e0
c7990074
00f47793
83634691
041100d7
00441793
0007d863
f80007b7
8c7d17fd
08048713
0fe00793
c563800d
075e04e7
7f8007b7
8f7d0426
8c598025
40f2057e
44628d41
494244d2
4a2249b2
61054a92
96938082
d99301f9
b72d0019
844e854a
478d86d6
06f68263
85634785
478906f6
f8f693e3
07134401
bf550ff0
b7d58552
00400437
468d4501
4785bfe9
476d8f99
04f74263
09e48493
00f457b3
00941433
00803433
77938c5d
c7990074
00f47793
83634711
041100e7
00541793
dc63800d
44010007
b7a54705
00400437
0ff00713
bfb14501
47014401
0737bf99
177d0080
01755693
00a77833
0175d613
01f55793
0ff6f693
0ff00513
76138f6d
81fd0ff6
00a69563
14634505
05130208
14630ff0
450500a6
4505ef09
00c69b63
00e81963
00b78663
3533e689
80820100
80824501
01755693
008007b7
d71317fd
f6930175
08130ff6
f6330ff0
771300a7
8fed0ff7
81fd817d
01069563
5579c239
13638082
ffe50107
e311ee9d
ca01cb8d
00b51463
00d75963
557dc10d
557d8082
852ec591
d4638082
d96500e6
e5e38082
6ce3fec7
4501fef6
45058082
de658082
02e3bfe1
f769fcd7
b7d9dbe1
01755693
008007b7
d71317fd
f6930175
08130ff6
f6330ff0
771300a7
8fed0ff7
81fd817d
01069563
4509c239
13638082
ffe50107
e311ee9d
ca01cb8d
00b51463
00d75963
557dc10d
557d8082
852ec591
d4638082
d96500e6
e5e38082
6ce3fec7
4501fef6
45058082
de658082
02e3bfe1
f769fcd7
b7d9dbe1
c84a1101
01755913
c64eca26
1493c452
ce060095
c256cc22
0ff97913
80a58a2e
01f55993
06090663
0ff00793
06f90f63
07b7048e
8cdd0400
f8190913
57934a81
1413017a
f793009a
80250ff7
01fa5a13
0713c7b5
8f630ff0
040e06e7
04000737
87938c59
4701f817
002a9693
97ca8ed9
45b916fd
0149c533
00178613
06d5e563
8000d7b7
e0478793
96be068a
8782429c
8526c09d
025000ef
ffb50793
f8a00913
00f494b3
40a90933
0913bf51
4a890ff0
4a8dd4d9
4901b769
b7514a85
8522c015
7f8000ef
ffb50793
00f41433
f8a00793
bf518f89
0ff00793
d4594709
b769470d
47054781
6741b751
fff70893
0104d693
01045593
0114f4b3
01147433
02940833
02868433
02b686b3
029585b3
01085493
94ae95a2
0084f363
f73396ba
07420114
01187833
14139742
80c10067
00803433
94b68369
049a8f41
00e4e433
00449713
06075763
00145793
8c5d8805
07f60713
06e05163
00747793
7793c799
469100f4
00d78363
17930411
d8630044
07b70007
17fdf800
07138c7d
07930806
800d0fe0
06e7dd63
07134401
a8850ff0
8426854e
47898756
fef708e3
0b63478d
478504f7
faf716e3
47014401
8552a889
863eb7dd
4785bf71
476d8f99
fef746e3
09e60613
00f457b3
00c41433
00803433
77938c5d
c7990074
00f47793
83634711
041100e7
00541793
d0e3800d
4401fc07
a0314705
00400437
0ff00713
075e4501
7f8007b7
8f7d0426
8c598025
40f2057e
44628d41
494244d2
4a2249b2
61054a92
06b78082
11410080
561316fd
d8930175
f7b30175
c22600a6
c04a8eed
0ff67613
01f55493
0ff8f893
c422c606
0ff00513
078e8932
81fd8746
9363068e
e29900a8
0015c593
41160833
12959263
07005d63
04089263
26068e63
1663187d
97b60208
96938732
dd630057
07050c06
0ff00693
26d70663
7e0006b7
0017f613
838516fd
8fd18ff5
0713a875
1c630ff0
071300e6
a07d0ff0
0ff00713
fee60be3
04000737
45ed8ed9
ce634705
07130105
d5b30200
08330106
96b34107
36b30106
e73300d0
97ba00d5
0a63bf71
85b30408
ee0940c8
20078263
e19915fd
b76197b6
0ff00613
00c89b63
b76587b6
0ff00613
fec88ce3
04000637
456d8fd1
4d634605
061300b5
8e0d0200
00b7d533
00c797b3
00f037b3
00f56633
00d607b3
0593b7a9
f7130016
ef0d0fe5
8763ea0d
ca991a07
969397b6
d7630057
07370006
177dfc00
47058ff9
0077f693
18068d63
00f7f693
88634611
079118c6
d7d9a269
aa09da9d
0ff00713
16e58c63
838597b6
bfd9872e
07005763
04089b63
d6e98732
1d63187d
8f950008
00579693
fa06dee3
04000437
8c7d147d
a8e5893a
0ff00593
0ff00713
fab602e3
470545ed
0105ce63
02000713
0106d5b3
41070833
010696b3
00d036b3
00d5e733
87328f99
0593bf75
07130ff0
09e30ff0
0737f6b6
8ed90400
0c63b7e1
85330408
ee1940c8
157dcfb9
87b3e509
84ae40f6
0613bf41
9c630ff0
87b600c8
bd4184ae
0ff00613
fec88be3
04000637
486d8fd1
4d634605
061300a8
8e090200
00a7d833
00c797b3
00f037b3
00f86633
40c687b3
0713bf7d
77130016
ef1d0fe7
e781e60d
87b6c285
8de3a819
8633ee06
151340d7
56630056
87b30005
84ae40f6
e671b5d5
44814781
99e3a8ad
fac1ee07
07b74481
07130200
a0a50ff0
40d78433
00541713
02075d63
40f68433
852284ae
07132901
1433ffb5
466300e4
07330327
07054127
02000693
00e457b3
40e68733
00e41433
00803433
47018fc1
f861b561
47014781
07b7b74d
17fdfc00
40e90733
bd8d8fe1
b5bd8732
b5ad87b6
0ff00713
96934781
db630057
07050006
0ff00693
04d70163
fc0006b7
8ff516fd
0ff00693
1663838d
c78100d7
004007b7
40b24481
05374422
075e7f80
8f6907a6
951383a5
8fd901f4
49024492
01418d5d
87b28082
4781bd11
0637b7e1
57130080
07930175
7713fff6
05930ff7
8fe907e0
01f55693
04e5f163
09d00593
00e5f863
80000537
fff54513
80829536
00c7e533
09500793
00e7da63
f6a70713
00e51533
0533ce81
808240a0
09600793
40e78733
00e55533
4501b7f5
11418082
c422c606
c555c226
41f55793
00a7c433
54938c1d
852201f5
07932cc5
872a09e0
40a78533
09600793
02a7c463
d56347a1
176100e7
00e41433
055e0426
8c498025
01f49513
8d4140b2
44924422
80820141
09900793
00a7dd63
8f994795
01b70693
00f457b3
00d41433
00803433
47958c5d
00e7d663
ffb70793
00f41433
fc0007b7
769317fd
8fe10074
883dc691
03634691
079100d4
00579693
0006da63
fc0006b7
041316fd
8ff509f0
40e40533
0037d413
4481b761
b7494401
c4221141
842ac606
cd194781
07932491
8f8909e0
09600713
02f74163
55634721
156100a7
00a41433
80250426
01779513
8d4140b2
01414422
07138082
5d630990
071300f7
469501b5
00e41733
37338e89
543300e0
8c5900d4
56634715
071300a7
1433ffb5
073700e4
177dfc00
00747693
c6918f61
4691883d
00d40363
16930711
d9630057
07b70006
17fdfc00
07938f7d
8f8909f0
00375413
5793bf41
11410175
0ff7f793
c226c422
00951413
01f55493
00178513
7513c606
80250fe5
8513c50d
57933807
04760034
055207b2
8fc983b1
01f49513
e73340b2
852200a7
44924422
014185ba
eb958082
8522d065
47a92295
00a7cf63
8f8947ad
01550713
00f457b3
00e41433
38900713
40a70533
0793bf75
17b3ff55
440100f4
4781b7f5
5793c419
07370034
04760008
05138fd9
bf697ff0
00c59613
0145d813
01d55793
7ff87813
8e5d8225
00180793
7fe7f793
171381fd
c3d10035
c8080693
0fe00793
08d7cb63
06d04263
ca6357a5
07b70cf6
45790080
8d158e5d
c36347fd
081302a7
17b3c828
37b30107
163300f0
55330106
8fd100a7
46818fc9
0077f713
a055c325
86b357f9
079340d7
56b30200
488100d6
00f50663
ca280813
010618b3
00e8e7b3
00f037b3
bfc18fd5
3533051a
060e00a0
01d75793
8fd18e49
67b3b7c1
156300e6
37b30008
bf4500f0
0ff00693
060ecb81
020007b7
4781b7cd
0ff00693
00579713
00075b63
07130685
83630ff0
073704e6
177dfc00
07138ff9
838d0ff0
00e69663
07b7c781
45810040
7f800537
07a606de
83a58ee9
95138fd5
8d5d01f5
47858082
f7134681
461100f7
fac70ae3
b77d0791
b7d14781
766367c1
079302f5
b7b30ff0
078e00a7
8000d737
02000693
55338e9d
079300f5
953ee407
00054503
40a68533
07378082
47c10100
fce56ee3
bfd947e1
9d41a503
433d8082
7363872a
779302c3
efbd00f7
7693e5ad
8a3dff06
c30c96ba
c70cc34c
0741c74c
fed76be3
8082e211
40c306b3
0297068a
96960000
00a68067
00b70723
00b706a3
00b70623
00b705a3
00b70523
00b704a3
00b70423
00b703a3
00b70323
00b702a3
00b70223
00b701a3
00b70123
00b700a3
00b70023
f5938082
96930ff5
8dd50085
01059693
b7618dd5
00279693
00000297
82869696
fa8680e7
17c18096
963e8f1d
f8c374e3
67b3b7a5
8b8d00b5
4198efb1
7f7f86b7
f7f68693
00d777b3
8fd997b6
567d8fd5
04c79b63
587d862a
41d8c218
06110591
00d777b3
8fd997b6
87e38fd5
c783ff07
c7030005
c6830015
00230025
c79900f6
00e600a3
0123c701
e29100d6
01a38082
80820006
c70387aa
07850005
8fa30585
fb75fee7
862a8082
0113b7d9
2423bb01
22234481
2e234491
24234331
26234381
20234411
2c234521
2a234341
28234351
26234361
22234371
20234391
2e2343a1
478541b1
842a89b6
84b28c2e
2ed7f063
4d854601
5cfd4685
8db3a809
863e4197
07b34685
f76300d6
87330337
97360194
00f485b3
0005c583
00074703
fce5efe3
14e58663
46858cb2
07b30605
4d8500d6
fd37ede3
48054581
557d4605
a8094705
40a70833
460585ba
00c58733
03377763
00c487b3
00e486b3
c68397aa
c7830006
efe30007
8763fcd7
852e10f6
05854605
00c58733
6de34805
0505fd37
64630c85
8dc20195
081c8caa
41010713
0137a023
1de30791
8913fef7
85b3fff9
87260099
01248633
00098f63
00074783
41010513
40e606b3
97aa078a
a0230705
95e3c0d7
8666fee5
01b485b3
26658526
12051563
4a056b85
fffc8793
800b8b93
4d014b01
419a0a33
8ab3c63e
ebb341b9
05b30179
87b301a4
c7830125
07130007
078a4101
a78397ba
cbbdc007
000b0563
01b7f363
9d3e87d6
07b34b01
fae3413c
0533fda7
85de0184
9c2a29cd
413c07b3
fda7f1e3
20834501
240344c1
24834481
29034441
29834401
2a0343c1
2a834381
2b034341
2b834301
2c0342c1
2c834281
2d034241
2d834201
011341c1
80824501
14dd8b63
bd410685
15060463
b5f90605
f3638766
875a016c
03277063
01a707b3
00e48833
468397a2
c7830008
93630007
070504f6
ff2764e3
88664732
019b6663
0d63a01d
872a0367
01a707b3
00e486b3
c68397a2
c7830006
08130007
05130017
80e3fff7
0613fef6
6e63001b
9d6e00c8
bf258b56
9d3a9d52
bf054b01
0613885a
76e3001b
852efec8
8ab3bf3d
ef634199
6b050b9a
0b134a05
0a85800b
0a334b81
5d7d419a
0169eb33
01740633
012607b3
0007c783
41010713
97ba078a
c007a783
9bbecf85
413c07b3
ff77f0e3
01840533
2ee185da
07b39c2a
e5e3413c
0633ef77
07b30174
c7830126
07130007
078a4101
a78397ba
f7f1c007
e6638766
a015012c
70630705
07b30327
88330177
97a200e4
00084683
0007c783
fef684e3
9bba9bd2
8793b755
9563fffc
a80d01a7
03a78863
01778733
00f486b3
c6839722
47030006
17fd0007
fee684e3
bfad9bd6
b7918ae6
460595b2
966eb361
bb354685
b5a58532
4c814d85
711dbb5d
caa6cca2
c8cace86
c4d2c6ce
84aec2d6
0005c583
cddd842a
0014c683
12068163
0024c703
c603c371
0d630034
c7831006
cfe90044
246d8526
6593892a
85222005
6c632609
07930f25
e3630fe0
09b31527
06134125
05930400
850a0019
f0ef99a2
0563b59f
76130209
87260ff9
009905b3
47839626
00880007
40e606b3
03f7f793
070597aa
fcd78023
fee595e3
8a936a85
147d800a
012407b3
0007c783
f7930098
97ba03f7
fc07c503
f663942a
a0d10089
e0639452
07b30c89
c7830124
00980007
f7938522
97ba03f7
85a6864a
fc07ca03
fd7920f9
852240f6
44d64466
49b64946
4a964a26
80826125
470305c2
8dd50005
a0114781
07c28436
c3218fd9
00144703
00140693
fef598e3
b7e9147d
01069793
468305e2
8fcd0005
07228fd1
ce918fd9
a0194701
06e78363
07228522
8f550405
00044683
8a63fae5
440104e7
284dbf61
bf49842a
01859793
01069593
8fcd0722
46838fd9
47010005
8432a011
07228f55
4683dee9
06130014
98e30014
1479fee7
8533b795
47830129
d3e10005
22d185d6
f8e399aa
4401f089
0413b7b1
b799ffd5
86ca85aa
86268522
842a3e3d
478dbf25
02c7f063
00b567b3
468d8b8d
4118ef9d
1c63419c
167102f7
05910511
fec6e9e3
fff60693
0685c20d
a01996ae
00d58d63
00054783
0005c703
05850505
fee788e3
40e78533
45018082
06938082
bfe1fff6
0ff5f693
00357793
cb91cad1
00054783
8463c7c1
050508d7
00357793
f593fbe5
97930ff5
8ddd0085
93134118
63330105
083700b3
4633feff
081300e3
07b3eff8
05b30106
46130107
4713fff6
8ff1fff7
88b78f6d
8fd98080
08088893
0117f7b3
4158e39d
46330511
07b30067
05b30107
47130106
4613fff7
8ff9fff6
8fd18e6d
0117f7b3
4783dff9
c7990005
06f68163
00154783
fbfd0505
80824501
4783cb81
dfe50005
77930505
fbf50035
06374118
0613feff
07b3eff6
86b700c7
47138080
8ff9fff7
08068693
eb918ff5
05114158
00c707b3
fff74713
8ff58ff9
4783dbe5
dfc50005
00154783
ffed0505
80828082
00357793
ef95872a
7f7f86b7
f7f68693
431055fd
77b30711
97b600d6
8fd58fd1
feb789e3
ffc74683
ffd74603
ffe74783
c68d8f09
3533c20d
953a00f0
80821579
4783d6e1
07050007
00377693
8f09fbf5
fff70513
05138082
8082ffd7
ffc70513
862a8082
00b606b3
87b2852e
a811e589
87630785
c70300f6
fb7d0007
40c78533
80828082
00000000
7478650a
74636172
5f65695f
65646f63
746e6520
64657265
0000000a
65637865
6f697470
6f63206e
3d206564
0a782520
00000000
72747865
5f746361
635f6569
2065646f
74697865
000a6465
6665640a
746c7561
6e61685f
72656c64
746e6520
64657265
0000000a
6e61680a
5f656c64
70617274
746e6520
64657265
0000000a
6172540a
6d203a70
73756163
203d2065
202c7825
20637065
7825203d
0000000a
657a6973
7528666f
70746e69
20297274
25203d20
000a2064
72756f53
6f206563
72542066
203a7061
65746e49
70757272
00000a74
72756f53
6f206563
72542066
203a7061
74666f53
65726177
0000000a
646e6168
745f656c
20706172
74697865
000a6465
6170200a
2063696e
0000000a
6c756e28
0000296c
ffff50aa
ffff50ec
ffff537c
ffff51a6
ffff537c
ffff537c
ffff537c
ffff537c
ffff537c
ffff5098
ffff537c
ffff537c
ffff528e
ffff537c
ffff537c
ffff537c
ffff50be
ffff537c
ffff521a
ffff537c
ffff537c
ffff5302
70617274
696e695f
6e652074
65726574
200a2064
00000000
70617274
696e695f
78652074
64657469
00200a20
74696e69
746e6520
64657265
00200a20
74696e69
69786520
0a646574
00000000
00000000
72646461
25203d20
61642078
3d206174
0a782520
00000000
9abcaf48
3e7ad7f2
6e6f630a
75676966
635f6572
746e756f
65207265
7265746e
000a6465
6d69746d
706d6365
6c617620
3d206575
0a642520
00000000
6d69746d
61762065
2065756c
6425203d
0000000a
6e6f630a
75676966
635f6572
746e756f
65207265
65746978
00000a64
63616d0a
6c635f68
5f746e69
646e6168
2072656c
65746e65
0a646572
00000000
6d69746d
706d6365
6c617620
3d206575
0a782520
00000000
6d69746d
61762065
2065756c
7825203d
0000000a
6863616d
696c635f
685f746e
6c646e61
65207265
65746978
00000a64
746e690a
75727265
635f7470
6c706d6f
20657465
65746e65
0a646572
00000000
65746e69
70757272
64692074
2c642520
61747320
63206574
676e6168
74206465
6425206f
0000000a
65746e69
70757272
64692074
25203d20
200a2078
65736572
6f742074
66656420
746c7561
6c617620
20736575
74617473
203d2065
09207825
0a202009
69727020
7469726f
203d2079
200a7825
6e756f63
203d2074
000a7825
65746e69
70757272
6f635f74
656c706d
65206574
65746978
00000a64
746e690a
75727265
635f7470
6d69616c
7165725f
74736575
746e6520
64657265
0000000a
65746e69
70757272
64692074
78255b20
6c63205d
656d6961
61202064
64612074
73657264
78252073
0000000a
65746e69
70757272
6c635f74
5f6d6961
75716572
20747365
74697865
000a6465
63616d0a
6c705f68
685f6369
6c646e61
65207265
7265746e
000a6465
65746e69
70757272
64692074
616c6320
64656d69
25203d20
00000a78
61746146
7265206c
2c726f72
746e6920
75727265
69207470
255b2064
63205d78
6d69616c
69206465
72772073
0a676e6f
00000000
65746e69
70757272
64692074
20642520
706d6f63
6574656c
00000a20
63616d0a
6c705f68
685f6369
6c646e61
65207265
65746978
00000a64
7273690a
6665645f
746c7561
746e6520
64657265
0000000a
65746e69
70757272
255b2074
73205d64
69767265
0a646563
00000000
7273690a
6665645f
746c7561
69786520
0a646574
00000000
746e690a
75727265
655f7470
6c62616e
6e652065
65726574
000a2064
65746e69
70757272
64695f74
25203d20
00000a78
43494c50
53414220
44412045
53455244
203d2053
202c7825
43494c50
414e4520
20454c42
5346464f
3d205445
0a782520
00000000
65746e69
70757272
6e655f74
656c6261
6464615f
203d2072
63207825
65727275
765f746e
65756c61
25203d20
000a2078
756c6176
65722065
203a6461
5f77656e
756c6176
203d2065
000a7825
746e690a
75727265
655f7470
6c62616e
78652065
64657469
00000a20
746e690a
75727265
645f7470
62617369
6520656c
7265746e
0a206465
00000000
43494c50
53414220
44412045
53455244
203d2053
202c7825
43494c50
414e4520
20454c42
5346464f
3d205445
20782520
65746e69
70757272
64695f74
25203d20
00000a78
65746e69
70757272
69645f74
6c626173
64615f65
3d207264
20782520
72727563
5f746e65
756c6176
203d2065
0a207825
00000000
65746e69
70757272
69645f74
6c626173
78652065
64657469
0000000a
7465730a
746e6920
75727265
745f7470
73657268
646c6f68
746e6520
64657265
0000000a
63696c70
72687420
6f687365
7320646c
74207465
6425206f
0000000a
20746573
65746e69
70757272
68745f74
68736572
20646c6f
74697865
000a6465
6573200a
6e692074
72726574
20747075
6f697270
79746972
746e6520
64657265
0a782520
00000000
65746e69
70757272
72705f74
69726f69
615f7974
65726464
3d207373
0a782520
00000000
72727563
20746e65
61746164
20746120
65746e69
70757272
72705f74
69726f69
615f7974
65726464
3d207373
0a782520
00000000
77656e20
74616420
74612061
746e6920
75727265
705f7470
726f6972
5f797469
72646461
20737365
7825203d
0000000a
20746573
65746e69
70757272
72702074
69726f69
65207974
65746978
00000a64
6e6f630a
75676966
69206572
7265746e
74707572
6e697020
746e6520
64657265
0000000a
4f495047
52494420
49544345
52204e4f
53494745
20524554
554c4156
203d2045
000a7825
61746144
69727720
6e657474
206f7420
4f495047
52494420
49544345
43204e4f
204c5254
20474552
7825203d
0000000a
666e6f63
72756769
6e692065
72726574
20747075
206e6970
74697865
000a6465
696c700a
6e695f63
65207469
7265746e
000a6465
69737341
64656e67
63616d20
6c705f68
685f6369
6c646e61
74207265
7274206f
69207061
203a2064
000a6425
2a2a2a0a
2a2a2a2a
2a2a2a2a
2a2a2a2a
2a2a2a2a
2a2a2a2a
2a2a2a2a
2a2a2a2a
2a2a2a2a
2a2a2a2a
2a2a2a2a
2a2a2a2a
0000002a
746e690a
75727265
69207470
203d2064
0a207825
65736572
6f742074
66656420
746c7561
6c617620
20736575
74617473
203d2065
09207825
20200909
6972700a
7469726f
203d2079
630a7825
746e756f
25203d20
09200a78
20200909
2a2a2a0a
2a2a2a2a
2a2a2a2a
2a2a2a2a
2a2a2a2a
2a2a2a2a
2a2a2a2a
2a2a2a2a
2a2a2a2a
2a2a2a2a
2a2a2a2a
2a2a2a2a
00002a2a
63696c70
696e695f
78652074
64657469
00000a20
6e6f630a
75676966
695f6572
7265746e
74707572
746e6520
64657265
00000a20
666e6f63
72756769
6e695f65
72726574
20747075
74697865
0a206465
00000000
7265500a
20646f69
69676552
72657473
6c615620
68206575
65686769
68742072
6d206e61
76207861
65756c61
78252820
00000029
6550200a
646f6972
67655220
65747369
666f2072
646f6d20
20656c75
626d756e
25207265
65732064
6f742074
00782520
7475440a
65522079
74736967
56207265
65756c61
67696820
20726568
6e616874
78616d20
6c617620
28206575
00297825
7544200a
52207974
73696765
20726574
6d20666f
6c75646f
756e2065
7265626d
20642520
20746573
25206f74
00000078
6e6f430a
6c6f7274
67655220
65747369
61562072
2065756c
68676968
74207265
206e6168
2078616d
756c6176
25282065
00002978
6f43200a
6f72746e
6552206c
74736967
6f207265
6f6d2066
656c7564
6d756e20
20726562
73206425
74207465
7825206f
00000000
7552200a
6e696e6e
6e692067
6e6f6320
756e6974
2073756f
65646f6d
302f3128
25203a29
00000064
6f6c430a
52206b63
73696765
20726574
756c6156
69682065
72656867
61687420
616d206e
61762078
2065756c
29782528
00000000
6c41200a
6572206c
74736967
20737265
6d20666f
6c75646f
756e2065
7265626d
20642520
61656c63
00646572
6c41200a
6552206c
74736967
76207265
65756c61
666f2073
6c6c6120
646f6d20
73656c75
656c6320
64657261
00000000
7543200a
6e657272
6f4d2074
656c7564
20736920
20746573
50206f74
6d204d57
0065646f
7543200a
6e657272
6f4d2074
656c7564
20736920
20746573
74206f74
72656d69
636e6f20
6e6f2065
6d20796c
0065646f
7543200a
6e657272
6f4d2074
656c7564
20736920
20746573
74206f74
72656d69
6e6f6320
756e6974
2073756f
65646f6d
00000000
5750200a
6f6d204d
656c7564
6d756e20
20726562
68206425
62207361
206e6565
65746e65
00646572
5750200a
6f6d204d
656c7564
6d756e20
20726562
6e206425
6520746f
7265746e
00006465
7245200a
20726f72
73206e69
69747465
6320676e
6b636f6c
67657220
65747369
00000072
7245200a
20726f72
73206e69
69747465
6420676e
20797475
69676572
72657473
00000000
7245200a
20726f72
73206e69
69747465
7020676e
6f697265
65722064
74736967
00007265
4d57500a
20642520
63637573
75667365
20796c6c
666e6f63
72756769
00006465
5750200a
6f6d204d
656c7564
6d756e20
20726562
68206425
62207361
206e6565
706f7473
00646570
6568540a
6c617620
6f206575
65702066
646f6972
67657220
65747369
73692072
00782520
6568540a
6c617620
6f206575
75642066
72207974
73696765
20726574
25207369
00000078
6568540a
6c617620
6f206575
6f632066
6f72746e
6572206c
74736967
69207265
78252073
00000000
6568540a
6c617620
6f206575
6c632066
206b636f
69676572
72657473
20736920
00007825
69737341
64656e67
73756320
5f6d6f74
6e696c63
61685f74
656c646e
6f742072
61727420
64692070
25203a20
00000a64
63656843
676e696b
20666920
38347372
69742035
6f64656d
0a3f7475
00000000
656d6954
2074756f
6d6f7266
61657220
676e6964
6e756620
6f697463
00000a6e
38345352
70612035
63696c70
6f697461
6f6d206e
656c7564
696e6920
00000a74
2d2d2d2d
74654d2d
49207265
64252064
494e493a
20262054
2d46464f
2d2d2d2d
0000000a
2d2d2d2d
2d2d2d2d
74654d2d
49207265
64252064
4c45523a
4f205941
2d2d2d4e
2d2d2d2d
000a2d2d
2d2d2d2d
2d2d2d2d
74654d2d
49207265
64252064
4c45523a
4f205941
2d2d4646
2d2d2d2d
0a2d2d2d
00000000
2d2d2d2d
2d2d2d2d
6574654d
64492072
3a642520
414c4552
72452059
2d726f72
2d2d2d2d
000a2d2d
20525349
6c6c6163
000a6465
2d2d2d2d
64616552
20676e69
6574654d
64492072
2064253a
2d2d2d2d
0000000a
3d207325
00000020
20666c25
0000000a
0a666c25
00000000
656d614e
20666f20
61726170
6574656d
6f6e2072
6f662074
20646e75
0000000a
ffff7b0e
ffff824c
ffff7b68
ffff824c
ffff7bc2
ffff824c
ffff7c1c
ffff824c
ffff7c74
ffff824c
ffff7ccc
ffff824c
ffff7d24
ffff824c
ffff7d7c
ffff824c
ffff7dd4
ffff824c
ffff824c
ffff824c
ffff824c
ffff824c
ffff824c
ffff824c
ffff7e2c
ffff824c
ffff7e84
ffff824c
ffff7edc
ffff824c
ffff7f8c
ffff824c
ffff7fe4
ffff824c
ffff803c
ffff824c
ffff824c
ffff824c
ffff824c
ffff824c
ffff824c
ffff824c
ffff824c
ffff824c
ffff824c
ffff824c
ffff824c
ffff824c
ffff824c
ffff824c
ffff824c
ffff824c
ffff824c
ffff824c
ffff824c
ffff824c
ffff824c
ffff824c
ffff824c
ffff824c
ffff824c
ffff824c
ffff824c
ffff824c
ffff824c
ffff824c
ffff824c
ffff824c
ffff824c
ffff824c
ffff7f34
ffff824c
ffff8094
ffff824c
ffff80ec
63656843
6f6d206b
656c7564
65727020
746e6573
0000000a
522b5441
00005453
00005441
30455441
00000000
472b5441
0000524d
00004b4f
64616572
6f726620
7365206d
36323870
73252036
0000000a
4f525245
00000052
64616572
65786520
65747563
000a2064
6e6e6f43
69746365
202e676e
20202020
00000000
45534552
00000a54
4f484345
46464f20
0000000a
6e6e6f43
69746365
2e2e676e
20202020
00000000
532b5441
5045454c
0000303d
45454c53
4f4d2050
44204544
42415349
0a44454c
00000000
432b5441
54554157
4e4f434f
00313d4e
4f545541
4e4f4320
5443454e
414e4520
44454c42
0000000a
6e6e6f43
69746365
2e2e676e
2020202e
00000000
432b5441
554d5049
00303d58
0a58554d
00000000
432b5441
54535049
3d545241
50435422
31222c22
312e3239
342e3836
2c22312e
00003038
00007325
4e4e4f43
00000000
45524c41
00594441
6e6e6f43
65746365
20202164
20202020
00000000
20202020
20202020
20202020
20202020
00000000
4450492b
0000302c
61746144
6f726620
6c63206d
746e6569
203a3020
000a7325
4450492b
0000312c
61746144
6f726620
6c63206d
746e6569
203a3120
000a7325
6e6b6e55
206e776f
61746164
756f7320
3a656372
0a732520
00000000
432b5441
3d46474d
00000031
432b5441
4144474d
4c45443d
4c4c4120
00000000
432b5441
3d474552
00000031
6e6e6f43
69746365
2e2e676e
2020202e
00000020
54524155
53492031
6e692052
000a7469
5241550a
49203254
69205253
0a74696e
00000000
432b5441
45535049
313d444e
00000030
432b5441
3d53474d
37393022
39313436
38363836
00000022
20525349
61746164
6e6f6320
6e696174
4d432073
00000a44
44414552
2031304d
204c4c41
41524150
0000000a
64616552
20676e69
2020314d
20202020
00000000
6e69460a
46206c61
656d6172
0a73253d
00000000
4554454d
31302052
4c455220
4f205941
43204646
0a455341
00000000
6e727554
66664f20
20314d20
67697274
0000000a
63736944
656e6e6f
4d207463
20202031
00000000
4554454d
31302052
4c455220
4f205941
4143204e
000a4553
6e727554
206e4f20
7420314d
0a676972
00000000
6e6e6f43
20746365
2020314d
20202020
00000000
44414552
2032304d
204c4c41
41524150
0000000a
64616552
20676e69
2020324d
20202020
00000000
4554454d
32302052
4c455220
4f205941
43204646
0a455341
00000000
6e727554
66664f20
20324d20
67697274
0000000a
63736944
656e6e6f
4d207463
20202032
00000000
4554454d
32302052
4c455220
4f205941
4143204e
000a4553
6e727554
206e4f20
7420324d
0a676972
00000000
6e6e6f43
20746365
2020324d
20202020
00000000
44414552
2033304d
204c4c41
41524150
0000000a
4554454d
33302052
4c455220
4f205941
43204646
0a455341
00000000
6e727554
66664f20
20334d20
67697274
0000000a
4554454d
33302052
4c455220
4f205941
4143204e
000a4553
6e727554
206e4f20
7420334d
0a676972
00000000
44414552
2034304d
204c4c41
41524150
0000000a
4554454d
34302052
4c455220
4f205941
43204646
0a455341
00000000
6e727554
66664f20
20344d20
67697274
0000000a
4554454d
34302052
4c455220
4f205941
4143204e
000a4553
6e727554
206e4f20
7420344d
0a676972
00000000
432b5441
45535049
313d444e
00003435
61746144
6e657320
20202174
20202020
00000000
00003130
656d6954
2074756f
6f727265
20202172
00000000
20202020
48534e41
4e414d55
20202020
00000000
2d545345
6b616853
74206974
20747365
00000000
65646f6d
696e6920
74616974
20216465
00000000
65725020
73207373
63746977
20736568
00000000
20345320
20335320
20325320
20315320
00000000
70203153
73736572
000a6465
20202020
20202020
20202020
204b4f20
00000000
70203253
73736572
000a6465
20202020
20202020
204b4f20
20202020
00000000
70203353
73736572
000a6465
20202020
204b4f20
20202020
20202020
00000000
70203453
73736572
000a6465
204b4f20
20202020
20202020
20202020
00000000
3d3d3d0a
443d3d3d
20617461
4c4c4f43
4f544345
3d3d3d52
0a3d3d3d
00000000
74696157
202e2e2e
20202020
20202020
00000000
6574654d
65742072
00007473
74696e69
65746169
00002164
0a0a0a0a
3e3d3d3d
656e4520
20796772
6574656d
65742072
6d207473
2065646f
656c6573
0a217463
00000000
74736554
20676e69
6574656d
6f662072
44492072
2031303a
796c6e6f
0a0a0a21
00000000
74736554
74654d20
31207265
004e4f2f
54544157
0000003d
74736554
74654d20
31207265
46464f2f
00000000
20202020
74654d20
31207265
00000000
444f4d20
20535542
4c494146
00214445
540a0a0a
20747365
65646e65
666f2064
74656d20
77207265
20687469
303a4449
00000a31
75736552
203a746c
4c494146
0a214445
00000000
75736552
203a746c
53534150
0a214445
00000000
74736554
74654d20
32207265
004e4f2f
74736554
74654d20
32207265
46464f2f
00000000
20202020
74654d20
32207265
00000000
540a0a0a
20747365
65646e65
666f2064
74656d20
77207265
20687469
303a4449
00000a32
72502020
2f737365
656c6552
00657361
573d3453
2f696669
004d5347
44202020
20422d43
4d534728
20202029
00000000
204d5347
65646f6d
6c657320
65746365
00000a64
44202020
20412d43
46695728
20202969
00000000
69466957
646f6d20
65732065
7463656c
000a6465
7461440a
6f632061
63656c6c
20726f74
64616572
000a2179
2d2d2d2d
2d2d2d2d
412d4344
69572820
2d296946
2d2d2d2d
0a2d2d2d
00000000
54524155
00000a32
444d4324
00000000
432b5441
45535049
363d444e
00000000
20202020
00000000
2d2d2d2d
2d2d2d2d
422d4344
53472820
2d2d294d
2d2d2d2d
000a2d2d
544d432b
00003a49
432b5441
004c474d
6d6d6f43
2d646e61
0000003e
000a7325
50535224
00000000
70736552
65736e6f
00003e2d
4552432b
30203a47
00000000
4552432b
31203a47
00000000
6e6e6f43
65746365
20202064
20202020
00000000
4552432b
32203a47
00000000
4552432b
33203a47
00000000
41200000
ff800000
7f800000
7fc00000
80000000
4b000000
00800000
3f800000
00000000
40000000
40000000
43000000
42100000
42aa0000
00000000
43300000
00000000
c3300000
80008f58
8000900c
80008f62
8000900c
80008ffe
8000900c
80008f62
80008f58
80008f58
80008ffe
80008f62
80008f3e
80008f3e
80008f3e
80008f66
80009558
80009558
80009570
80009552
80009552
800095fe
80009570
80009552
800095fe
80009552
80009570
80009550
80009550
80009550
800095fe
8000a1b8
8000a218
8000a1c0
8000a218
8000a20c
8000a218
8000a1c0
8000a1b8
8000a1b8
8000a20c
8000a1c0
8000a1a0
8000a1a0
8000a1a0
8000a1c4
8000a4f6
8000a4f6
8000a50e
8000a4f2
8000a4f2
8000a554
8000a50e
8000a4f2
8000a554
8000a4f2
8000a50e
8000a4f0
8000a4f0
8000a4f0
8000a554
02020100
03030303
04040404
04040404
05050505
05050505
05050505
05050505
06060606
06060606
06060606
06060606
06060606
06060606
06060606
06060606
07070707
07070707
07070707
07070707
07070707
07070707
07070707
07070707
07070707
07070707
07070707
07070707
07070707
07070707
07070707
07070707
08080808
08080808
08080808
08080808
08080808
08080808
08080808
08080808
08080808
08080808
08080808
08080808
08080808
08080808
08080808
08080808
08080808
08080808
08080808
08080808
08080808
08080808
08080808
08080808
08080808
08080808
08080808
08080808
08080808
08080808
08080808
08080808
00000000
00000010
00000000
00527a03
01017c01
00020d1b
00000010
00000018
ffffaed0
00000366
00000000
00000010
0000002c
ffffb222
00000354
00000000
00000000
3ff00000
00000000
fff00000
00000000
7ff00000
40000000
3fe2b803
43cfd006
3e4cfdeb
00000000
3ff80000
00000000
bff00000
8800759c
7e37e43c
60000000
3ff71547
f85ddf44
3e54ae0b
00000000
3fd00000
55555555
3fd55555
00000000
3fe00000
652b82fe
3ff71547
00000000
43400000
4a454eef
3fca7e28
93c9db65
3fcd864a
a91d4101
3fd17460
518f264d
3fd55555
db6fabff
3fdb6db6
33333303
3fe33333
00000000
40080000
e0000000
3feec709
dc3a03fd
3feec709
145b01f5
be3e2fe0
652b82fe
3c971547
c2f8f359
01a56e1f
00000000
3fe62e43
fefa39ef
3fe62e42
0ca86c39
be205c61
72bea4d0
3e663769
c5d26bf1
3ebbbd41
af25de2c
3f11566a
16bebd93
3f66c16c
5555553e
3fc55555
00000000
40000000
00000000
7ff80000
00000000
43500000
8800759c
fe37e43c
c2f8f359
81a56e1f
00000000
3c900000
8000d1f0
8001fffc
80016ff0
8000dfe4
80016ff0
0200bff8
02004000
00041510
544c4f56
00000031
544c4f56
00000032
544c4f56
00000033
54544157
00000031
54544157
00000032
54544157
00000033
31524156
00000000
32524156
00000000
33524156
00000000
00314650
00324650
00334650
31204c56
0000322d
32204c56
0000332d
33204c56
0000312d
8000d1f0
00000000
00000000
00000000
00000000
00000000
00000000
00000000
00000000
00000000
00000000
00000000
00000000
00000000
00000000
00000000
00000000
01000000
00000001
000007e8
52525543
31544e45
00000000
52525543
32544e45
00000000
52525543
33544e45
00000000
71657246
636e6575
00000079
49206857
726f706d
00000074
45206857
726f7078
00000074
00000000
00000000
8000d4dc
8000d544
8000d5ac
00000000
00000000
00000000
00000000
00000000
00000000
00000000
00000000
00000000
00000000
00000000
00000000
00000000
00000000
00000000
00000000
00000000
00000000
00000000
00000000
00000000
00000000
00000000
00000000
00000000
00000000
00000000
00000000
00000000
00000000
00000000
00000000
00000000
00000000
00000000
00000000
00000000
00000000
00000001
00000000
abcd330e
e66d1234
0005deec
0000000b
00000000
00000000
00000000
00000000
00000000
00000000
00000000
00000000
00000000
00000000
00000000
00000000
00000000
00000000
00000000
00000000
00000000
00000000
00000000
00000000
00000000
00000000
00000000
00000000
00000000
00000000
00000000
00000000
00000000
00000000
00000000
00000000
00000000
00000000
00000000
00000000
00000000
00000000
00000000
00000000
00000000
00000000
00000000
00000000
00000000
00000000
00000000
00000000
00000000
00000000
00000000
00000000
00000000
00000000
00000000
00000000
00000000
00000000
00000000
00000000
00000000
00000000
00000000
00000000
00000000
00000000
00000000
00000000
00000000
00000000
00000000
00000000
00000000
00000000
00000000
00000000
00000000
00000000
00000000
00000000
00000000
00000000
00000000
00000000
00000000
00000000
00000000
00000000
00000000
00000000
00000000
00000000
00000000
00000000
00000000
00000000
00000000
00000000
00000000
00000000
00000000
00000000
00000000
00000000
00000000
00000000
00000000
00000000
00000000
00000000
00000000
00000000
00000000
00000000
00000000
00000000
00000000
00000000
00000000
00000000
00000000
00000000
00000000
00000000
00000000
00000000
00000000
00000000
00000000
00000000
00000000
00000000
00000000
00000000
00000000
00000000
00000000
00000000
00000000
00000000
00000000
00000000
00000000
00000000
00000000
00000000
00000000
00000000
00000000
00000000
00000000
00000000
00000000
00000000
00000000
00000000
00000000
00000000
00000000
00000000
00000000
00000000
00000000
00000000
00000000
00000000
00000000
00000000
00000000
00000000
00000000
00000000
00000000
00000000
00000000
00000000
00000000
00000000
00000000
00000000
00000000
00000000
00000000
00000000
00000000
00000000
00000000
00000000
00000000
00000000
00000000
00000000
00000000
00000000
00000000
00000000
00000000
00000000
00000000
00000000
00000000
00000000
00000000
00000000
00000000
00000000
00000000
00000000
00000000
00000000
00000000
00000000
00000000
00000000
00000000
00000000
00000000
00000000
00000000
00000000
00000000
00000000
00000000
00000000
00000000
00000000
00000000
00000000
00000000
00000000
00000000
00000000
00000000
00000000
00000000
00000000
00000000
00000000
00000000
00000000
00000000
00000000
00000000
00000000
00000000
00000000
00000000
00000000
00000000
00000000
00000000
00000000
00000000
00000000
00000000
00000000
00000000
00000000
00000000
00000000
00000000
00000000
00000000
00000000
00000000
00000000
00000000
00000000
00000000
00000000
00000000
00000000
00000000
00000000
00000000
00000000
00000000
00000000
00000000
00000000
00000000
00000000
00000000
00000000
00000000
00000000
00000000
00000000
00000000
00000000
00000000
00000000
00000000
00000000
00000000
00000000
00000000
00000000
00000000
00000000
00000000
00000000
00000000
00000000
00000000
00000000
00000000
00000000
00000000
00000000
00000000
00000000
00000000
00000000
00000000
00000000
00000000
00000000
00000000
00000000
00000000
00000000
00000000
00000000
00000000
00000000
00000000
00000000
00000000
00000000
00000000
00000000
00000000
00000000
00000000
00000000
00000000
00000000
00000000
00000000
00000000
00000000
00000000
00000000
00000000
00000000
00000000
00000000
00000000
00000000
00000000
00000000
00000000
00000000
00000000
00000000
00000000
00000000
00000000
00000000
00000000
00000000
00000000
00000000
00000000
00000000
00000000
00000000
00000000
00000000
00000000
00000000
00000000
00000000
00000000
00000000
00000000
00000000
00000000
00000000
00000000
00000000
00000000
00000000
00000000
00000000
00000000
00000000
00000000
00000000
00000000
00000000
00000000
00000000
00000000
00000000
00000000
00000000
00000000
00000000
00000000
00000000
00000000
00000000
00000000
00000000
00000000
00000000
00000000
00000000
00000000
00000000
00000000
00000000
00000000
00000000
00000000
00000000
00000000
00000000
00000000
00000000
00000000
00000000
00000000
00000000
00000000
00000000
00000000
00000000
00000000
00000000
00000000
00000000
00000000
00000000
00000000
00000000
00000000
00000000
00000000
00000000
00000000
00000000
00000000
00000000
00000000
00000000
00000000
00000000
00000000
00000000
00000000
00000000
00000000
00000000
00000000
00000000
00000000
00000000
00000000
00000000
00000000
00000000
00000000
00000000
00000000
00000000
00000000
00000000
00000000
00000000
00000000
00000000
00000000
00000000
00000000
00000000
00000000
00000000
00000000
00000000
00000000
00000000
00000000
00000000
00000000
00000000
00000000
00000000
00000000
00000000
00000000
00000000
00000000
00000000
00000000
00000000
00000000
00000000
00000000
00000000
00000000
00000000
00000000
00000000
00000000
00000000
00000000
00000000
00000000
00000000
00000000
00000000
00000000
00000000
00000000
00000000
00000000
00000000
00000000
00000000
00000000
00000000
00000000
00000000
00000000
00000000
00000000
00000000
00000000
00000000
00000000
00000000
00000000
00000000
00000000
00000000
00000000
00000000
00000000
00000000
00000000
00000000
00000000
00000000
00000000
00000000
00000000
00000000
00000000
00000000
00000000
00000000
00000000
00000000
00000000
00000000
00000000
00000000
00000000
00000000
00000000
00000000
00000000
00000000
00000000
00000000
00000000
00000000
00000000
00000000
00000000
00000000
00000000
00000000
00000000
00000000
00000000
00000000
00000000
00000000
00000000
00000000
00000000
00000000
00000000
00000000
00000000
00000000
00000000
00000000
00000000
00000000
00000000
00000000
00000000
00000000
00000000
00000000
00000000
00000000
00000000
00000000
00000000
00000000
00000000
00000000
00000000
00000000
00000000
00000000
00000000
00000000
00000000
00000000
00000000
00000000
00000000
00000000
00000000
00000000
00000000
00000000
00000000
00000000
00000000
00000000
00000000
00000000
00000000
00000000
00000000
00000000
00000000
00000000
00000000
00000000
00000000
00000000
00000000
00000000
00000000
00000000
00000000
00000000
00000000
00000000
00000000
00000000
00000000
00000000
00000000
00000000
00000000
00000000
00000000
00000000
00000000
00000000
00000000
00000000
00000000
00000000
00000000
00000000
00000000
00000000
00000000
00000000
00000000
00000000
00000000
00000000
00000000
00000000
00000000
00000000
00000000
00000000
00000000
00000000
00000000
00000000
00000000
00000000
00000000
00000000
00000000
00000000
00000000
00000000
00000000
00000000
00000000
00000000
00000000
00000000
00000000
00000000
00000000
00000000
00000000
00000000
00000000
00000000
00000000
00000000
00000000
00000000
00000000
00000000
00000000
00000000
00000000
00000000
00000000
00000000
00000000
00000000
00000000
00000000
00000000
00000000
00000000
00000000
00000000
00000000
00000000
00000000
00000000
00000000
00000000
00000000
00000000
00000000
00000000
00000000
00000000
00000000
00000000
00000000
00000000
00000000
00000000
00000000
00000000
00000000
00000000
00000000
00000000
00000000
00000000
00000000
00000000
00000000
00000000
00000000
00000000
00000000
00000000
00000000
00000000
00000000
00000000
00000000
00000000
00000000
00000000
00000000
00000000
00000000
00000000
00000000
00000000
00000000
00000000
00000000
00000000
00000000
00000000
00000000
00000000
00000000
00000000
00000000
00000000
00000000
00000000
00000000
00000000
00000000
00000000
00000000
00000000
00000000
00000000
00000000
00000000
00000000
00000000
00000000
00000000
00000000
00000000
00000000
00000000
00000000
00000000
00000000
00000000
00000000
00000000
00000000
00000000
00000000
00000000
00000000
00000000
00000000
00000000
00000000
00000000
00000000
00000000
00000000
00000000
00000000
00000000
00000000
00000000
00000000
00000000
00000000
00000000
00000000
00000000
00000000
00000000
00000000
00000000
00000000
00000000
00000000
00000000
00000000
00000000
00000000
00000000
00000000
00000000
00000000
00000000
00000000
00000000
00000000
00000000
00000000
00000000
00000000
00000000
00000000
00000000
00000000
00000000
00000000
00000000
00000000
00000000
00000000
00000000
00000000
00000000
00000000
00000000
00000000
00000000
00000000
00000000
00000000
00000000
00000000
00000000
00000000
00000000
00000000
00000000
00000000
00000000
00000000
00000000
00000000
00000000
00000000
00000000
00000000
00000000
00000000
00000000
00000000
00000000
00000000
00000000
00000000
00000000
00000000
00000000
00000000
00000000
00000000
00000000
00000000
00000000
00000000
00000000
00000000
00000000
00000000
00000000
00000000
00000000
00000000
00000000
00000000
00000000
00000000
00000000
00000000
00000000
00000000
00000000
00000000
00000000
00000000
00000000
00000000
00000000
00000000
00000000
00000000
00000000
00000000
00000000
00000000
00000000
00000000
00000000
00000000
00000000
00000000
00000000
00000000
00000000
00000000
00000000
00000000
00000000
00000000
00000000
00000000
00000000
00000000
00000000
00000000
00000000
00000000
00000000
00000000
00000000
00000000
00000000
00000000
00000000
00000000
00000000
00000000
00000000
00000000
00000000
00000000
00000000
00000000
00000000
00000000
00000000
00000000
00000000
00000000
00000000
00000000
00000000
00000000
00000000
00000000
00000000
00000000
00000000
00000000
00000000
00000000
00000000
00000000
00000000
00000000
00000000
00000000
00000000
00000000
00000000
00000000
00000000
00000000
00000000
00000000
00000000
00000000
00000000
00000000
00000000
00000000
00000000
00000000
00000000
00000000
00000000
00000000
00000000
00000000
00000000
00000000
00000000
00000000
00000000
00000000
00000000
00000000
00000000
00000000
00000000
00000000
00000000
00000000
00000000
00000000
00000000
00000000
00000000
00000000
00000000
00000000
00000000
00000000
00000000
00000000
00000000
00000000
00000000
00000000
00000000
00000000
00000000
00000000
00000000
00000000
00000000
00000000
00000000
00000000
00000000
00000000
00000000
00000000
00000000
00000000
00000000
00000000
00000000
00000000
00000000
00000000
00000000
00000000
00000000
00000000
00000000
00000000
00000000
00000000
00000000
00000000
00000000
00000000
00000000
00000000
00000000
00000000
00000000
00000000
00000000
00000000
00000000
00000000
00000000
00000000
00000000
00000000
00000000
00000000
00000000
00000000
00000000
00000000
00000000
00000000
00000000
00000000
00000000
00000000
00000000
00000000
00000000
00000000
00000000
00000000
00000000
00000000
00000000
00000000
00000000
00000000
00000000
00000000
00000000
00000000
00000000
00000000
00000000
00000000
00000000
00000000
00000000
00000000
00000000
00000000
00000000
00000000
00000000
00000000
00000000
00000000
00000000
00000000
00000000
00000000
00000000
00000000
00000000
00000000
00000000
00000000
00000000
00000000
00000000
00000000
00000000
00000000
00000000
00000000
00000000
00000000
00000000
00000000
00000000
00000000
00000000
00000000
00000000
00000000
00000000
00000000
00000000
00000000
00000000
00000000
00000000
00000000
00000000
00000000
00000000
00000000
00000000
00000000
00000000
00000000
00000000
00000000
00000000
00000000
00000000
00000000
00000000
00000000
00000000
00000000
00000000
00000000
00000000
00000000
00000000
00000000
00000000
00000000
00000000
00000000
00000000
00000000
00000000
00000000
00000000
00000000
00000000
00000000
00000000
00000000
00000000
00000000
00000000
00000000
00000000
00000000
00000000
00000000
00000000
00000000
00000000
00000000
00000000
00000000
00000000
00000000
00000000
00000000
00000000
00000000
00000000
00000000
00000000
00000000
00000000
00000000
00000000
00000000
00000000
00000000
00000000
00000000
00000000
00000000
00000000
00000000
00000000
00000000
00000000
00000000
00000000
00000000
00000000
00000000
00000000
00000000
00000000
00000000
00000000
00000000
00000000
00000000
00000000
00000000
00000000
00000000
00000000
00000000
00000000
00000000
00000000
00000000
00000000
00000000
00000000
00000000
00000000
00000000
00000000
00000000
00000000
00000000
00000000
00000000
00000000
00000000
00000000
00000000
00000000
00000000
00000000
00000000
00000000
00000000
00000000
00000000
00000000
00000000
00000000
00000000
00000000
00000000
00000000
00000000
00000000
00000000
00000000
00000000
00000000
00000000
00000000
00000000
00000000
00000000
00000000
00000000
00000000
00000000
00000000
00000000
00000000
00000000
00000000
00000000
00000000
00000000
00000000
00000000
00000000
00000000
00000000
00000000
00000000
00000000
00000000
00000000
00000000
00000000
00000000
00000000
00000000
00000000
00000000
00000000
00000000
00000000
00000000
00000000
00000000
00000000
00000000
00000000
00000000
00000000
00000000
00000000
00000000
00000000
00000000
00000000
00000000
00000000
00000000
00000000
00000000
00000000
00000000
00000000
00000000
00000000
00000000
00000000
00000000
00000000
00000000
00000000
00000000
00000000
00000000
00000000
00000000
00000000
00000000
00000000
00000000
00000000
00000000
00000000
00000000
00000000
00000000
00000000
00000000
00000000
00000000
00000000
00000000
00000000
00000000
00000000
00000000
00000000
00000000
00000000
00000000
00000000
00000000
00000000
00000000
00000000
00000000
00000000
00000000
00000000
00000000
00000000
00000000
00000000
00000000
00000000
00000000
00000000
00000000
00000000
00000000
00000000
00000000
00000000
00000000
00000000
00000000
00000000
00000000
00000000
00000000
00000000
00000000
00000000
00000000
00000000
00000000
00000000
00000000
00000000
00000000
00000000
00000000
00000000
00000000
00000000
00000000
00000000
00000000
00000000
00000000
00000000
00000000
00000000
00000000
00000000
00000000
00000000
00000000
00000000
00000000
00000000
00000000
00000000
00000000
00000000
00000000
00000000
00000000
00000000
00000000
00000000
00000000
00000000
00000000
00000000
00000000
00000000
00000000
00000000
00000000
00000000
00000000
00000000
00000000
00000000
00000000
00000000
00000000
00000000
00000000
00000000
00000000
00000000
00000000
00000000
00000000
00000000
00000000
00000000
00000000
00000000
00000000
00000000
00000000
00000000
00000000
00000000
00000000
00000000
00000000
00000000
00000000
00000000
00000000
00000000
00000000
00000000
00000000
00000000
00000000
00000000
00000000
00000000
00000000
00000000
00000000
00000000
00000000
00000000
00000000
00000000
00000000
00000000
00000000
00000000
00000000
00000000
00000000
00000000
00000000
00000000
00000000
00000000
00000000
00000000
00000000
00000000
00000000
00000000
00000000
00000000
00000000
00000000
00000000
00000000
00000000
00000000
00000000
00000000
00000000
00000000
00000000
00000000
00000000
00000000
00000000
00000000
00000000
00000000
00000000
00000000
00000000
00000000
00000000
00000000
00000000
00000000
00000000
00000000
00000000
00000000
00000000
00000000
00000000
00000000
00000000
00000000
00000000
00000000
00000000
00000000
00000000
00000000
00000000
00000000
00000000
00000000
00000000
00000000
00000000
00000000
00000000
00000000
00000000
00000000
00000000
00000000
00000000
00000000
00000000
00000000
00000000
00000000
00000000
00000000
00000000
00000000
00000000
00000000
00000000
00000000
00000000
00000000
00000000
00000000
00000000
00000000
00000000
00000000
00000000
00000000
00000000
00000000
00000000
00000000
00000000
00000000
00000000
00000000
00000000
00000000
00000000
00000000
00000000
00000000
00000000
00000000
00000000
00000000
00000000
00000000
00000000
00000000
00000000
00000000
00000000
00000000
00000000
00000000
00000000
00000000
00000000
00000000
00000000
00000000
00000000
00000000
00000000
00000000
00000000
00000000
00000000
00000000
00000000
00000000
00000000
00000000
00000000
00000000
00000000
00000000
00000000
00000000
00000000
00000000
00000000
00000000
00000000
00000000
00000000
00000000
00000000
00000000
00000000
00000000
00000000
00000000
00000000
00000000
00000000
00000000
00000000
00000000
00000000
00000000
00000000
00000000
00000000
00000000
00000000
00000000
00000000
00000000
00000000
00000000
00000000
00000000
00000000
00000000
00000000
00000000
00000000
00000000
00000000
00000000
00000000
00000000
00000000
00000000
00000000
00000000
00000000
00000000
00000000
00000000
00000000
00000000
00000000
00000000
00000000
00000000
00000000
00000000
00000000
00000000
00000000
00000000
00000000
00000000
00000000
00000000
00000000
00000000
00000000
00000000
00000000
00000000
00000000
00000000
00000000
00000000
00000000
00000000
00000000
00000000
00000000
00000000
00000000
00000000
00000000
00000000
00000000
00000000
00000000
00000000
00000000
00000000
00000000
00000000
00000000
00000000
00000000
00000000
00000000
00000000
00000000
00000000
00000000
00000000
00000000
00000000
00000000
00000000
00000000
00000000
00000000
00000000
00000000
00000000
00000000
00000000
00000000
00000000
00000000
00000000
00000000
00000000
00000000
00000000
00000000
00000000
00000000
00000000
00000000
00000000
00000000
00000000
00000000
00000000
00000000
00000000
00000000
00000000
00000000
00000000
00000000
00000000
00000000
00000000
00000000
00000000
00000000
00000000
00000000
00000000
00000000
00000000
00000000
00000000
00000000
00000000
00000000
00000000
00000000
00000000
00000000
00000000
00000000
00000000
00000000
00000000
00000000
00000000
00000000
00000000
00000000
00000000
00000000
00000000
00000000
00000000
00000000
00000000
00000000
00000000
00000000
00000000
00000000
00000000
00000000
00000000
00000000
00000000
00000000
00000000
00000000
00000000
00000000
00000000
00000000
00000000
00000000
00000000
00000000
00000000
00000000
00000000
00000000
00000000
00000000
00000000
00000000
00000000
00000000
00000000
00000000
00000000
00000000
00000000
00000000
00000000
00000000
00000000
00000000
00000000
00000000
00000000
00000000
00000000
00000000
00000000
00000000
00000000
00000000
00000000
00000000
00000000
00000000
00000000
00000000
00000000
00000000
00000000
00000000
00000000
00000000
00000000
00000000
00000000
00000000
00000000
00000000
00000000
00000000
00000000
00000000
00000000
00000000
00000000
00000000
00000000
00000000
00000000
00000000
00000000
00000000
00000000
00000000
00000000
00000000
00000000
00000000
00000000
00000000
00000000
00000000
00000000
00000000
00000000
00000000
00000000
00000000
00000000
00000000
00000000
00000000
00000000
00000000
00000000
00000000
00000000
00000000
00000000
00000000
00000000
00000000
00000000
00000000
00000000
00000000
00000000
00000000
00000000
00000000
00000000
00000000
00000000
00000000
00000000
00000000
00000000
00000000
00000000
00000000
00000000
00000000
00000000
00000000
00000000
00000000
00000000
00000000
00000000
00000000
00000000
00000000
00000000
00000000
00000000
00000000
00000000
00000000
00000000
00000000
00000000
00000000
00000000
00000000
00000000
00000000
00000000
00000000
00000000
00000000
00000000
00000000
00000000
00000000
00000000
00000000
00000000
00000000
00000000
00000000
00000000
00000000
00000000
00000000
00000000
00000000
00000000
00000000
00000000
00000000
00000000
00000000
00000000
00000000
00000000
00000000
00000000
00000000
00000000
00000000
00000000
00000000
00000000
00000000
00000000
00000000
00000000
00000000
00000000
00000000
00000000
00000000
00000000
00000000
00000000
00000000
00000000
00000000
00000000
00000000
00000000
00000000
00000000
00000000
00000000
00000000
00000000
00000000
00000000
00000000
00000000
00000000
00000000
00000000
00000000
00000000
00000000
00000000
00000000
00000000
00000000
00000000
00000000
00000000
00000000
00000000
00000000
00000000
00000000
00000000
00000000
00000000
00000000
00000000
00000000
00000000
00000000
00000000
00000000
00000000
00000000
00000000
00000000
00000000
00000000
00000000
00000000
00000000
00000000
00000000
00000000
00000000
00000000
00000000
00000000
00000000
00000000
00000000
00000000
00000000
00000000
00000000
00000000
00000000
00000000
00000000
00000000
00000000
00000000
00000000
00000000
00000000
00000000
00000000
00000000
00000000
00000000
00000000
00000000
00000000
00000000
00000000
00000000
00000000
00000000
00000000
00000000
00000000
00000000
00000000
00000000
00000000
00000000
00000000
00000000
00000000
00000000
00000000
00000000
00000000
00000000
00000000
00000000
00000000
00000000
00000000
00000000
00000000
00000000
00000000
00000000
00000000
00000000
00000000
00000000
00000000
00000000
00000000
00000000
00000000
00000000
00000000
00000000
00000000
00000000
00000000
00000000
00000000
00000000
00000000
00000000
00000000
00000000
00000000
00000000
00000000
00000000
00000000
00000000
00000000
00000000
00000000
00000000
00000000
00000000
00000000
00000000
00000000
00000000
00000000
00000000
00000000
00000000
00000000
00000000
00000000
00000000
00000000
00000000
00000000
00000000
00000000
00000000
00000000
00000000
00000000
00000000
00000000
00000000
00000000
00000000
00000000
00000000
00000000
00000000
00000000
00000000
00000000
00000000
00000000
00000000
00000000
00000000
00000000
00000000
00000000
00000000
00000000
00000000
00000000
00000000
00000000
00000000
00000000
00000000
00000000
00000000
00000000
00000000
00000000
00000000
00000000
00000000
00000000
00000000
00000000
00000000
00000000
00000000
00000000
00000000
00000000
00000000
00000000
00000000
00000000
00000000
00000000
00000000
00000000
00000000
00000000
00000000
00000000
00000000
00000000
00000000
00000000
00000000
00000000
00000000
00000000
00000000
00000000
00000000
00000000
00000000
00000000
00000000
00000000
00000000
00000000
00000000
00000000
00000000
00000000
00000000
00000000
00000000
00000000
00000000
00000000
00000000
00000000
00000000
00000000
00000000
00000000
00000000
00000000
00000000
00000000
00000000
00000000
00000000
00000000
00000000
00000000
00000000
00000000
00000000
00000000
00000000
00000000
00000000
00000000
00000000
00000000
00000000
00000000
00000000
00000000
00000000
00000000
00000000
00000000
00000000
00000000
00000000
00000000
00000000
00000000
00000000
00000000
00000000
00000000
00000000
00000000
00000000
00000000
00000000
00000000
00000000
00000000
00000000
00000000
00000000
00000000
00000000
00000000
00000000
00000000
00000000
00000000
00000000
00000000
00000000
00000000
00000000
00000000
00000000
00000000
00000000
00000000
00000000
00000000
00000000
00000000
00000000
00000000
00000000
00000000
00000000
00000000
00000000
00000000
00000000
00000000
00000000
00000000
00000000
00000000
00000000
00000000
00000000
00000000
00000000
00000000
00000000
00000000
00000000
00000000
00000000
00000000
00000000
00000000
00000000
00000000
00000000
00000000
00000000
00000000
00000000
00000000
00000000
00000000
00000000
00000000
00000000
00000000
00000000
00000000
00000000
00000000
00000000
00000000
00000000
00000000
00000000
00000000
00000000
00000000
00000000
00000000
00000000
00000000
00000000
00000000
00000000
00000000
00000000
00000000
00000000
00000000
00000000
00000000
00000000
00000000
00000000
00000000
00000000
00000000
00000000
00000000
00000000
00000000
00000000
00000000
00000000
00000000
00000000
00000000
00000000
00000000
00000000
00000000
00000000
00000000
00000000
00000000
00000000
00000000
00000000
00000000
00000000
00000000
00000000
00000000
00000000
00000000
00000000
00000000
00000000
00000000
00000000
00000000
00000000
00000000
00000000
00000000
00000000
00000000
00000000
00000000
00000000
00000000
00000000
00000000
00000000
00000000
00000000
00000000
00000000
00000000
00000000
00000000
00000000
00000000
00000000
00000000
00000000
00000000
00000000
00000000
00000000
00000000
00000000
00000000
00000000
00000000
00000000
00000000
00000000
00000000
00000000
00000000
00000000
00000000
00000000
00000000
00000000
00000000
00000000
00000000
00000000
00000000
00000000
00000000
00000000
00000000
00000000
00000000
00000000
00000000
00000000
00000000
00000000
00000000
00000000
00000000
00000000
00000000
00000000
00000000
00000000
00000000
00000000
00000000
00000000
00000000
00000000
00000000
00000000
00000000
00000000
00000000
00000000
00000000
00000000
00000000
00000000
00000000
00000000
00000000
00000000
00000000
00000000
00000000
00000000
00000000
00000000
00000000
00000000
00000000
00000000
00000000
00000000
00000000
00000000
00000000
00000000
00000000
00000000
00000000
00000000
00000000
00000000
00000000
00000000
00000000
00000000
00000000
00000000
00000000
00000000
00000000
00000000
00000000
00000000
00000000
00000000
00000000
00000000
00000000
00000000
00000000
00000000
00000000
00000000
00000000
00000000
00000000
00000000
00000000
00000000
00000000
00000000
00000000
00000000
00000000
00000000
00000000
00000000
00000000
00000000
00000000
00000000
00000000
00000000
00000000
00000000
00000000
00000000
00000000
00000000
00000000
00000000
00000000
00000000
00000000
00000000
00000000
00000000
00000000
00000000
00000000
00000000
00000000
00000000
00000000
00000000
00000000
00000000
00000000
00000000
00000000
00000000
00000000
00000000
00000000
00000000
00000000
00000000
00000000
00000000
00000000
00000000
00000000
00000000
00000000
00000000
00000000
00000000
00000000
00000000
00000000
00000000
00000000
00000000
00000000
00000000
00000000
00000000
00000000
00000000
00000000
00000000
00000000
00000000
00000000
00000000
00000000
00000000
00000000
00000000
00000000
00000000
00000000
00000000
00000000
00000000
00000000
00000000
00000000
00000000
00000000
00000000
00000000
00000000
00000000
00000000
00000000
00000000
00000000
00000000
00000000
00000000
00000000
00000000
00000000
00000000
00000000
00000000
00000000
00000000
00000000
00000000
00000000
00000000
00000000
00000000
00000000
00000000
00000000
00000000
00000000
00000000
00000000
00000000
00000000
00000000
00000000
00000000
00000000
00000000
00000000
00000000
00000000
00000000
00000000
00000000
00000000
00000000
00000000
00000000
00000000
00000000
00000000
00000000
00000000
00000000
00000000
00000000
00000000
00000000
00000000
00000000
00000000
00000000
00000000
00000000
00000000
00000000
00000000
00000000
00000000
00000000
00000000
00000000
00000000
00000000
00000000
00000000
00000000
00000000
00000000
00000000
00000000
00000000
00000000
00000000
00000000
00000000
00000000
00000000
00000000
00000000
00000000
00000000
00000000
00000000
00000000
00000000
00000000
00000000
00000000
00000000
00000000
00000000
00000000
00000000
00000000
00000000
00000000
00000000
00000000
00000000
00000000
00000000
00000000
00000000
00000000
00000000
00000000
00000000
00000000
00000000
00000000
00000000
00000000
00000000
00000000
00000000
00000000
00000000
00000000
00000000
00000000
00000000
00000000
00000000
00000000
00000000
00000000
00000000
00000000
00000000
