:0200000480007A
:10000000971200009382028673905230AD4273B013
:10001000023085629382828873B04230B72F000C21
:10002000137E0E00130E0E002380CF01A380CF019C
:100030002381CF01A381CF01B70F000C137E0E00E7
:100040002380CF01A380CF012381CF01A381CF01E2
:100050008140014181410142814201438143014488
:100060008144014581450146814601478147014858
:10007000814801498149014A814A014B814B014C28
:10008000814C014D814D014E814E014F814F975161
:1000900000009381E16F175501001305A5F59755F1
:1000A00001009385A520014610C16374B5001105B8
:1000B000E5BF138541849385C185014610C16374F2
:1000C000B5001105E5BF17010200130161F31752D6
:1000D00001001302D221137202FC6F10701401A0F0
:1000E000011106CE22CC0010B707B0002326F4FE83
:1000F000232004FE232204FE0145F5283524EF00C9
:10010000606C1305800CEF00807F1745000013051D
:1001100065EEEF10403B0D260325C4FEEF00A06402
:10012000EF006066174500001305C5EDEF10A0391C
:10013000975700009387C7EB9C43BE850325C4FEF9
:10014000D1298327C4FE91072326F4FE174500001A
:10015000130585ECEF102037232404FE81A8130536
:10016000800CEF00C079832784FE850717570000B5
:10017000130707E88A07BA979C43BE850325C4FE88
:1001800051298327C4FE91072326F4FE832784FE8A
:1001900093F7F71F99E7174500001305A5E8EF103F
:1001A0008032832784FE85072324F4FE97570000BE
:1001B000938707E49843832784FEE3E2E7FA174531
:1001C0000000130565E6EF10003017450000130529
:1001D000E5E6EF10402F02900100F2406244056115
:1001E0008280411106C622C40008DD3D0100B240F4
:1001F000224441018280011122CE00102326A4FE58
:100200000327C4FEB7070200BA973E87975700003E
:10021000938707D898C30327C4FEB7070200910746
:10022000BA973E87975700009387C7D698C303278E
:10023000C4FEB7070200A107BA973E879387818063
:1002400098C30327C4FEB7070200B107BA973E87D9
:100250009387C18098C30327C4FEB7070200C10774
:10026000BA973E879387018198C30327C4FEB707D7
:100270000200D107BA973E879387418198C303272D
:10028000C4FEB7070200E107BA973E8793878181D2
:1002900098C30327C4FEB7070200F107BA973E8749
:1002A0009387C18198C30327C4FEB70702009387D1
:1002B0000702BA973E879387018298C30327C4FE3B
:1002C000B707020093874702BA973E879387418218
:1002D00098C30327C4FEB707020093878702BA9723
:1002E0003E879387818298C30100724405618280B2
:1002F000011122CE00102326A4FE2324B4FE83275E
:10030000C4FE032784FE98C3010072440561828005
:10031000011122CE00102326A4FE8327C4FE9C4395
:100320003E85724405618280411106C622C40008E0
:10033000975700009387C7C59C439305B0033E853C
:10034000453F0100B240224441018280411106C66E
:1003500022C40008975700009387C7C39C43C16518
:100360003E8579370100B24022444101828041112B
:1003700006C622C40008975700009387A7C19C4374
:10038000A1653E85B5370100B2402244410182801B
:10039000011122CE00102326A4FE2324B4FE232222
:1003A000C4FE832784FE0547B317F7001387F7FFC2
:1003B000832744FEFD178326C4FEB3D7F640F98F8A
:1003C0003E85724405618280011106CE22CC001068
:1003D000232604FE19A81305400615239387818060
:1003E0009C433E8535372326A4FE8327C4FE858B98
:1003F000FDD385473E85F24062440561828001114C
:1004000006CE22CC0010930700082326F4FE11A884
:100410002945F521938781809C433E85D53D232640
:10042000A4FE8327C4FE93F70708FDF385473E85A6
:10043000F240624405618280411106C622C4000870
:100440009387C1809C43B70500063E855535938749
:10045000C1819C4399453E85613D97570000938734
:1004600027B39843B70708009385B7073A854935FE
:10047000793785473E85B24022444101828041114F
:1004800006C622C400089387C1809C43B70500308C
:100490003E85B93D9387C1819C43930500033E850A
:1004A000813D975700009387A7AE9843B707080090
:1004B0009385B7073A852D3D993785473E85B240EC
:1004C000224441018280797106D622D40018232E5D
:1004D000A4FC232CB4FC2546E145032584FD4D3DB9
:1004E0002326A4FE0546A145032584FD5535232476
:1004F000A4FE0327C4FD8327C4FED98F2322F4FE64
:10050000832784FEE2072324F4FE9387C1809C4363
:10051000832544FE3E85E93B938701819C438325E7
:1005200084FE3E85F1339387C1819C4381453E859E
:10053000C133975700009387A7A59843B7072800B2
:100540009385B7073A856D335145552E4D3D854707
:100550003E85B250225445618280797106D622D4FC
:100560000018232EA4FC232CB4FC232AC4FC8327CC
:1005700084FD13D787008327C4FDD98F2326F4FE7B
:10058000832784FDE2073E87832744FDA183D98F1B
:100590002324F4FE832744FDE2072322F4FE83266E
:1005A00044FE032684FE8325C4FE17450000130580
:1005B000E5A9EF0050139387C1809C438325C4FEB7
:1005C0003E853D33938701819C43832584FE3E8590
:1005D0000533938741819C43832544FE3E85093B37
:1005E0009387C1819C4381453E851933975700000D
:1005F0009387079A9843B70748009385B7073A85CA
:10060000C5395145ED2CE53BBD2A0100B2502254BD
:1006100045618280011106CE22CC00102326A4FE63
:100620002324B4FE113D032684FE8325C4FE370532
:1006300000122537892A0100F24062440561828058
:10064000797106D622D40018232EA4FC232CB4FCE6
:100650000546A145032584FD253B2324A4FE8327CD
:1006600084FEE2072324F4FE9387C180944383270A
:1006700084FD13D787008327C4FDD98FBE853685B7
:100680008539938701819843832784FDE207BE85DE
:100690003A85B9399387C1819C4381453E85893923
:1006A0007531975700009387A78E9843B70730207E
:1006B0009385B7073A852D391305007D89242933A1
:1006C000AA8799C79387C1819C439C432326F4FE44
:1006D0008327C4FE3E85B2502254456182807971E1
:1006E00006D622D40018232EA4FC8325C4FD37058A
:1006F000000CB9372326A4FE8327C4FE3E85B250E2
:10070000225445618280797106D622D40018232EA6
:10071000A4FC9387C1809C438325C4FD3E85C93ECC
:100720009387C1819C438325C4FD3E85D1363939E9
:10073000975700009387C7859843B707082093858C
:10074000B7073A8575364931AA8799C79387C1811A
:100750009C439C432326F4FE8327C4FE3E85B2506F
:10076000225445618280011106CE22CC001023263E
:10077000A4FE8325C4FE370500DCB1330100F2403E
:10078000624405618280011106CE22CC00108D47A3
:100790002326F4FE31A837050005B5372326A4FE2D
:1007A0008325C4FE174500001305058CEF00A073D8
:1007B0008327C4FE8D8BE5F381473E85F24062447A
:1007C00005618280011106CE22CC0010B5319387DD
:1007D000C1809C43B705009F3E85193E9387C18128
:1007E0009C43B705009F3E8521368D369747000014
:1007F0009387077A9843B70708189385B7073A8510
:10080000C53CD936AA8799C79387C1819C439C432D
:100810002326F4FE4546A1450325C4FE953E232428
:10082000A4FE0546C1450325C4FE9D362322A4FE31
:10083000832584FE1745000013050585EF00A06A97
:10084000832544FE1745000013050585EF00A069C8
:1008500085473E85F24062440561828000000000C9
:10086000197101001300000006C20AC40EC612C8A6
:1008700016CA1ACC1ECE22D026D22AD42ED632D8D0
:1008800036DA3ADC3EDEC2C0C6C2CAC4CEC6D2C860
:10089000D6CADACCDECEE2D0E6D2EAD4EED6F2D8B0
:1008A000F6DAFADCFEDE73252034F32510340A86EE
:1008B000EF0040527310153492402241B24142423F
:1008C000D2426243F243025492542255B2554256E8
:1008D000D2566257F257064896482649B649464AC4
:1008E000D64A664BF64B065C965C265DB65D465E68
:1008F000D65E665FF65F0961730020300000797193
:1009000022D60018232EA4FC232604FE01008327F0
:10091000C4FE138717002326E4FE0327C4FDE3E883
:10092000E7FE01000100325445618280797122D6D0
:100930000018232EA4FC0327C4FD9307803EB307B1
:10094000F7022326F4FE29A89307803E2324F4FE11
:100950000100832784FE1387F7FF2324E4FEF5FBC1
:100960008327C4FE1387F7FF2326E4FEF1FF01006F
:100970000100325445618280797106D622D4001874
:10098000232EA4FC85472326F4FE232404FE31A84D
:100990000327C4FEBA878A07BA9786072326F4FE80
:1009A000832784FE85072324F4FE032784FE832700
:1009B000C4FDE36FF7FC0325C4FEEF30C032AA8705
:1009C0003E85B250225445618280797122D600184A
:1009D000232EA4FC232CB4FC232604FE832784FDB1
:1009E000FD172324F4FE99A88327C4FE0327C4FD22
:1009F000BA9783C70700A303F4FE832784FE032767
:100A0000C4FD3E978327C4FE8326C4FDB6970347E3
:100A100007002380E700832784FE0327C4FDBA97DD
:100A2000034774FE2380E7008327C4FE850723263F
:100A3000F4FE832784FEFD172324F4FE0327C4FE5F
:100A4000832784FEE342F7FA010001003254456136
:100A50008280797106D622D40018232EA4FC232C80
:100A6000B4FC232AC4FC232604FE3DA80327C4FDAE
:100A7000A947B367F70213F7F70F832684FD83278F
:100A8000C4FEB697130707031377F70F2380E70019
:100A90008327C4FE85072326F4FE0327C4FDA94748
:100AA000B347F702232EF4FC8327C4FDE1F339A8F2
:100AB000032784FD8327C4FEBA971307000323800E
:100AC000E7008327C4FE85072326F4FE0327C4FE20
:100AD000832744FDE36EF7FC8327C4FEBE85032510
:100AE00084FDE535032784FD8327C4FEBA97238060
:100AF00007008327C4FE3E85B250225445618280A0
:100B00005D7186C6A2C48008232EA4FA232CB4FAF1
:100B1000232AC4FA232604FE232004FC232204FCF7
:100B2000232404FC232604FC232804FC232A04FC9D
:100B3000232C04FC231E04FC0325C4FBEF304024BB
:100B40002A87AE8797360000938646589042D44253
:100B50003A85BE85EF20C0462A87AE873A85BE8596
:100B6000EF30602BAA87232EF4FA0325C4FBEF3065
:100B7000E005AA872324F4FE032584FEEF30000B52
:100B8000AA87BE850325C4FBEF205051AA872322E4
:100B9000F4FE232004FE930500000325C4FBEF2090
:100BA0009026AA8763DE0700832704FE032784FBC1
:100BB000BA971307D0022380E70085472320F4FE6D
:100BC000832784FE85E3832704FE032784FBBA97EB
:100BD000130700032380E700832704FE85072320F3
:100BE000F4FE3DA8832784FE63D80700832784FE94
:100BF000B307F0402324F4FE930704FC0146BE85AE
:100C0000032584FEB9352326A4FE832704FE03278B
:100C100084FBBA97130704FCBA853E85EF30603534
:100C20000327C4FE832704FEBA972326F4FE8327F6
:100C300044FBADCF8327C4FE032784FBBA97130779
:100C4000E0022380E70093050000032544FEEF2027
:100C5000901BAA8763DA0700032744FEB7070080CA
:100C6000B98F2322F4FE39A093050000032544FE2A
:100C7000EF201014032544FB0133AA87BE8503250A
:100C800044FEEF20D01FAA872322F4FE032544FE52
:100C9000EF20D073AA868327C4FE8507032784FB31
:100CA000BA97032644FBBE85368565330100B640FE
:100CB000264461618280797122D60018232EA4FC1B
:100CC000232CB4FC832784FD2326F4FE29A8832744
:100CD00084FD2326F4FE01008327C4FE1387F7FF5B
:100CE0002326E4FEF5FB8327C4FD1387F7FF232E9D
:100CF000E4FCF1FF010001003254456182800111E2
:100D000006CE22CC00102326A4FE8327C4FE9C43DB
:100D10003E868325C4FE173500001305A539E12260
:100D20008327C4FE9C433E85F24062440561828075
:100D3000011106CE22CC00102326A4FE2324B4FEEB
:100D40008327C4FE032784FE98C38327C4FE9C43E5
:100D50003E868325C4FE173500001305A5356122A4
:100D60000100F240624405618280797106D622D486
:100D70000018232EA4FC173500001305A535052205
:100D80000327C4FDB707008093C7F7FFF98F232619
:100D9000F4FE8325C4FE1735000013056535A12236
:100DA0001735000013054536DD288327C4FE3E8530
:100DB000B250225445618280011106CE22CC00102F
:100DC0002326A4FE2324B4FE173500001305453561
:100DD000F92001A0797106D622D40018232EA4FC94
:100DE000232CB4FC232604FE232404FE1735000024
:100DF0001305C5346D20032684FD8325C4FD1735F6
:100E00000000130525357528914517350000130599
:100E10006536D128FD472324F4FE832784FE054749
:100E2000B317F7003E878327C4FDF98F95CB0325C1
:100E3000C4FD253F2326A4FE173500001305053504
:100E40004920174701001307E71A8327C4FE8A07C2
:100E5000BA979C43832584FD0325C4FD829725A072
:100E60001735000013054534A9281747010013075B
:100E7000671C8327C4FD8A07BA979C43832584FD9A
:100E80000325C4FD8297173500001305A5330128FB
:100E9000832784FD3E85B2502254456182805D7176
:100EA00022D60018232EA4FC4CC010C454C418C869
:100EB0005CC8232C0401232E14010100325461610B
:100EC00082805D7122D60018232EA4FC4CC010C471
:100ED00054C418C85CC8232C0401232E140101003B
:100EE0003254616182805D7122D60018232EA4FCE9
:100EF0004CC010C454C418C85CC8232C0401232E51
:100F0000140101003254616182805D7122D60018A3
:100F1000232EA4FC4CC010C454C418C85CC8232C95
:100F20000401232E140101003254616182805D713D
:100F300022D60018232EA4FC4CC010C454C418C8D8
:100F40005CC8232C0401232E14010100325461617A
:100F500082805D7106D622D40018232EA4FC4CC0DA
:100F600010C454C418C85CC8232C0401232E1401D7
:100F700093070402232CF4FC832784FD9117232676
:100F8000F4FE8327C4FEBE850325C4FD912A1735D0
:100F9000000013056524353701A02971232E111295
:100FA000232C8112232A21132328311323264113B2
:100FB000232451132322611323207113800223243D
:100FC000A4EC2326B4EC2322C4EC232E04FC232C13
:100FD00004FC832744EC3E8B814B032784EC83275E
:100FE000C4EC5A86DE863A85BE85EF1030482A87E3
:100FF000AE878327C4FD8A07930604FEB69723AC09
:10100000E7EE832744EC3E8981498327C4EC4E8771
:1010100063E4E7048327C4EC4E876397E7008327E4
:1010200084EC4A8763EAE702832744EC3E8A814ADC
:101030005286D686032584EC8325C4ECEF10B00CD1
:101040002A87AE872324E4EC2326F4EC8327C4FD0F
:101050008507232EF4FCB5BF01008327C4FD850757
:10106000232EF4FC91A08327C4FD8A07130704FEF6
:10107000BA9703A787EFA54763F7E70093077005C3
:10108000232CF4FC29A093070003232CF4FC8327D2
:10109000C4FD8A07130704FEBA9703A787EF8327C7
:1010A00084FDBA973E85F9298327C4FD1387F7FF8E
:1010B000232EE4FCE349F0FA010001008320C11370
:1010C000032481130329411383290113032AC11225
:1010D000832A8112032B4112832B011231618280FA
:1010E0001D7186CEA2CCA6CACAC880102326A4FA37
:1010F0002324B4FA93070000232CF4FC232804FAD9
:10110000232A04FA232C04FA232E04FA232004FCB5
:10111000232204FC232404FC231604FC11A8638D61
:101120000438268585218327C4FA85072326F4FA07
:101130008327C4FA83C70700BE8493075002E39055
:10114000F4FE8327C4FA85072326F4FA8327C4FA1A
:10115000232AF4FC232204FE232E04FC8327C4FA52
:10116000138717002326E4FA83C70700BE8493077A
:1011700050026380F4329307500263CFF430930738
:10118000800763CB97309307300663C7F4309387AB
:10119000D4F955476362F73013972700973700005B
:1011A0009387C704BA97984397370000938707043B
:1011B000BA978287832744FE85072322F4FE85475A
:1011C000232EF4FCD5A4832784FA13874700232415
:1011D000E4FA9C433E857D26C1AC832784FA1387BD
:1011E00047002324E4FA03A90700631A090017390A
:1011F0000000130929FF21A02685692605098347D8
:101200000900BE84F5F84DA4A9472328F4FC032760
:1012100044FE854763D1E702832784FA9D07E19B5B
:10122000138787002324E4FA9843DC432324E4FE55
:101230002326F4FE3DA8032744FE8547631FF700DD
:10124000832784FA138747002324E4FA9C4323244A
:10125000F4FEFD872326F4FE29A8832784FA13874A
:1012600047002324E4FA9C432324F4FEFD8723262D
:10127000F4FE032784FE8327C4FE63DB0702130505
:10128000D0020926032584FE8325C4FE0147814739
:101290003306A740328833380701B386B740B38797
:1012A0000641BE863287B6872324E4FE2326F4FE59
:1012B000832704FD3E86032584FE8325C4FEF13981
:1012C000E5A2832784FA9D07E19B138787002324E7
:1012D000E4FA9843DC433A85BE85EF20D033AA87F1
:1012E000232CF4FC930704FB1946BE85032584FDDB
:1012F000EFF01F81232004FE25A0832704FE13079F
:1013000004FFBA9783C707FC3E85AD2C032704FE74
:10131000F54763C0E702832704FE85072320F4FE18
:10132000832704FE130704FFBA9783C707FCF1F76E
:10133000A5AA010095AAA9472328F4FC032744FE87
:10134000854763D1E702832784FA9D07E19B1387D2
:1013500087002324E4FA9843DC432324E4FE232675
:10136000F4FE1DA8832744FE89CF832784FA1387C0
:1013700047002324E4FA9C432324F4FE232604FE9E
:1013800021A8832784FA138747002324E4FA9C4387
:101390002324F4FE232604FE832704FD3E86032532
:1013A00084FE8325C4FED53E01A2A1472328F4FC78
:1013B000032744FE854763D1E702832784FA9D070C
:1013C000E19B138787002324E4FA9843DC4323241A
:1013D000E4FE2326F4FE1DA8832744FE89CF83273D
:1013E00084FA138747002324E4FA9C432324F4FE61
:1013F000232604FE21A8832784FA13874700232489
:10140000E4FA9C432324F4FE232604FE832704FDF0
:101410003E86032584FE8325C4FE413671A0C14764
:101420002328F4FC032744FE854763D1E702832782
:1014300084FA9D07E19B138787002324E4FA9843ED
:10144000DC432324E4FE2326F4FE1DA8832744FE68
:1014500089CF832784FA138747002324E4FA9C4327
:101460002324F4FE232604FE21A8832784FA13876D
:1014700047002324E4FA9C432324F4FE232604FE9D
:10148000832704FD3E86032584FE8325C4FE313672
:1014900021A82685C52809A813055002E520832721
:1014A00044FD2326F4FA01008327C4FD81C7232EBF
:1014B00004FC6DB10100ADB90100F6406644D644AC
:1014C0004649256182805D7106D622D40018232EFC
:1014D000A4FC4CC010C454C418C85CC8232C04011C
:1014E000232E140193070402232CF4FC832784FD8C
:1014F00091172326F4FE8327C4FEBE850325C4FD71
:10150000C53681473E85B250225461618280011107
:1015100022CE0010232604FE2DA08327C4FE93872D
:101520003711A207BE86174701001307A7B4832708
:10153000C4FE8A07BA9794C38327C4FE850723266F
:10154000F4FE0327C4FE8947E3D9E7FC010001004C
:10155000724405618280411122C60008010097474C
:101560000100938727B19C4383C7C700918BE5DBBC
:1015700097470100938707B09C439C473E853244C0
:1015800041018280011122CE00102326A4FE010019
:1015900097470100938707AE9C4383C7C700898B99
:1015A000E5FB974701009387E7AC9C430327C4FE04
:1015B000D8C381473E85724405618280797122D605
:1015C0000018232EA4FC232CB4FC232604FE83271E
:1015D00084FD920737F7FA0213070708B357F7029B
:1015E0002326F4FE8327C4FE139707014183832734
:1015F000C4FD2390E700010032544561828001114F
:1016000022CE00102326A4FEAE87A305F4FE832776
:10161000C4FE0347B4FE238CE70001007244056159
:101620008280011122CE00102326A4FEAE87A305DE
:10163000F4FE01008327C4FE83C7C700898BFDFB2E
:101640000347B4FE8327C4FED8C381473E85724456
:1016500005618280797106D622D40018232EA4FC5D
:10166000232CB4FC232604FE8327C4FE1387170013
:101670002326E4FE032784FDBA9783C70700A3054A
:10168000F4FE8347B4FEBE850325C4FD593F83475E
:10169000B4FEF9FB81473E85B250225445618280F9
:1016A000797122D60018232EA4FC232CB4FCA307A6
:1016B00004FE01008327C4FD83C7C700918BFDDBB7
:1016C0008327C4FD9C47A307F4FE832784FD0347BB
:1016D000F4FE2380E70085473E85325445618280D1
:1016E000797106D622D40018232EA4FC232CB4FC36
:1016F000232604FEA30504FE01008327C4FD83C73F
:10170000C700918BFDDB8327C4FD9C47A305F4FE36
:101710008327C4FE138717002326E4FE032784FDD6
:10172000BA970347B4FE2380E7008347B4FE3E85A3
:10173000913D0347B4FEB547E310F7FC8327C4FE91
:10174000138717002326E4FE032784FDBA97294751
:101750002380E7008327C4FE138717002326E4FEB7
:10176000032784FDBA97238007008327C4FE93F7DD
:10177000F70F3E85B250225445618280797122D69E
:101780000018232EA4FC31A08327C4FD9C47A30787
:10179000F4FE8327C4FD83C7C700918BF5F70100D2
:1017A0000100325445618280411122C600080100C7
:1017B000324441018280411106C622C40008173517
:1017C0000000130525A8EFF08FED974701009387E0
:1017D000678217F7FFFF1307675E98C397470100FB
:1017E0009387478117F7FFFF1307475DD8C39747D4
:1017F00001009387278017F7FFFF1307275C98C71F
:10180000973701009387077F17F7FFFF1307075BE1
:10181000D8C7973701009387E77D17F7FFFF1307B6
:10182000E75998CB973701009387C77C17F7FFFFDD
:101830001307C758D8CB973701009387A77B17F7B3
:10184000FFFF1307A75798CF973701009387877A31
:10185000170700001307672FD8CF9737010093872A
:10186000677917F7FFFF1307675598D3973701007C
:101870009387477817F7FFFF13074754D8D3973755
:1018800001009387277717F7FFFF1307275398D790
:10189000973701009387077617070000130707475C
:1018A000D8D7973701009387E77417F7FFFF13071F
:1018B000E75098DB973701009387C77317F7FFFF4F
:1018C0001307C74FD8DB973701009387A77217F725
:1018D000FFFF1307A74E98DF9737010093878771A3
:1018E00017F7FFFF1307874DD8DF9737010093875E
:1018F000677417F7FFFF1307674C98C3973701000A
:101900009387477317F7FFFF1307474BD8C39737E2
:1019100001009387277217F7FFFF1307274A98C71D
:10192000973701009387077117F7FFFF13070749E0
:10193000D8C7973701009387E76F17F7FFFF1307A3
:10194000E74798CB973701009387C76E17F7FFFFDC
:101950001307C746D8CB973701009387A76D17F7B2
:10196000FFFF1307A74598CF973701009387876C30
:1019700017F7FFFF13078744D8CF973701009387E6
:10198000676B17F7FFFF1307674398D3973701007B
:101990009387476A17F7FFFF13074742D8D3973754
:1019A00001009387276917F7FFFF1307274198D78F
:1019B000973701009387076817F7FFFF1307074062
:1019C000D8D7973701009387E76617F7FFFF13070C
:1019D000E73E98DB973701009387C76517F7FFFF4E
:1019E0001307C73DD8DB973701009387A76417F724
:1019F000FFFF1307A73C98DF9737010093878763A2
:101A000017F7FFFF1307873BD8DF173500001305D3
:101A1000E584EFF0CFC80100B2402244410182804A
:101A2000411106C622C40008DD3417350000130535
:101A30002584EFF0CFC64133EFE0AFFA1735000051
:101A400013050584EFF0AFC50100B2402244410107
:101A50008280411122C60008B7C70002E1179C43EB
:101A60003E85324441018280411122C60008B7C739
:101A70000002F1179C433E853244410182804111AE
:101A800006C622C44AC24EC00008E137AA873E8972
:101A900081494A87CE873A85BE85B24022441249A1
:101AA000824941018280011106CE22CC00102324FC
:101AB000A4FE2326B4FE172500001305657DEFF074
:101AC0000FBE9387C1839C439843DC439386018474
:101AD00003A80600032584FE8325C4FE3306A70061
:101AE000B288B3B8E800B386B700B387D800BE8623
:101AF0003287B6872320E8002322F80093870184E9
:101B00009C439843DC433A86BE86172500001305A4
:101B1000E579EFF00FBB9387C1839C439843DC4387
:101B20003A86BE86172500001305C579EFF06FB918
:101B3000172500001305457AEFF06FB60100F2405B
:101B4000624405618280011106CE22CC001023265A
:101B5000A4FE2324B4FE172500001305A579EFF099
:101B60000FB49387018494437D57FD5798C2DCC21C
:101B7000938701849C439843DC433A86BE861725AD
:101B8000000013052579EFF00FB6B7C70002E11783
:101B90009C43BE851725000013054579EFF0AFB4CF
:101BA000172500001305C579EFF06FAF0100F24073
:101BB000624405618280797106D622D40018232EF2
:101BC000A4FC1725000013056579EFF04FADB707AA
:101BD000010CC1072326F4FE8327C4FE0327C4FD9E
:101BE00098C3173701001307A7498327C4FD92073D
:101BF000BA97094798C71737010013076748832723
:101C0000C4FD9207BA97DC47138717009736010087
:101C1000938606478327C4FD9207B697D8C7173720
:101C200001001307E7458327C4FD9207BA979C4735
:101C30003E868325C4FD1725000013052574EFF0AB
:101C40008FAA173701001307A7438327C4FD920704
:101C5000BA978C4317370100130787428327C4FDC7
:101C60009207BA97904717370100130767418327F8
:101C7000C4FD9207BA97D4431737010013074740B2
:101C80008327C4FD9207BA97DC473E8717250000DB
:101C900013054571EFF02FA51725000013050576F4
:101CA000EFF0EF9F0100B250225445618280011194
:101CB00006CE22CC0010232604FE172500001305B3
:101CC000A575EFF0CF9DB707010CC1072326F4FEE1
:101CD0008327C4FE9C432324F4FE0326C4FE8325ED
:101CE00084FE1725000013056575EFF0CF9F1725BB
:101CF000000013056577EFF08F9A832784FE3E85F9
:101D0000F240624405618280797106D622D40018BF
:101D1000232EA4FC232CB4FC172500001305C57644
:101D2000EFF0EF9769372326A4FE8325C4FE17251D
:101D3000000013052577EFF00F9B8327C4FE91C7A2
:101D40000327C4FEF14763FAE7008325C4FE172585
:101D500000001305E576EFF0CF9F1737010013075A
:101D600027328327C4FE9207BA97054798C71737CB
:101D700001001307E7308327C4FE9207BA979C47F8
:101D80003E868325C4FE172500001305255FEFF06E
:101D90008F95173701001307A74A8327C4FE8A07C8
:101DA000BA979C430325C4FE82970325C4FE2135C0
:101DB0008325C4FE172500001305C573EFF0AF920D
:101DC000172500001305C574EFF06F8D0100B250A8
:101DD000225445618280011106CE22CC00102326B8
:101DE000A4FE1725000013056574EFF04F8B8327C1
:101DF000C4FE85CB0327C4FE994763E4E702194775
:101E00008327C4FEB307F7403E857125AA8791EB6F
:101E100019478327C4FEB307F740930500083E85A2
:101E200019258325C4FE172500001305A571EFF0C1
:101E30004F89172500001305A572EFF04F860100AA
:101E4000F240624405618280797106D622D400187E
:101E5000232EA4FCA30704FE172500001305C5715B
:101E6000EFF0EF838325C4FD17250000130585726D
:101E7000EFF06F870966B705000C17250000130502
:101E8000A572EFF04F868327C4FD13D73700B7271D
:101E9000000CBA972324F4FE832784FE83C707002F
:101EA000A307F4FE8347F4FE3E86832584FE1725B0
:101EB00000001305A572EFF00F838327C4FD9D8BEF
:101EC0000547B317F7001397870161878307F4FE6F
:101ED000D98FE207E187A303F4FE832784FE03473B
:101EE00074FE2380E700834774FEBE85172500003B
:101EF0001305C571EFE03FFF172500001305C572FC
:101F0000EFE0FFF90100B2502254456182807971FF
:101F100006D622D40018232EA4FC232604FEA305F3
:101F200004FE172500001305E571EFE05FF7832538
:101F3000C4FD172500001305E565EFE0DFFA8326F1
:101F4000C4FD0966B705000C17250000130585714F
:101F5000EFE07FF98327C4FD13D73700B727000CC4
:101F6000BA972326F4FE8327C4FE83C70700A30580
:101F7000F4FE8347B4FE3E868325C4FE1725000089
:101F800013058572EFE03FF68327C4FD9D8B05475F
:101F9000B317F700E207E18793C7F7FF13978701AD
:101FA00061878307B4FEF98FE207E1872305F4FE1A
:101FB0008327C4FE0347A4FE2380E70017370100F0
:101FC0001307070C8327C4FD9207BA9723A40700C1
:101FD000173701001307C70A8327C4FD9207BA9772
:101FE0009C473E868325C4FD17250000130505394F
:101FF000EFE07FEF172500001305456EEFE03FEAA5
:102000000100B250225445618280797106D622D4F3
:102010000018232EA4FC172500001305E56DEFE042
:102020001FE8232604FEB707010C2326F4FE8327AE
:10203000C4FE0327C4FD98C38327C4FE9C43BE850A
:10204000172500001305856DEFE0FFE91725000057
:102050001305856EEFE0BFE40100B25022544561E4
:102060008280797106D622D40018232EA4FC232C5A
:10207000B4FC8325C4FD172500001305E56DEFE0D2
:102080001FE2832784FD13972700B707000CBA9738
:102090002326F4FE8325C4FE172500001305456E94
:1020A000EFE07FE48327C4FE9C43BE851725000034
:1020B0001305456FEFE03FE38327C4FE0327C4FD0C
:1020C00098C38327C4FE9C43BE85172500001305D3
:1020D000A570EFE05FE1172500001305E572EFE062
:1020E0001FDC0100B250225445618280797106D60E
:1020F00022D40018232EA4FC172500001305C57256
:10210000EFE0FFD9B707040013850710EFE03FBFEA
:102110002326A4FE8325C4FE17250000130505739E
:10212000EFE07FDC8327C4FDE5170547B317F70011
:1021300093C7F7FF3E878327C4FEF98FBE85B70795
:10214000040013850710EFE0BFBEB7070400138536
:102150000710EFE0DFBAAA87BE8517250000130538
:102160002571EFE05FD81725000013056573EFE0D8
:102170001FD30100B250225445618280011106CE66
:1021800022CC0010232604FE1725000013054573FA
:10219000EFE0FFD0973701009387C7E517070000EE
:1021A0001307C7B6D8D7AD451725000013058572AC
:1021B000EFE07FD397370100938787EC23A40700D4
:1021C000973701009387C7EB23A0070097370100DB
:1021D000938707EB23A2070097370100938747EA0D
:1021E00023A6070085472326F4FEE5A01737010044
:1021F000130707E98327C4FE9207BA9723A40700B1
:10220000173701001307C7E78327C4FE9207BA9761
:102210000327C4FE98C317370100130767E6832717
:10222000C4FE9207BA970947D8C3173701001307AE
:1022300027E58327C4FE9207BA9723A60700172530
:1022400000001305E56BEFE01FCA0325C4FEC13192
:10225000173701001307C7FE8327C4FE8A07BA9702
:1022600017070000130767B798C38325C4FE094505
:10227000CD3B173701001307A7E08327C4FE920761
:10228000BA978C4317370100130787DF8327C4FEF3
:102290009207BA97904717370100130767DE832725
:1022A000C4FE9207BA97D44317370100130747DDDE
:1022B0008327C4FE9207BA97DC473E8717250000A4
:1022C00013054567EFE03FC28327C4FE8507232639
:1022D000F4FE0327C4FEED47E3FAE7F00545353386
:1022E000172500001305056EEFE07FBB0100F240EB
:1022F000624405618280011106CE22CC00102326A3
:10230000A4FE172500001305256DEFE05FB9032734
:10231000C4FE994763FAE7000327C4FED54763E587
:10232000E7000325C4FED9330325C4FE313E17253B
:1023300000001305656CEFE09FB60100F2406244B7
:1023400005618280797106D622D40018232EA4FC60
:10235000232CB4FC032784FDC167634DF700C167DC
:102360009385F7FF172500001305056BEFE03FBCD1
:10237000814725A88327C4FD93870730A20723261A
:10238000F4FE832784FD1397070141878327C4FE4A
:102390002390E700032684FD8325C4FD1725000054
:1023A0001305C56AEFE0FFB185473E85B250225460
:1023B00045618280797106D622D40018232EA4FCB0
:1023C000232CB4FC032784FDC167634DF700C1676C
:1023D0009385F7FF172500001305456AEFE03FB529
:1023E00081472DA88327C4FD93870730A207910753
:1023F0002326F4FE832784FD139707014187832753
:10240000C4FE2390E700032684FD8325C4FD172521
:1024100000001305A569EFE0DFAA85473E85B250AD
:10242000225445618280797106D622D40018232E69
:10243000A4FC232CB4FC032784FD9307F00F63DC7A
:10244000E7009305F00F1725000013052569EFE05D
:102450001FAE814725A88327C4FD93870730A207B5
:10246000A1072326F4FE832784FD13F7F70F8327A4
:10247000C4FE2380E700032684FD8325C4FD1725C1
:1024800000001305E568EFE0DFA385473E85B25005
:10249000225445618280797106D622D40018232EF9
:1024A000A4FC8327C4FD93870730A207A107232636
:1024B000F4FE8327C4FE83C7070093F7F70FA18BB1
:1024C0002324F4FE832784FE8D87BE851725000014
:1024D00013054567EFE0FF9E832784FE13D737403F
:1024E00085476314F700854711A081473E85B250A8
:1024F000225445618280797106D622D40018232E99
:10250000A4FC232CB4FC032784FDC167634DF700B2
:10251000C1679385F7FF1725000013052565EFE0D8
:102520001FA181471DA08327C4FD93870730A20701
:10253000B1072326F4FE832784FD13970701418703
:102540008327C4FE2390E70085473E85B25022547E
:1025500045618280011106CE22CC00102326A4FE04
:1025600081450325C4FEF93B81450325C4FE993509
:1025700081450325C4FE453D81450325C4FEA53F95
:102580008325C4FE1725000013058561EFE07F93C6
:102590000100F240624405618280011106CE22CC26
:1025A0000010232604FE09A80325C4FE65378327EF
:1025B000C4FE85072326F4FE0327C4FE9147E3D516
:1025C000E7FE1725000013056560EFE09F8F01000F
:1025D000F240624405618280797106D622D40018E7
:1025E000232EA4FC232604FE8327C4FD9DE7172584
:1025F00000001305A560EFE0DF8C8327C4FE890788
:102600002326F4FE8327C4FE91072326F4FE8327A6
:10261000C4FEC1072326F4FEB9A00327C4FD8547E5
:10262000631EF700172500001305855FEFE07F8923
:102630008327C4FE91072326F4FE35A00327C4FD9B
:1026400089476312F7021725000013056560EFE064
:102650005F878327C4FE91072326F4FE8327C4FEE9
:10266000A1072326F4FE8327C4FE3E85B2502254E0
:1026700045618280797106D622D40018232EA4FCED
:10268000232CB4FC032584FD813F2326A4FE83254F
:10269000C4FE0325C4FD413BAA8789CB8325C4FD25
:1026A000172500001305055EEFE0BF818325C4FEFA
:1026B0000325C4FD8D3BAA8789EB8325C4FD17251F
:1026C00000001305A55EEFE09F860100B250225482
:1026D00045618280797122D60018232EA4FCAE8732
:1026E000A30DF4FC8327C4FD93870730A207A1073D
:1026F0002326F4FE8347B4FD99C78327C4FE8507CC
:102700002326F4FE09A88327C4FE91C78327C4FEAD
:10271000FD172326F4FE0100325445618280011129
:1027200006CE22CC00102326A4FE2324B4FE83254B
:1027300084FE0325C4FEC133AA8799E7172500004C
:1027400013050559EFE0AFFE0100F2406244056158
:102750008280011106CE22CC00102326A4FE232461
:10276000B4FE832584FE0325C4FEA931AA8799E718
:102770001725000013050558EFE06FFB0100F2403C
:10278000624405618280011106CE22CC001023260E
:10279000A4FE2324B4FE832584FE0325C4FE5D36F7
:1027A000AA8799E71725000013050557EFE02FF8D2
:1027B0000100F240624405618280797106D622D41C
:1027C00000182326A4FE2324B4FE2322C4FE2320C3
:1027D000D4FEBA87A30FF4FC832544FE0325C4FE70
:1027E0005D37832504FE0325C4FEA537832584FEBB
:1027F0000325C4FE2D378347F4FDBE850325C4FEA3
:10280000D13D8325C4FE1725000013052553EFE0B5
:102810004FEB0100B250225445618280011106CE77
:1028200022CC00102326A4FE81450325C4FEE53EEC
:102830008325C4FE1725000013054552EFE06FE81D
:102840000100F240624405618280797106D622D48B
:102850000018232EA4FC8327C4FD93870730A2070A
:102860002326F4FE8327C4FD93870730A207910730
:102870002324F4FE8327C4FD93870730A207A10712
:102880002322F4FE8327C4FD93870730A207B107F4
:102890002320F4FE8327C4FE83D70700C207C18329
:1028A000BE85172500001305E54DEFE08FE1832776
:1028B00084FE83D70700C207C183BE8517250000A9
:1028C0001305854EEFE0EFDF832744FE83C7070043
:1028D00093F7F70FBE85172500001305254FEFE08E
:1028E0004FDE832704FE83D70700C207C183BE855E
:1028F0001725000013050550EFE0AFDC0100B250D2
:10290000225445618280AA88AE8732883685468304
:1029100063990620B7560080938606E563F0C50CE0
:1029200041676376E60A1307F00F3337C7000E07D7
:102930003355E600AA9683C60600130500023697B3
:10294000B306E540630CE500B397D70033D7E80042
:102950003318D600B365F7003393D80093580801B5
:10296000B3D7150313160801418213570301B3F6B9
:1029700015033E85B305F602C206558F637CB7008A
:1029800042971385F7FF636707016375B7001385E7
:10299000E7FF42970D8FB3771703420313530301E9
:1029A00033571703C20733E36700B306E6023A86DC
:1029B000637BD30042931306F7FF636603016374DE
:1029C000D3001306E7FF4205518D81455DA8370509
:1029D00000014147E36EA6F4614799BF01E6054750
:1029E0003358C7024167637FE8081307F00F63732A
:1029F000070121453357A800BA9603C706001306FE
:102A000000022A97B306E6406315E608B38707413C
:102A10008545935808011316080141821357030195
:102A2000B3F61703B3D71703C206558F330EF6025A
:102A30003E85637CC70142971385F7FF63670701F3
:102A40006375C7011385E7FF42973307C741B37723
:102A5000170342031353030133571703C20733E32A
:102A60006700B306E6023A86637BD30042931306FF
:102A7000F7FF636603016374D3001306E7FF4205A3
:102A8000518D8280370700014145E365E8F66145D5
:102A900095B73318D800B3D5E7003393D800B39770
:102AA000D70033D7E800935808013366F70033F7AF
:102AB000150393170801C18313550601B3D51503F8
:102AC0004207498FB386B7022E85637CD7004297B1
:102AD0001385F5FF636707016375D7001385E5FF6D
:102AE0004297B306D74033F7160342064182B3D666
:102AF00016034207B388D702B367C700368763FC63
:102B00001701C2971387F6FF63E7070163F5170103
:102B10001387E6FFC29793150501B3871741D98D37
:102B2000CDBD63E2D514416763FFE6021307F00FE2
:102B3000B335D7008E053757008033D5B60013075D
:102B400007E52A9703470700130500022E97B305F0
:102B5000E5406311E5020545E3E5F6F233B5C8004B
:102B60001345150039BF37070001C145E3E5E6FC11
:102B7000E145D1B73353E600B396B6003363D300D3
:102B800013550301B31EB60033D6E700B376A60291
:102B9000B397B70033D7E8003368F7009317030102
:102BA000C183135708013356A602C206558F338FCF
:102BB000C702328E637CE7011A97130EF6FF636734
:102BC00067006375E701130EE6FF1A973307E741C5
:102BD000B376A7023357A702C2063386E7029317DC
:102BE0000801C183D58FBA8663FCC7009A97930604
:102BF000F7FF63E7670063F5C7009306E7FF9A975F
:102C000013150E01416E558D9306FEFF3378D500E6
:102C1000918FB3F6DE001356050193DE0E013303E8
:102C2000D802B306D602135703013308D8033698E7
:102C300042973306D6036373D70072969356070103
:102C4000369663E0C702E392C7D8C167FD177D8F50
:102C500042073373F300B398B8001A978145E3F243
:102C6000E8E27D159DB38145014521BDB2883687D7
:102C7000AA872E886398061CB7560080938606E5BF
:102C800063F8C50A4163637E66081303F00F63733C
:102C9000C30021473353E6009A9603CE06003A9EBE
:102CA000130700023303C741630CC701B3956500E6
:102CB000335EC501B31866003368BE00B317650004
:102CC00013D608013377C80213950801418193D6C2
:102CD00007013358C8024207D98E3308050363F849
:102CE0000601C69663E5160163F30601C696B38630
:102CF000064133F7C602C207C183B3D6C602B30684
:102D0000D50213150701C98F63F8D700C69763E58D
:102D1000170163F3D700C697958F33D567008145B8
:102D20008280370300014147E36666F661479DB73D
:102D300001E60546B3581603416663F3C808130657
:102D4000F00F63731601214733D6E800B29603CE25
:102D500006003A9E130700023303C7416319C707F1
:102D6000B385154113D7080113950801418113D686
:102D70000701B3F6E502B3D5E502C206D18EB3056D
:102D8000B50263F8B600C69663E5160163F3B600B4
:102D9000C696B385B640B3F6E502C207C183B3D584
:102DA000E502B305B50213950601C98F63F8B700B4
:102DB000C69763E5170163F3B700C6978D8FB1BF60
:102DC000370600014147E3E1C8F86147B5BFB39852
:102DD000680033D7C501B3176500335EC50113D54D
:102DE0000801B376A702B3956500336EBE009395D4
:102DF0000801C18113560E013357A702C206D18EB6
:102E00003387E50263F8E600C69663E5160163F3CF
:102E1000E600C6963386E640B376A602420E135EFF
:102E20000E013356A602C2063386C502B3E5C601BB
:102E300063F8C500C69563E5150163F3C500C69543
:102E4000918D0DB7E3EED5EC416763F5E604130E03
:102E5000F00F3337DE000E07B758008033D3E6009B
:102E6000938808E59A9803CE08003A9E130700025B
:102E70003303C7416317C70363E4B6006369C50042
:102E8000B307C540958D3335F5003388A5403E85A1
:102E9000C28579B5B70800014147E3EF16FB6147EA
:102EA00065BF3357C601B3966600336FD700B3D7FB
:102EB000C50113570F01B3F8E702B3956500335806
:102EC000C5013368B80093150F01C18193560801FD
:102ED0003316660033156500B3D7E702C208B3E6C0
:102EE000D800B38EF502BE8863FCD601FA969388AB
:102EF000F7FF63E7E60163F5D6019388E7FFFA96EB
:102F0000B386D641B3FEE602420813580801B3D691
:102F1000E602C20EB3EE0E01B385D502B68763FC9E
:102F2000BE00FA9E9387F6FF63E7EE0163F5BE00ED
:102F30009387E6FFFA9EB385BE40C208C16EB3E830
:102F4000F8009387FEFF33F8F8009356060193D8F4
:102F50000801F18F3307F802B387F8023308D8026B
:102F6000B388D8023E9893560701C29663F3F600E1
:102F7000F698C167FD1713D80601FD8EC2067D8F36
:102F8000C298369763E61501639C1501637AE500E4
:102F90003306C7403337C7007A97B388E840328793
:102FA0003307E5403335E500B3851541898DB39787
:102FB000C5013357670033E5E700B3D565008DB32E
:102FC000370810007D180111B377B80013D74501F9
:102FD0003378D80093D8460122CC8E071374F77F3C
:102FE0001357D50126CAD98F93D4F5011357D601AB
:102FF00093F8F87F93D5F6010E0806CE4AC84EC660
:103000000E05336707010E06B30614416395B4221B
:103010006351D00E63980802B365C700638B052027
:103020009385F6FF89E92A963335A600BA97AA97C1
:1030300032850544B1A81308F07F639D060113048F
:10304000F07F71AA9305F07F630BB418B705800079
:103050004D8FB6859306800363C9B608FD4663C0ED
:10306000B606130800023308B840B3160701B35878
:10307000B60033160601B3E616013336C000558E8E
:103080003357B7002A963E97B337A600BA973285D2
:10309000139787006355071405041307F07F630532
:1030A000E448B70680FFFD16FD8E9355150005898F
:1030B0009397F6014D8D5D8D93D716000DA29386E3
:1030C00005FE93080002B356D70001486388150136
:1030D00013080004B305B8403318B7003366C800BE
:1030E0003336C000558E014771BF598E3336C0004C
:1030F000DDBFD5CAB38588400DE4B3E6A700638C75
:1031000006409386F5FF99E63295BA973336C500A7
:10311000B29705B71308F07F639D0501BA87328522
:1031200039BF9306F07FE38BD8FEB7068000D58FBA
:10313000AE869305800363C4D506FD4563CBD502F7
:10314000130800023308D8403353D500B395070164
:1031500033150501B3E565003335A0004D8DB3D6B9
:10316000D7003295B387E6003336C500B297468460
:1031700005B7938506FE13030002B3D5B7000148D7
:103180006388660013080004B306D8403398D7005C
:103190003365A8003335A0004D8D8146D9B75D8DCC
:1031A0003335A000DDBF9306140093F5E67FBDE143
:1031B000B3E6A70029E463840636B366C70085C278
:1031C0002A96BA973335A600AA97139787003285B7
:1031D00063570700370780FF7D17F98F0544137782
:1031E0007500630507341377F50091466300D73403
:1031F0009306450033B5A600AA97368505AE99DE3D
:10320000598EE30E06E28144B707400001451304DE
:10321000F07F29AE9305F07F6386B6302A963E97FD
:10322000B337A6003E971315F7010582518D9357CA
:10323000170036846DB76356D00C63910808B365E8
:10324000C700E5D99385F6FF91E93306C5403335CC
:10325000C500998F898F32850544B1A01308F07F8E
:10326000E38F06DD9306800363C9B608FD4663C09D
:10327000B606130800023308B840B3160701B35866
:10328000B60033160601B3E616013336C000558E7C
:103290003357B7003306C5403387E740B337C5001F
:1032A000B307F740328513978700E35A07F23709CF
:1032B00080007D1933F92701AA8975A29305F07F53
:1032C000E30FB4F0B70580004D8FB68561BF9386DC
:1032D00005FE93080002B356D70001486388150124
:1032E00013080004B305B8403318B7003366C800AC
:1032F0003336C000558E014771BF598E3336C0003A
:10330000DDBFF9C23388884015E8B3E6A700638FB4
:1033100006269306F8FF91EA3305A640B307F74067
:103320003336A600918FAE8405BF1303F07F631F71
:103330006800BA8732851304F07F7DA09306F07F82
:10334000E389D8FEB7068000D58FC28613088003B4
:103350006348D8067D48634ED80213030002330346
:10336000D340335ED500339867003315650033686A
:10337000C8013335A0003365A800B3D6D7003305A4
:10338000A640B307D7403336A600918F4684AE845B
:1033900019BF138806FE130E000233D8070101433C
:1033A0006388C60113030004B306D3403393D700E8
:1033B0003365A3003335A0003365A8008146C1B74B
:1033C0005D8D3335A000DDBF9306140093F6E67FD4
:1033D000B5E633E8A700B366C70031E46318080018
:1033E000638A061ABA873285AE84D5BBE38906DEC6
:1033F0003308C540B3380501B386E740B3861641AC
:103400009398860063DA08003305A640B307F740B7
:103410003336A600918FC9BF3365D8006300051805
:10342000B68742856DBB63180800638B0616BA87A2
:103430003285AE8429B1E38406C0F1B3B309C54037
:10344000B33635013389E7403309D94093168900F3
:1034500063D80606B309A640B307F74033363601F2
:103460003389C740AE84630309064A85EF00B02C58
:10347000130785FFFD4763C1E70693060002998E97
:10348000B317E900B3D6D900DD8E3395E900634E5A
:103490008706018F930717007D466345F6041307DF
:1034A00000021D8FB355F5003396E6003315E50095
:1034B0004D8E3335A000518DB3D7F600014405B3CE
:1034C00033E529014DF181470144F9A04E85EF0014
:1034D00090261305050269BF130585FDB396A90063
:1034E000014575B705179305000233D7E60001467D
:1034F0006387B700130600041D8E3396C600518DF6
:103500003335A000598D814755BFB70780FFFD17A0
:10351000198CF58FE9B1BA8732852E84C9B1BA8783
:10352000328575B91304F07F8147014513978700F1
:10353000635B070005041307F07F6308E4063707A1
:1035400080FF7D17F98F1397D7010D81598D1307D0
:10355000F07F8D836319E4005D8D814709C5B7074E
:1035600008000145814413174401B706F07FB207F4
:10357000F2406244758FB183FE04D98F33E7970020
:103580004249D244B249BA8505618280BA87328500
:10359000428499BD81470145814449BF8147EDBFC0
:1035A00001458144B70740009DB18147014561BF96
:1035B000370780007D17935675013378A70013D61F
:1035C00075019357F50193F6F60F1305F00F6D8F04
:1035D0001376F60FFD816395A60005456314080276
:1035E0001305F00F6314A600054509EF0545639B1D
:1035F000C6006319E8006386B70089E63335000129
:1036000082800145828093567501B7078000FD17BF
:1036100013D7750193F6F60F1308F00F33F6A700D2
:103620001377F70FED8F7D81FD816395060139C218
:103630000945828063130701E5FF9DEE11E38DCB01
:1036400001CA6314B5006359D7000DC17D5582804E
:103650007D5591C52E85828063D4E60065D9828030
:10366000E3E5C7FEE36CF6FE0145828005458280F6
:1036700065DEE1BFE302D7FC69F7E1DBD9B70111F1
:103680004AC81359750126CA4EC652C493149500F0
:1036900006CE22CC56C21379F90F2E8AA5809359F3
:1036A000F501630609069307F00F630FF9068E0410
:1036B000B7070004DD8C130919F8814A93577A0182
:1036C00013149A0093F7F70F2580135AFA01B5C720
:1036D0001307F00F638FE7060E0437070004598CB9
:1036E000938717F8014793962A00D98ECA97FD163B
:1036F000B94533C549011386170063E5D506B757A9
:103700000080938747E18A06BE969C4282879DC0CF
:103710002685EF0050029307B5FF1309A0F8B39474
:10372000F4003309A94051BF1309F00F894AD9D4D5
:103730008D4A69B70149854A51B715C02285EF0006
:10374000807F9307B5FF3314F4009307A0F8898FA7
:1037500051BF9307F00F094759D40D4769B7814707
:10376000054751B741679308F7FF93D60401935576
:103770000401B3F414013374140133089402338444
:103780008602B386B602B385950293540801A295CA
:10379000AE9463F38400BA9633F71401420733788A
:1037A0001801429713146700C18033348000698385
:1037B000B694418F9A0433E4E400139744006357AE
:1037C00007069357140005885D8C1307F6076351AD
:1037D000E0069377740099C79377F400914663836A
:1037E000D70011049317440063D80700B70700F807
:1037F000FD177D8C130706089307E00F0D8063DD2E
:10380000E70601441307F00F85A84E8526845687E6
:103810008947E308F7FE8D47630BF7048547E316F6
:10382000F7FA0144014789A85285DDB73E8671BF8A
:103830008547998F6D47E346F7FE1306E609B357B0
:10384000F4003314C400333480005D8C937774002B
:1038500099C79377F40011476383E7001104931726
:1038600054000D80E3D007FC0144054731A0370424
:1038700040001307F00F01455E07B707807F26045D
:103880007D8F2580598C7E05F240418D6244D24463
:103890004249B249224A924A05618280B7068000B5
:1038A0004111FD161356750193D87501B3F7A600A3
:1038B00026C2ED8E4AC01376F60F9354F50193F8A5
:1038C000F80F06C622C41305F00F32898E0746870B
:1038D000FD818E066393A80099E293C51500330815
:1038E000164163929512635D000763920804638E2C
:1038F00006267D1863160802B697328793965700FE
:1039000063DD060C05079306F00F6306D726B7069E
:10391000007E13F61700FD168583F58FD18F75A8ED
:103920001307F00F631CE6001307F00F7DA01307C9
:10393000F00FE30BE6FE37070004D98EED4505478F
:1039400063CE050113070002B3D506013308074112
:10395000B3960601B336D00033E7D500BA9771BFEE
:10396000630A0804B385C84009EE63820720FD1589
:1039700099E1B69761B71306F00F639BC800B6874D
:1039800065B71306F00FE38CC8FE37060004D18F2D
:103990006D450546634DB500130600020D8E33D507
:1039A000B700B397C700B337F0003366F500B3072D
:1039B000D600A9B79305160013F7E50F0DEF0DEA32
:1039C0006387071A99CAB6979396570063D706007C
:1039D000370700FC7D17F98F054793F67700638D55
:1039E000061893F6F70011466388C618910769A276
:1039F000D9D79DDA09AA1307F00F638CE516B6979D
:103A000085832E87D9BF63570007639B08043287DD
:103A1000E9D67D18631D0800958F93965700E3DE65
:103A200006FA370400047D147D8C3A89E5A89305D5
:103A3000F00F1307F00FE302B6FAED45054763CE2A
:103A4000050113070002B3D5060133080741B396F9
:103A50000601B336D00033E7D500998F328775BFA2
:103A60009305F00F1307F00FE309B6F637070004CC
:103A7000D98EE1B7630C08043385C84019EEB9CF7D
:103A80007D1509E5B387F640AE8441BF1306F00FFC
:103A9000639CC800B687AE8441BD1306F00FE38B6C
:103AA000C8FE37060004D18F6D480546634DA80057
:103AB00013060002098E33D8A700B397C700B337A7
:103AC000F0003366F800B387C6407DBF13071600C9
:103AD0001377E70F1DEF0DE681E785C2B68719A8BA
:103AE000E38D06EE3386D740131556006356050066
:103AF000B387F640AE84D5B571E681478144ADA861
:103B0000E39907EEC1FA8144B70700021307F00FEB
:103B1000A5A03384D74013175400635D0702338494
:103B2000F640AE84228501291307B5FF3314E40063
:103B30006346270333072741050793060002B3575F
:103B4000E4003387E6403314E40033348000C18F4F
:103B5000014761B561F8814701474DB7B70700FCE0
:103B6000FD173307E940E18F8DBD3287BDB5B687BC
:103B7000ADB51307F00F81479396570063DB06003E
:103B800005079306F00F6301D704B70600FCFD1686
:103B9000F58F9306F00F8D836316D70081C7B707A3
:103BA00040008144B24022443705807F5E07A6076B
:103BB000698FA5831395F401D98F924402495D8DD5
:103BC00041018280B28711BD8147E1B7370680008D
:103BD000135775019307F6FF1377F70F9305E00767
:103BE000E98F9356F50163F1E5049305D00963F875
:103BF000E500370500801345F5FF3695828033E5F3
:103C0000C7009307500963DAE7001307A7F63315D7
:103C1000E50081CE3305A040828093076009338799
:103C2000E7403355E500F5B701458280411106C6EE
:103C300022C426C255C59357F54133C4A7001D8C35
:103C40009354F5012285C52C9307E0092A87338513
:103C5000A7409307600963C4A702A14763D5E700A3
:103C600061173314E40026045E052580498C139502
:103C7000F401B240418D2244924441018280930775
:103C8000900963DDA7009547998F9306B701B35755
:103C9000F4003314D400333480005D8C954763D630
:103CA000E7009307B7FF3314F400B70700FCFD17D4
:103CB00093767400E18F91C63D8891466303D400EA
:103CC00091079396570063DA0600B70600FCFD16CD
:103CD0001304F009F58F3305E44013D4370061B7BE
:103CE0008144014449B7411122C406C62A84814750
:103CF00019CD91249307E009898F13076009634167
:103D0000F70221476355A70061153314A400260468
:103D1000258013957701B240418D22444101828074
:103D200013079009635DF7001307B5019546331734
:103D3000E400898E3337E0003354D400598C1547A2
:103D40006356A7001307B5FF3314E400370700FCE0
:103D50007D1793767400618F91C63D889146630309
:103D6000D40011079316570063D90600B70700FC6B
:103D7000FD177D8F9307F009898F1354370041BFDA
:103D800093577501411193F7F70F22C426C21314FC
:103D900095009354F5011385170006C61375E50FBA
:103DA00025800DC513850738935734007604B20774
:103DB0005205B183C98F1395F401B24033E7A700D0
:103DC000228522449244BA854101828095EB65D0D8
:103DD00022859522A94763CFA700AD47898F130796
:103DE0005501B357F4003314E4001307903833053A
:103DF000A74075BF930755FFB317F4000144F5B70B
:103E0000814719C493573400370708007604D98FC7
:103E10001305F07F69BF1396C50013D8450193576A
:103E2000D5011378F87F25825D8E9307180093F7EC
:103E3000E77FFD8113173500D1C3930608C89307A8
:103E4000E00F63CBD7086342D006A55763CAF60CD0
:103E5000B707800079455D8E158DFD4763C3A702C6
:103E6000130828C8B3170701B337F000331606014B
:103E70003355A700D18FC98F814613F7770025C32B
:103E800055A0F957B386D74093070002B356D60022
:103E900081486306F500130828CAB3180601B3E782
:103EA000E800B337F000D58FC1BF1A053335A00045
:103EB0000E069357D701498ED18FC1B7B367E6007D
:103EC00063150800B337F00045BF9306F00F81CBB0
:103ED0000E06B7070002CDB781479306F00F139780
:103EE0005700635B070085061307F00F6383E60442
:103EF000370700FC7D17F98F1307F00F8D8363964A
:103F0000E60081C7B707400081453705807FDE06A0
:103F1000A607E98EA583D58F1395F5015D8D828067
:103F20008547814613F7F7001146E30AC7FA910760
:103F30007DB78147D1B7C1676376F5029307F00F6C
:103F4000B3B7A7008E0737570080930600029D8EF7
:103F50003355F500930707E53E9503450500338586
:103F6000A640828037070001C147E36EE5FCE147C8
:103F7000D9BFB367B5008D8BB1EF9841B7867F7F0E
:103F80009386F6F7B377D700B697D98FD58F7D563E
:103F9000639BC7042A867D5818C2D8419105110633
:103FA000B377D700B697D98FD58FE38707FF83C73D
:103FB000050003C7150083C625002300F60099C736
:103FC000A300E60001C72301D60091E28280A3018D
:103FD00006008280AA8703C7050085078505A38F91
:0A3FE000E7FE75FB82802A86D9B740
:103FF0000A45726173696E672E2E2E0A000000005A
:104000000A457261736520636F6D706C6574652E0F
:104010000A0000000A57726974696E672E2E2E001E
:104020002E0000000A0A577269746520636F6D7074
:104030006C6574652E0A00000A506C65617365201A
:1040400072657365742E0A000A20636D643A202538
:10405000783B64313A2025783B2064323A20257839
:1040600000000000666C617368207374617475737E
:104070002072656769737465722076616C2025789B
:104080000A0000004465766963652049442025786C
:10409000200A000065787472616374656420646549
:1040A00076696365206964202578200A0000000095
:1040B00061646472203D2025782064617461203D34
:1040C0002025780A0000000048AFBC9AF2D77A3E5B
:1040D0000A657874726163745F69655F636F6465B4
:1040E00020656E74657265640A000000657863651A
:1040F0007074696F6E20636F6465203D2025780AB7
:1041000000000000657874726163745F69655F63C5
:104110006F6465206578697465640A000A64656681
:1041200061756C745F68616E646C657220656E7435
:10413000657265640A0000000A68616E646C655F00
:104140007472617020656E74657265640A000000A7
:104150000A547261703A206D6361757365203D2069
:1041600025782C20657063203D2025780A0000000A
:1041700073697A656F662875696E74707472292028
:10418000203D202564200A00536F75726365206FFF
:104190006620547261703A20496E7465727275704F
:1041A000740A0000536F75726365206F6620547245
:1041B00061703A20536F6674776172650A0000007F
:1041C00068616E646C655F74726170206578697493
:1041D00065640A000A2070616E6963200A000000AD
:1041E000286E756C6C290000DECFFFFF20D0FFFF2A
:1041F000B0D2FFFFDAD0FFFFB0D2FFFFB0D2FFFF97
:10420000B0D2FFFFB0D2FFFFB0D2FFFFCCCFFFFF95
:10421000B0D2FFFFB0D2FFFFC2D1FFFFB0D2FFFF8D
:10422000B0D2FFFFB0D2FFFFF2CFFFFFB0D2FFFF4F
:104230004ED1FFFFB0D2FFFFB0D2FFFF36D2FFFF5B
:10424000747261705F696E697420656E7465726501
:1042500064200A2000000000747261705F696E695A
:104260007420657869746564200A2000696E697439
:1042700020656E7465726564200A2000696E697439
:10428000206578697465640A000000000A636F6E37
:104290006669677572655F636F756E7465722065B8
:1042A0006E74657265640A006D74696D65636D7026
:1042B0002076616C7565203D2025640A00000000B1
:1042C0006D74696D652076616C7565203D2025648F
:1042D0000A0000000A636F6E6669677572655F6346
:1042E0006F756E746572206578697465640A000084
:1042F0000A6D6163685F636C696E745F68616E64A8
:104300006C657220656E74657265640A0000000059
:104310006D74696D65636D702076616C7565203DA7
:104320002025780A000000006D74696D65207661B3
:104330006C7565203D2025780A0000006D6163687A
:104340005F636C696E745F68616E646C6572206532
:1043500078697465640A00000A696E746572727522
:1043600070745F636F6D706C65746520656E7465E5
:104370007265640A00000000696E7465727275707F
:10438000742069642025642C207374617465206333
:1043900068616E67656420746F2025640A00000000
:1043A000696E74657272757074206964203D202591
:1043B00078200A20726573657420746F20646566C6
:1043C00061756C742076616C7565732073746174AB
:1043D00065203D20257820090920200A2070726977
:1043E0006F72697479203D2025780A20636F756E9D
:1043F00074203D2025780A00696E746572727570AC
:10440000745F636F6D706C65746520657869746541
:10441000640A00000A696E746572727570745F6375
:104420006C61696D5F7265717565737420656E741A
:10443000657265640A000000696E74657272757059
:1044400074206964205B25785D20636C61696D650B
:104450006420206174206164647265737320257820
:104460000A000000696E746572727570745F636C27
:1044700061696D5F726571756573742065786974C3
:1044800065640A000A6D6163685F706C69635F68E8
:10449000616E646C657220656E74657265640A0095
:1044A000696E7465727275707420696420636C61E2
:1044B000696D6564203D2025780A000046617461BD
:1044C0006C206572726F722C20696E7465727275E1
:1044D0007074206964205B25785D20636C61696D70
:1044E00065642069732077726F6E670A00000000B0
:1044F000696E746572727570742069642025642019
:10450000636F6D706C657465200A00000A6D6163ED
:10451000685F706C69635F68616E646C657220656A
:1045200078697465640A00000A6973725F6465667D
:1045300061756C7420656E74657265640A000000B4
:10454000696E74657272757074205B25645D20738A
:10455000657276696365640A000000000A69737217
:104560005F64656661756C74206578697465640A5A
:10457000000000000A696E746572727570745F6580
:104580006E61626C6520656E7465726564200A00F8
:10459000696E746572727570745F6964203D202560
:1045A000780A0000504C4943204241534520414481
:1045B0004452455353203D2025782C20504C4943EC
:1045C00020454E41424C45204F4646534554203DE0
:1045D0002025780A00000000696E7465727275709B
:1045E000745F656E61626C655F61646472203D201A
:1045F00025782063757272656E745F76616C75657F
:10460000203D202578200A0076616C756520726552
:1046100061643A206E65775F76616C7565203D2038
:1046200025780A000A696E746572727570745F6528
:104630006E61626C6520657869746564200A0000AB
:104640000A696E746572727570745F646973616211
:104650006C6520656E7465726564200A0000000058
:10466000504C494320424153452041444452455314
:1046700053203D2025782C20504C494320454E4165
:10468000424C45204F4646534554203D2025782036
:10469000696E746572727570745F6964203D20255F
:1046A000780A0000696E746572727570745F64696F
:1046B0007361626C655F61646472203D20257820BF
:1046C00063757272656E745F76616C7565203D20EE
:1046D0002578200A00000000696E7465727275709A
:1046E000745F64697361626C652065786974656480
:1046F0000A0000000A73657420696E746572727531
:1047000070745F7468726573686F6C6420656E7432
:10471000657265640A000000706C696320746872D9
:104720006573686F6C642073657420746F202564F2
:104730000A00000073657420696E7465727275708A
:10474000745F7468726573686F6C642065786974EF
:1047500065640A000A2073657420696E746572725C
:10476000757074207072696F7269747920656E74E7
:10477000657265642025780A00000000696E746522
:1047800072727570745F7072696F726974795F614B
:10479000646472657373203D2025780A0000000070
:1047A00063757272656E7420646174612061742037
:1047B000696E746572727570745F7072696F726918
:1047C00074795F61646472657373203D2025780A93
:1047D00000000000206E65772064617461206174C0
:1047E00020696E746572727570745F7072696F7231
:1047F0006974795F61646472657373203D20257804
:104800000A00000073657420696E746572727570B9
:1048100074207072696F7269747920657869746543
:10482000640A00000A636F6E6669677572652069C5
:104830006E746572727570742070696E20656E7426
:10484000657265640A0000004750494F2044495290
:10485000454354494F4E20524547495354455220F1
:1048600056414C5545203D2025780A00446174612D
:10487000207772697474656E20746F204750494FB9
:1048800020444952454354494F4E204354524C20F2
:10489000524547203D2025780A000000636F6E6670
:1048A000696775726520696E7465727275707420BF
:1048B00070696E206578697465640A000A706C69B5
:1048C000635F696E697420656E74657265640A0061
:1048D00041737369676E6564206D6163685F706CB6
:1048E00069635F68616E646C657220746F207472B6
:1048F0006170206964203A2025640A000A2A2A2A65
:104900002A2A2A2A2A2A2A2A2A2A2A2A2A2A2A2A07
:104910002A2A2A2A2A2A2A2A2A2A2A2A2A2A2A2AF7
:104920002A2A2A2A2A2A2A2A2A2A2A2A2A00000065
:104930000A696E74657272757074206964203D2016
:104940002578200A726573657420746F206465662B
:1049500061756C742076616C756573207374617415
:1049600065203D2025782009090920200A707269F8
:104970006F72697479203D2025780A636F756E74B3
:10498000203D2025780A2009090920200A2A2A2A00
:104990002A2A2A2A2A2A2A2A2A2A2A2A2A2A2A2A77
:1049A0002A2A2A2A2A2A2A2A2A2A2A2A2A2A2A2A67
:1049B0002A2A2A2A2A2A2A2A2A2A2A2A2A2A0000AB
:1049C000706C69635F696E69742065786974656489
:1049D000200A00000A636F6E6669677572655F6919
:1049E0006E7465727275707420656E74657265643C
:1049F000200A0000636F6E6669677572655F696E95
:104A00007465727275707420657869746564200AC3
:104A1000000000000A506572696F64205265676982
:104A2000737465722056616C756520686967686586
:104A300072207468616E206D61782076616C756596
:104A400020282578290000000A20506572696F64CB
:104A5000205265676973746572206F66206D6F649C
:104A6000756C65206E756D626572202564207365B6
:104A70007420746F202578000A447574792052657B
:104A80006769737465722056616C75652068696723
:104A9000686572207468616E206D61782076616C43
:104AA00075652028257829000A20447574792052DC
:104AB00065676973746572206F66206D6F64756CCD
:104AC00065206E756D6265722025642073657420A3
:104AD000746F2025780000000A436F6E74726F6C4B
:104AE0002052656769737465722056616C75652024
:104AF000686967686572207468616E206D617820EE
:104B000076616C7565202825782900000A20436F9E
:104B10006E74726F6C205265676973746572206F72
:104B200066206D6F64756C65206E756D62657220B0
:104B300025642073657420746F20257800000000C0
:104B40000A2052756E6E696E6720696E20636F6E03
:104B500074696E756F7573206D6F646528312F30C1
:104B6000293A2025640000000A436C6F636B2052D1
:104B7000656769737465722056616C756520686934
:104B800067686572207468616E206D617820766157
:104B90006C75652028257829000000000A20416CEA
:104BA0006C20726567697374657273206F66206D1F
:104BB0006F64756C65206E756D626572202564206A
:104BC000636C6561726564000A20416C6C205265FB
:104BD0006769737465722076616C756573206F66A2
:104BE00020616C6C206D6F64756C657320636C65FF
:104BF00061726564000000000A2043757272656E80
:104C000074204D6F64756C65206973207365742022
:104C1000746F2050574D206D6F6465000A204375F6
:104C20007272656E74204D6F64756C6520697320B7
:104C300073657420746F2074696D6572206F6E6384
:104C400065206F6E6C79206D6F6465000A20437576
:104C50007272656E74204D6F64756C652069732087
:104C600073657420746F2074696D657220636F6E54
:104C700074696E756F7573206D6F64650000000058
:104C80000A2050574D206D6F64756C65206E756DF0
:104C900062657220256420686173206265656E20FC
:104CA000656E7465726564000A2050574D206D6F03
:104CB00064756C65206E756D626572202564206E6A
:104CC0006F7420656E746572656400000A20457219
:104CD000726F7220696E2073657474696E672063E9
:104CE0006C6F636B20726567697374657200000096
:104CF0000A204572726F7220696E20736574746940
:104D00006E67206475747920726567697374657263
:104D1000000000000A204572726F7220696E2073D5
:104D2000657474696E6720706572696F642072655E
:104D300067697374657200000A50574D202564201E
:104D400073756363657366756C6C7920636F6E66EB
:104D500069677572656400000A2050574D206D6FB9
:104D600064756C65206E756D6265722025642068BF
:104D70006173206265656E2073746F707065640086
:104D80000A5468652076616C7565206F66207065D1
:104D900072696F64207265676973746572206973E4
:104DA000202578000A5468652076616C7565206F4F
:104DB0006620647574792072656769737465722002
:104DC00069732025780000000A5468652076616CBC
:104DD0007565206F6620636F6E74726F6C207265EC
:104DE000676973746572206973202578000000007C
:104DF0000A5468652076616C7565206F6620636C67
:104E00006F636B20726567697374657220697320C4
:104E10002578000010380080103800802838008085
:104E20000C3800800C3800806E38008028380080F4
:104E30000C3800806E3800800C38008028380080E4
:104E40000A3800800A3800800A3800806E380080F6
:104E50000001020203030303040404040404040421
:104E600005050505050505050505050505050505F2
:104E700006060606060606060606060606060606D2
:104E800006060606060606060606060606060606C2
:104E900007070707070707070707070707070707A2
:104EA0000707070707070707070707070707070792
:104EB0000707070707070707070707070707070782
:104EC0000707070707070707070707070707070772
:104ED0000808080808080808080808080808080852
:104EE0000808080808080808080808080808080842
:104EF0000808080808080808080808080808080832
:104F00000808080808080808080808080808080821
:104F10000808080808080808080808080808080811
:104F20000808080808080808080808080808080801
:104F300008080808080808080808080808080808F1
:104F400008080808080808080808080808080808E1
:104F50001000000000000000037A5200017C0101F3
:104F60001B0D020010000000180000009AD9FFFF7E
:104F70006603000000000000100000002C0000008C
:0C4F8000ECDCFFFF540300000000000008
:104F8C000000020004000200080002000C000200F5
:104F9C001000020014000200180002001C000200A5
:104FAC00200002002400020028000200FCFF018007
:104FBC0054A90180AC52018054A90180F8BF0002B1
:044FCC00004000029F
:104FEC0000400000970200009382020E7390523032
:104FFC00AD4273B0023085629382828873B04230C6
:10500C00B72F000C137E0E00130E0E002380CF0161
:10501C00A380CF012381CF01A381CF01B70F000C57
:10502C00137E0E002380CF01A380CF012381CF01FB
:10503C00A381CF0181400141814101428142014361
:10504C008143014481440145814501468146014724
:10505C0081470148814801498149014A814A014BF4
:10506C00814B014C814C014D814D014E814E014FC4
:10507C00814F97D100009381216F138581E997E5CA
:10508C000000938565F4014610C16374B5001105E9
:10509C00E5BF1385819D938541A1014610C16374C1
:1050AC00B5001105E5BF170102001301A1F317E2CA
:1050BC000000130292F5137202FC6F00304C01A039
:1050CC0000000000197101001300000006C20AC4A0
:1050DC000EC612C816CA1ACC1ECE22D026D22AD47C
:1050EC002ED632D836DA3ADC3EDEC2C0C6C2CAC4CC
:1050FC00CEC6D2C8D6CADACCDECEE2D0E6D2EAD45C
:10510C00EED6F2D8F6DAFADCFEDE73252034F3257F
:10511C0010340A86EF00800B731015349240224134
:10512C00B2414242D2426243F2430254925422555B
:10513C00B2554256D2566257F257064896482649FF
:10514C00B649464AD64A664BF64B065C965C265DDB
:10515C00B65D465ED65E665FF65F09617300203011
:10516C000000797106D622D40018232EA4FC17B5A2
:10517C00000013056528212A0327C4FDB70700800A
:10518C0093C7F7FFF98F2326F4FE8325C4FE17B5CA
:10519C00000013052528812217B5000013050529E9
:1051AC00FD208327C4FE3E85B25022544561828087
:1051BC00011106CE22CC00102326A4FE2324B4FE1B
:1051CC0017B5000013050528D92001A0797106D662
:1051DC0022D40018232EA4FC232CB4FC232604FE7A
:1051EC00232404FE17B50000130585274D20032644
:1051FC0084FD8325C4FD17B500001305E52755284C
:10520C00914517B5000013052529F120FD472324EE
:10521C00F4FE832784FE0547B317F7003E878327E8
:10522C00C4FDF98F85CB0325C4FD253F2326A4FEA1
:10523C0017B500001305C527AD28138781E983270F
:10524C00C4FE8A07BA979C43832584FD0325C4FDBD
:10525C00829715A017B500001305452799281387C9
:10526C0081ED8327C4FD8A07BA979C43832584FD6F
:10527C000325C4FD829717B500001305E526012808
:10528C00832784FD3E85B2502254456182805D7136
:10529C0022D60018232EA4FC4CC010C454C418C829
:1052AC005CC8232C0401232E1401010032546161CB
:1052BC0082805D7122D60018232EA4FC4CC010C431
:1052CC0054C418C85CC8232C0401232E14010100FB
:1052DC003254616182805D7122D60018232EA4FCA9
:1052EC004CC010C454C418C85CC8232C0401232E11
:1052FC00140101003254616182805D7122D6001864
:10530C00232EA4FC4CC010C454C418C85CC8232C55
:10531C000401232E140101003254616182805D71FD
:10532C0022D60018232EA4FC4CC010C454C418C898
:10533C005CC8232C0401232E14010100325461613A
:10534C0082805D7106D622D40018232EA4FC4CC09A
:10535C0010C454C418C85CC8232C0401232E140197
:10536C0093070402232CF4FC832784FD9117232636
:10537C00F4FE8327C4FEBE850325C4FD912A17B510
:10538C0000001305A517353701A02971232E111222
:10539C00232C8112232A2113232831132326411372
:1053AC0023245113232261132320711380022324FD
:1053BC00A4EC2326B4EC2322C4EC232E04FC232CD3
:1053CC0004FC832744EC3E8B814B032784EC83271E
:1053DC00C4EC5A86DE863A85BE85EF70105A2A8751
:1053EC00AE878327C4FD8A07930604FEB69723ACC9
:1053FC00E7EE832744EC3E8981498327C4EC4E8732
:10540C0063E4E7048327C4EC4E876397E7008327A4
:10541C0084EC4A8763EAE702832744EC3E8A814A9C
:10542C005286D686032584EC8325C4ECEF70901E3F
:10543C002A87AE872324E4EC2326F4EC8327C4FDCF
:10544C008507232EF4FCB5BF01008327C4FD850717
:10545C00232EF4FC91A08327C4FD8A07130704FEB6
:10546C00BA9703A787EFA54763F7E7009307700583
:10547C00232CF4FC29A093070003232CF4FC832792
:10548C00C4FD8A07130704FEBA9703A787EF832787
:10549C0084FDBA973E85C9298327C4FD1387F7FF7E
:1054AC00232EE4FCE349F0FA010001008320C11330
:1054BC00032481130329411383290113032AC112E5
:1054CC00832A8112032B4112832B011231618280BA
:1054DC001D7186CEA2CCA6CACAC880102326A4FAF7
:1054EC002324B4FA93070000232CF4FC232804FA99
:1054FC00232A04FA232C04FA232E04FA232004FC76
:10550C00232204FC232404FC231604FC11A8638D21
:10551C000438268591298327C4FA85072326F4FAB3
:10552C008327C4FA83C70700BE8493075002E39015
:10553C00F4FE8327C4FA85072326F4FA8327C4FADA
:10554C00232AF4FC232204FE232E04FC8327C4FA12
:10555C00138717002326E4FA83C70700BE8493073A
:10556C0050026380F4329307500263CFF4309307F8
:10557C00800763CB97309307300663C7F43093876B
:10558C00D4F955476362F7301397270097B700009B
:10559C00938707F8BA97984397B70000938747F714
:1055AC00BA978287832744FE85072322F4FE85471A
:1055BC00232EF4FCD5A4832784FA138747002324D5
:1055CC00E4FA9C433E854D26C1AC832784FA1387AD
:1055DC0047002324E4FA03A90700631A090017B94A
:1055EC000000130969F221A02685BD2E0509834709
:1055FC000900BE84F5F84DA4A9472328F4FC032721
:10560C0044FE854763D1E702832784FA9D07E19B1B
:10561C00138787002324E4FA9843DC432324E4FE15
:10562C002326F4FE3DA8032744FE8547631FF7009D
:10563C00832784FA138747002324E4FA9C4323240A
:10564C00F4FEFD872326F4FE29A8832784FA13870A
:10565C0047002324E4FA9C432324F4FEFD872326ED
:10566C00F4FE032784FE8327C4FE63DB07021305C5
:10567C00D002DD2C032584FE8325C4FE014781471F
:10568C003306A740328833380701B386B740B38757
:10569C000641BE863287B6872324E4FE2326F4FE19
:1056AC00832704FD3E86032584FE8325C4FEF13941
:1056BC00E5A2832784FA9D07E19B138787002324A7
:1056CC00E4FA9843DC433A85BE85EFA06041AA8793
:1056DC00232CF4FC930704FB1946BE85032584FD9B
:1056EC00EF00100D232004FE25A0832704FE1307D2
:1056FC0004FFBA9783C707FC3E85BD24032704FE2D
:10570C00F54763C0E702832704FE85072320F4FED8
:10571C00832704FE130704FFBA9783C707FCF1F72E
:10572C00A5AA010095AAA9472328F4FC032744FE47
:10573C00854763D1E702832784FA9D07E19B138792
:10574C0087002324E4FA9843DC432324E4FE232635
:10575C00F4FE1DA8832744FE89CF832784FA138780
:10576C0047002324E4FA9C432324F4FE232604FE5E
:10577C0021A8832784FA138747002324E4FA9C4347
:10578C002324F4FE232604FE832704FD3E860325F2
:10579C0084FE8325C4FED53E01A2A1472328F4FC38
:1057AC00032744FE854763D1E702832784FA9D07CC
:1057BC00E19B138787002324E4FA9843DC432324DA
:1057CC00E4FE2326F4FE1DA8832744FE89CF8327FD
:1057DC0084FA138747002324E4FA9C432324F4FE21
:1057EC00232604FE21A8832784FA13874700232449
:1057FC00E4FA9C432324F4FE232604FE832704FDB1
:10580C003E86032584FE8325C4FE413671A0C14724
:10581C002328F4FC032744FE854763D1E702832742
:10582C0084FA9D07E19B138787002324E4FA9843AD
:10583C00DC432324E4FE2326F4FE1DA8832744FE28
:10584C0089CF832784FA138747002324E4FA9C43E7
:10585C002324F4FE232604FE21A8832784FA13872D
:10586C0047002324E4FA9C432324F4FE232604FE5D
:10587C00832704FD3E86032584FE8325C4FE313632
:10588C0021A82685D52009A813055002F1288327C5
:10589C0044FD2326F4FA01008327C4FD81C7232E7F
:1058AC0004FC6DB10100ADB90100F6406644D6446C
:1058BC004649256182805D7106D622D40018232EBC
:1058CC00A4FC4CC010C454C418C85CC8232C0401DC
:1058DC00232E140193070402232CF4FC832784FD4C
:1058EC0091172326F4FE8327C4FEBE850325C4FD31
:1058FC00C53681473E85B2502254616182800111C8
:10590C0022CE0010232604FE1DA08327C4FE9387FD
:10591C003711A207BE86138781F18327C4FE8A073D
:10592C00BA9794C38327C4FE85072326F4FE032766
:10593C00C4FE8947E3DBE7FC01000100724405610A
:10594C008280411122C600080100938781F19C439B
:10595C0083C7C700918BF5DB938781F19C439C47F0
:10596C003E85324441018280011122CE0010232653
:10597C00A4FE0100938781F19C4383C7C700898BE8
:10598C00F5FB938781F19C430327C4FED8C3814761
:10599C003E85724405618280797122D60018232ECF
:1059AC00A4FC232CB4FC232604FE832784FD92073D
:1059BC0037F7FA0213070708B357F7022326F4FE4A
:1059CC008327C4FE1397070141838327C4FD2390CB
:1059DC00E7000100325445618280011122CE001093
:1059EC002326A4FEAE87A305F4FE8327C4FE03473B
:1059FC00B4FE238CE7000100724405618280011122
:105A0C0022CE00102326A4FEAE87A305F4FE0100CF
:105A1C008327C4FE83C7C700898BFDFB0347B4FEF5
:105A2C008327C4FED8C381473E85724405618280BA
:105A3C00797106D622D40018232EA4FC232CB4FC96
:105A4C00232604FE8327C4FE138717002326E4FEB7
:105A5C00032784FDBA9783C70700A305F4FE834789
:105A6C00B4FEBE850325C4FD593F8347B4FEF9FB44
:105A7C0081473E85B250225445618280797122D68D
:105A8C000018232EA4FC232CB4FCA30704FE010055
:105A9C008327C4FD83C7C700918BFDDB8327C4FD1F
:105AAC009C47A307F4FE832784FD0347F4FE238061
:105ABC00E70085473E85325445618280797106D670
:105ACC0022D40018232EA4FC232CB4FC232604FE81
:105ADC00A30504FE01008327C4FD83C7C700918B77
:105AEC00FDDB8327C4FD9C47A305F4FE8327C4FE7E
:105AFC00138717002326E4FE032784FDBA97034778
:105B0C00B4FE2380E7008347B4FE3E85B13D0347D6
:105B1C00B4FEB547E310F7FC8327C4FE13871700C8
:105B2C002326E4FE032784FDBA9729472380E70048
:105B3C008327C4FE138717002326E4FE032784FD66
:105B4C00BA97238007008327C4FE93F7F70F3E858F
:105B5C00B250225445618280797122D60018232ECE
:105B6C00A4FC31A08327C4FD9C47A307F4FE832724
:105B7C00C4FD83C7C700918BF5F7010001003254B7
:105B8C0045618280411122C6000801003244410166
:105B9C008280411106C622C4000817B50000130507
:105BAC00A59CEFF0CFEE938781E917F7FFFF130762
:105BBC00676098C3938781E917F7FFFF1307875F27
:105BCC00D8C3938781E917F7FFFF1307A75E98C720
:105BDC00938781E917F7FFFF1307C75DD8C7938732
:105BEC0081E917F7FFFF1307E75C98CB938781E9EF
:105BFC0017F7FFFF1307075CD8CB938781E917F7DB
:105C0C00FFFF1307275B98CF938781E917070000E5
:105C1C0013076770D8CF938781E917F7FFFF130736
:105C2C00675998D3938781E917F7FFFF13078758B4
:105C3C00D8D3938781E917F7FFFF1307A75798D796
:105C4C00938781E91717000013070787D8D7938725
:105C5C0081E917F7FFFF1307E75598DB938781E975
:105C6C0017F7FFFF13070755D8DB938781E917F761
:105C7C00FFFF1307275498DF938781E917F7FFFF7E
:105C8C0013074753D8DF938781ED17F7FFFF1307EF
:105C9C00675298C3938781ED17F7FFFF130787515E
:105CAC00D8C3938781ED17F7FFFF1307A75098C749
:105CBC00938781ED17F7FFFF1307C74FD8C793875B
:105CCC0081ED17F7FFFF1307E74E98CB938781ED14
:105CDC0017F7FFFF1307074ED8CB938781ED17F704
:105CEC00FFFF1307274D98CF938781ED17F7FFFF21
:105CFC001307474CD8CF938781ED17F7FFFF130796
:105D0C00674B98D3938781ED17F7FFFF1307874AEB
:105D1C00D8D3938781ED17F7FFFF1307A74998D7BF
:105D2C00938781ED17F7FFFF1307C748D8D79387E1
:105D3C0081ED17F7FFFF1307E74798DB938781ED9A
:105D4C0017F7FFFF13070747D8DB938781ED17F78A
:105D5C00FFFF1307274698DF938781ED17F7FFFFA7
:105D6C0013074745D8DF17B5000013056581EFF021
:105D7C000FD20100B240224441018280411106C67B
:105D8C0022C40008AD3E17B500001305A580EFF046
:105D9C000FD00135EF50604517B500001305858015
:105DAC00EFF0EFCE0100B2402244410182807971C4
:105DBC0022D60018232EA4FC232604FE01008327E0
:105DCC00C4FE138717002326E4FE0327C4FDE3E873
:105DDC00E7FE01000100325445618280797122D6C0
:105DEC000018232EA4FC0327C4FD9307803EB307A1
:105DFC00F7022326F4FE29A89307803E2324F4FE01
:105E0C000100832784FE1387F7FF2324E4FEF5FBB0
:105E1C008327C4FE1387F7FF2326E4FEF1FF01005E
:105E2C000100325445618280797106D622D4001863
:105E3C00232EA4FC85472326F4FE232404FE31A83C
:105E4C000327C4FEBA878A07BA9786072326F4FE6F
:105E5C00832784FE85072324F4FE032784FE8327EF
:105E6C00C4FDE36FF7FC0325C4FEEF907034AA87E2
:105E7C003E85B250225445618280797122D6001839
:105E8C00232EA4FC232CB4FC232604FE832784FDA0
:105E9C00FD172324F4FE99A88327C4FE0327C4FD11
:105EAC00BA9783C70700A303F4FE832784FE032756
:105EBC00C4FD3E978327C4FE8326C4FDB6970347D3
:105ECC0007002380E700832784FE0327C4FDBA97CD
:105EDC00034774FE2380E7008327C4FE850723262F
:105EEC00F4FE832784FEFD172324F4FE0327C4FE4F
:105EFC00832784FEE342F7FA010001003254456126
:105F0C008280797106D622D40018232EA4FC232C6F
:105F1C00B4FC232AC4FC232604FE3DA80327C4FD9D
:105F2C00A947B367F70213F7F70F832684FD83277E
:105F3C00C4FEB697130707031377F70F2380E70008
:105F4C008327C4FE85072326F4FE0327C4FDA94737
:105F5C00B347F702232EF4FC8327C4FDE1F339A8E1
:105F6C00032784FD8327C4FEBA97130700032380FD
:105F7C00E7008327C4FE85072326F4FE0327C4FE0F
:105F8C00832744FDE36EF7FC8327C4FEBE850325FF
:105F9C0084FDE535032784FD8327C4FEBA9723804F
:105FAC0007008327C4FE3E85B2502254456182808F
:105FBC005D7186C6A2C48008232EA4FA232CB4FAE1
:105FCC00232AC4FA232604FE232004FC232204FCE7
:105FDC00232404FC232604FC232804FC232A04FC8D
:105FEC00232C04FC231E04FC0325C4FBEF90F0259A
:105FFC002A87AE8797A600009386865D9042D4428E
:10600C003A85BE85EF70A04C2A87AE873A85BE854F
:10601C00EF90102DAA87232EF4FA0325C4FBEF90E2
:10602C009007AA872324F4FE032584FEEF90B00C7E
:10603C00AA87BE850325C4FBEF90E052AA872322D2
:10604C00F4FE232004FE930500000325C4FBEF900F
:10605C002028AA8763DE0700832704FE032784FB1E
:10606C00BA971307D0022380E70085472320F4FE5C
:10607C00832784FE85E3832704FE032784FBBA97DA
:10608C00130700032380E700832704FE85072320E2
:10609C00F4FE3DA8832784FE63D80700832784FE83
:1060AC00B307F0402324F4FE930704FC0146BE859D
:1060BC00032584FEB9352326A4FE832704FE03277B
:1060CC0084FBBA97130704FCBA853E85EF90F04128
:1060DC000327C4FE832704FEBA972326F4FE8327E6
:1060EC0044FBADCF8327C4FE032784FBBA97130769
:1060FC00E0022380E70093050000032544FEEF90A7
:10610C00201DAA8763DA0700032744FEB707008027
:10611C00B98F2322F4FE39A093050000032544FE19
:10612C00EF90200E032544FB0133AA87BE8503257F
:10613C0044FEEF906021AA872322F4FE032544FE3F
:10614C00EF906075AA868327C4FE8507032784FB1E
:10615C00BA97032644FBBE85368565330100B640ED
:10616C00264461618280797122D60018232EA4FC0A
:10617C00232CB4FC832784FD2326F4FE29A8832733
:10618C0084FD2326F4FE01008327C4FE1387F7FF4A
:10619C002326E4FEF5FB8327C4FD1387F7FF232E8C
:1061AC00E4FCF1FF010001003254456182800111D1
:1061BC0006CE22CC00102326A4FE8327C4FE9C43CB
:1061CC003E868325C4FE17A500001305E53EEFF0BF
:1061DC008F908327C4FE9C433E85F2406244056148
:1061EC008280011106CE22CC00102326A4FE23248B
:1061FC00B4FE8327C4FE032784FE98C38327C4FE02
:10620C009C433E868325C4FE17A500001305C53AA2
:10621C00EFF06F8C0100F240624405618280411105
:10622C0022C60008B7C70002E1179C433E853244E2
:10623C0041018280411122C60008B7C70002F11744
:10624C009C433E85324441018280411106C622C4E2
:10625C004AC24EC00008E137AA873E8981494A8765
:10626C00CE873A85BE85B24022441249824941010B
:10627C008280011106CE22CC00102324A4FE2326FA
:10628C00B4FE17A5000013052535EFF04F8093875A
:10629C00C1959C439843DC439386019603A8060062
:1062AC00032584FE8325C4FE3306A700B288B3B849
:1062BC00E800B386B700B387D800BE863287B687AE
:1062CC002320E8002322F800938701969C439843EF
:1062DC00DC433A86BE8617A500001305A531EFE016
:1062EC005FFD9387C1959C439843DC433A86BE86F9
:1062FC0017A5000013058531EFE0BFFB17A50000C3
:10630C0013050532EFE0BFF80100F240624405616D
:10631C008280011106CE22CC00102326A4FE232459
:10632C00B4FE17A5000013056531EFE05FF6938707
:10633C00019694437D57FD5798C2DCC29387019612
:10634C009C439843DC433A86BE8617A50000130590
:10635C00E530EFE05FF8B7C70002E1179C43BE855C
:10636C0017A5000013050531EFE0FFF617A5000097
:10637C0013058531EFE0BFF10100F2406244056185
:10638C008280797106D622D40018232EA4FC17A57E
:10639C00000013052531EFE09FEFB707010CC10793
:1063AC002326F4FE8327C4FE0327C4FD98C313875A
:1063BC0041F28327C4FD9207BA97094798C7138700
:1063CC0041F28327C4FD9207BA97DC471387170065
:1063DC00938641F28327C4FD9207B697D8C71387DB
:1063EC0041F28327C4FD9207BA979C473E868325CA
:1063FC00C4FD17A500001305E52CEFE0DFED1387B6
:10640C0041F28327C4FD9207BA978C43138741F25C
:10641C008327C4FD9207BA979047138741F28327CD
:10642C00C4FD9207BA97D443138741F28327C4FD66
:10643C009207BA97DC473E8717A500001305052B7A
:10644C00EFE07FE917A500001305C52FEFE03FE44F
:10645C000100B250225445618280011106CE22CC3B
:10646C000010232604FE17A500001305652FEFE08E
:10647C001FE2B707010CC1072326F4FE8327C4FED5
:10648C009C432324F4FE0326C4FE832584FE17A517
:10649C0000001305252FEFE01FE417A500001305DE
:1064AC002531EFE0DFDE832784FE3E85F240624437
:1064BC0005618280797106D622D40018232EA4FCA3
:1064CC00232CB4FC17A5000013058530EFE03FDC4E
:1064DC0069372326A4FE8325C4FE17A500001305E7
:1064EC00E530EFE05FDF8327C4FE91C70327C4FECE
:1064FC00F14763FAE7008325C4FE17A500001305D6
:10650C00A530EFE01FE4138741F28327C4FE920706
:10651C00BA97054798C7138741F28327C4FE9207A1
:10652C00BA979C473E868325C4FE17A50000130529
:10653C006519EFE05FDA1387410E8327C4FE8A07E3
:10654C00BA979C430325C4FE82970325C4FE153DD0
:10655C008325C4FE17A500001305452EEFE0BFD719
:10656C0017A500001305452FEFE07FD20100B250B4
:10657C00225445618280011106CE22CC00102326C4
:10658C00A4FE17A500001305E52EEFE05FD08327CE
:10659C00C4FE85CB0327C4FE994763E4E702194781
:1065AC008327C4FEB307F7403E85B125AA8791EB3C
:1065BC0019478327C4FEB307F740930500083E85AF
:1065CC00D9238325C4FE17A500001305252CEFE065
:1065DC005FCE17A500001305252DEFE05FCB010062
:1065EC00F240624405618280797106D622D400188B
:1065FC00232EA4FCA30704FE17A500001305452CAD
:10660C00EFE0FFC88325C4FD17A500001305052D79
:10661C00EFE07FCC0966B705000C17A50000130549
:10662C00252DEFE05FCB8327C4FD13D73700B727A9
:10663C00000CBA972324F4FE832784FE83C707003B
:10664C00A307F4FE8347F4FE3E86832584FE17A53C
:10665C0000001305252DEFE01FC88327C4FD9D8B7B
:10666C000547B317F7001397870161878307F4FE7B
:10667C00D98FE207E187A303F4FE832784FE034747
:10668C0074FE2380E700834774FEBE8517A50000C7
:10669C001305452CEFE03FC417A500001305452D4D
:1066AC00EFE0FFBE0100B250225445618280797147
:1066BC0006D622D40018232EA4FC232604FEA30500
:1066CC0004FE17A500001305652CEFE05FBC8325C5
:1066DC00C4FD17A5000013056520EFE0DFBF83267E
:1066EC00C4FD0966B705000C17A500001305052CA1
:1066FC00EFE07FBE8327C4FD13D73700B727000C0C
:10670C00BA972326F4FE8327C4FE83C70700A3058C
:10671C00F4FE8347B4FE3E868325C4FE17A5000015
:10672C001305052DEFE03FBB8327C4FD9D8B05476B
:10673C00B317F700E207E18793C7F7FF13978701B9
:10674C0061878307B4FEF98FE207E1872305F4FE26
:10675C008327C4FE0347A4FE2380E700138741F27E
:10676C008327C4FD9207BA9723A40700138741F22D
:10677C008327C4FD9207BA979C473E868325C4FDA8
:10678C0017A50000130505F4EFE0FFB417A50000F2
:10679C0013054529EFE0BFAF0100B250225445610B
:1067AC008280797106D622D40018232EA4FC17A55A
:1067BC0000001305E528EFE09FAD232604FEB70784
:1067CC00010C2326F4FE8327C4FE0327C4FD98C3C3
:1067DC008327C4FE9C43BE8517A50000130585289E
:1067EC00EFE07FAF17A5000013058529EFE03FAA66
:1067FC000100B250225445618280797106D622D4B0
:10680C000018232EA4FC232CB4FC8325C4FD17A54F
:10681C0000001305E528EFE09FA7832784FD13975D
:10682C002700B707000CBA972326F4FE8325C4FE75
:10683C0017A5000013054529EFE0FFA98327C4FE27
:10684C009C43BE8517A500001305452AEFE0BFA8A1
:10685C008327C4FE0327C4FD98C38327C4FE9C432F
:10686C00BE8517A500001305A52BEFE0DFA617A525
:10687C0000001305E52DEFE09FA10100B25022545A
:10688C0045618280797106D622D40018232EA4FC8F
:10689C0017A500001305C52DEFE07F9FB707040077
:1068AC0013850710EFF0BF902326A4FE8325C4FEAA
:1068BC0017A500001305052EEFE0FFA18327C4FDEB
:1068CC00E5170547B317F70093C7F7FF3E878327F4
:1068DC00C4FEF98FBE85B707040013850710EFF0CF
:1068EC005F90B707040013850710EFF05F8CAA8741
:1068FC00BE8517A500001305252CEFE0DF9D17A51D
:10690C0000001305652EEFE09F980100B250225451
:10691C0045618280011106CE22CC0010232604FE94
:10692C0017A500001305452EEFE07F96938781E9AC
:10693C0017070000130747B8D8D7AD4517A50000B7
:10694C001305C52DEFE03F99938741F223A407006F
:10695C00938741F223A00700938741F223A20700FB
:10696C00938741F223A6070085472326F4FED1A086
:10697C00138741F28327C4FE9207BA9723A407001A
:10698C00138741F28327C4FE9207BA970327C4FEEC
:10699C0098C3138741F28327C4FE9207BA9709471D
:1069AC00D8C3138741F28327C4FE9207BA9723A654
:1069BC00070017A5000013052529EFE0DF9103253B
:1069CC00C4FEF5311387410E8327C4FE8A07BA979C
:1069DC0017070000130767BA98C38325C4FE09453F
:1069EC00293D138741F28327C4FE9207BA978C4343
:1069FC00138741F28327C4FE9207BA9790471387F7
:106A0C0041F28327C4FE9207BA97D443138741F20D
:106A1C008327C4FE9207BA97DC473E8717A5000070
:106A2C001305C525EFE03F8B8327C4FE850723267E
:106A3C00F4FE0327C4FEED47E3FCE7F2054595336E
:106A4C0017A500001305852CEFE07F840100F240B0
:106A5C00624405618280011106CE22CC00102326EF
:106A6C00A4FE17A500001305A52BEFE05F820327FA
:106A7C00C4FE994763FAE7000327C4FED54763E5D4
:106A8C00E7000325C4FEFD3B0325C4FEB13E17A55C
:106A9C0000001305E52AEFE08FFF0100F24062448D
:106AAC0005618280797106D622D40018232EA4FCAD
:106ABC00232CB4FC032784FDC167634DF700C16729
:106ACC009385F7FF17A5000013058529EFE03F8597
:106ADC00814725A88327C4FD93870730A207232667
:106AEC00F4FE832784FD1397070141878327C4FE97
:106AFC002390E700032684FD8325C4FD17A5000021
:106B0C0013054529EFE0EFFA85473E85B250225434
:106B1C0045618280797106D622D40018232EA4FCFC
:106B2C00232CB4FC032784FDC167634DF700C167B8
:106B3C009385F7FF17A500001305C528EFE02FFE7E
:106B4C0081472DA88327C4FD93870730A20791079F
:106B5C002326F4FE832784FD13970701418783279F
:106B6C00C4FE2390E700032684FD8325C4FD17A5EE
:106B7C00000013052528EFE0CFF385473E85B25082
:106B8C00225445618280797106D622D40018232EB6
:106B9C00A4FC232CB4FC032784FD9307F00F63DCC7
:106BAC00E7009305F00F17A500001305A527EFE0EC
:106BBC000FF7814725A88327C4FD93870730A207C9
:106BCC00A1072326F4FE832784FD13F7F70F8327F1
:106BDC00C4FE2380E700032684FD8325C4FD17A58E
:106BEC00000013056527EFE0CFEC85473E85B250DA
:106BFC00225445618280797106D622D40018232E46
:106C0C00A4FC8327C4FD93870730A207A107232682
:106C1C00F4FE8327C4FE83C7070093F7F70FA18BFD
:106C2C002324F4FE832784FE8D87BE8517A50000E0
:106C3C001305C525EFE0EFE7832784FE13D7374014
:106C4C0085476314F700854711A081473E85B250F4
:106C5C00225445618280797106D622D40018232EE5
:106C6C00A4FC232CB4FC032784FDC167634DF700FF
:106C7C00C1679385F7FF17A500001305A523EFE067
:106C8C000FEA81471DA08327C4FD93870730A20715
:106C9C00B1072326F4FE832784FD13970701418750
:106CAC008327C4FE2390E70085473E85B2502254CB
:106CBC0045618280011106CE22CC00102326A4FE51
:106CCC0081450325C4FEF93B81450325C4FE993556
:106CDC0081450325C4FE453D81450325C4FEA53FE2
:106CEC008325C4FE17A5000013050520EFE06FDC1B
:106CFC000100F240624405618280011106CE22CC73
:106D0C000010232604FE09A80325C4FE653783273B
:106D1C00C4FE85072326F4FE0327C4FE9147E3D562
:106D2C00E7FE17A500001305E51EEFE08FD8010064
:106D3C00F240624405618280797106D622D4001833
:106D4C00232EA4FC232604FE8327C4FD9DE717A550
:106D5C0000001305251FEFE0CFD58327C4FE89075C
:106D6C002326F4FE8327C4FE91072326F4FE8327F3
:106D7C00C4FEC1072326F4FEB9A00327C4FD854732
:106D8C00631EF70017A500001305051EEFE06FD278
:106D9C008327C4FE91072326F4FE35A00327C4FDE8
:106DAC0089476312F70217A500001305E51EEFE0F3
:106DBC004FD08327C4FE91072326F4FE8327C4FEFD
:106DCC00A1072326F4FE8327C4FE3E85B25022542D
:106DDC0045618280797106D622D40018232EA4FC3A
:106DEC00232CB4FC032584FD813F2326A4FE83259C
:106DFC00C4FE0325C4FD413BAA8789CB8325C4FD72
:106E0C0017A500001305851CEFE0AFCA8325C4FE4F
:106E1C000325C4FD8D3BAA8789EB8325C4FD17A5EB
:106E2C0000001305251DEFE08FCF0100B250225456
:106E3C0045618280797122D60018232EA4FCAE877E
:106E4C00A30DF4FC8327C4FD93870730A207A10789
:106E5C002326F4FE8347B4FD99C78327C4FE850718
:106E6C002326F4FE09A88327C4FE91C78327C4FEFA
:106E7C00FD172326F4FE0100325445618280011176
:106E8C0006CE22CC00102326A4FE2324B4FE832598
:106E9C0084FE0325C4FEC133AA8799E717A5000019
:106EAC0013058517EFE0AFC70100F240624405619E
:106EBC008280011106CE22CC00102326A4FE2324AE
:106ECC00B4FE832584FE0325C4FEA931AA8799E765
:106EDC0017A5000013058516EFE06FC40100F24002
:106EEC00624405618280011106CE22CC001023265B
:106EFC00A4FE2324B4FE832584FE0325C4FE5D3644
:106F0C00AA8799E717A5000013058515EFE02FC197
:106F1C000100F240624405618280797106D622D468
:106F2C0000182326A4FE2324B4FE2322C4FE23200F
:106F3C00D4FEBA87A30FF4FC832544FE0325C4FEBC
:106F4C005D37832504FE0325C4FEA537832584FE07
:106F5C000325C4FE2D378347F4FDBE850325C4FEEF
:106F6C00D13D8325C4FE17A500001305A511EFE044
:106F7C004FB40100B250225445618280011106CEFB
:106F8C0022CC00102326A4FE81450325C4FEE53E39
:106F9C008325C4FE17A500001305C510EFE06FB1E3
:106FAC000100F240624405618280797106D622D4D8
:106FBC000018232EA4FC8327C4FD93870730A20757
:106FCC002326F4FE8327C4FD93870730A20791077D
:106FDC002324F4FE8327C4FD93870730A207A1075F
:106FEC002322F4FE8327C4FD93870730A207B10741
:106FFC002320F4FE8327C4FE83D70700C207C18376
:10700C00BE8517A500001305650CEFE08FAA83273A
:10701C0084FE83D70700C207C183BE8517A5000075
:10702C001305050DEFE0EFA8832744FE83C7070087
:10703C0093F7F70FBE8517A500001305A50DEFE01C
:10704C004FA7832704FE83D70700C207C183BE85E1
:10705C0017A500001305850EEFE0AFA50100B25097
:10706C00225445618280011122CE00102326A4FEF9
:10707C002324B4FE8327C4FE9843832784FEF98F10
:10708C00B337F00093F7F70F3E85724405618280A9
:10709C00011106CE22CC00102326A4FE2324B4FE1C
:1070AC00B7070300138507AFBD200D220100F24086
:1070BC00624405618280011106CE22CC001023248B
:1070CC00A4FE2326B4FE938781E91707000013075B
:1070DC0067FCD8CF9D4517A5000013056508EFE0A8
:1070EC008FFD9302000873A04230A14273A00230BE
:1070FC000100F240624405618280411122C6000801
:10710C009387019694437D57FD5798C2DCC20100CA
:10711C00324441018280011122CE00102326A4FEAC
:10712C009387C1959C439843DC438326C4FE3688E1
:10713C00FD86B688938601968C423306070132850C
:10714C003335E500B3861701B307D500BE86328709
:10715C00B68798C1DCC101007244056182807971E7
:10716C0022D60018AA87A30FF4FCA30704FE39A0AB
:10717C0001008347F4FE8507A307F4FE0347F4FEE2
:10718C008347F4FDE366F7FE0100325445618280CB
:10719C00011122CE00102326A4FE8327C4FE8D8B62
:1071AC0081EB0327C4FE93074006B377F70281EB0C
:1071BC000327C4FE93070019B377F70299E38547B9
:1071CC0011A081473E85724405618280411122C61F
:1071DC000008938781A183C70700850713F7F70F72
:1071EC00938781A12380E700010032444101828012
:1071FC00797122D60018232EA4FC0327C4FD930713
:10720C002003B307F7022326F4FE232404FE39A03F
:10721C000100832784FE85072324F4FE832784FE44
:10722C000327C4FEE3E6E7FE01000100325445618A
:10723C008280797122D60018232EA4FC0327C4FD6A
:10724C00B16793870735B307F7022326F4FE23248F
:10725C0004FE39A00100832784FE85072324F4FE55
:10726C00832784FE0327C4FEE3E6E7FE010001004A
:10727C00325445618280797122D60018232EA4FCE9
:10728C008327C4FD2326F4FE29A89307803E2324DC
:10729C00F4FE0100832784FE1387F7FF2324E4FE0A
:1072AC00F5FB8327C4FE1387F7FF2326E4FEF1FFCB
:1072BC0001000100325445618280011122CE001080
:1072CC002326A4FE2324B4FE8327C4FE98438327DD
:1072DC0084FE5D8F8327C4FE98C301007244056150
:1072EC008280011122CE00102326A4FE2324B4FE9A
:1072FC008327C4FE9843832784FE93C7F7FF7D8FB3
:10730C008327C4FE98C30100724405618280011179
:10731C0022CE00102326A4FE31A08327C4FEFD1725
:10732C002326F4FE8327C4FEEDFB0100010072440A
:10733C0005618280411106C622C40008B70500020F
:10734C00B7070400138587108D3F0545C937B7056E
:10735C000002B70704001385871061370545453FC8
:10736C000100B240224441018280411122C6000832
:10737C00B7070400938707109443B707040093875B
:10738C00071037070001558F98C3B7070400938780
:10739C0087109443B707040093878710370700FFC3
:1073AC007D17758F98C3B707040093870710944314
:1073BC00B70704009387071037070002558F98C34F
:1073CC00B7070400938787109443B707040093878B
:1073DC008710370700FE7D17758F98C3B707040019
:1073EC00938707109443B707040093870710370758
:1073FC000004558F98C3B7070400938787109443F4
:10740C00B70704009387871037070004558F98C37C
:10741C00B7070400938707109443B70704009387BA
:10742C00071037070008558F98C3B70704009387D8
:10743C0087109443B7070400938787103707000819
:10744C00558F98C3B7070400938707109443B70769
:10745C0004009387071037070010558F98C3B707A0
:10746C000400938787109443B70704009387871011
:10747C0037070010558F98C3B70704009387071080
:10748C009443B70704009387071037070020558FE4
:10749C0098C3B7070400938787109443B707040079
:1074AC009387871037070020558F98C3010032440B
:1074BC0041018280011106CE22CC0010AA87A307BD
:1074CC00F4FE8307F4FE63D00702B707040093872A
:1074DC0087109443B7070400938787103707002061
:1074EC00558F98C339A8B707040093878710944326
:1074FC00B707040093878710370700E07D17758F57
:10750C0098C38347F4FE93F7070499CFB707040099
:10751C00938787109443B707040093878710370726
:10752C000010558F98C339A8B707040093878710AC
:10753C009443B707040093878710370700F07D1733
:10754C00758F98C38347F4FE93F7070299CFB7075B
:10755C000400938787109443B70704009387871020
:10756C0037070008558F98C339A8B70704009387CD
:10757C0087109443B707040093878710370700F8E8
:10758C007D17758F98C38347F4FEC18B99CFB707CE
:10759C000400938787109443B707040093878710E0
:1075AC0037070004558F98C339A8B7070400938791
:1075BC0087109443B707040093878710370700FCA4
:1075CC007D17758F98C3BD330100F240624405618D
:1075DC008280011106CE22CC0010AA87A307F4FEEC
:1075EC008347F4FEA18B99CFB707040093878710CC
:1075FC009443B70704009387871037070020558FF3
:10760C0098C339A8B7070400938787109443B7072A
:10761C00040093878710370700E07D17758F98C398
:10762C008347F4FE918B99CFB7070400938787109B
:10763C009443B70704009387871037070010558FC2
:10764C0098C339A8B7070400938787109443B707EA
:10765C00040093878710370700F07D17758F98C348
:10766C008347F4FE898B99CFB70704009387871063
:10767C009443B70704009387871037070008558F8A
:10768C0098C339A8B7070400938787109443B707AA
:10769C00040093878710370700F87D17758F98C300
:1076AC008347F4FE858B99CFB70704009387871027
:1076BC009443B70704009387871037070004558F4E
:1076CC0098C339A8B7070400938787109443B7076A
:1076DC00040093878710370700FC7D17758F98C3BC
:1076EC0091390100F240624405618280011106CE9D
:1076FC0022CC0010AA87A307F4FE8347F4FE9183E3
:10770C0093F7F70F3E85F1358347F4FE3E85D1356F
:10771C007945F53E0100F240624405618280011119
:10772C0006CE22CC0010AA87A307F4FEB7050002F0
:10773C00B7070400138587106D36B7050001B7072E
:10774C00040013858710713E8347F4FE3E85793F14
:10775C000100F240624405618280011106CE22CC08
:10776C000010AA87A307F4FEB7050002B7070400B0
:10777C0013858710BD36B7050001B70704001385C4
:10778C008710253E8347F4FE3E858D370100F2407D
:10779C00624405618280011106CE22CC0010AA87BA
:1077AC00A307F4FE8347F4FE3E85453F0100F240FB
:1077BC00624405618280011106CE22CC0010232682
:1077CC00A4FE21A88327C4FE83C707003E85E137AA
:1077DC008327C4FE85072326F4FE8327C4FE83C7B4
:1077EC000700EDF301000100F24062440561828064
:1077FC00011106CE22CC00102326A4FE2324B4FEB5
:10780C001305800C8D3C0327C4FE8547631DF700D0
:10781C00832784FE93F7F70F938707F893F7F70FF7
:10782C003E85F53D05A00327C4FE8947631CF70080
:10783C00832784FE93F7F70F938707FC93F7F70FD3
:10784C003E85F13D0100F2406244056182804111A8
:10785C0006C622C400080545D9350945C935054574
:10786C00193C0100B240224441018280411106C6FC
:10787C0022C40008B7070400938787109443B70706
:10788C00040093878710370700E07D17758F98C326
:10789C00B7070400938787109443B70704009387B6
:1078AC008710370700F07D17758F98C3B707040052
:1078BC00938787109443B707040093878710370783
:1078CC000008558F98C3B70704009387871094431B
:1078DC00B70704009387871037070004558F98C3A8
:1078EC00913C79452D34B93479451534A134794519
:1078FC00393CB7070400938787109443B7070400FB
:10790C0093878710370700E07D17758F98C3B707EB
:10791C000400938787109443B7070400938787105C
:10792C00370700F07D17758F98C3B707040093874E
:10793C0087109443B7070400938787103707000814
:10794C00558F98C3B7070400938787109443B707E4
:10795C00040093878710370700FC7D17758F98C339
:10796C00D13A79456D320100B24022444101828006
:10797C00411106C622C40008B705003FB707040032
:10798C00138507101D3AD53213054006ED30F93D2D
:10799C0013054006CD30653D13054006E938130547
:1079AC000003B53B13054006F93013058002853BF7
:1079BC0013054006C93039459D331305400665381B
:1079CC000545B13B130540067D301945893B130530
:1079DC00400655300545A1331305803E693801003A
:1079EC00B240224441018280797106D622D400181B
:1079FC002326A4FE2324B4FE2322C4FE2320D4FE7B
:107A0C00BA87A30FF4FC8347F4FD91C38935832512
:107A1C0084FE0325C4FEE93B032544FE693B032594
:107A2C0004FE91380100B250225445618280797174
:107A3C0006D622D400182326A4FE2324B4FE232227
:107A4C00C4FE2320D4FE232EE4FCA30DF4FC8347B8
:107A5C00B4FD91C3ED3B832584FE0325C4FE493B55
:107A6C00832504FE032544FE31280325C4FD213063
:107A7C009387C1A01307000098C30100B250225491
:107A8C00456182805D7186C6A2C48008232EA4FA4B
:107A9C00232CB4FA232604FE930500000325C4FB13
:107AAC00EF701003AA8763D607028327C4FE1387DF
:107ABC0017002326E4FE130704FFBA971307D0021E
:107ACC00238EE7FC0327C4FBB7070080B98F232E56
:107ADC00F4FA0325C4FBEF70105CAA872322F4FE92
:107AEC00032544FEEF703061AA87BE850325C4FBD5
:107AFC00EF707027AA872324F4FE8327C4FE130794
:107B0C00C4FCBA97BE85032544FEC1202A8783276F
:107B1C00C4FEBA972326F4FE8327C4FE13871700EE
:107B2C002326E4FE130704FFBA971307E002238E03
:107B3C00E7FCA5A097A700009387871B8C43032520
:107B4C0084FEEF707000AA872324F4FE032584FEC4
:107B5C00EF707054AA872320F4FE832704FE13F7DA
:107B6C00F70F8327C4FE938617002326D4FE130732
:107B7C0007031377F70F930604FFB697238EE7FCE2
:107B8C00032504FEEF703057AA87BE85032584FEBB
:107B9C00EF70701DAA872324F4FE832784FB1387C0
:107BAC00F7FF232CE4FAE347F0F88327C4FE13070E
:107BBC0004FFBA97238E07FC9307C4FC3E85E53E71
:107BCC000100B640264461618280397122DE80005A
:107BDC002326A4FC2324B4FC232604FE232404FE25
:107BEC008327C4FCB9EF8327C4FE13871700232611
:107BFC00E4FE3E87832784FCBA9713070003238097
:107C0C00E7008327C4FE49A00327C4FCA947B36738
:107C1C00F70213F7F70F832784FE938617002324AC
:107C2C00D4FE130707031377F70F930604FFB697D9
:107C3C002386E7FE0327C4FCA947B347F702232694
:107C4C00F4FC8327C4FCE341F0FC0DA8832784FEDD
:107C5C00FD172324F4FE8327C4FE13871700232665
:107C6C00E4FE3E87832784FCBA97032784FE9306A1
:107C7C0004FF36970347C7FE2380E700832784FE63
:107C8C00E346F0FC8327C4FE3E857254216182805A
:107C9C00411106C622C40008179500001305454F74
:107CAC00EFD07FC1B7070300138507AFEFF0AFC666
:107CBC009387C12C23A0070099A8938781A103C7A0
:107CCC00070095476319F702938781A1238007006A
:107CDC009387C12C054798C397B700009387872ECD
:107CEC00054798C39387014F23A007009387411C36
:107CFC00094798C329A89387014F054798C39387D1
:107D0C00411C23A007009387C12C23A00700938755
:107D1C00015D9C4399C79387C12C98438547E31E0B
:107D2C00F7F8EFF08FBD9387C12C23A0070001005B
:107D3C00B240224441018280797106D622D40018C7
:107D4C00232EA4FC232CB4FCA30704FEB7070300CA
:107D5C00138507AFEFF02FBC9387C12C23A007002E
:107D6C001DA8938781A103C7070095476311F702EC
:107D7C00938781A1238007009387C12C054798C363
:107D8C00179500001305C542EFD0FFB229A09387C9
:107D9C00C12C23A007008327C4FD83C7C700918B88
:107DAC0099E79387C12C98438547E31CF7FAEFF0CA
:107DBC00CFB49387C12C23A007008327C4FD9C4715
:107DCC00A307F4FE832784FD0347F4FE2380E7001A
:107DDC0085473E85B250225445618280411106C6CA
:107DEC0022C400089305000FB70704001385071081
:107DFC00EFF02FCFB7050040B7070400138507102D
:107E0C00EFF0AFCBB7050040B70704001385871020
:107E1C00EFF02FCD179500001305853BEFD0BFA9D0
:107E2C000100B240224441018280797122D60018AF
:107E3C00232EA4FCAE87231DF4FCFD572317F4FE60
:107E4C00231604FE85A88357C4FE0327C4FDBA97E6
:107E5C0083C707001397070141838357E4FEB98F4B
:107E6C002317F4FE231504FE25A88357E4FE858B07
:107E7C0091CF8357E4FE85832317F4FE0357E4FE6A
:107E8C00E9778507B98F2317F4FE31A08357E4FEF9
:107E9C0085832317F4FE8357A4FE85072315F4FE70
:107EAC000357A4FE9D47E3F2E7FC8357C4FE850706
:107EBC002316F4FE0357C4FE8357A4FDE365F7F8BD
:107ECC008357E4FE3E85325445618280797106D633
:107EDC0022D44AD24ED00018232EA4FC8327C4FDF2
:107EEC00FD832324F4FE8327C4FDDD8793F7F70F6E
:107EFC002322F4FE0327C4FDB7078000FD17F98F7A
:107F0C002320F4FE032744FE9307F00F631EF702B1
:107F1C00832704FE95E3832784FE99C797A7000067
:107F2C00938747DD9C4331A097A700009387C7DC5C
:107F3C009C432326F4FECDA897A70000938707DC6B
:107F4C009C432326F4FECDA0832744FEA9EF832770
:107F5C0004FE99EF832784FE99C797A700009387A7
:107F6C0027DA9C4319A0930700002326F4FE6DA882
:107F7C00032504FEEF7030182A8797A7000093871B
:107F8C0067D88C433A85EF704003AA873E8797A742
:107F9C000000938767D78C433A85EF70E03AAA8745
:107FAC002326F4FE51A0032504FEEF70D0142A877B
:107FBC0097A70000938707D58C433A85EF60F07F35
:107FCC00AA873E8797A70000938747D48C433A85AE
:107FDC00EF60704DAA873E85EF7030272A89AE89F5
:107FEC00832744FE938717F83E85EF6050452A8619
:107FFC00AE8697A700009387A7D19843DC433A85B8
:10800C00BE85EF3050552A87AE873A86BE864A85A4
:10801C00CE85EF60801A2A87AE873A85BE85EF70D1
:10802C00302CAA872326F4FE832784FE81CB0327DA
:10803C00C4FEB7070080B98F2326F4FE8327C4FE45
:10804C003E85B25022541259825945618280797111
:10805C0006D622D426D20018232EA4FC93050000A9
:10806C000325C4FDEF70E019AA8799E3814719A293
:10807C008544930500000325C4FDEF706025AA8795
:10808C0063C30700814493F7F40F2324F4FE930594
:10809C0000000325C4FDEF70A023AA8763D8070056
:1080AC000327C4FDB7070080B98F19A08327C4FD2F
:1080BC00232EF4FC232604FE15A08327C4FE85077B
:1080CC002326F4FE97A70000938707C58C4303254E
:1080DC00C4FDEF60906EAA87232EF4FC97A70000D6
:1080EC00938787C38C430325C4FDEF70E016AA87E2
:1080FC00E3D507FC39A88327C4FEFD172326F4FE1D
:10810C008327C4FDBE853E85EF60F039AA87232EF8
:10811C00F4FC97A70000938767BF8C430325C4FD2D
:10812C00EF70001BAA87E3C807FC97A70000938792
:10813C0067BD8C430325C4FDEF700021AA873E85E3
:10814C00EF7060752A87B7078000FD17F98F23221F
:10815C00F4FE832784FE1397F7018327C4FE9387CD
:10816C00F707DE075D8F832744FED98F2320F4FEAB
:10817C00832704FE3E85B25022549254456182807E
:10818C00011106CE22CC0010AA87A307F4FE834768
:10819C00F4FEBE851795000013058505EFD0AFF1F1
:1081AC0097A70000938787B798438347F4FE8546CB
:1081BC001306E002C1453E85EF00E06E1305800C0E
:1081CC00EF20707E97A70000938787B5984383476D
:1081DC00F4FE854613060003C1453E85EF00A06CF6
:1081EC001305800CEF20307C97A70000938747B0D5
:1081FC0098438347F4FE854613062003C1453E850C
:10820C005D251305800CEF20107A97A7000093874B
:10821C00E7AF98438347F4FE854613064003C145F8
:10822C003E8551251305800CEF20F07797A70000B1
:10823C009387C7AD98438347F4FE854613066003C6
:10824C00C1453E858D251305800CEF20D07597A771
:10825C0000009387A7AB98438347F4FE854613062B
:10826C008003C1453E8581251305800CEF20B0733A
:10827C0097A70000938787A998438347F4FE854608
:10828C0013068004C1453E85392D0545EFD01FB539
:10829C000100F240624405618280011106CE22CCBD
:1082AC000010AA872E87A307F4FEBA872307F4FED3
:1082BC0001009387813E03C707008547E30BF7FE58
:1082CC000347E4FE85476318F7028347F4FEBE8537
:1082DC0017950000130505F4EFD0EFDD97A700000C
:1082EC00938747A498438347F4FE854613062003DF
:1082FC00C1453E854D2B8347E4FE9DE78347F4FE45
:10830C00BE8517950000130565F3EFD0CFDA97A75C
:10831C0000009387E79D98438347F4FE8546130638
:10832C002003C1453E8541230347E4FE8547630E88
:10833C00F7008347E4FE91CB8347F4FEBE85179587
:10834C000000130565F2EFD00FD70D45EFD01FA934
:10835C000100F2406244056182801D7186CEA2CC80
:10836C00A6CA80109387015D984385476311F7185F
:10837C00179500001305C5F1EFD0EFD3A30704FE4A
:10838C009387013E83D7070093F7F70F860793F780
:10839C00F70F950713F7F70F9387213E2380E7001C
:1083AC00230704FE232404FE8D47A301F4FEA3003F
:1083BC0004FE232404FE35A0938781F1D443834724
:1083CC00E4FE138717002307E4FE3E87930744FA65
:1083DC00BA97BE8536858D32832784FE8507232484
:1083EC00F4FE9387213E83C707003E87832784FED4
:1083FC00E3C4E7FC230704FE85472301F4FE232492
:10840C0004FE45A88347E4FE130704FFBA9783874D
:10841C0047FB2300F4FE8347E4FE85072307F4FEA5
:10842C00032784FE894763D1E7089387213E83C7DE
:10843C000700F917032784FE6358F706034704FE69
:10844C00834734FE8E07B317F7003E87832744FE1D
:10845C00D98F2322F4FE834734FE1387F7FFA30141
:10846C00E4FEB9E3832644FE8347F4FE138717002A
:10847C00A307E4FEBE843685913CAA861387415D32
:10848C0093972400BA9794C39387415D984393873D
:10849C00C1A098C3232204FE8D47A301F4FE834799
:1084AC0024FE85072301F4FE832784FE85072324FD
:1084BC00F4FE9387213E83C707003E87832784FE03
:1084CC00E3C2E7F4938781F1DC433E85EFD0CFE83C
:1084DC00B7050040B707040013858710EFE0FFDDF8
:1084EC0097B70000938707AE23A007000DA89387CA
:1084FC00015D984389476314F70293052003130524
:10850C002003EFD05FC6938781F1DC433E85EFD02B
:10851C00AFE497B700009387E7AA23A007009387DF
:10852C0081F1DC433E85EFD02FE39387015D23A0DF
:10853C00070097B700009387E7A823A00700010066
:10854C00F6406644D644256182801D7186CEA2CC4D
:10855C008010AA873687A307F4FAAE872307F4FAAC
:10856C00B2872316F4FABA872315F4FA9387411CC1
:10857C009C4363950732010097B70000938787A44B
:10858C0098438547E30AF7FE8347F4FABE851795AF
:10859C0000001305A5D0EFD00FB29387A12C034791
:1085AC00F4FA2380E7009387013F0347E4FA238022
:1085BC00E7008357C4FA13F7F70F9387512D2380E5
:1085CC00E700231704FEA30604FE8357A4FA13F74F
:1085DC00F70F938711502380E7008357A4FA86077F
:1085EC002315F4FA9387013E0357A4FA2390E7006E
:1085FC008347D4FE13871700A306E4FE0307F4FA9F
:10860C00930604FFB6972380E7FC8347D4FE1387B9
:10861C001700A306E4FE0307E4FA930604FFB697DB
:10862C002380E7FC8357C4FAA18393960701C18288
:10863C008347D4FE13871700A306E4FE1397860125
:10864C006187930604FFB6972380E7FC8347D4FE2B
:10865C0013871700A306E4FE0357C4FA6207618769
:10866C00930604FFB6972380E7FC8357A4FAA183F3
:10867C0093960701C1828347D4FE13871700A30684
:10868C00E4FE139786016187930604FFB697238057
:10869C00E7FC8347D4FE13871700A306E4FE0357B9
:1086AC00A4FA62076187930604FFB6972380E7FC60
:1086BC00930704FB99453E85EFF02FF7AA87231704
:1086CC00F4FE8347D4FE13871700A306E4FE03577A
:1086DC00E4FE62076187930604FFB6972380E7FCEC
:1086EC008357E4FEA18393960701C1828347D4FE8E
:1086FC0013871700A306E4FE139786016187930680
:10870C0004FFB6972380E7FCA30604FEB7050040E0
:10871C00B707040013858710EFE03FBA938781F108
:10872C00D4438347D4FE13871700A306E4FE130734
:10873C0004FFBA97838707FC93F7F70FBE8536853E
:10874C00EFD0EFAB938781F1D4438347D4FE1387EB
:10875C001700A306E4FE130704FFBA97838707FCF0
:10876C0093F7F70FBE853685EFD06FA9938781F10C
:10877C00D4438347D4FE13871700A306E4FE1307E4
:10878C0004FFBA97838707FC93F7F70FBE853685EE
:10879C00EFD0EFA6938781F1D4438347D4FE1387A0
:1087AC001700A306E4FE130704FFBA97838707FCA0
:1087BC0093F7F70FBE853685EFD06FA4938781F1C1
:1087CC00D4438347D4FE13871700A306E4FE130794
:1087DC0004FFBA97838707FC93F7F70FBE8536859E
:1087EC00EFD0EFA1938781F1D4438347D4FE138755
:1087FC001700A306E4FE130704FFBA97838707FC50
:10880C0093F7F70FBE853685EFD06F9F938781F175
:10881C00D4438347D4FE13871700A306E4FE130743
:10882C0004FFBA97838707FC93F7F70FBE8536854D
:10883C00EFD0EF9C938781F1D4438347D4FE138709
:10884C001700A306E4FE130704FFBA97838707FCFF
:10885C0093F7F70FBE853685EFD06F9AA30604FE0B
:10886C000100938781F1DC4383C7C700858BF5DB5F
:10887C00B7050040B707040013858710EFE07FA60B
:10888C0097A7000093870774054798C39387015DEA
:10889C00054798C3EFF0CFBFEF1050280100F6400A
:1088AC00664425618280597186D6A2D48018AA8725
:1088BC00232AE4F8A30FF4F8AE87230FF4F8B28759
:1088CC00231EF4F8B687231DF4F89387411C9C43B0
:1088DC00639D0748010097A700009387A76E9843F4
:1088EC008547E30AF7FE9387A12C0347F4F923800D
:1088FC00E7009387013F0347E4F92380E7008357A0
:10890C00C4F913F7F70F9387512D2380E700231732
:10891C0004FEA30604FE8357A4F913F7F70F9387FD
:10892C0011502380E7008357A4F98607231DF4F820
:10893C009387013E0357A4F92390E700230604FE16
:10894C00032544F9EFF0AFF02324A4FE8347D4FEB3
:10895C0013871700A306E4FE0307F4F9930604FF3C
:10896C00B697238EE7FA8347D4FE13871700A30626
:10897C00E4FE0307E4F9930604FFB697238EE7FAA7
:10898C008357C4F9A18393960701C1828347D4FE10
:10899C0013871700A306E4FE1397860161879306DD
:1089AC0004FFB697238EE7FA8347D4FE138717008C
:1089BC00A306E4FE0357C4F962076187930604FF1C
:1089CC00B697238EE7FA8357A4F9A18393960701F0
:1089DC00C1828347D4FE13871700A306E4FE1397C6
:1089EC0086016187930604FFB697238EE7FA8347C7
:1089FC00D4FE13871700A306E4FE0357A4F96207FD
:108A0C006187930604FFB697238EE7FA8347D4FE5B
:108A1C0013871700A306E4FE130704FFBA97114748
:108A2C00238EE7FA832784FE93D687018347D4FEEF
:108A3C0013871700A306E4FE13978601618793063C
:108A4C0004FFB697238EE7FA832784FE93D607019B
:108A5C008347D4FE13871700A306E4FE1397860101
:108A6C006187930604FFB697238EE7FA832784FE6B
:108A7C0093D687008347D4FE13871700A306E4FE22
:108A8C00139786016187930604FFB697238EE7FA46
:108A9C008347D4FE13871700A306E4FE032784FE46
:108AAC0062076187930604FFB697238EE7FA930754
:108ABC00C4FAAD453E85EFF04FB7AA872317F4FEF5
:108ACC008347D4FE13871700A306E4FE0357E4FE86
:108ADC0062076187930604FFB697238EE7FA8357E4
:108AEC00E4FEA18393960701C1828347D4FE1387CA
:108AFC001700A306E4FE139786016187930604FF13
:108B0C00B697238EE7FAA30604FEB7050040B70715
:108B1C00040013858710EFE04FFA938781F1D4435B
:108B2C008347D4FE13871700A306E4FE130704FF44
:108B3C00BA978387C7FB93F7F70FBE853685EFC0CF
:108B4C001FEC938781F1D4438347D4FE138717001E
:108B5C00A306E4FE130704FFBA978387C7FB93F7BA
:108B6C00F70FBE853685EFC09FE9938781F1D4431B
:108B7C008347D4FE13871700A306E4FE130704FFF4
:108B8C00BA978387C7FB93F7F70FBE853685EFC07F
:108B9C001FE7938781F1D4438347D4FE13871700D3
:108BAC00A306E4FE130704FFBA978387C7FB93F76A
:108BBC00F70FBE853685EFC09FE4938781F1D443D0
:108BCC008347D4FE13871700A306E4FE130704FFA4
:108BDC00BA978387C7FB93F7F70FBE853685EFC02F
:108BEC001FE2938781F1D4438347D4FE1387170088
:108BFC00A306E4FE130704FFBA978387C7FB93F71A
:108C0C00F70FBE853685EFC09FDF938781F1D44384
:108C1C008347D4FE13871700A306E4FE130704FF53
:108C2C00BA978387C7FB93F7F70FBE853685EFC0DE
:108C3C001FDD938781F1D4438347D4FE138717003C
:108C4C00A306E4FE130704FFBA978387C7FB93F7C9
:108C5C00F70FBE853685EFC09FDA938781F1D44339
:108C6C008347D4FE13871700A306E4FE130704FF03
:108C7C00BA978387C7FB93F7F70FBE853685EFC08E
:108C8C001FD8938781F1D4438347D4FE13871700F1
:108C9C00A306E4FE130704FFBA978387C7FB93F779
:108CAC00F70FBE853685EFC09FD5938781F1D443EE
:108CBC008347D4FE13871700A306E4FE130704FFB3
:108CCC00BA978387C7FB93F7F70FBE853685EFC03E
:108CDC001FD3938781F1D4438347D4FE13871700A6
:108CEC00A306E4FE130704FFBA978387C7FB93F729
:108CFC00F70FBE853685EFC09FD0938781F1D443A3
:108D0C008347D4FE13871700A306E4FE130704FF62
:108D1C00BA978387C7FB93F7F70FBE853685EFC0ED
:108D2C001FCEA30604FE0100938781F1DC4383C7A9
:108D3C00C700858BF5DBB7050040B707040013852A
:108D4C008710EFE00FDA938781F1DC433E85EFC0AB
:108D5C00BFE097A700009387E726054798C3938742
:108D6C00015D094798C3EFE0BFF20100B6502654ED
:108D7C0065618280011106CE22CC0010AA872E8755
:108D8C002317F4FEBA87A306F4FE13054006EF2062
:108D9C0080419387C11C238007006F00807B835721
:108DAC00E4FE1307C00C638FE7721307C00C634714
:108DBC00F7781307A00C638BE76C1307A00C634FB9
:108DCC00F7761307A0046346F70263C90776130707
:108DDC00A0046365F77613972700978700009387A5
:108DEC006751BA979843978700009387A750BA9713
:108DFC0082871307800C638FE7626F002074938562
:108E0C008196178500001305654BEFC0DFAA938789
:108E1C00C11C83C70700138717009376F70F1387BE
:108E2C00C11C2300D7001387415D8A07BA979C4366
:108E3C003E85EF6090412A87AE873A86BE861785BD
:108E4C00000013052548EFC01FA78357E4FE8907D0
:108E5C002317F4FE6F00406F938501971785000070
:108E6C001305C545EFC03FA59387C11C83C70700F9
:108E7C00138717009376F70F1387C11C2300D700B5
:108E8C001387415D8A07BA979C433E85EF60F03BA0
:108E9C002A87AE873A86BE861785000013050543E0
:108EAC00EFC07FA18357E4FE89072317F4FE6F0000
:108EBC00A069938581971785000013052540EFC0A5
:108ECC009F9F9387C11C83C7070013871700937656
:108EDC00F70F1387C11C2300D7001387415D8A0746
:108EEC00BA979C433E85EF6050362A87AE873A8608
:108EFC00BE86178500001305653DEFC0DF9B8357C9
:108F0C00E4FE89072317F4FE6F000064938541A2E9
:108F1C00178500001305853AEFC0FF999387C11C94
:108F2C0083C70700138717009376F70F1387C11CAD
:108F3C002300D7001387415D8A07BA979C433E856F
:108F4C00EF60B0302A87AE873A86BE861785000060
:108F5C001305C537EFC03F968357E4FE89072317E7
:108F6C00F4FEDDA3938501A31785000013050535D9
:108F7C00EFC07F949387C11C83C70700138717002A
:108F8C009376F70F1387C11C2300D7001387415D1D
:108F9C008A07BA979C433E85EF60302B2A87AE87B1
:108FAC003A86BE861785000013054532EFC0BF9088
:108FBC008357E4FE89072317F4FE79A39385C1A395
:108FCC00178500001305852FEFC0FF8E9387C11CFA
:108FDC0083C70700138717009376F70F1387C11CFD
:108FEC002300D7001387415D8A07BA979C433E85BF
:108FFC00EF60B0252A87AE873A86BE8617850000BB
:10900C001305C52CEFC03F8B8357E4FE890723174C
:10901C00F4FE1DAB93850198178500001305052AF6
:10902C00EFC07F899387C11C83C707001387170084
:10903C009376F70F1387C11C2300D7001387415D6C
:10904C008A07BA979C433E85EF6030202A87AE870B
:10905C003A86BE861785000013054527EFC0BF85ED
:10906C008357E4FE89072317F4FEF9A993858198A9
:10907C001785000013058524EFC0FF839387C11C5F
:10908C0083C70700138717009376F70F1387C11C4C
:10909C002300D7001387415D8A07BA979C433E850E
:1090AC00EF60B01A2A87AE873A86BE861785000015
:1090BC001305C521EFC03F808357E4FE89072317B2
:1090CC00F4FE59A193850199178500001305051F1E
:1090DC00EFC06FFE9387C11C83C70700138717006F
:1090EC009376F70F1387C11C2300D7001387415DBC
:1090FC008A07BA979C433E85EF6030152A87AE8766
:10910C003A86BE86178500001305451CEFC0AFFAE2
:10911C008357E4FE89072317F4FE3DA193858199BB
:10912C001785000013058519EFC0EFF89387C11C54
:10913C0083C70700138717009376F70F1387C11C9B
:10914C002300D7001387415D8A07BA979C433E855D
:10915C00EF60B00F2A87AE873A86BE86178500006F
:10916C001305C516EFC02FF58357E4FE89072317A7
:10917C00F4FED9AE9385019A1785000013050514EA
:10918C00EFC06FF39387C11C83C7070013871700C9
:10919C009376F70F1387C11C2300D7001387415D0B
:1091AC008A07BA979C433E85EF60300A2A87AE87C0
:1091BC003A86BE861785000013054511EFC0AFEF48
:1091CC008357E4FE89072317F4FEBDAE9385819A7D
:1091DC00178500001305850EEFC0EFED9387C11CBA
:1091EC0083C70700138717009376F70F1387C11CEB
:1091FC002300D7001387415D8A07BA979C433E85AD
:10920C00EF60B0042A87AE873A86BE8617850000C9
:10921C001305C50BEFC02FEA8357E4FE890723170C
:10922C00F4FE1DA6938581A417850000130505097E
:10923C00EFC06FE89387C11C83C707001387170023
:10924C009376F70F1387C11C2300D7001387415D5A
:10925C008A07BA979C433E85EF60207F2A87AE87AA
:10926C003A86BE861785000013054506EFC0AFE4AD
:10927C008357E4FE89072317F4FEF9A49385019B19
:10928C001785000013058503EFC0EFE29387C11C1F
:10929C0083C70700138717009376F70F1387C11C3A
:1092AC002300D7001387415D8A07BA979C433E85FC
:1092BC00EF60A0792A87AE873A86BE8617850000B4
:1092CC001305C500EFC02FDF8357E4FE8907231772
:1092DC00F4FE9DAC9385419B17850000130505FE9C
:1092EC00EFC06FDD9387C11C83C70700138717007E
:1092FC009376F70F1387C11C2300D7001387415DAA
:10930C008A07BA979C433E85EF6020742A87AE8704
:10931C003A86BE8617850000130545FBEFC0AFD912
:10932C008357E4FE89072317F4FE39AC9385819BA0
:10933C0017850000130585F8EFC0EFD79387C11C84
:10934C0083C70700138717009376F70F1387C11C89
:10935C002300D7001387415D8A07BA979C433E854B
:10936C00EF60A06E2A87AE873A86BE86178500000E
:10937C001305C5F5EFC02FD48357E4FE89072317D7
:10938C00F4FED9A2938541A517850000130505F3BA
:10939C00EFC06FD29387C11C83C7070013871700D8
:1093AC009376F70F1387C11C2300D7001387415DF9
:1093BC008A07BA979C433E85EF6020692A87AE875F
:1093CC003A86BE8617850000130545F0EFC0AFCE78
:1093DC008357E4FE89072317F4FEBDA2938501A6EB
:1093EC0017850000130585EDEFC0EFCC9387C11CEA
:1093FC0083C70700138717009376F70F1387C11CD9
:10940C002300D7001387415D8A07BA979C433E859A
:10941C00EF60A0632A87AE873A86BE861785000068
:10942C001305C5EAEFC02FC98357E4FE890723173C
:10943C00F4FE19AA9385C19B17850000130505E856
:10944C00EFC06FC79387C11C83C707001387170032
:10945C009376F70F1387C11C2300D7001387415D48
:10946C008A07BA979C433E85EF60205E2A87AE87B9
:10947C003A86BE8617850000130545E5EFC0AFC3DD
:10948C008357E4FE89072317F4FE7DA89385419C3E
:10949C0017850000130585E2EFC0EFC19387C11C4F
:1094AC0083C70700138717009376F70F1387C11C28
:1094BC002300D7001387415D8A07BA979C433E85EA
:1094CC00EF60A0582A87AE873A86BE8617850000C3
:1094DC001305C5DFEFC02FBE8357E4FE89072317A2
:1094EC00F4FE9DA09385C19C17850000130505DD36
:1094FC00EFC06FBC9387C11C83C70700138717008D
:10950C009376F70F1387C11C2300D7001387415D97
:10951C008A07BA979C433E85EF6020532A87AE8713
:10952C003A86BE8617850000130545DAEFC0AFB842
:10953C008357E4FE89072317F4FE39A01785000032
:10954C00130545D9EFC02FB78347D4FEFD17A306EB
:10955C00F4FE8347D4FEE394078401000100F2403B
:10956C00624405618280011122CE0010232604FE84
:10957C0031A08327C4FE85072326F4FE0327C4FEEF
:10958C00B7170300938707D4E3D5E7FE010001006A
:10959C00724405618280011122CE0010232604FE44
:1095AC0031A08327C4FE85072326F4FE0327C4FEBF
:1095BC00B7B70A00938707E6E3D5E7FE0100010081
:1095CC00724405618280411106C622C400081785C9
:1095DC0000001305E5E4EFC00FAE1785000013057E
:1095EC00A5E58D289305401F1305401FEFC0BFB79D
:1095FC0013854150412217850000130565E4992815
:10960C009305200313052003EFC0FFB513854150CC
:10961C009522178500001305E5E22D2893052003FC
:10962C0013052003EFC03FB413854150A1221785C9
:10963C0000001305A5E13928930520031305200329
:10964C00EFC07FB21385415035220100B240224455
:10965C0041018280011106CE22CC00102326A4FEEB
:10966C000DA0938781F198478327C4FE83C7070019
:10967C00BE853A85EFC0AFB88327C4FE8507232685
:10968C00F4FE8327C4FE83C70700E1FF938781F1B3
:10969C009C47B5453E85EFC08FB6938781F19C47BB
:1096AC00A9453E85EFC0AFB581473E85F240624487
:1096BC0005618280011106CE22CC00102326A4FE67
:1096CC000DA0938781F198478327C4FE83C70700B9
:1096DC00BE853A85EFC0AFB28327C4FE850723262B
:1096EC00F4FE8327C4FE83C70700E1FF938781F153
:1096FC009C47B5453E85EFC08FB0938781F19C4761
:10970C00A9453E85EFC0AFAF81473E85F24062442C
:10971C0005618280011106CE22CC00102326A4FE06
:10972C000DA0938781F1D8438327C4FE83C707001C
:10973C00BE853A85EFC0AFAC8327C4FE85072326D0
:10974C00F4FE8327C4FE83C70700E1FF938781F1F2
:10975C00DC43B5453E85EFC08FAA938781F1DC438E
:10976C00A9453E85EFC0AFA981473E85F2406244D2
:10977C0005618280797106D622D40018232EA4FCB0
:10978C008327C4FD2326F4FE8327C4FD2322F4FE85
:10979C00232404FE41A8938781F19C47130704FE00
:1097AC00BA853E85EFC08FAD832704FE13F7F70F04
:1097BC008327C4FE2380E7008327C4FE8507232666
:1097CC00F4FE8327C4FE2380070097850000938551
:1097DC0065C8032544FEEF60500BAA8799CB8325FF
:1097EC0044FE17850000130525C7EFC0CF8C8147B9
:1097FC0099A8978500009385A5C7032544FEEF60C3
:10980C00D008AA8799CB832544FE17850000130541
:10981C00A5C4EFC04F8A81473DA0832784FE8507EE
:10982C002324F4FE032784FE9307500CE3D5E7F6BC
:10983C008327C4FE23800700178500001305C5C3CA
:10984C00EFC06F8785473E85B250225445618280B8
:10985C00411106C622C4000801479306400617862C
:10986C000000130666C281450945EFE0EF971785A6
:10987C000000130565BC3D3D17850000130505C2AE
:10988C00EFC06F831545EFC06FD521291929112918
:10989C000929178500001305E5BA293D1785000035
:1098AC00130545C0EFC02F810945EFC02FD3D52E2E
:1098BC0001479306400617860000130666BF8145D4
:1098CC000945EFE06F92178500001305A5BFDD3346
:1098DC00178500001305C5BFEFB0FFFD0945EFC0AC
:1098EC00EFCFC12617850000130505C0E13317859E
:1098FC000000130565C0EFB01FFC0945EFC00FCE8B
:10990C004D2601479306400617860000130646C0F5
:10991C0081450945EFE04F8D17850000130585C083
:10992C00513B178500001305A5C0EFB0DFF80945C2
:10993C00EFC0CFCABD269387811B23A00700130657
:10994C00A00F81451385413FEF60A02F1306A00F98
:10995C0081451385011DEF60C02E69A0178500009D
:10996C00130585BD813B0545EFC04FC7E52993879E
:10997C00413E984385476317F7069385413F17850A
:10998C0000001305A5BDEFB01FF39785000093856C
:10999C0025BD1385413FEF60406FAA8791C7938720
:1099AC00811B094798C325A0978500009385C5BBEB
:1099BC001385413FEF60606DAA8791C79387811B28
:1099CC00094798C329A09387811B0D4798C3130699
:1099DC00A00F81451385413FEF60A0269387413E40
:1099EC00094798C39387811B98438947E318F7F677
:1099FC00014785679386873817860000130646B79C
:109A0C0081450945EFD05FFE014793064006178656
:109A1C000000130626B781450945EFD0FFFC010075
:109A2C00B240224441018280011106CE22CC0010AA
:109A3C002326A4FE97850000938505B60325C4FE56
:109A4C00EF60A064AA8791CB8325C4FE1785000024
:109A5C00130505B5EFB03FE625A897850000938563
:109A6C00A5B50325C4FEEF604062AA8791CB832580
:109A7C00C4FE178500001305A5B4EFB0DFE309A8F9
:109A8C008325C4FE17850000130505B5EFB0BFE2B2
:109A9C000100F240624405618280411122C6000837
:109AAC00EDA2938701A083C707003E879387012E01
:109ABC00BA9703C70700B5476317F718938701A038
:109ACC0083C70700850713F7F70F938701A023803F
:109ADC00E700938701A003C707009307A00F63F665
:109AEC00E700938701A023800700938711A083C709
:109AFC000700FD1713F7F70F938711A02380E700DA
:109B0C00938701A083C707003E879387012EBA97DE
:109B1C0003C70700A9476315F70E938701A083C7F6
:109B2C000700850713F7F70F938701A02380E70041
:109B3C00938701A003C707009307A00F63F6E70004
:109B4C00938701A023800700938711A083C7070088
:109B5C00FD1713F7F70F938711A02380E700A5A03B
:109B6C009387D19F83C707003E869387E19F83C766
:109B7C000700138717009376F70F1387E19F2300D5
:109B8C00D700BE869387012EB29703C70700938731
:109B9C00C168B6972380E7009387D19F83C70700DE
:109BAC00850713F7F70F9387D19F2380E7009387DF
:109BBC00D19F03C707009307A00F63F6E7009387B5
:109BCC00D19F238007009387D19F03C707009387FA
:109BDC0001A083C70700E315F7F89387E19F83C7BC
:109BEC0007003E879387C168BA9723800700938745
:109BFC00E19F238007009387C15C054798C371A838
:109C0C00938701A083C70700850713F7F70F938786
:109C1C0001A02380E700938701A003C707009307E7
:109C2C00A00F63F6E700938701A0238007009387BA
:109C3C0011A083C70700FD1713F7F70F938711A027
:109C4C002380E70099A0938701A083C707008507AD
:109C5C0013F7F70F938701A02380E700938701A0E8
:109C6C0003C707009307A00F63F6E700938701A0D3
:109C7C0023800700938711A083C70700FD1713F7F4
:109C8C00F70F938711A02380E700938711A003C7D8
:109C9C0007008547E3E7E7E001000100324441019A
:109CAC008280411106C622C400086D2A9387413E6A
:109CBC00984385476315F7029385413F178500004C
:109CCC001305C589EFB03FBF1306A00F814513855F
:109CDC00413FEF5010779387413E094798C30100ED
:109CEC00B240224441018280411106C622C40008C0
:109CFC00014793064006177600001306E678814567
:109D0C000945EFD07FCE1775000013056573E52864
:109D1C000545EFC0AF8C177500001305A572E52043
:109D2C000545EFC0AF8B178500001305A58CE12806
:109D3C000545EFC0AF8A178500001305658CE1203F
:109D4C000545EFC0AF89178500001305A58C652864
:109D5C000545EFC0AF880147930640061776000013
:109D6C001306067581450945EFD01FC801479306B8
:109D7C004006178600001306A68A81450945EFD0D8
:109D8C00BFC6938781F19C47E9453E85EFB03FC73D
:109D9C000545EFC0AF8401478567938607FA1776B0
:109DAC0000001306E67C81450945EFD0FFC3010096
:109DBC00B240224441018280411106C622C40008EF
:109DCC009387F19F23800700938701A023800700CE
:109DDC00938711A023800700938721A0238007007D
:109DEC001306A00F81451385C168EF5090651306CB
:109DFC00A00F81451385012EEF50B0640100B240D5
:109E0C00224441018280011106CE22CC001023266F
:109E1C00A4FE0DA0938781F198478327C4FE83C7C6
:109E2C000700BE853A85EFB09FBD8327C4FE85072A
:109E3C002326F4FE8327C4FE83C70700E1FF938724
:109E4C0081F19C47B5453E85EFB07FBB938781F18F
:109E5C009C47A9453E85EFB09FBA0100F240624491
:109E6C0005618280411122C60008EDA2938771A082
:109E7C0083C707003E879387011DBA9703C7070066
:109E8C00B5476317F718938771A083C70700850739
:109E9C0013F7F70F938771A02380E700938771A0C6
:109EAC0003C707009307A00F63F6E700938771A021
:109EBC0023800700938781A083C70700FD1713F742
:109ECC00F70F938781A02380E700938771A083C746
:109EDC0007003E879387011DBA9703C70700A94760
:109EEC006315F70E938771A083C70700850713F7D7
:109EFC00F70F938771A02380E700938771A003C7A6
:109F0C0007009307A00F63F6E700938771A02380E7
:109F1C000700938781A083C70700FD1713F7F70F7E
:109F2C00938781A02380E700A5A0938741A083C7D6
:109F3C0007003E86938751A083C70700138717003D
:109F4C009376F70F138751A02300D700BE86938713
:109F5C00011DB29703C707009387413FB697238033
:109F6C00E700938741A083C70700850713F7F70F16
:109F7C00938741A02380E700938741A003C7070084
:109F8C009307A00F63F6E700938741A02380070097
:109F9C00938741A003C70700938771A083C707006D
:109FAC00E315F7F8938751A083C707003E87938783
:109FBC00413FBA9723800700938751A02380070065
:109FCC009387413E054798C371A8938771A083C7B7
:109FDC000700850713F7F70F938771A02380E7001D
:109FEC00938771A003C707009307A00F63F6E700E0
:109FFC00938771A023800700938781A083C70700F4
:10A00C00FD1713F7F70F938781A02380E70099A022
:10A01C00938771A083C70700850713F7F70F938702
:10A02C0071A02380E700938771A003C707009307F3
:10A03C00A00F63F6E700938771A023800700938736
:10A04C0081A083C70700FD1713F7F70F938781A033
:10A05C002380E700938781A003C707008547E3E7C8
:10A06C00E7E001000100324441018280411106C643
:10A07C0022C400086945EFC01F9E9387410E17E765
:10A08C00FFFF1307C72DB8D7177500001305855AA6
:10A09C00EFB07F82A14273A002308562938202806E
:10A0AC0073A04230F3270030F3274030F3274034BD
:10A0BC000945EFB0BFD2938781F1DC4391453E85D2
:10A0CC00EFB0BF910100B2402244410182804111A6
:10A0DC0006C622C400086D45EFC0FF979387410E5A
:10A0EC001707000013070705F8D7177500001305AD
:10A0FC006555EFB04FFCA14273A00230856293828C
:10A10C00028073A04230F3270030F3274030F3274E
:10A11C0040340945EFB09FCC938781F19C47914522
:10A12C003E85EFB09F8B0100B240224441018280FA
:10A13C00411122C600086DA0938781F19C479C4772
:10A14C0013F7F70F938721502380E700938761A0C3
:10A15C0083C70700BE869387215003C707009387E8
:10A16C00011DB6972380E700938761A083C7070082
:10A17C00850713F7F70F938761A02380E700938778
:10A18C0061A003C707009307A00F63F6E70093874E
:10A19C0061A023800700938781A083C707008507F0
:10A1AC0013F7F70F938781A02380E700938781A093
:10A1BC0003C707009307A00F63FCE700938781A0F8
:10A1CC0069572380E7009387015005472380E700F8
:10A1DC00938781A003C70700938791A02380E70092
:10A1EC00938781F19C4783C7C700918BB1F701001E
:10A1FC000100324441018280797106D622D40018C4
:10A20C00232EA4FCA30704FE8347F4FE1387170038
:10A21C00A307E4FE3E878327C4FDBA9783C70700D4
:10A22C002307F4FE9387C1789C430347E4FE238005
:10A23C00E7009387C1789C43138717009387C178F5
:10A24C0098C38347E4FEE9F39387C1789C4323804A
:10A25C0007009387C1789C43138717009387C178B5
:10A26C0098C39387014F9C43CDE7938781789C4398
:10A27C00A1E7177500001305253EEFF0AFC393055A
:10A28C00400613054006EFB01FEE179500001305AE
:10A29C00E5C6EFF02FC29305401F13054006EFB043
:10A2AC009FEC9387411C23A007009797000093878E
:10A2BC0067D123A00700B1A893878178984385477D
:10A2CC006319F704177500001305053A2D3E1305A5
:10A2DC004006EF00506D17950000130525C225367A
:10A2EC0013054006EF00306C938781F19C47E945DC
:10A2FC003E85EFB0CFF013054006EF00D06A938790
:10A30C00411C23A00700979700009387A7CB23A09D
:10A31C0007000100B250225445618280411106C6EB
:10A32C0022C400089387415D98439387C1789C436E
:10A33C009D463E8689453A8511281305800CEF0011
:10A34C0090660100B240224441018280797106D6A8
:10A35C0022D40018232EA4FC232CB4FC232AC4FCE6
:10A36C002328D4FC832744FD1307A0032380E70094
:10A37C00832744FD8507232AF4FC9305000003255D
:10A38C00C4FDEF40F074AA8763D50702832744FD10
:10A39C001307D0022380E700832744FD8507232A77
:10A3AC00F4FC0327C4FDB7070080B98F232EF4FCFF
:10A3BC0021A8832744FD1307B0022380E7008327DD
:10A3CC0044FD8507232AF4FC0325C4FDEF50A04C63
:10A3DC00AA872322F4FE032704FD832784FDB307F9
:10A3EC00F740F9173E86832544FD032544FEF128EA
:10A3FC00032704FD832784FDB307F740F9170327D0
:10A40C0044FDBA97232AF4FC832744FD1307E0028A
:10A41C002380E700832744FD8507232AF4FC0325CA
:10A42C0044FEEF50404DAA87BE850325C4FDEF5076
:10A43C008013AA872326F4FE232404FEBDA097874D
:10A44C0000009387E78A8C430325C4FEEF40D06F4E
:10A45C00AA872326F4FE0325C4FEEF50C043AA8727
:10A46C0093F7F70F9387070313F7F70F832744FD31
:10A47C002380E7000325C4FEEF50E041AA873E8508
:10A48C00EF506047AA87BE850325C4FEEF50A00D90
:10A49C00AA872326F4FE832744FD8507232AF4FC90
:10A4AC00832784FE85072324F4FE032784FE832759
:10A4BC0084FDE346F7F89387C178032744FD98C3DE
:10A4CC000100B250225445618280797122D6001865
:10A4DC00232EA4FC232CB4FC232AC4FC832744FD88
:10A4EC00FD172326F4FE3DA80327C4FDA947B36737
:10A4FC00F70213F7F70F8327C4FE832684FDB69764
:10A50C00130707031377F70F2380E7000327C4FD16
:10A51C00A947B347F702232EF4FC8327C4FEFD178B
:10A52C002326F4FE8327C4FEE3D007FC01000100C0
:10A53C003254456182805D7186C6A2C480089387BF
:10A54C00811C23A00700930704FD514681453E85DD
:10A55C00EF50206F9307C4FB514681453E85EF5069
:10A56C00406E9387C178179700001307279998C3FB
:10A57C009387C1789C431307B0022380E70093872D
:10A58C00C1789C43138717009387C17898C393872E
:10A59C00C1789C43130720052380E7009387C1787B
:10A5AC009C43138717009387C17898C39387C1780E
:10A5BC009C43130730052380E7009387C1789C43A5
:10A5CC00138717009387C17898C39387C1789C43EE
:10A5DC00130700052380E7009387C1789C431387FA
:10A5EC0017009387C17898C39387C1789C4313074E
:10A5FC00A0032380E7009387C1789C43138717003F
:10A60C009387C17898C31775000013056507EFB0E1
:10A61C008FAA232604FE232404FE0100832784FE34
:10A62C00138717002324E4FE1387413FBA9703C70F
:10A63C00070093074002E313F7FE3DA0032784FEB7
:10A64C00930717002324F4FE8327C4FE9386170078
:10A65C002326D4FE9386413F369703470700930683
:10A66C0004FFB6972380E7FE1387413F832784FEC0
:10A67C00BA9703C707009307A003E311F7FC8327DE
:10A68C0084FE85072324F4FE8327C4FE8507232636
:10A69C00F4FE8327C4FE130704FFBA97238007FE3A
:10A6AC00232604FE3DA0032784FE930717002324D2
:10A6BC00F4FE8327C4FE938617002326D4FE9386CC
:10A6CC00413F369703470700930604FFB69723864E
:10A6DC00E7FC1387413F832784FEBA9783C70700A3
:10A6EC00F9F3832784FE85072324F4FE8327C4FE15
:10A6FC0085072326F4FE8327C4FE130704FFBA97AD
:10A70C00238607FC232604FE8347D4FB138707FD0F
:10A71C00BA878A07BA9786073E878347E4FB9387F5
:10A72C0007FDBA972322F4FE8347C4FB13074003AB
:10A73C00638CE76E13074003E345F71013073003F0
:10A74C006387E74C13073003E34DF70E1307100331
:10A75C006388E700130720036380E7266F00700E01
:10A76C009387C13D054798C3032744FE93077004A4
:10A77C00630DF71C032744FE9307700463CBE72299
:10A78C00032744FECD476309F700032744FE9307D4
:10A79C0060046308F71431AC177500001305C5EF9E
:10A7AC00EFB06F919387012D1307700798C39387B0
:10A7BC00012D9C433E879387C1789C430D46BE85F3
:10A7CC003A8521339387C1789C431387370093874D
:10A7DC00C17898C30147930640061776000013060C
:10A7EC00E6EC81450945EFD02FA085460146914501
:10A7FC000545EFD09FD58546094691450545EFD0D7
:10A80C00DFD48546114691450545EFD01FD48546CA
:10A81C00194691450545EFD05FD3854621469145B4
:10A82C000545EFD09FD28546294691450545EFD089
:10A83C00DFD18546314691450545EFD01FD1854680
:10A84C00394691450545EFD05FD085464146914547
:10A85C000545EFD09FCF8546614691450545EFD024
:10A86C00DFCE8546694691450545EFD01FCE85461E
:10A87C00714691450545EFD05FCD854679469145AA
:10A88C000545EFD09FCC8546130600029145054542
:10A89C00EFD0BFCB85461306200291450545EFD07E
:10A8AC00DFCA85461306600491450545EFD0FFC904
:10A8BC0085461306800491450545EFD01FC9854692
:10A8CC001306A00491450545EFD03FC897850000BD
:10A8DC009385C56217750000130585DEEFA0BFFDDB
:10A8EC00D1A8177500001305E5DEEFA0DFFC9387F8
:10A8FC00012D1307A00A98C39387012D9C433E8713
:10A90C009387C1789C430D46BE853A857D3E9387DF
:10A91C00C1789C43138737009387C17898C3177508
:10A92C0000001305E5DCEFA01FF901479306400674
:10A93C0017760000130606DD81450945EFD0CF8A56
:10A94C0081450545EFD07F95B5A01775000013051F
:10A95C00A5DCEFA05FF69387012D1307B00A98C30F
:10A96C009387012D9C433E879387C1789C430D466A
:10A97C00BE853A85993E9387C1789C4313873700EF
:10A98C009387C17898C317750000130565DAEFA09B
:10A99C009FF201479306400617760000130686DAED
:10A9AC0081450945EFD04F8485450545EFD0FF8E95
:10A9BC0011A001006F0000699387C13D094798C33E
:10A9CC00032744FE93077004630DF71C032744FE12
:10A9DC009307700463CBE722032744FECD4763093A
:10A9EC00F700032744FE930760046308F71431ACA7
:10A9FC0017750000130545D6EFA0FFEB9387012DCB
:10AA0C001307B00D98C39387012D9C433E87938702
:10AA1C00C1789C430D46BE853A85453C9387C178E9
:10AA2C009C43138737009387C17898C301479306DB
:10AA3C00400617760000130666D381450945EFC022
:10AA4C00BFFA8546014691450945EFD01FB08546B2
:10AA5C00094691450945EFD05FAF854611469145B2
:10AA6C000945EFD09FAE8546194691450945EFD073
:10AA7C00DFAD8546214691450945EFD01FAD854692
:10AA8C00294691450945EFD05FAC85463146914545
:10AA9C000945EFD09FAB8546394691450945EFD026
:10AAAC00DFAA8546414691450945EFD01FAA854648
:10AABC00614691450945EFD05FA9854669469145A8
:10AACC000945EFD09FA88546714691450945EFD0C1
:10AADC00DFA78546794691450945EFD01FA78546E6
:10AAEC001306000291450945EFD03FA68546130693
:10AAFC00200291450945EFD05FA5854613066004F9
:10AB0C0091450945EFD07FA48546130680049145F5
:10AB1C000945EFD09FA385461306A004914509452E
:10AB2C00EFD0BFA2978500009385453D17750000B7
:10AB3C00130505B9EFA03FD8D1A817750000130570
:10AB4C0025C4EFA05FD79387012D1307E01098C39E
:10AB5C009387012D9C433E879387C1789C430D4678
:10AB6C00BE853A859D329387C1789C431387370005
:10AB7C009387C17898C317750000130525C2EFA001
:10AB8C009FD301479306400617760000130646C272
:10AB9C0081450945EFC05FE581450945EFD0EFEFF1
:10ABAC00B5A0177500001305E5C1EFA0DFD09387A2
:10ABBC00012D1307F01098C39387012D9C433E87FA
:10ABCC009387C1789C430D46BE853A85FD389387A3
:10ABDC00C1789C43138737009387C17898C3177546
:10ABEC0000001305A5BFEFA01FCD0147930640063B
:10ABFC00177600001306C6BF81450945EFC0DFDE9E
:10AC0C0085450945EFD06FE911A0010025A993876F
:10AC1C00C13D0D4798C3032744FE93077004630995
:10AC2C00F71A032744FE9307700463CDE71E03272E
:10AC3C0044FECD476309F700032744FE93076004E5
:10AC4C00630EF712C5A2177500001305A5BBEFA084
:10AC5C009FC69387012D1307F01398C39387012D7B
:10AC6C009C433E879387C1789C430D46BE853A85AD
:10AC7C00EFF0BF859387C1789C4313873700938788
:10AC8C00C17898C38546014691450D45EFD0FF8BA1
:10AC9C008546094691450D45EFD03F8B85461146BB
:10ACAC0091450D45EFD07F8A8546194691450D4556
:10ACBC00EFD0BF898546214691450D45EFD0FF88E1
:10ACCC008546294691450D45EFD03F88854631464E
:10ACDC0091450D45EFD07F878546394691450D4509
:10ACEC00EFD0BF868546414691450D45EFD0FF8597
:10ACFC008546614691450D45EFD03F8585466946B1
:10AD0C0091450D45EFD07F848546714691450D45A3
:10AD1C00EFD0BF838546794691450D45EFD0FF8234
:10AD2C0085461306000291450D45EFD01F828546DE
:10AD3C001306200291450D45EFD03F818546130641
:10AD4C00600491450D45EFD05F8085461306800465
:10AD5C0091450D45EFD06FFF85461306A004914534
:10AD6C000D45EFD08FFE978500009385251917753B
:10AD7C0000001305E594EFA01FB475A01775000033
:10AD8C00130585A9EFA03FB39387012D1307201757
:10AD9C0098C39387012D9C433E879387C1789C432E
:10ADAC000D46BE853A85EFF04FF29387C1789C43F0
:10ADBC00138737009387C17898C317750000130564
:10ADCC0065A7EFA05FAF81450D45EFD00FCDA1A8D2
:10ADDC0017750000130545A7EFA0FFAD9387012D54
:10ADEC001307301798C39387012D9C433E87938795
:10ADFC00C1789C430D46BE853A85EFF00FED9387E5
:10AE0C00C1789C43138737009387C17898C3177513
:10AE1C0000001305E5A4EFA01FAA85450D45EFD052
:10AE2C00CFC711A0010039AC9387C13D114798C31E
:10AE3C00032744FE930770046309F71A032744FEA3
:10AE4C009307700463CDE71E032744FECD476309C7
:10AE5C00F700032744FE93076004630EF712C5A2A4
:10AE6C0017750000130505A1EFA0FFA49387012D12
:10AE7C001307301A98C39387012D9C433E87938701
:10AE8C00C1789C430D46BE853A85EFF00FE493875D
:10AE9C00C1789C43138737009387C17898C3854644
:10AEAC00014691451145EFD04FEA8546094691453B
:10AEBC001145EFD08FE98546114691451145EFD0EC
:10AECC00CFE88546194691451145EFD00FE88546E8
:10AEDC00214691451145EFD04FE7854629469145CE
:10AEEC001145EFD08FE68546314691451145EFD09F
:10AEFC00CFE58546394691451145EFD00FE585469E
:10AF0C00414691451145EFD04FE485466146914548
:10AF1C001145EFD08FE38546694691451145EFD039
:10AF2C00CFE28546714691451145EFD00FE285463B
:10AF3C00794691451145EFD04FE185461306000245
:10AF4C0091451145EFD06FE08546130620029145DF
:10AF5C001145EFD08FDF85461306600491451145EE
:10AF6C00EFD0AFDE85461306800491451145EFD036
:10AF7C00CFDD85461306A00491451145EFD0EFDCDB
:10AF8C0097850000938585F71765000013054573B9
:10AF9C00EFA07F9275A0177500001305E58EEFA04A
:10AFAC009F919387012D1307601D98C39387012DE3
:10AFBC009C433E879387C1789C430D46BE853A855A
:10AFCC00EFF0AFD09387C1789C43138737009387FA
:10AFDC00C17898C3177500001305C58CEFA0BF8D01
:10AFEC0081451145EFD06FABA1A817750000130573
:10AFFC00A58CEFA05F8C9387012D1307701D98C350
:10B00C009387012D9C433E879387C1789C430D46C3
:10B01C00BE853A85EFF06FCB9387C1789C4313873D
:10B02C0037009387C17898C3177500001305458ABC
:10B03C00EFA07F8885451145EFD02FA611A0010008
:10B04C0011A001009387014F984385476314F70CB7
:10B05C009387012D9843930770076307F702938733
:10B06C00012D98439307B00D6300F7029387012DD0
:10B07C0098439307F0136309F7009387012D9843C6
:10B08C009307301A6318F708938781789C4385E7F8
:10B09C001775000013050585EFE0CFE10945EFA01A
:10B0AC00FFD317850000130565E5EFE0AFE0094518
:10B0BC00EFA0DFD299A09387817898438547631ED0
:10B0CC00F702176500001305255AEFE0DFD3094599
:10B0DC00EFA0DFD017850000130545E2EFE0BFD2EB
:10B0EC000945EFA0BFCF938781F19C47E9453E8589
:10B0FC00EFA0FF900945EFA07FCE014785679386AF
:10B10C0087BB176600001306E67E81450945EFC034
:10B11C00BF8DADA09387014F9C43ADE39387C1785E
:10B12C0017870000130787DD98C39387C1789C436A
:10B13C00138757009387C17898C39387C1789C4332
:10B14C000347C4FB2380E7009387C1789C43138794
:10B15C0017009387C17898C3176500001305C57A4B
:10B16C00EFF08F8901478967938607711766000096
:10B17C001306C67981450945EFC01F871306800C5D
:10B18C00814517850000130565D7EF40902B9387F9
:10B19C00C17817870000130767D698C30100B64023
:10B1AC00264461618280797122D60018232EA4FC7A
:10B1BC008327C4FD2326F4FE29A89307803E23246D
:10B1CC00F4FE0100832784FE1387F7FF2324E4FE9B
:10B1DC00F5FB8327C4FE1387F7FF2326E4FEF1FF5C
:10B1EC0001000100325445618280797106D622D467
:10B1FC000018938741969C431307500598C3EFC0E2
:10B20C00FFBDEFC0EFF60547856793868738176655
:10B21C0000001306E67081450545EFC0EFFC930571
:10B22C000002B707040013858710EFB0DFE3AA878D
:10B23C006390071405479306400617660000130633
:10B24C00666F81450545EFC02FFA0147930640060E
:10B25C00176600001306466F81450945EFC0CFF80D
:10B26C000545EFA0BFB705479306400617660000DB
:10B27C001306C66E81450545EFC00FF701479306CF
:10B28C004006176600001306A66E81450945EFC0FF
:10B29C00AFF593050002B707040013858710EFB0D4
:10B2AC009FDCAA879DE3176500001305A56DEFA031
:10B2BC008FE0014793064006176600001306466DA3
:10B2CC0081450545EFC04FF2E9B7C145B70704000A
:10B2DC0013858710EFB03FD9AA879DE3176500004F
:10B2EC001305456CEFA02FDD01479306400617664A
:10B2FC0000001306E66B81450545EFC0EFEE51BF2C
:10B30C0093050004B707040013858710EFB0BFD571
:10B31C00AA879DE3176500001305C56AEFA0AFD996
:10B32C00014793064006176600001306666A8145BE
:10B33C000545EFC06FEBB1BF93050008B7070400DC
:10B34C0013858710EFB03FD2AA87A1F717650000CD
:10B35C0013054569EFA02FD60147930640061766E3
:10B36C0000001306E66881450545EFC0EFE715B709
:10B37C00054793064006176600001306A620814574
:10B38C000545EFC06FE637050300130505AF814592
:10B39C00EFB07FD2176500001305C566EFA0AFD1E3
:10B3AC001306A00F81451385C168EF409009130661
:10B3BC00A00F81451385012EEF40B008EFA02FD4CC
:10B3CC00938781F1D8438967938507583A85EFA015
:10B3DC00AFDC938781F198478967938507583A8545
:10B3EC00EFA08FDB938781F1DC433E85EFA0CFF696
:10B3FC00938781F19C473E85EFA00FF6EFB08FD17C
:10B40C009387813E238007001306A00F8145138587
:10B41C00C168EF4010031306A00F81451385012E60
:10B42C00EF4030021306A00F81451385011DEF403C
:10B43C0050011306A00F81451385413FEF4070006A
:10B44C001306800C814517850000130525ABEF40D2
:10B45C00407F9387C17817870000130727AA98C3EA
:10B46C00054793064006176600001306A65B814548
:10B47C000545EFC06FD70545EFA05F969387411C3C
:10B48C0023A00700978700009387C7B323A007006A
:10B49C0093050004B707040013858710EFB0BFBCF9
:10B4AC00AA8763990738054793064006176600007C
:10B4BC001306865881450545EFC00FD30147930607
:10B4CC004006176600001306E65781450945EFC094
:10B4DC00AFD19387014F054798C31765000013053B
:10B4EC002557EFA04FBD1765000013052559EFA098
:10B4FC008FBCEFE0BFB70545EFC09FC80945EFC053
:10B50C003FC885450545EFC05FD9232604FEB1A889
:10B51C008546314691450545EFD02F830547930667
:10B52C004006176600001306A65781450545EFC077
:10B53C00AFCB01479306400617660000130646572B
:10B54C0081450945EFC04FCA9387C1A090438147FD
:10B55C000567130787BB894695450945EFC02FCD75
:10B56C008327C4FE85072326F4FE0327C4FEA547C4
:10B57C00E3D0E7FA0547930640061766000013066A
:10B58C00A65381450545EFC02FC6014793064006DB
:10B59C00176600001306C65181450945EFC0CFC49C
:10B5AC0081450545EFC07FCF232404FE05A88546C1
:10B5BC00314691450545EFC05FF99387C1A0904393
:10B5CC0081470567130787BB894695450945EFC039
:10B5DC000FC6832784FE85072324F4FE032784FEED
:10B5EC00A547E3D6E7FC9387014F9C43A1E70547AA
:10B5FC0093064006176600001306464D8145054527
:10B60C00EFC08FBE01479306007D1766000013063E
:10B61C00E64C81450945EFC02FBD176500001305A9
:10B62C00E54CEFA04FA9176500001305654EEFA080
:10B63C008FA829A8176500001305454BEFA0AFA7ED
:10B64C00176500001305054EEFA0EFA69387411C6C
:10B65C0023A00700978700009387C79623A00700B5
:10B66C009387014F054798C30545EFA02FF7054772
:10B67C0093064006176600001306064C81450545E7
:10B68C00EFC08FB6014793064006176600001306FD
:10B69C00264281450945EFC02FB585450945EFC0C8
:10B6AC00DFBF232204FEB1A88546314691450945EA
:10B6BC00EFC0BFE905479306400617660000130666
:10B6CC00A64781450545EFC02FB2014793064006BA
:10B6DC00176600001306C63D81450945EFC0CFB083
:10B6EC009387C1A0904381470567130787BB8946A1
:10B6FC0095450945EFC0AFB3832744FE8507232248
:10B70C00F4FE032744FEA547E3D0E7FA054793066A
:10B71C004006176600001306264381450545EFC019
:10B72C00AFAC014793064006176600001306463877
:10B73C0081450945EFC04FAB81450945EFC0FFB5C9
:10B74C00232004FEB1A88546314691450945EFC03A
:10B75C00DFDF054793064006176600001306C63E5A
:10B76C0081450545EFC04FA8014793064006176673
:10B77C0000001306E63381450945EFC0EFA6938719
:10B78C00C1A0904381470567130787BB8946954540
:10B79C000945EFC0CFA9832704FE85072320F4FEBB
:10B7AC00032704FEA547E3D0E7FA9387014F9C4398
:10B7BC00A1E7054793064006176600001306063AF4
:10B7CC0081450545EFC04FA2014793064006176619
:10B7DC0000001306A63081450945EFC0EFA01765A0
:10B7EC0000001305A538EFA00F8D17650000130599
:10B7FC002532EFA04F8C29A81765000013050537DB
:10B80C00EFA06F8B176500001305C531EFA0AF8A51
:10B81C009387411C23A00700977700009387877AB2
:10B82C0023A007009387014F054798C30545EFA058
:10B83C00EFDAC1B9EFE09F83054793064006176620
:10B84C0000001306E63481450545EFC0EF9901472A
:10B85C009306400617660000130686348145094599
:10B86C00EFC08F981545EFA06FD793050008B70769
:10B87C00040013858710EFB00FFFAA8795CF0547FB
:10B88C0093064006176600001306463281450545AF
:10B89C00EFC08F951765000013058532EFA0AF81BF
:10B8AC00A165B707040013858710EFB0CFFB938712
:10B8BC008178054798C32DA805479306400617665F
:10B8CC0000001306263181450545EFC0EF91176541
:10B8DC00000013056531EF901FFEA165B70704004A
:10B8EC0013858710EFB02FF89387817823A007007A
:10B8FC00014793064006176600001306E6B881451B
:10B90C000945EFC06F8EEFE08FFC0545EFC05F87F8
:10B91C000945EFC0FF86938781789C4399E7EFD068
:10B92C003FF30545EFA08FCB21A8938781789843EF
:10B93C0085476317F700EFE02FBB0545EFA00FCA53
:10B94C00176500001305852BEF90FFF60545EFA05A
:10B95C00EFC81306A00F81451385C168EF40602E18
:10B96C001306A00F81451385012EEF40802D130681
:10B97C00A00F81451385011DEF40A02C1306A00FCD
:10B98C0081451385413FEF40C02B1306800C814548
:10B99C001775000013058556EF40A02A9387C178D0
:10B9AC00177700001307875598C301479306400685
:10B9BC0017660000130606BD81450945EFC0CF820E
:10B9CC00B797410093877793232EF4FC9387817864
:10B9DC009C436391070E176500001305A523EF9098
:10B9EC009FEDEFE02FC89387413E98438547631343
:10B9FC00F706176500001305E523EF90DFEB938541
:10BA0C00413F17650000130565B5EF90DFEA9765B8
:10BA1C0000009385A5221385413FEF400067AA875C
:10BA2C0099C3EFE05FB11306A00F81451385413F29
:10BA3C00EF4020219387413E094798C30147930665
:10BA4C004006176600001306E6B381450945EFB0C2
:10BA5C00BFF939A8C145B707040013858710EFB0AB
:10BA6C008FE0AA8791E7EFD0BFDE0545EFA00FB7B7
:10BA7C008327C4FD95EB176500001305A51CEFD0BB
:10BA8C007FC30945EFA08FB5176500001305851C12
:10BA9C00EFD05FC20945EFA06FB4B7974100938711
:10BAAC007793232EF4FC35BF8327C4FDFD17232E7B
:10BABC00F4FC05BF93878178984385476317F72873
:10BACC001765000013058519EF90FFDEEFE08FB9C5
:10BADC009387413E98438547631BF71E176500000B
:10BAEC0013054515EF903FDD9385413F1765000029
:10BAFC001305C5A6EF903FDC9765000093858595EF
:10BB0C001385413FEF406058AA87ADEF9765000061
:10BB1C00938505961385413FEF402057AA87BDE3D7
:10BB2C0097650000938545151385413FEF40E0551F
:10BB3C00AA87A9CB232C04FC29A81387413F832770
:10BB4C0084FDBA9783C70700138707FD938741626B
:10BB5C0098C3832784FD13871700232CE4FC1387D9
:10BB6C00413FBA9703C707009307C002E317F7FCDE
:10BB7C00176500001305C510EFE0EFA81305800C46
:10BB8C00EFF06FE2976500009385450B1385413FFD
:10BB9C00EF40A04FAA879DCB176500001305C50E7B
:10BBAC00EF907FD19385413F176500001305850EFB
:10BBBC00EF907FD0EFE03F9817650000130545A488
:10BBCC00EFE06FA40D45EFA06FA1D9A89765000019
:10BBDC009385850C1385413FEF40204BAA879DCB65
:10BBEC00176500001305C50BEF90FFCC9385413F03
:10BBFC00176500001305050AEF90FFCBEFE0BF932C
:10BC0C00176500001305C59FEFE0EF9F0D45EFA0F2
:10BC1C00EF9C79A097650000938545091385413FFA
:10BC2C00EF40A046AA87ADEF976500009385C50845
:10BC3C001385413FEF406045AA878DCB014785674F
:10BC4C0093868738176600001306C6078145094599
:10BC5C00EFB09FD901479306400617660000130604
:10BC6C00669281450945EFB03FD81DA89765000045
:10BC7C00938585061385413FEF402041AA878DE3CC
:10BC8C0097650000938505061385413FEF40E03F23
:10BC9C00AA8799C7176500001305C597EFE0AF9603
:10BCAC001306A00F81451385413FEF3090799387A0
:10BCBC00413E094798C301479306400617660000AA
:10BCCC001306468C81450945EFB01FD201B593058B
:10BCDC000002B707040013858710EFB0CFB8AA870E
:10BCEC00E39607DE176500001305C592EFE0AF91F0
:10BCFC0001479306803E175600001306E6788145EF
:10BD0C000945EFB07FCE01479306803E17560000E1
:10BD1C001306067A81450945EFB01FCD01479306FE
:10BD2C00803E175600001306A67E81450945EFB0EC
:10BD3C00BFCB0147930640061766000013068684A6
:10BD4C0081450945EFB05FCA51B381473E85B2507A
:10BD5C00225445618280011122CC26CA4AC84EC6A3
:10BD6C0052C456C206CEAA892E89B28436848D223C
:10BD7C0003A741A1FD57AA8A2E8A630BF7042686D6
:10BD8C002685A286A285EF20F06739E14E864E8586
:10BD9C00CA86CA85EF20106749E54E85CA850146DB
:10BDAC008146EF20202621E12685A2850146814689
:10BDBC00EF20402535CD2685A285EF00F05609C928
:10BDCC002685A28501468146EF20C034634C050AC6
:10BDDC00F2406244D2444249B2495685D285924AD5
:10BDEC00224A056182805685D285EF00F05321C925
:10BDFC005685D28501468146EF20C02071F94E85CB
:10BE0C00CA85EF00705269D52685A285EF00D05106
:10BE1C0061D1EF30B062930720021CC1814A014A04
:10BE2C0045BF2685A28501468146EF20A01D4DF118
:10BE3C00B7D7008083AA07F803AA47F851BF4E85ED
:10BE4C00CA85EF00704E4DD52685A285EF00D04DEA
:10BE5C0045D156865685D286D285EF20B05A39E91F
:10BE6C00EF30D05D9306200214C1014681464E8509
:10BE7C00CA85EF20202A6341050283AA018103AA07
:10BE8C004181B9B7EF30905B83AA818003AAC1804E
:10BE9C00930710021CC12DBF2685A285EF00704AA6
:10BEAC002686A286EF20001669D983AA818003AA70
:10BEBC00C18039BFEF30905893071002014681467C
:10BECC001CC1B6853285EF10903FAA8A2E8A09B71D
:10BEDC00B7070080597193C7F7FFDEC6B3FBF600B6
:10BEEC0086D6A2D4A6D2CAD0CECED2CCD6CADAC8E6
:10BEFC00E2C4E6C2EAC06EDE33E7CB0055C7B3F945
:10BF0C00B700B707F07F2A8B2E8A2E8CAA8C63DBA6
:10BF1C003703B70710C0CE97B3E76701814AB7055F
:10BF2C00F03FD1EBB650265496540659F649664A62
:10BF3C00464BB64B264C964C064DF25D5685D64A72
:10BF4C00656182803684B2846384F906E3C377FD2D
:10BF5C00B707F07F6381FB1C014963420C08D5ECE9
:10BF6C00B707F07F6387FB14B707F03F6385FB16B9
:10BF7C00B7070040E303F414B707E03F631FF4086E
:10BF8C00634D0C082654B65096540659F649D64AB9
:10BF9C00B64B264C964C064DF25D5A85D285464BD7
:10BFAC00664A65616F00B01B814AB705F03F9DBFC3
:10BFBC0019E1E3DF79F92654B65096540659F6493F
:10BFCC00664AD64A464BB64B264C964C064DF25D0D
:10BFDC0037D50080130505F465616F00F035B707A0
:10BFEC00404363DDFB12B707F03F63C7FB0293D7F7
:10BFFC004B41938717C05147E35AF70C1307400383
:10C00C00B307F74033D7F400B317F70063969700E4
:10C01C00058B09493309E940A1D85A85D285EF002F
:10C02C005030AA8A63880C049357FA01FD173367C2
:10C03C00F9006307070E3707E0416358770F37079E
:10C04C00F04363547779B707F03F63D6F90A63512D
:10C05C00040803A6818383A6C1833285B685EF20AD
:10C06C00C015AA8AC1B55A85D285EF00902BAA8A31
:10C07C0063980C0A6389090093172A008983370790
:10C08C00F03FE393E7FA634B0406E35D0CE8B70774
:10C09C0010C0CE97B3E72701E39407085686AE8607
:10C0AC005685EF2000562A86AE86EF105021AA8ABC
:10C0BC0095BDB70710C0CE97B3E76701E38607EECF
:10C0CC00B707F03F63C3F96EA285814AE35C04E4D1
:10C0DC00814A814581BDDA8AD285E35504E4B7D71C
:10C0EC00008003A507F883A547F85A86D286EF107F
:10C0FC00101DAA8A05BDE34E80F4D9BF37D7008046
:10C10C00AE87032507F8832547F85686BE86EF10C1
:10C11C00101BAA8A9DBFE38104E4E5BB094981B5E4
:10C12C005A865A85D286D285ADBF3707F07F337ACF
:10C13C0047010145631F0A0003A6018783A64187B7
:10C14C0056853EC0EF2060078247AA8AAE89130548
:10C15C00B0FCB705100013D649411387F5FFB7A6FD
:10C16C000300B3F9E900130616C0370AF03F9386B3
:10C17C00E6883307A60033EA490163D03665B7B6C3
:10C18C000B009386966763D5367BB7DC008003A8DB
:10C19C000CF883A84CF80507330ABA40014B814BC5
:10C1AC005A83DE83014C4286C6865685D2851AD4C4
:10C1BC001ED63AD23ED042C046C2EF20804402483E
:10C1CC0092482E8E4286C686AA8DD2855685F289D5
:10C1DC0042C846CAEF10A02F2A86AE8603A50CF8DB
:10C1EC0083A54CF8014DEF10900D2A86AE862ACC13
:10C1FC002EC66E85CE854EC0EF10307C93561A40FD
:10C20C0037060020D18E370E0800F296338E860149
:10C21C002A8FF28601466A85AE897A8C72C4EF1039
:10C22C00D079AE8682452A866E85EF20803D224EDF
:10C23C004248D2482E8F4286F285C686AA8D014589
:10C24C007AC0EF20003C2A86AE865685D285EF2038
:10C25C00403B6A86CE86EF105076024F2A86AE8619
:10C26C006E85FA85EF20E039E24EB242814D76863A
:10C27C009686EF109074AA882E886286CE86628588
:10C28C00CE8546C042C4EF10507303A6818783A6A7
:10C29C00C187AA8A2E8AEF10507203A6018883A642
:10C2AC004188EF10C0225686D286EF10107103A67B
:10C2BC00818883A6C188EF1080215686D286EF1024
:10C2CC00D06F03A6018983A64189EF1040205686C2
:10C2DC00D286EF10906E03A6818983A6C189EF10D8
:10C2EC00001F5686D286EF10506D03A6018A83A6D6
:10C2FC00418AEF10C01DAA882E885686D286568594
:10C30C00D285C68A428AEF10506B2A86AE86568535
:10C31C00D285EF10906AAA8A2E8A6A86CE866285AA
:10C32C00CE85EF10C01A0246A246EF101069568651
:10C33C00D286EF10C0192E88AA8A6A86CE866A85A4
:10C34C00CE85428AEF10706703A6818A83A6C18AC4
:10C35C002ACE2EC8EF10A0175686D28652C6EF10E2
:10C36C0000172E8A6E86AE866A85CE85EF10F06435
:10C37C0003A6818A83A6C18A2E882A8DD2856E85D2
:10C38C0042CCEF200028F248424E4686F286EF203F
:10C39C004027AE86B2452A865685EF2080266286D7
:10C3AC00CE86EF1090612A88AE890245A2456E8632
:10C3BC00D286428AEF1070602A86AE865285CE8570
:10C3CC00EF10E010E24D2A8AAE892A86AE866A8585
:10C3DC00EE85EF10C00F03A6018B83A6418B0145A0
:10C3EC00AE8AEF10905D2E882A8C6A86EE86D685F2
:10C3FC000145428DEF20E0202A86AE865285CE85FF
:10C40C00EF20202003A6818B83A6C18BEF10F05A5E
:10C41C0003A6018C83A6418C2A8AAE890145D68558
:10C42C00EF10B0592A86AE865285CE85EF10200AC1
:10C43C002253B2531A869E86EF1060091257AA8DAA
:10C44C00AE8A3A85EF20A07F2A8AAE89D6866E8680
:10C45C00EA85628556C0EF108007DE865A86EF109B
:10C46C0000075286CE86EF10800601484285528620
:10C47C00CE86428AAE8AEF20C018DE865A86EF201E
:10C48C004018EA866286EF20C017AE8682452A865F
:10C49C006E85EF20001782572A8DAE8B7D19B367FE
:10C4AC00F900639F072E03A9018383A94183014CE3
:10C4BC006286A2862685A285EF20A0145286D68697
:10C4CC00EF10B04FAE872A8B2686A286DE856A8552
:10C4DC00BE84EF10904E2A86AE865A85A685EF0054
:10C4EC00107FAA876286A2862E8B5285D685BE8A3D
:10C4FC00EF10B04C2A86AE86AA842E8A5685DA8531
:10C50C00EF00F07CB70790402E84AA8B2E8C63CE64
:10C51C00F522B387F540C98F6393073E03A6818C40
:10C52C0083A6C18C5685DA85EF00707A2A87AE8790
:10C53C0026865E85D286A285BA8B3E84EF20600C5F
:10C54C002A86AE865E85A285EF1070326349A03ACA
:10C55C0093574C4193F7F77F37051000938727C00B
:10C56C00B357F540E29713D747411377F77F9306FC
:10C57C00F5FF130717C0B3D5E64093C5F5FFFD8D46
:10C58C00D14BF58FC98F3387EB400146AE86B3DBB9
:10C59C00E74063540C00B30B70412685D285EF2025
:10C5AC0040062A86AE86AA842E8A5685DA85EF0046
:10C5BC001072139D4B012E8403A6818D83A6C18D11
:10C5CC00814DA2856E85EF10503FAE872A8C268652
:10C5DC00D286A2856E85BE84EF20A0022A86AE8606
:10C5EC005685DA85EF20E00103A6018E83A6418EE5
:10C5FC00EF10B03C03A6818E83A6C18EAE872A8A2B
:10C60C00A2856E853E84EF10503B2A86AE865285FD
:10C61C00A285EF00D06B2A8B2E842A86AE8662858B
:10C62C00A685EF00D06A6286A686AA8A2E8AEF10AB
:10C63C00507D2A86AE865A85A285EF10907C2A8C76
:10C64C002E8B5686D2865685D285EF10103703A6D0
:10C65C00018F83A6418FAA842E84EF10103603A677
:10C66C00818F83A6C18FEF10D0792686A286EF101A
:10C67C00D03403A6019083A64190EF005065268626
:10C68C00A286EF10903303A6819083A6C190EF1081
:10C69C0050772686A286EF10503203A6019183A60E
:10C6AC004191EF00D0622686A286EF1010312A86C7
:10C6BC00AE865685D285EF10D074AA842E842A8635
:10C6CC00AE865685D285EF10502F03A6819183A696
:10C6DC00C1912A87AE872685A285BA843E84EF1045
:10C6EC0050722A86AE862685A285EF10403DAA841C
:10C6FC002E846286DA865685D285EF10102C6286DF
:10C70C00DA86EF00D05C2A86AE862685A285EF10ED
:10C71C00506F5686D286EF10D06EAE862A8683A5D1
:10C72C004CF803A50CF8EF10D06DB307BD0093D6F1
:10C73C0047412A876350D0223A85BE854A86CE86E9
:10C74C00EF10B027AA8A6FF0EFFD93971500B7D6BC
:10C75C00904085839386F6BF63DBF618B7376F3F3F
:10C76C0093870740AE97C98F99EB2686D286EF1038
:10C77C0050695686DA86EF10900FE34B05DC03A662
:10C78C00018D83A6418D4A85CE85EF10102303A61B
:10C79C00018D83A6418DEF105022AA8A6FF08FF87D
:10C7AC0003A90CF883A94CF819B3E3530492B70509
:10C7BC000080814AA18D6FF0EFF6B7DC008003A8F2
:10C7CC000CF883A84CF86FF07F9D3707F03F930669
:10C7DC00E7FFE3DE3687E3403793B7DC008003A640
:10C7EC000CF883A64CF856853EC0EF10906103A65A
:10C7FC00018483A641842A8AAE89EF10101C03A6FB
:10C80C00818483A6C184AA8BAE8A5285CE85EF1013
:10C81C00D01A03A6018583A641852E8B2A8CCE8542
:10C82C005285EF1090192A86AE8603A5818583A5C3
:10C83C00C185EF10105D5286CE86EF1010182A8637
:10C84C00AE8603A5018683A54186EF10905B2A88EE
:10C85C002E875286CE865285CE85428ABA89EF10B3
:10C86C00D0152A86AE865285CE85EF10101503A6FC
:10C87C00818683A6C186EF1050142A86AE86628507
:10C88C00DA85EF1010582A86AE862A8BAE895E8523
:10C89C00D685EF00D04301485E86D6864285428A13
:10C8AC00AE8AEF1010562A86AE865A85CE85EF10CA
:10C8BC00505582472A8DAE8BD5B65A865A85D2866C
:10C8CC00D285EF10900FAA8A6FF0CFE5639D04F824
:10C8DC00B307F74033D7FB40B317F70026896395AE
:10C8EC0077E9058B09493309E9406FF0EFE7370722
:10C8FC00E03F014D814BE351F7CCD187B1B903A691
:10C90C00818383A6C1834A85CE85EF10100B03A6C5
:10C91C00818383A6C183EF10500AAA8A6FF08FE03F
:10C92C0085476311F9E0B7070080BD8D6FF08FDF8D
:10C93C0003AB818183ABC18103A3018283A34182B9
:10C94C0003A8818283A8C182370C0400B7DC008065
:10C95C006FF07F855E86AD2E2A87AE87F1BB4111C5
:10C96C003707F07F22C426C206C63376B700AE84E2
:10C97C002A846305E616AA866357B00E13D6454182
:10C98C00AE8763020610370710009305F7FFED8F93
:10C99C00D98F930416C01397170013F6140093D76E
:10C9AC00F601BA971397160011C67D838607BA97BE
:10C9BC00139726008584D945014E81463706200001
:10C9CC003385C6001358F701FD1563C6A700898F80
:10C9DC00B306C500329E8607C29706070582EDF1A5
:10C9EC000143130500023706008019A86388D70C91
:10C9FC001358F70186077D15C2970607058215C9DE
:10CA0C003308B600E3D4F6FEB305C800B68863411C
:10CA1C00080A958FB3360701958F330707411358D2
:10CA2C00F70186077D153293C686C29706070582E5
:10CA3C0061F9D98FC9EF1355130093571E4037076F
:10CA4C00E03F137E1E00BA9763050E003707008087
:10CA5C00598DD2042A84BE94B24022852244A685E4
:10CA6C00924441018280939715008583C98FEDD73D
:10CA7C000146D1E513D7B6002D16BA87D6067DDB55
:10CA8C0093554701D1E9814586071397B7002E8549
:10CA9C008505E35B07FE930800023688B388B8402F
:10CAAC003E87B396B600B3571801098ED98FE1BDF6
:10CABC0093C8F5FF93D8F801B698A1BFE36A07F3C2
:10CACC00B305C800E34608FEBE888147B9B7FD57D9
:10CADC006302F30413051300058185B72A86AE861D
:10CAEC00EF10A06D2286A686EF00701E2A84B2403D
:10CAFC0022852244AE84A6859244410182802A86F6
:10CB0C00AE86EF1010302A86AE86EF00507B2A845A
:10CB1C00AE8499B7050E15B73688930800027D557B
:10CB2C0059B7860585818280139515000581B70557
:10CB3C0010802E957D81828003A5019283A5419260
:10CB4C00828093D64541797193F6F67F22D406D62E
:10CB5C0026D24AD04ECE138816C04D46AE872A87B1
:10CB6C00AE8E13D4F501634D06096346080E3706E5
:10CB7C0010007D1633560641F18DC98D2A833E8EE9
:10CB8C00BDC513551600337FF500336FEF006305F9
:10CB9C000F021386E6BEB70E0400133616001345BB
:10CBAC00F5FF370F00803306C040E98F33D80E41B4
:10CBBC00337FCF00B3EE070137D6008093183400D3
:10CBCC00130606D4B29803A4080083A448007A86FE
:10CBDC00F6862285A685EF00900F2AC42EC6224524
:10CBEC00B2452286A686EF10D0212A832E8EB25013
:10CBFC00225492540259F2491A85F2854561828079
:10CC0C009308300363DF0801930600402A832E8EBD
:10CC1C00E31FD8FC2A86F686EF00700B2A832E8E33
:10CC2C00F9B79386D6BE7D563356D600B375A6009B
:10CC3C002A833E8ECDDD0582B377A6002A8FADDF29
:10CC4C00370F00401346F6FF3377A600B356DF408C
:10CC5C00336FD70095B7370E00809344FEFFB3F6C1
:10CC6C00B400C98E2A832E8ED9D29397C500B18376
:10CC7C0033E7A700B307E040D98F37D7008093166E
:10CC8C003400130707D4369703290700832947007C
:10CC9C00B1838175370E0800B3F5D50133FEC7019A
:10CCAC00336EBE00F2862A86CE854A85EF003002AE
:10CCBC002AC42EC62245B2454A86CE86EF10701481
:10CCCC0033FEB4009318F401336E1E012A8305B7AA
:10CCDC00411193D6454122C406C63284139656019F
:10CCEC0025EA939715008583C98FDDC783A6C1926A
:10CCFC0003A68192EF10604CD176938606CB2E87DB
:10CD0C006349D40E93D7454193F7F77F9387A7FCDC
:10CD1C00A2979306E07F63CDF604634FF00A930667
:10CD2C00B0FC63D6D708B1679387073563C2870415
:10CD3C0003A8018D83A8418D63C9050C03A6018D41
:10CD4C0083A6418D4285C685EF102047AA8781A016
:10CD5C0093F7F67F9306F07F2E87E39BD7FA2A860C
:10CD6C00AE86B527B2402244AA873E854101828017
:10CD7C0003A8818383A8C18363C6050203A68183AC
:10CD8C0083A6C1834285C685EF102043AA87B24093
:10CD9C0022443E8541018280B2402244AA873E85CE
:10CDAC004101828003A8019383A84193C1BFB705B9
:10CDBC001080FD15938767036D8FD207D98F03A65B
:10CDCC00019483A64194BE85EF10203FB2402244CB
:10CDDC00AA873E8541018280B2402244B70510806B
:10CDEC00FD156D8F93954701AA87D98D3E8541011D
:10CDFC00828003A6018D83A6418DEF10003CB240CA
:10CE0C002244AA873E854101828003A8819383A88E
:10CE1C00C1932DB7AA88AE8732883685468363992D
:10CE2C000620B7D60080938606E463F0C50C4167F4
:10CE3C006376E60A1307F00F3337C7000E07335536
:10CE4C00E600AA9683C60600130500023697B306C1
:10CE5C00E540630CE500B397D70033D7E8003318EF
:10CE6C00D600B365F7003393D80093580801B3D7B5
:10CE7C00150313160801418213570301B3F615036A
:10CE8C003E85B305F602C206558F637CB700429708
:10CE9C001385F7FF636707016375B7001385E7FF19
:10CEAC0042970D8FB3771703420313530301335784
:10CEBC001703C20733E36700B306E6023A86637BC7
:10CECC00D30042931306F7FF636603016374D30028
:10CEDC001306E7FF4205518D81455DA8370500011A
:10CEEC004147E36EA6F4614799BF01E60547335805
:10CEFC00C7024167637FE8081307F00F63730701EC
:10CF0C0021453357A800BA9603C706001306000242
:10CF1C002A97B306E6406315E608B38707418545B3
:10CF2C009358080113160801418213570301B3F6F5
:10CF3C001703B3D71703C206558F330EF6023E857F
:10CF4C00637CC70142971385F7FF6367070163751D
:10CF5C00C7011385E7FF42973307C741B377170320
:10CF6C0042031353030133571703C20733E367001C
:10CF7C00B306E6023A86637BD30042931306F7FFAF
:10CF8C00636603016374D3001306E7FF4205518DFA
:10CF9C008280370700014145E365E8F6614595B7A6
:10CFAC003318D800B3D5E7003393D800B397D70024
:10CFBC0033D7E800935808013366F70033F71503AD
:10CFCC0093170801C18313550601B3D51503420706
:10CFDC00498FB386B7022E85637CD70042971385A1
:10CFEC00F5FF636707016375D7001385E5FF42976B
:10CFFC00B306D74033F7160342064182B3D6160365
:10D00C004207B388D702B367C700368763FC1701A2
:10D01C00C2971387F6FF63E7070163F517011387C0
:10D02C00E6FFC29793150501B3871741D98DCDBD86
:10D03C0063E2D514416763FFE6021307F00FB335C3
:10D04C00D7008E0537D7008033D5B600130707E419
:10D05C002A9703470700130500022E97B305E540F6
:10D06C006311E5020545E3E5F6F233B5C800134557
:10D07C00150039BF37070001C145E3E5E6FCE14582
:10D08C00D1B73353E600B396B6003363D3001355D0
:10D09C000301B31EB60033D6E700B376A602B397EE
:10D0AC00B70033D7E8003368F70093170301C18347
:10D0BC00135708013356A602C206558F338FC70289
:10D0CC00328E637CE7011A97130EF6FF63676700D5
:10D0DC006375E701130EE6FF1A973307E741B37642
:10D0EC00A7023357A702C2063386E702931708013B
:10D0FC00C183D58FBA8663FCC7009A979306F7FF56
:10D10C0063E7670063F5C7009306E7FF9A9713156B
:10D11C000E01416E558D9306FEFF3378D500918F2D
:10D12C00B3F6DE001356050193DE0E013303D8026D
:10D13C00B306D602135703013308D8033698429727
:10D14C003306D6036373D70072969356070136964F
:10D15C0063E0C702E392C7D8C167FD177D8F420712
:10D16C003373F300B398B8001A978145E3F2E8E201
:10D17C007D159DB38145014521BDB2883687AA87AF
:10D18C002E886398061CB7D60080938606E463F855
:10D19C00C50A4163637E66081303F00F6373C30013
:10D1AC0021473353E6009A9603CE06003A9E1307A6
:10D1BC0000023303C741630CC701B3956500335EAE
:10D1CC00C501B31866003368BE00B317650013D6EB
:10D1DC0008013377C80213950801418193D60701E2
:10D1EC003358C8024207D98E3308050363F8060189
:10D1FC00C69663E5160163F30601C696B38606412F
:10D20C0033F7C602C207C183B3D6C602B306D50232
:10D21C0013150701C98F63F8D700C69763E517018B
:10D22C0063F3D700C697958F33D56700814582800D
:10D23C00370300014147E36666F661479DB701E697
:10D24C000546B3581603416663F3C8081306F00F7E
:10D25C0063731601214733D6E800B29603CE06005D
:10D26C003A9E130700023303C7416319C707B385FE
:10D27C00154113D7080113950801418113D60701F5
:10D28C00B3F6E502B3D5E502C206D18EB305B502FD
:10D29C0063F8B600C69663E5160163F3B600C6964E
:10D2AC00B385B640B3F6E502C207C183B3D5E50238
:10D2BC00B305B50213950601C98F63F8B700C6977D
:10D2CC0063E5170163F3B700C6978D8FB1BF3706BF
:10D2DC0000014147E3E1C8F86147B5BFB398680066
:10D2EC0033D7C501B3176500335EC50113D50801EB
:10D2FC00B376A702B3956500336EBE009395080113
:10D30C00C18113560E013357A702C206D18E338743
:10D31C00E50263F8E600C69663E5160163F3E600E2
:10D32C00C6963386E640B376A602420E135E0E0115
:10D33C003356A602C2063386C502B3E5C60163F8AE
:10D34C00C500C69563E5150163F3C500C695918DBF
:10D35C000DB7E3EED5EC416763F5E604130EF00F61
:10D36C003337DE000E07B7D8008033D3E60093883E
:10D37C0008E49A9803CE08003A9E13070002330380
:10D38C00C7416317C70363E4B6006369C500B307FD
:10D39C00C540958D3335F5003388A5403E85C28553
:10D3AC0079B5B70800014147E3EF16FB614765BF4C
:10D3BC003357C601B3966600336FD700B3D7C50198
:10D3CC0013570F01B3F8E702B39565003358C50145
:10D3DC003368B80093150F01C181935608013316B9
:10D3EC00660033156500B3D7E702C208B3E6D80070
:10D3FC00B38EF502BE8863FCD601FA969388F7FFCC
:10D40C0063E7E60163F5D6019388E7FFFA96B386E6
:10D41C00D641B3FEE602420813580801B3D6E60221
:10D42C00C20EB3EE0E01B385D502B68763FCBE0007
:10D43C00FA9E9387F6FF63E7EE0163F5BE009387D0
:10D44C00E6FFFA9EB385BE40C208C16EB3E8F80091
:10D45C009387FEFF33F8F8009356060193D8080122
:10D46C00F18F3307F802B387F8023308D802B38878
:10D47C00D8023E9893560701C29663F3F600F698CD
:10D48C00C167FD1713D80601FD8EC2067D8FC298A9
:10D49C00369763E61501639C1501637AE500330644
:10D4AC00C7403337C7007A97B388E84032873307D1
:10D4BC00E5403335E500B3851541898DB397C5013A
:10D4CC003357670033E5E700B3D565008DB33708F4
:10D4DC0010007D180111B377B80013D745013378CC
:10D4EC00D80093D8460122CC8E071374F77F1357BC
:10D4FC00D50126CAD98F93D4F5011357D60193F8C9
:10D50C00F87F93D5F6010E0806CE4AC84EC60E0516
:10D51C00336707010E06B30614416395B4226351B9
:10D52C00D00E63980802B365C700638B0520938502
:10D53C00F6FF89E92A963335A600BA97AA97328561
:10D54C000544B1A81308F07F639D06011304F07F16
:10D55C0071AA9305F07F630BB418B70580004D8F4B
:10D56C00B6859306800363C9B608FD4663C0B6064C
:10D57C00130800023308B840B3160701B358B600BD
:10D58C0033160601B3E616013336C000558E3357F9
:10D59C00B7002A963E97B337A600BA9732851397F1
:10D5AC0087006355071405041307F07F6305E448EF
:10D5BC00B70680FFFD16FD8E9355150005899397D0
:10D5CC00F6014D8D5D8D93D716000DA2938605FE49
:10D5DC0093080002B356D70001486388150113085D
:10D5EC000004B305B8403318B7003366C8003336AF
:10D5FC00C000558E014771BF598E3336C000DDBF58
:10D60C00D5CAB38588400DE4B3E6A700638C064009
:10D61C009386F5FF99E63295BA973336C500B297E3
:10D62C0005B71308F07F639D0501BA87328539BFB2
:10D63C009306F07FE38BD8FEB7068000D58FAE86BD
:10D64C009305800363C4D506FD4563CBD50213084F
:10D65C0000023308D8403353D500B3950701331576
:10D66C000501B3E565003335A0004D8DB3D6D70069
:10D67C003295B387E6003336C500B297468405B7BA
:10D68C00938506FE13030002B3D5B70001486388E7
:10D69C00660013080004B306D8403398D7003365EE
:10D6AC00A8003335A0004D8D8146D9B75D8D33353B
:10D6BC00A000DDBF9306140093F5E67FBDE1B3E651
:10D6CC00A70029E463840636B366C70085C22A9690
:10D6DC00BA973335A600AA971397870032856357FC
:10D6EC000700370780FF7D17F98F05441377750006
:10D6FC00630507341377F50091466300D73493061E
:10D70C00450033B5A600AA97368505AE99DE598E2D
:10D71C00E30E06E28144B707400001451304F07F95
:10D72C0029AE9305F07F6386B6302A963E97B337C1
:10D73C00A6003E971315F7010582518D93571700DC
:10D74C0036846DB76356D00C63910808B365C70077
:10D75C00E5D99385F6FF91E93306C5403335C5000D
:10D76C00998F898F32850544B1A01308F07FE38F20
:10D77C0006DD9306800363C9B608FD4663C0B60692
:10D78C00130800023308B840B3160701B358B600AB
:10D79C0033160601B3E616013336C000558E3357E7
:10D7AC00B7003306C5403387E740B337C500B3072E
:10D7BC00F740328513978700E35A07F23709800048
:10D7CC007D1933F92701AA8975A29305F07FE30F20
:10D7DC00B4F0B70580004D8FB68561BF938605FE0A
:10D7EC0093080002B356D70001486388150113084B
:10D7FC000004B305B8403318B7003366C80033369D
:10D80C00C000558E014771BF598E3336C000DDBF45
:10D81C00F9C23388884015E8B3E6A700638F062663
:10D82C009306F8FF91EA3305A640B307F740333669
:10D83C00A600918FAE8405BF1303F07F631F6800B1
:10D84C00BA8732851304F07F7DA09306F07FE389BD
:10D85C00D8FEB7068000D58FC286130880036348B4
:10D86C00D8067D48634ED802130300023303D3401D
:10D87C00335ED50033986700331565003368C801F3
:10D88C003335A0003365A800B3D6D7003305A640C6
:10D89C00B307D7403336A600918F4684AE8419BFA8
:10D8AC00138806FE130E000233D807010143638868
:10D8BC00C60113030004B306D3403393D70033657A
:10D8CC00A3003335A0003365A8008146C1B75D8D38
:10D8DC003335A000DDBF9306140093F6E67FB5E662
:10D8EC0033E8A700B366C70031E463180800638A05
:10D8FC00061ABA873285AE84D5BBE38906DE3308B7
:10D90C00C540B3380501B386E740B38616419398FA
:10D91C00860063DA08003305A640B307F7403336B8
:10D92C00A600918FC9BF3365D80063000518B68770
:10D93C0042856DBB63180800638B0616BA87328567
:10D94C00AE8429B1E38406C0F1B3B309C540B33644
:10D95C0035013389E7403309D9409316890063D8E0
:10D96C000606B309A640B307F740333636013389B0
:10D97C00C740AE84630309064A85EF20602813076D
:10D98C0085FFFD4763C1E70693060002998EB31726
:10D99C00E900B3D6D900DD8E3395E900634E8706D6
:10D9AC00018F930717007D466345F60413070002A9
:10D9BC001D8FB355F5003396E6003315E5004D8EFB
:10D9CC003335A000518DB3D7F600014405B333E5D0
:10D9DC0029014DF181470144F9A04E85EF204022E9
:10D9EC001305050269BF130585FDB396A900014512
:10D9FC0075B705179305000233D7E6000146638718
:10DA0C00B700130600041D8E3396C600518D3335B6
:10DA1C00A000598D814755BFB70780FFFD17198CA2
:10DA2C00F58FE9B1BA8732852E84C9B1BA873285B0
:10DA3C0075B91304F07F8147014513978700635B29
:10DA4C00070005041307F07F6308E406370780FF1F
:10DA5C007D17F98F1397D7010D81598D1307F07F1F
:10DA6C008D836319E4005D8D814709C5B7070800F4
:10DA7C000145814413174401B706F07FB207F24009
:10DA8C006244758FB183FE04D98F33E79700424906
:10DA9C00D244B249BA8505618280BA873285428404
:10DAAC0099BD81470145814449BF8147EDBF01457F
:10DABC008144B70740009DB18147014561BF797131
:10DACC0093D7450126D24AD052CC5AC862C49394FB
:10DADC00C50006D622D44ECE56CA5EC61397570141
:10DAEC002A89328B368CB18013DAF50151C793FA3F
:10DAFC00F77F9307F07F638BFA0C9359D5018E0453
:10DB0C00B3E49900B7098000B3E93401131435006C
:10DB1C00938A1AC0814B93574C011315CC00139761
:10DB2C0057019354C50093F5F77F135CFC0171C347
:10DB3C009307F07F638AF510139534009357DB013C
:10DB4C005D8DB7048000C98C931F3B00138515C0F5
:10DB5C00014693972B00D18FFD173947B3468A01A5
:10DB6C00B385AA406364F71037D700808A07130780
:10DB7C0007D5BA979C438287B3E9A4006382090650
:10DB8C009DC82685EF20C007930755FF7147634951
:10DB9C00F702F549130485FFB389F940B394840067
:10DBAC00B3593901B3E99900331489009305D0C0F6
:10DBBC00B38AA54085B7EF20A00413050502E9B789
:10DBCC00930485FDB31999000144CDB7B3E9A400C2
:10DBDC00638C09002A84A689930AF07F8D4B25BF9C
:10DBEC000144814A854B05BF0144930AF07F894B60
:10DBFC001DB7B3EF640163820F069DC82685EF2025
:10DC0C002000AA85938755FF71476349F702F546B3
:10DC1C00938F85FF9D8E3395F401B356DB00B3E4EF
:10DC2C00A600B31FFB011307D0C03305B7400DB7D7
:10DC3C005A85EF10F07C93050502E9B7138585FD35
:10DC4C00B314AB00814FC5B7B3EF6401638B0F0006
:10DC5C00DA8F1305F07F0D46EDBD81440145054675
:10DC6C00CDBD81441305F07F0946E5B563E634016B
:10DC7C006396992A6364F42B1396F90113571400D5
:10DC8C009317F40193D919003364E60013958400BB
:10DC9C0093D88F01B3E8A800418133D8A902939E91
:10DCAC00080193DE0E011357040113938F00B3F494
:10DCBC00A902C28F33860E0393990401336737018F
:10DCCC00637CC7004697930FF8FF63671701637572
:10DCDC00C700930FE8FF4697118F335EA7024204EB
:10DCEC0041803377A70272863388CE034207418F77
:10DCFC00637C070146971306FEFF63671701637584
:10DD0C0007011306EEFF469733040741C20F416823
:10DD1C00B3EFCF00130EF8FF13D60F0133F7CF017B
:10DD2C00135F0301337EC301B303EE02B304C603D6
:10DD3C003307EF02B302E6033306970013D7030150
:10DD4C00329763739700C292135607011696C162FD
:10DD5C00FD12337857004208B3F353001E986367E3
:10DD6C00C400FE84631EC40263FC07039A9733B796
:10DD7C00670046973A949384FFFF63E688006391AB
:10DD8C00880263EF67006366C400631B860063F957
:10DD9C0007019A9733B7670046979384EFFF3A943D
:10DDAC0033880741118CB3B707011D8CFD5F638766
:10DDBC00880EB35FA402135708013374A4027E8645
:10DDCC00B387FE034204598C637CF400469413869B
:10DDDC00FFFF636714016375F4001386EFFF46942D
:10DDEC001D8C3357A4024208135808013374A40243
:10DDFC00BA87B38EEE02420433648800637CD4018C
:10DE0C0046949307F7FF636714016375D401930776
:10DE1C00E7FF469442065D8E93170601C1831357A4
:10DE2C0006013308EF023304D441330FFF02B38EE3
:10DE3C00C703330EC70393D70E01729FFA9763F48F
:10DE4C00C70141673A9813D70701429741687D187B
:10DE5C0033F507014205B3FE0E0176956366E400C7
:10DE6C006310E41AB28F1DC94694930FF6FF6361D9
:10DE7C0014036366E4006314E418637DA300931732
:10DE8C00130033B367009A98930FE6FF46943E83D2
:10DE9C006314E4006304650093EF1F009387F53F60
:10DEAC00635BF00A13F77F0001CF13F7FF001146F5
:10DEBC006308C70013864F00B33FF601FE94B28F80
:10DECC001397740063580700B70700FFFD17FD8C0C
:10DEDC00938705401307E07F6342F70693DF3F000B
:10DEEC001397D4013367F70113D53400D2073706E3
:10DEFC00F07F3205B2502254F18F31815D8DFE06D8
:10DF0C00B367D50092540259F249624AD24A424B45
:10DF1C00B24B224C3A85BE8545618280FD15814706
:10DF2C00B5B3D286CE84A28F5E868D47630BF60A7C
:10DF3C008547630FF60A8947E312F6F60145014758
:10DF4C009307F07F65B7E286CDB7B7040800814F21
:10DF5C0081460D46D9BF05451D8D130780036349C6
:10DF6C00A7087D476349A7049385E541B397B4009F
:10DF7C0033D7AF00B395BF00D98FB335B000CD8F79
:10DF8C0033D5A40013F7770001CF13F7F700114630
:10DF9C006308C70013874700B337F7003E95BA876D
:10DFAC0013178500634907041317D5018D835D8F03
:10DFBC000D81814725BF0557B307F74013060002B3
:10DFCC00B3D7F40001476306C5009385E543339747
:10DFDC00B400B36FF701B33FF001B3E7F7010145AC
:10DFEC0055B73705080001479307F07F8146FDBD03
:10DFFC00014501477DBF014501478547C5BD7E866B
:10E00C00B28F59BD13D74501B7071000FD1713D8B0
:10E01C0046012A83AA8E1377F77F1305F07FB3F896
:10E02C00B700328FF58FFD811378F87FFD82631A6C
:10E03C00A70033EE6800054563140E006305E80085
:10E04C0082806315A8005D8E05457DFA0545E319B0
:10E05C0007FFE397F8FEE395EEFF6388D5006DF3B9
:10E06C0033E568003335A000828001458280370794
:10E07C0010007D1713D84501B378B700AA872A83FF
:10E08C001378F87F13D5F501930EF07F93D54601E5
:10E09C00758F328E93F5F57FFD826318D801B3EE40
:10E0AC00F80063840E06795582806396D501B36EB1
:10E0BC00C700E39A0EFE631C0804B3E7F80093B79D
:10E0CC00170099E1598E0DCE81EB6314D50063D9FD
:10E0DC0005010DC57D5582807D5591C636858280A2
:10E0EC006354B80065D98280E36517FF639CE80030
:10E0FC00E3616EFEE368C3FF0145828005458280C3
:10E10C00E5FFC1BFE3E0E8FEC5BFE38205FBD5FD3B
:10E11C0081474DBF370710007D1713D84501B378E1
:10E12C00B700AA872A831378F87F13D5F501930ECD
:10E13C00F07F93D54601758F328E93F5F57FFD8276
:10E14C006318D801B3EEF80063840E06094582808B
:10E15C006396D501B36EC700E39A0EFE631C0804E8
:10E16C00B3E7F80093B7170099E1598E0DCE81EB08
:10E17C006314D50063D905010DC57D5582807D558D
:10E18C0091C6368582806354B80065D98280E36578
:10E19C0017FF639CE800E3616EFEE368C3FF014573
:10E1AC00828005458280E5FFC1BFE3E0E8FEC5BF84
:10E1BC00E38205FBD5FD81474DBF797193D74501AE
:10E1CC0022D426D24ECE52CC56CA9394C50006D633
:10E1DC004AD05AC85EC6139757012A84B289B68AA8
:10E1EC00B18013DAF50159C313FBF77F9307F07F66
:10E1FC006306FB0C9357D5018E04DD8CB7078000AA
:10E20C00DD8C13193500130B1BC0814B93D74A01BE
:10E21C001394CA0013975701318013F5F77F93DAE3
:10E22C00FA015DCF9307F07F6304F51093D7D90102
:10E23C000E045D8CB70780005D8C130515C0939799
:10E24C003900014793962B00D98E5A95FD16394803
:10E25C0033465A0193051500636DD80E37D50080EF
:10E26C008A061305C5D8AA969442828633E9A4007F
:10E27C00630F09048DC82685EF109018130755FFFE
:10E28C00F14763C7E702F547130985FF998FB394EC
:10E29C002401B357F400DD8C33192401130BD0C0C7
:10E2AC00330BAB409DB7EF10B01513050502F9B752
:10E2BC00930485FDB31494000149CDB733E9A40050
:10E2CC00630B09002A89130BF07F8D4B81B78144B6
:10E2DC00014B854B25BF8144130BF07F894B3DB718
:10E2EC00B3673401B1CF0DC82285EF1070119306BE
:10E2FC0055FFF14763C8D7027547930785FF158F04
:10E30C003314F40033D7E900598CB397F900130791
:10E31C00D0C03305A74035B74E85EF10700E1305EE
:10E32C000502F1B7130485FD339489008147C5B705
:10E33C00B367340191CBCE871305F07F0D4719B726
:10E34C00014401450547FDBD01441305F07F094714
:10E35C00D5BD416F1307FFFF9356090113D3070176
:10E36C003379E900F98FB30823033308F902B38F2B
:10E37C00F602B38EF80193580801F698338E6602B4
:10E38C0063F3F8017A9E93D20801B3F8E80033786E
:10E39C00E800135F0401C208798CC29833878602A7
:10E3AC003308890233092F03B30EE900135908010E
:10E3BC007699B386E6036374E9004167BA96935E77
:10E3CC000901B69EC166938FF6FF3379F901337854
:10E3DC00F80113D704014209B3F4F401B383970293
:10E3EC004299CA9233089302B307F702B30FE302C0
:10E3FC003303F80013D803011A986373F800B69F1F
:10E40C0093570801C166BE9F9387F6FF3378F800D7
:10E41C00B3F7F300B303940242083E983304870227
:10E42C00B3049F023303EF02A29413D70301BA94EF
:10E43C0063F384003693C167FD17B3F6F400C2068C
:10E44C00B3F7F300169EBE9633392E01F69633873A
:10E45C002601429E33380E01330FF701B3020F0130
:10E46C00B3B6D60133372701558F33B80201C180BB
:10E47C00B33FFF01269733E80F0193179E00429795
:10E48C001A97B3E717012607B337F000135E7E0126
:10E49C0013D47201B3E7C701A60293167700598C07
:10E4AC00B3E7570063DA060A13D71700858BD98FA9
:10E4BC001317F401D98F05809386F53F6350D00A6A
:10E4CC0013F7770001CF13F7F70011456308A70086
:10E4DC0013874700B337F7003E94BA8713177400BD
:10E4EC0063580700370700FF7D17798C938605402A
:10E4FC001307E07F634ED70E13D737009317D40161
:10E50C00D98F0D80139746013204B706F07F758FB3
:10E51C003180598C7E06B2503367C4002254925419
:10E52C000259F249624AD24A424BB24B3E85BA85F5
:10E53C004561828052862684CA875E878946630934
:10E54C00D70A8D46630FD7088546E317D7F60144E3
:10E55C0081479DA05686DDB7AA85B9BF0545158DA7
:10E56C0013078003E345A7FE7D476349A704938502
:10E57C00E5413317B400B3D6A700B397B700558F56
:10E58C00B337F000D98F3354A40013F7770001CFC1
:10E59C0013F7F70091466308D70013874700B3378A
:10E5AC00F7003E94BA8713178400634807041317C7
:10E5BC00D4018D83D98F0D808146A9B70557158F4E
:10E5CC00130800023357E400814663060501938566
:10E5DC00E543B316B400D58FB337F000D98F01449F
:10E5EC006DB73704080081479306F07F014619BFC9
:10E5FC00014481479306F07F31B70144814785463A
:10E60C0011B7370810007D180111B377B80013D774
:10E61C0045013378D80093D8460122CC8E07137469
:10E62C00F77F1357D50126CAD98F93D4F501135709
:10E63C00D60193D5F6010E0806CE4AC84EC693F8FD
:10E64C00F87F9306F07F0E05336707010E0663957E
:10E65C00D800B366C70099E293C51500330814417E
:10E66C0063939522635C000F63950804B366C7003F
:10E67C008DC21308F4FF631A08002A963335A600DE
:10E68C00BA97AA973285054495A89306F07F63192B
:10E69C00D402137775006305074E1377F500914686
:10E6AC006300D74E9306450033B5A600AA9736856E
:10E6BC00C1A99306F07FE30ED4FCB7068000558FFA
:10E6CC009306800363C80609FD4663C006079305DD
:10E6DC000002B3850541B316B700B35806013316D3
:10E6EC00B600B3E616013336C000558E335707011A
:10E6FC002A963E97B337A600BA97328513978700B0
:10E70C00E35907F805041307F07F6309E446B706DD
:10E71C0080FFFD16FD8E9355150005899397F60124
:10E72C004D8D5D8D93D71600ADB7930608FE9308FB
:10E73C000002B356D7008145630818019305000405
:10E74C0033880541B31507014D8E3336C000558E05
:10E75C00014779BF598E3336C000DDBF630B080A01
:10E76C00B38588400DE4B3E6A7006380064093862A
:10E77C00F5FF99E63295BA973336C500B29721B7B3
:10E78C001308F07F639D0501BA873285EDAC9306C3
:10E79C00F07FE38BD8FEB7068000D58FAE8693054D
:10E7AC00800363C4D506FD4563CBD5021308000274
:10E7BC003308D8403353D500B39507013315050101
:10E7CC00B3E565003335A0004D8DB3D6D700329537
:10E7DC00B387E6003336C500B297468405B79385F8
:10E7EC0006FE13030002B3D5B70001486388660028
:10E7FC0013080004B306D8403398D7003365A8003B
:10E80C003335A0004D8D8146D9B75D8D3335A000D1
:10E81C00DDBF9306140093F5E67FA9E5B3E6A700E8
:10E82C001DE463880634B366C700E38406E62A96C3
:10E83C00BA973335A600AA97139787003285E35A07
:10E84C0007E4370780FF7D17F98F054499B58DDEF6
:10E85C00598E630A06228144B70740000145130410
:10E86C00F07F39AE9305F07F6388B6302A963E97D9
:10E87C00B337A6003E971315F7010582518D9357B8
:10E88C001700368439B56356000D63930808B366D8
:10E89C00C700E38006E01308F4FF631B080033068F
:10E8AC00C5403335C500998F898F32850544B1A099
:10E8BC009306F07FE30FD4DC9306800363C706094D
:10E8CC00FD4663CF060593050002B3850541B316DB
:10E8DC00B700B35806013316B600B3E6160133364B
:10E8EC00C000558E335707013306C5403387E740C8
:10E8FC00B337C500B307F740328513978700E35A47
:10E90C0007D8370980007D1933F92701AA8975A228
:10E91C009306F07FE30FD4D6B7068000558F69BFFE
:10E92C00930608FE93080002B356D700814563088E
:10E93C0018019305000433880541B31507014D8E6A
:10E94C003336C000558E014745B7598E3336C0005B
:10E95C00DDBF6304080C3388884015E8B3E6A700D4
:10E96C00638006289306F8FF91EA3305A640B307A7
:10E97C00F7403336A600918FAE840DBF1303F07FA2
:10E98C00631F6800BA8732851304F07F7DA093065D
:10E99C00F07FE389D8FEB7068000D58FC2861308B6
:10E9AC0080036348D8067D48634ED80213030002E7
:10E9BC003303D340335ED5003398670033156500BD
:10E9CC003368C8013335A0003365A800B3D6D7002F
:10E9DC003305A640B307D7403336A600918F468443
:10E9EC00AE8421BF138806FE130E000233D8070134
:10E9FC0001436388C60113030004B306D340339369
:10EA0C00D7003365A3003335A0003365A8008146D9
:10EA1C00C1B75D8D3335A000DDBF9306140093F6AE
:10EA2C00E67FBDE633E8A700B366C70031E46318A0
:10EA3C000800638B061ABA873285AE8499B9E38ACB
:10EA4C0006C43308C540B3380501B386E740B38626
:10EA5C0016419398860063DA08003305A640B30785
:10EA6C00F7403336A600918FC9BF3365D8006301D8
:10EA7C000518B687428531B9631A0800638C0616EF
:10EA8C00BA873285AE841304F07F21B1EDDEE1B399
:10EA9C00B309C540B33635013389E7403309D94052
:10EAAC009316890063D80606B309A640B307F7404E
:10EABC00333636013389C740AE84630309064A8571
:10EACC00EF100014130785FFFD4763C1E70693069B
:10EADC000002998EB317E900B3D6D900DD8E3395B9
:10EAEC00E900634E8706018F930717007D46634547
:10EAFC00F604130700021D8FB355F5003396E6009C
:10EB0C003315E5004D8E3335A000518DB3D7F6008B
:10EB1C00014441B633E529014DF181470144F9A087
:10EB2C004E85EF10E00D1305050269BF130585FD39
:10EB3C00B396A900014575B705179305000233D7A5
:10EB4C00E60001466387B700130600041D8E33965A
:10EB5C00C600518D3335A000598D814755BFB7077D
:10EB6C0080FFFD17198CF58F2DB6BA8732852E8450
:10EB7C000DB6BA87328531BE1304F07F814701454B
:10EB8C0013978700635B070005041307F07F630886
:10EB9C00E406370780FF7D17F98F1397D7010D8196
:10EBAC00598D1307F07F8D836319E4005D8D8147C8
:10EBBC0009C5B70708000145814413174401B7067E
:10EBCC00F07FB207F2406244758FB183FE04D98F97
:10EBDC0033E797004249D244B249BA850561828035
:10EBEC00BA873285428491BD81470145814449BF32
:10EBFC008147EDBF01458144B70740008DB1814786
:10EC0C00014561BF370710009307F7FF33F7B700D3
:10EC1C00D18193C5F5FFF58F13985501D18293F6E9
:10EC2C00F67F63150800498F054509EB1307F07F44
:10EC3C0001456395E600D18F3335F0008280411198
:10EC4C0006C622C426C229CD9357F54133C4A7006A
:10EC5C001D8C9354F5012285EF00907A1307E04147
:10EC6C00A947098F63C8A702AD47898F5505B357CC
:10EC7C00F4003314A4002685B2075207B1837E0535
:10EC8C00D98FB24033E7A700228522449244BA853B
:10EC9C00410182805515B317A40026850144E9BFB4
:10ECAC0001478147E5BF41111357750137068000B5
:10ECBC007D164AC01379F70F13D77501B377A600E9
:10ECCC0026C26D8E1377F70F06C622C49354F50136
:10ECDC00FD818E070E06B306E9406394B412635AA5
:10ECEC00D00621E3630C0626FD168DE6B2974A8703
:10ECFC009396570063DB060C05079306F00F63052C
:10ED0C00D726B706007E13F61700FD168583F58F00
:10ED1C00D18F65A81307F00F631CE9001307F00FE0
:10ED2C006DA01307F00FE30BE9FE37070004598EB3
:10ED3C00ED45054763CDD500930500023357D6004A
:10ED4C00B386D5403316D6003336C000518FBA97F0
:10ED5C0079BFA9CAB3052741631D090089CBFD15ED
:10ED6C0099E1B29771B79306F00F631BD700B28786
:10ED7C00A9A89306F00FE30CD7FEB7060004D58FB5
:10ED8C006D458546634DB500930600028D8E33D5D7
:10ED9C00B700B397D700B337F000B366F500B3876D
:10EDAC00C600B9B79305190013F7E50F39E36319DA
:10EDBC000902D5DF19CAB2979396570063D706009C
:10EDCC00370700FC7D17F98F054793F67700638EA4
:10EDDC00061893F6F70011466389C618910771A2BD
:10EDEC006380071805DE8144B70700021307F00F94
:10EDFC00ADAA1307F00F6387E516B29785832E87AC
:10EE0C00E9B76354D00621EB4A8761D2FD1681EE37
:10EE1C00918F93965700E3DA06FA370400047D14B9
:10EE2C007D8C3A89C5A89305F00F1307F00FE30EFC
:10EE3C00B9F8ED45054763CDD5009305000233576E
:10EE4C00D600B386D5403316D6003336C000518F6A
:10EE5C00998F4A877DBF9305F00F1307F00FE306D8
:10EE6C00B9F637070004598EE9B7A1CE330527410F
:10EE7C006310090299CB7D1509E5B307F640AE8402
:10EE8C0049BF9306F00F631CD700B287AE8435BF21
:10EE9C009306F00FE30BD7FEB7060004D58F6D4831
:10EEAC008546634DA80093060002898E33D8A700CF
:10EEBC00B397D700B337F000B366F800B307D6406A
:10EECC007DBF130719001377E70F05EF63140902D1
:10EEDC0089E745FE8147814449A8E30806EEB386DD
:10EEEC00C74013955600B307F640E34105FAFDD22F
:10EEFC00B687E1BDE39807EEE30706EEB287AE8472
:10EF0C0031BD3384C74013175400635E07023304CA
:10EF1C00F640AE842285EF00B04E1307B5FF3314D4
:10EF2C00E4006346270333072741050793060002D5
:10EF3C00B357E4003387E6403314E40033348000E5
:10EF4C00C18F014759B579F48147014769B7B707B4
:10EF5C0000FCFD173307E940E18F85BD4A87B5B545
:10EF6C00B2876DBB1307F00F81479396570063DB95
:10EF7C00060005079306F00F630FD702B70600FCD7
:10EF8C00FD16F58F9306F00F8D836316D70081C79E
:10EF9C00B70740008144B24022443705807F5E07AA
:10EFAC00A607698FA5831395F401D98F9244024962
:10EFBC005D8D410182808147F1B7011126CA9354BE
:10EFCC0075014AC84EC652C49319950006CE22CC80
:10EFDC0056C293F4F40F2E8A93D999001359F50164
:10EFEC00A5C49307F00F638EF4068E09B7070004CF
:10EFFC00B3E9F900938414F8814A93577A011314F6
:10F00C009A0093F7F70F2580135AFA01ADC713072F
:10F01C00F00F638EE7060E0437070004598C9387B4
:10F02C0017F8814613962A00558E9D8C7D16B9478C
:10F03C003345490163E6C706B7D70080938787DC61
:10F04C000A063E961C428287638409024E85EF00B5
:10F05C00303B9307B5FF9304A0F8B399F900898C62
:10F06C0061BF9304F00F894AE38909F88D4A71B79F
:10F07C008144854A59B715C02285EF007038930733
:10F08C00B5FF3314F4009307A0F8898F59BF930789
:10F09C00F00F894641D88D4671B78147854659B7DF
:10F0AC009315540063FB890CFD14814613D40501A0
:10F0BC00B3D88902C167FD17ED8FC18233F789027E
:10F0CC004686338817034207558F637C07012E97BA
:10F0DC001386F8FF6367B700637507011386E8FFB3
:10F0EC002E97330707413358870233778702B3864D
:10F0FC00070393170701428763FCD700AE971307EA
:10F10C00F8FF63E7B70063F5D7001307E8FFAE9786
:10F11C0013140601958F598CB337F0005D8C13874F
:10F12C00F4076358E0089377740099C79377F40059
:10F13C0091466383D70011049317440063D80700EA
:10F14C00B70700F8FD177D8C138704089307E00FB1
:10F15C000D8063C5E7045E07B707807F26047D8FAB
:10F16C002580598C7E05F240418D6244D24442493F
:10F17C00B249224A924A056182809396F90193D949
:10F18C0019002DB74A854E84D6868D476382F606C4
:10F19C0085476385F6068947E393F6F80144130720
:10F1AC00F00F55BF5285D5B73704400001458D4649
:10F1BC00E9BF8547998F6D476342F7049384E4094F
:10F1CC00B357F40033149400333480005D8C937780
:10F1DC00740099C79377F40011476383E700110417
:10F1EC00931754000D8063DC070001440547A5B755
:10F1FC00370440001307F00F0145B1BF014401472C
:10F20C0099BF370780007D17935675013378A70097
:10F21C0013D675019357F50193F6F60F1305F00FFE
:10F22C006D8F1376F60FFD816395A600054563146B
:10F23C0008021305F00F6314A600054509EF0545F8
:10F24C00639BC6006319E8006386B70089E6333513
:10F25C00000182800145828093567501B7078000BA
:10F26C00FD1713D7750193F6F60F1308F00F33F64D
:10F27C00A7001377F70FED8F7D81FD816395060154
:10F28C0039C27955828063130701E5FF9DEE11E3C6
:10F29C008DCB01CA6314B5006359D7000DC17D55E0
:10F2AC0082807D5591C52E85828063D4E60065D918
:10F2BC008280E3E5C7FEE36CF6FE014582800545DE
:10F2CC00828065DEE1BFE302D7FC69F7E1DBD9B7E9
:10F2DC0093567501B7078000FD1713D7750193F688
:10F2EC00F60F1308F00F33F6A7001377F70FED8F17
:10F2FC007D81FD816395060139C2094582806313C6
:10F30C000701E5FF9DEE11E38DCB01CA6314B50037
:10F31C006359D7000DC17D5582807D5591C52E85D1
:10F32C00828063D4E60065D98280E3E5C7FEE36C96
:10F33C00F6FE014582800545828065DEE1BFE30271
:10F34C00D7FC69F7E1DBD9B701114AC8135975012C
:10F35C0026CA4EC652C49314950006CE22CC56C271
:10F36C001379F90F2E8AA5809359F50163060906C6
:10F37C009307F00F630FF9068E04B7070004DD8CBA
:10F38C00130919F8814A93577A0113149A0093F7C9
:10F39C00F70F2580135AFA01B5C71307F00F638FC7
:10F3AC00E7060E0437070004598C938717F80147BA
:10F3BC0093962A00D98ECA97FD16B94533C54901D3
:10F3CC001386170063E5D506B7D70080938747E00F
:10F3DC008A06BE969C4282879DC02685EF0050020D
:10F3EC009307B5FF1309A0F8B394F4003309A940AF
:10F3FC0051BF1309F00F894AD9D48D4A69B7014915
:10F40C00854A51B715C02285EF00807F9307B5FF61
:10F41C003314F4009307A0F8898F51BF9307F00FB2
:10F42C00094759D40D4769B78147054751B741671B
:10F43C009308F7FF93D6040193550401B3F4140118
:10F44C00337414013308940233848602B386B602F3
:10F45C00B385950293540801A295AE9463F384008E
:10F46C00BA9633F7140142073378180142971314F4
:10F47C006700C180333480006983B694418F9A044D
:10F48C0033E4E400139744006357070693571400C2
:10F49C0005885D8C1307F6076351E00693777400BB
:10F4AC0099C79377F40091466383D700110493179F
:10F4BC00440063D80700B70700F8FD177D8C1307CD
:10F4CC0006089307E00F0D8063DDE7060144130780
:10F4DC00F00F85A84E85268456878947E308F7FEEA
:10F4EC008D47630BF7048547E316F7FA0144014790
:10F4FC0089A85285DDB73E8671BF8547998F6D47C8
:10F50C00E346F7FE1306E609B357F4003314C400C0
:10F51C00333480005D8C9377740099C79377F40033
:10F52C0011476383E7001104931754000D80E3D057
:10F53C0007FC0144054731A0370440001307F00FC6
:10F54C0001455E07B707807F26047D8F2580598C87
:10F55C007E05F240418D6244D2444249B249224A6E
:10F56C00924A05618280B70680004111FD16135640
:10F57C00750193D87501B3F7A60026C2ED8E4AC06B
:10F58C001376F60F9354F50193F8F80F06C622C4C0
:10F59C001305F00F32898E074687FD818E06639323
:10F5AC00A80099E293C51500330816416392951291
:10F5BC00635D000763920804638E06267D1863164C
:10F5CC000802B69732879396570063DD060C050741
:10F5DC009306F00F6306D726B706007E13F61700C6
:10F5EC00FD168583F58FD18F75A81307F00F631C5B
:10F5FC00E6001307F00F7DA01307F00FE30BE6FEF8
:10F60C0037070004D98EED45054763CE0501130776
:10F61C000002B3D5060133080741B3960601B33691
:10F62C00D00033E7D500BA9771BF630A0804B385DD
:10F63C00C84009EE63820720FD1599E1B69761B7C2
:10F64C001306F00F639BC800B68765B71306F00F5F
:10F65C00E38CC8FE37060004D18F6D450546634D1B
:10F66C00B500130600020D8E33D5B700B397C70053
:10F67C00B337F0003366F500B307D600A9B793058E
:10F68C00160013F7E50F0DEF0DEA6387071A99CAF9
:10F69C00B6979396570063D70600370700FC7D1783
:10F6AC00F98F054793F67700638D061893F6F700EC
:10F6BC0011466388C618910769A2D9D79DDA09AAA1
:10F6CC001307F00F638CE516B69785832E87D9BF89
:10F6DC0063570007639B08043287E9D67D18631DC6
:10F6EC000800958F93965700E3DE06FA3704000462
:10F6FC007D147D8C3A89E5A89305F00F1307F00F64
:10F70C00E302B6FAED45054763CE05011307000287
:10F71C00B3D5060133080741B3960601B336D000C2
:10F72C0033E7D500998F328775BF9305F00F130718
:10F73C00F00FE309B6F637070004D98EE1B7630C76
:10F74C0008043385C84019EEB9CF7D1509E5B38798
:10F75C00F640AE8441BF1306F00F639CC800B68719
:10F76C00AE8441BD1306F00FE38BC8FE37060004D0
:10F77C00D18F6D480546634DA80013060002098E13
:10F78C0033D8A700B397C700B337F0003366F8003F
:10F79C00B387C6407DBF130716001377E70F1DEF25
:10F7AC000DE681E785C2B68719A8E38D06EE338690
:10F7BC00D7401315560063560500B387F640AE8448
:10F7CC00D5B571E681478144ADA8E39907EEC1FA3E
:10F7DC008144B70700021307F00FA5A03384D7406C
:10F7EC0013175400635D07023384F640AE84228500
:10F7FC0001291307B5FF3314E400634627033307CD
:10F80C002741050793060002B357E4003387E6400F
:10F81C003314E40033348000C18F014761B561F8C3
:10F82C00814701474DB7B70700FCFD173307E94087
:10F83C00E18F8DBD3287BDB5B687ADB51307F00F1F
:10F84C0081479396570063DB060005079306F00F7C
:10F85C006301D704B70600FCFD16F58F9306F00F75
:10F86C008D836316D70081C7B70740008144B2402F
:10F87C0022443705807F5E07A607698FA583139501
:10F88C00F401D98F924402495D8D41018280B28787
:10F89C0011BD8147E1B737068000135775019307F7
:10F8AC00F6FF1377F70F9305E007E98F9356F501F1
:10F8BC0063F1E5049305D00963F8E5003705008092
:10F8CC001345F5FF3695828033E5C7009307500941
:10F8DC0063DAE7001307A7F63315E50081CE33058D
:10F8EC00A0408280930760093387E7403355E500D9
:10F8FC00F5B701458280411106C622C426C255C502
:10F90C009357F54133C4A7001D8C9354F501228500
:10F91C00C52C9307E0092A873385A7409307600914
:10F92C0063C4A702A14763D5E70061173314E40051
:10F93C0026045E052580498C1395F401B240418D57
:10F94C0022449244410182809307900963DDA70011
:10F95C009547998F9306B701B357F4003314D4002D
:10F96C00333480005D8C954763D6E7009307B7FF6F
:10F97C003314F400B70700FCFD1793767400E18F85
:10F98C0091C63D8891466303D40091079396570026
:10F99C0063DA0600B70600FCFD161304F009F58FB8
:10F9AC003305E44013D4370061B78144014449B7AF
:10F9BC00411122C406C62A84814719CD912493078C
:10F9CC00E009898F130760096341F70221476355EA
:10F9DC00A70061153314A400260425801395770124
:10F9EC00B240418D22444101828013079009635D2E
:10F9FC00F7001307B50195463317E400898E3337AA
:10FA0C00E0003354D400598C15476356A7001307F4
:10FA1C00B5FF3314E400370700FC7D1793767400B0
:10FA2C00618F91C63D8891466303D40011079316EC
:10FA3C00570063D90600B70700FCFD177D8F9307AD
:10FA4C00F009898F1354370041BF93577501411149
:10FA5C0093F7F70F22C426C2131495009354F501A3
:10FA6C001385170006C61375E50F25800DC5138584
:10FA7C000738935734007604B2075205B183C98F07
:10FA8C001395F401B24033E7A70022852244924437
:10FA9C00BA854101828095EB65D022859522A947D4
:10FAAC0063CFA700AD47898F13075501B357F400F7
:10FABC003314E400130790383305A74075BF930740
:10FACC0055FFB317F4000144F5B7814719C4935798
:10FADC003400370708007604D98F1305F07F69BF0F
:10FAEC001396C50013D845019357D5011378F87FA9
:10FAFC0025825D8E9307180093F7E77FFD8113171E
:10FB0C003500D1C3930608C89307E00F63CBD70821
:10FB1C006342D006A55763CAF60CB7078000794537
:10FB2C005D8E158DFD4763C3A702130828C8B31754
:10FB3C000701B337F000331606013355A700D18FF8
:10FB4C00C98F814613F7770025C355A0F957B386A3
:10FB5C00D74093070002B356D60081486306F500E0
:10FB6C00130828CAB3180601B3E7E800B337F0004E
:10FB7C00D58FC1BF1A053335A0000E069357D70198
:10FB8C00498ED18FC1B7B367E60063150800B33750
:10FB9C00F00045BF9306F00F81CB0E06B7070002AD
:10FBAC00CDB781479306F00F13975700635B07009F
:10FBBC0085061307F00F6383E604370700FC7D17F7
:10FBCC00F98F1307F00F8D836396E60081C7B70793
:10FBDC00400081453705807FDE06A607E98EA583A8
:10FBEC00D58F1395F5015D8D82808547814613F77E
:10FBFC00F7001146E30AC7FA91077DB78147D1B7E1
:10FC0C00C1676376F5029307F00FB3B7A7008E07B1
:10FC1C0037D70080930600029D8E3355F50093076D
:10FC2C0007E43E95034505003385A64082803707DF
:10FC3C000001C147E36EE5FCE147D9BF03A5419D37
:10FC4C0082803D432A876373C3029377F700BDEF2D
:10FC5C00ADE5937606FF3D8ABA960CC34CC30CC730
:10FC6C004CC74107E36BD7FE11E28280B306C34059
:10FC7C008A069702000096966780A6002307B700B5
:10FC8C00A306B7002306B700A305B7002305B700EA
:10FC9C00A304B7002304B700A303B7002303B700E2
:10FCAC00A302B7002302B700A301B7002301B700DA
:10FCBC00A300B7002300B700828093F5F50F93964D
:10FCCC008500D58D93960501D58D61B79396270048
:10FCDC009702000096968682E78086FA9680C11776
:10FCEC001D8F3E96E374C3F8A5B7B367B5008D8B33
:10FCFC00B1EF9841B7867F7F9386F6F7B377D7003D
:10FD0C00B697D98FD58F7D56639BC7042A867D58AD
:10FD1C0018C2D84191051106B377D700B697D98F81
:10FD2C00D58FE38707FF83C7050003C7150083C67C
:10FD3C0025002300F60099C7A300E60001C72301A4
:10FD4C00D60091E28280A30106008280AA8703C7B5
:10FD5C00050085078505A38FE7FE75FB82802A8643
:10FD6C00D9B7130101BB2324814423229144232EB0
:10FD7C003143232481432326114423202145232C62
:10FD8C004143232A514323286143232671432322D1
:10FD9C0091432320A143232EB1418547B6892A8460
:10FDAC002E8CB28463F0D72E0146854D8546FD5CC2
:10FDBC0009A8B38D97413E868546B307D60063F7F5
:10FDCC003703338794013697B385F40083C5050058
:10FDDC0003470700E3EFE5FC6386E514B28C854628
:10FDEC000506B307D600854DE3ED37FD8145054883
:10FDFC0005467D55054709A83308A740BA85054631
:10FE0C003387C50063773703B387C400B386E40038
:10FE1C00AA9783C6060083C70700E3EFD7FC638766
:10FE2C00F6102E85054685053387C5000548E36D1C
:10FE3C0037FD0505850C63649501C28DAA8C1C08E1
:10FE4C001307014123A037019107E31DF7FE138926
:10FE5C00F9FFB3859900268733862401638F090047
:10FE6C008347070013050141B306E6408A07AA97AA
:10FE7C00050723A0D7C0E395E5FE6686B385B401DC
:10FE8C002685652663150512856B054A9387FCFF4D
:10FE9C00938B0B80014B014D330A9A413EC6B38ABA
:10FEAC00B941B3EB7901B305A401B387250183C72D
:10FEBC000700130701418A07BA9783A707C0BDCB78
:10FECC0063050B0063F3B701D6873E9D014BB30767
:10FEDC003C41E3FAA7FD33058401DE85CD292A9C3C
:10FEEC00B3073C41E3F1A7FD01458320C144032442
:10FEFC00814483244144032901448329C143032AB7
:10FF0C008143832A4143032B0143832BC142032C9E
:10FF1C008142832C4142032D0142832DC1411301A7
:10FF2C0001458280638BDD14850641BD6304061593
:10FF3C000506F9B5668763F36C015A87637027036E
:10FF4C00B307A7013388E400A2978346080083C750
:10FF5C0007006393F6040507E36427FF32476688BE
:10FF6C0063669B011DA0630D67032A87B307A70176
:10FF7C00B386E400A29783C6060083C70700130864
:10FF8C0017001305F7FFE380F6FE13061B00636EE4
:10FF9C00C8006E9D568B25BF529D3A9D014B05BFE7
:10FFAC005A8813061B00E376C8FE2E853DBFB38A24
:10FFBC00994163EF9A0B056B054A130B0B80850A6D
:10FFCC00814B330A9A417D5D33EB69013306740131
:10FFDC00B307260183C70700130701418A07BA97A5
:10FFEC0083A707C085CFBE9BB3073C41E3F077FFE7
:04FFFC003305840144
:02000004800179
:10000000DA85E12E2A9CB3073C41E3E577EF33061E
:100010007401B307260183C70700130701418A074C
:10002000BA9783A707C0F1F7668763E62C0115A08E
:10003000050763702703B30777013388E400A297AD
:100040008346080083C70700E384F6FED29BBA9B71
:1000500055B79387FCFF6395A7010DA86388A70395
:1000600033877701B386F400229783C606000347DF
:100070000700FD17E384E6FED69BADBFE68A91B785
:10008000B295054661B36E96854635BB3285A5B5FA
:10009000854D814C5DBB1D71A2CCA6CA86CECAC857
:1000A000CEC6D2C4D6C2AE8483C505002A84DDCDB7
:1000B00083C614006381061203C7240071C303C6FC
:1000C0003400630D061083C74400E9CF26856D24F4
:1000D0002A899365052022850926636C250F9307DD
:1000E000E00F63E32715B3092541130600049305C8
:1000F00019000A85A299EFF09FB5630509021376EE
:10010000F90F2687B30599002696834707008800D4
:10011000B306E64093F7F703AA9705072380D7FCB9
:10012000E395E5FE856A938A0A807D14B30724016E
:1001300083C70700980093F7F703BA9703C507FC36
:100140002A9463F68900D1A0529463E0890CB30726
:10015000240183C707009800228593F7F703BA9715
:100160004A86A68503CA07FCF92079FDF640228558
:100170006644D6444649B649264A964A2561828055
:10018000C20503470500D58D814711A03684C207FB
:10019000D98F21C30347140093061400E398F5FE9A
:1001A0007D14E9B793970601E20583460500CD8FDC
:1001B000D18F2207D98F91CE014719A06383E7061B
:1001C000228522070504558F83460400E5FA638AD9
:1001D000E704014461BF4D282A8449BF93978501F4
:1001E000939506012207CD8FD98F834605000147DD
:1001F00011A03284558F2207E9DE834614001306CE
:100200001400E398E7FE791495B7338529018347F5
:100210000500E1D3D685D122AA99E3F889F00144FB
:10022000B1B71304D5FF99B7AA85CA862285268659
:100230003D3E2A8425BF8D4763F0C702B367B500F2
:100240008D8B8D469DEF18419C41631CF702711602
:1002500011059105E3E9C6FE9306F6FF0DC285067A
:10026000AE9619A0638DD5008347050003C705002E
:1002700005058505E388E7FE3385E7408280014573
:1002800082809306F6FFE1BF93F6F50F9377350072
:10029000D1CA91CB83470500C1C76384D708050540
:1002A00093773500E5FB93F5F50F93978500DD8D8A
:1002B0001841139305013363B3003708FFFE33463B
:1002C000E3001308F8EFB3070601B305070113466F
:1002D000F6FF1347F7FFF18F6D8FB7888080D98FB6
:1002E00093880808B3F717019DE358411105334679
:1002F0006700B3070701B30506011347F7FF13466D
:10030000F6FFF98F6D8ED18FB3F71701F9DF8347B1
:10031000050099C76381F606834715000505FDFBB7
:100320000145828081CB83470500E5DF0505937792
:100330003500F5FB18413706FFFE1306F6EFB3074D
:10034000C700B78680801347F7FFF98F93860608AA
:10035000F58F91EB58411105B307C7001347F7FF1D
:10036000F98FF58FE5DB83470500C5DF834715006F
:100370000505EDFF82808280937735002A8795EF0F
:10038000B7867F7F9386F6F7FD5510431107B37745
:10039000D600B697D18FD58FE389B7FE8346C7FFC6
:1003A0000346D7FF8347E7FF098F8DC60DC233355C
:1003B000F0003A9579158280E1D68347070005075A
:1003C00093763700F5FB098F1305F7FF828013053D
:1003D000D7FF82801305C7FF82802A86B306B60046
:1003E0002E85B28789E511A885076387F60003C7C4
:1003F00007007DFB3385C7408280828000000000BB
:100400000A657874726163745F69655F636F6465C0
:1004100020656E74657265640A0000006578636526
:100420007074696F6E20636F6465203D2025780AC3
:1004300000000000657874726163745F69655F63D2
:100440006F6465206578697465640A000A6465668E
:1004500061756C745F68616E646C657220656E7442
:10046000657265640A0000000A68616E646C655F0D
:100470007472617020656E74657265640A000000B4
:100480000A547261703A206D6361757365203D2076
:1004900025782C20657063203D2025780A00000017
:1004A00073697A656F662875696E74707472292035
:1004B000203D202564200A00536F75726365206F0C
:1004C0006620547261703A20496E7465727275705C
:1004D000740A0000536F75726365206F6620547252
:1004E00061703A20536F6674776172650A0000008C
:1004F00068616E646C655F747261702065786974A0
:1005000065640A000A2070616E6963200A000000B9
:10051000286E756C6C290000AA50FFFFEC50FFFF9D
:100520007C53FFFFA651FFFF7C53FFFF7C53FFFF6F
:100530007C53FFFF7C53FFFF7C53FFFF9850FFFF6E
:100540007C53FFFF7C53FFFF8E52FFFF7C53FFFF66
:100550007C53FFFF7C53FFFFBE50FFFF7C53FFFF28
:100560001A52FFFF7C53FFFF7C53FFFF0253FFFF34
:10057000747261705F696E697420656E746572650E
:1005800064200A2000000000747261705F696E6967
:100590007420657869746564200A2000696E697446
:1005A00020656E7465726564200A2000696E697446
:1005B000206578697465640A00000000000000008E
:1005C00061646472203D2025782064617461203D5F
:1005D0002025780A0000000048AFBC9AF2D77A3E86
:1005E0000A636F6E6669677572655F636F756E74B7
:1005F000657220656E74657265640A006D74696D5C
:1006000065636D702076616C7565203D2025640AF8
:10061000000000006D74696D652076616C75652061
:100620003D2025640A0000000A636F6E66696775E5
:1006300072655F636F756E74657220657869746545
:10064000640A00000A6D6163685F636C696E745FC1
:1006500068616E646C657220656E74657265640AAB
:10066000000000006D74696D65636D702076616CCB
:100670007565203D2025780A000000006D74696DC5
:10068000652076616C7565203D2025780A000000A4
:100690006D6163685F636C696E745F68616E646CE2
:1006A0006572206578697465640A00000A696E7471
:1006B0006572727570745F636F6D706C65746520C0
:1006C000656E74657265640A00000000696E746589
:1006D00072727570742069642025642C20737461B3
:1006E0007465206368616E67656420746F2025649B
:1006F0000A000000696E7465727275707420696416
:10070000203D202578200A20726573657420746F5F
:100710002064656661756C742076616C7565732004
:100720007374617465203D20257820090920200A12
:10073000207072696F72697479203D2025780A20D3
:10074000636F756E74203D2025780A00696E7465AC
:1007500072727570745F636F6D706C65746520651F
:1007600078697465640A00000A696E74657272754E
:1007700070745F636C61696D5F72657175657374C8
:1007800020656E74657265640A000000696E7465A8
:100790007272757074206964205B25785D20636CCB
:1007A00061696D65642020617420616464726573A1
:1007B000732025780A000000696E74657272757086
:1007C000745F636C61696D5F7265717565737420C8
:1007D0006578697465640A000A6D6163685F706CAE
:1007E00069635F68616E646C657220656E746572C2
:1007F00065640A00696E746572727570742069644C
:1008000020636C61696D6564203D2025780A0000D5
:10081000466174616C206572726F722C20696E740F
:10082000657272757074206964205B25785D206341
:100830006C61696D65642069732077726F6E670AF9
:1008400000000000696E74657272757074206964CE
:1008500020256420636F6D706C657465200A00004C
:100860000A6D6163685F706C69635F68616E646C78
:100870006572206578697465640A00000A6973729C
:100880005F64656661756C7420656E74657265641D
:100890000A000000696E74657272757074205B25C1
:1008A000645D2073657276696365640A0000000008
:1008B0000A6973725F64656661756C742065786936
:1008C0007465640A000000000A696E7465727275CE
:1008D00070745F656E61626C6520656E74657265CB
:1008E00064200A00696E746572727570745F696461
:1008F000203D2025780A0000504C494320424153B6
:10090000452041444452455353203D2025782C2016
:10091000504C494320454E41424C45204F4646539A
:100920004554203D2025780A00000000696E74655A
:1009300072727570745F656E61626C655F6164642C
:1009400072203D2025782063757272656E745F7623
:10095000616C7565203D202578200A0076616C75F4
:100960006520726561643A206E65775F76616C75AB
:1009700065203D2025780A000A696E7465727275DB
:1009800070745F656E61626C65206578697465641A
:10099000200A00000A696E746572727570745F6473
:1009A000697361626C6520656E7465726564200AA6
:1009B00000000000504C494320424153452041442F
:1009C0004452455353203D2025782C20504C494318
:1009D00020454E41424C45204F4646534554203D0C
:1009E00020257820696E746572727570745F696411
:1009F000203D2025780A0000696E7465727275705A
:100A0000745F64697361626C655F61646472203DE8
:100A10002025782063757272656E745F76616C75DF
:100A200065203D202578200A00000000696E74656D
:100A300072727570745F64697361626C6520657849
:100A4000697465640A0000000A73657420696E7435
:100A50006572727570745F7468726573686F6C64C8
:100A600020656E74657265640A000000706C6963CD
:100A7000207468726573686F6C6420736574207489
:100A80006F2025640A00000073657420696E746528
:100A900072727570745F7468726573686F6C6420CD
:100AA0006578697465640A000A2073657420696E4C
:100AB00074657272757074207072696F726974797E
:100AC00020656E74657265642025780A0000000058
:100AD000696E746572727570745F7072696F726935
:100AE00074795F61646472657373203D2025780AB0
:100AF0000000000063757272656E74206461746139
:100B000020617420696E746572727570745F7072A2
:100B1000696F726974795F61646472657373203D93
:100B20002025780A00000000206E6577206461743B
:100B30006120617420696E746572727570745F7083
:100B400072696F726974795F61646472657373202E
:100B50003D2025780A00000073657420696E746575
:100B60007272757074207072696F72697479206521
:100B700078697465640A00000A636F6E6669677558
:100B8000726520696E746572727570742070696E1A
:100B900020656E74657265640A0000004750494F15
:100BA00020444952454354494F4E205245474953EA
:100BB0005445522056414C5545203D2025780A0089
:100BC00044617461207772697474656E20746F205B
:100BD0004750494F20444952454354494F4E2043C2
:100BE00054524C20524547203D2025780A000000F1
:100BF000636F6E66696775726520696E746572727F
:100C00007570742070696E206578697465640A0077
:100C10000A706C69635F696E697420656E746572D1
:100C200065640A0041737369676E6564206D616372
:100C3000685F706C69635F68616E646C6572207474
:100C40006F2074726170206964203A2025640A0064
:100C50000A2A2A2A2A2A2A2A2A2A2A2A2A2A2A2A14
:100C60002A2A2A2A2A2A2A2A2A2A2A2A2A2A2A2AE4
:100C70002A2A2A2A2A2A2A2A2A2A2A2A2A2A2A2AD4
:100C80002A0000000A696E746572727570742069BA
:100C900064203D202578200A726573657420746F86
:100CA0002064656661756C742076616C756573206F
:100CB0007374617465203D2025782009090920207E
:100CC0000A7072696F72697479203D2025780A6311
:100CD0006F756E74203D2025780A200909092020AF
:100CE0000A2A2A2A2A2A2A2A2A2A2A2A2A2A2A2A84
:100CF0002A2A2A2A2A2A2A2A2A2A2A2A2A2A2A2A54
:100D00002A2A2A2A2A2A2A2A2A2A2A2A2A2A2A2A43
:100D10002A2A0000706C69635F696E6974206578C7
:100D200069746564200A00000A636F6E66696775FE
:100D300072655F696E7465727275707420656E7429
:100D400065726564200A0000636F6E66696775727C
:100D5000655F696E74657272757074206578697408
:100D60006564200A000000000A506572696F642003
:100D700052656769737465722056616C7565206889
:100D80006967686572207468616E206D617820768D
:100D9000616C756520282578290000000A205065BF
:100DA00072696F64205265676973746572206F663B
:100DB000206D6F64756C65206E756D62657220259F
:100DC000642073657420746F202578000A4475745C
:100DD000792052656769737465722056616C756518
:100DE00020686967686572207468616E206D61783B
:100DF0002076616C75652028257829000A204475C5
:100E00007479205265676973746572206F66206D0E
:100E10006F64756C65206E756D6265722025642047
:100E200073657420746F2025780000000A436F6E8C
:100E300074726F6C205265676973746572205661B5
:100E40006C756520686967686572207468616E20DA
:100E50006D61782076616C75652028257829000001
:100E60000A20436F6E74726F6C20526567697374E9
:100E70006572206F66206D6F64756C65206E756D90
:100E80006265722025642073657420746F20257854
:100E9000000000000A2052756E6E696E6720696E50
:100EA00020636F6E74696E756F7573206D6F646506
:100EB00028312F30293A2025640000000A436C6F46
:100EC000636B2052656769737465722056616C7537
:100ED0006520686967686572207468616E206D615D
:100EE000782076616C75652028257829000000003F
:100EF0000A20416C6C207265676973746572732097
:100F00006F66206D6F64756C65206E756D626572BD
:100F100020256420636C6561726564000A20416C61
:100F20006C2052656769737465722076616C7565B3
:100F300073206F6620616C6C206D6F64756C6573D7
:100F400020636C6561726564000000000A204375CF
:100F50007272656E74204D6F64756C6520697320C4
:100F600073657420746F2050574D206D6F64650059
:100F70000A2043757272656E74204D6F64756C65DE
:100F80002069732073657420746F2074696D6572B5
:100F9000206F6E6365206F6E6C79206D6F646500E5
:100FA0000A2043757272656E74204D6F64756C65AE
:100FB0002069732073657420746F2074696D657285
:100FC00020636F6E74696E756F7573206D6F6465E5
:100FD000000000000A2050574D206D6F64756C654D
:100FE000206E756D626572202564206861732062D1
:100FF00065656E20656E7465726564000A205057E1
:101000004D206D6F64756C65206E756D6265722024
:101010002564206E6F7420656E74657265640000CF
:101020000A204572726F7220696E2073657474694C
:101030006E6720636C6F636B20726567697374659C
:10104000720000000A204572726F7220696E207370
:10105000657474696E672064757479207265676958
:1010600073746572000000000A204572726F72206E
:10107000696E2073657474696E6720706572696F3C
:101080006420726567697374657200000A50574D79
:101090002025642073756363657366756C6C7920B5
:1010A000636F6E6669677572656400000A20505749
:1010B0004D206D6F64756C65206E756D6265722074
:1010C000256420686173206265656E2073746F709B
:1010D000706564000A5468652076616C7565206FE0
:1010E0006620706572696F642072656769737465E4
:1010F00072206973202578000A5468652076616C37
:101100007565206F662064757479207265676973F0
:101110007465722069732025780000000A546865A0
:101120002076616C7565206F6620636F6E74726FD8
:101130006C20726567697374657220697320257805
:10114000000000000A5468652076616C7565206FA8
:101150006620636C6F636B20726567697374657278
:10116000206973202578000041737369676E656498
:1011700020637573746F6D5F636C696E745F686113
:101180006E646C657220746F207472617020696483
:10119000203A2025640A0000436865636B696E6726
:1011A0002069662072733438352074696D65646F08
:1011B00075743F0A0000000054696D656F757420F6
:1011C00066726F6D2072656164696E672066756E08
:1011D0006374696F6E0A00005253343835206170B1
:1011E000706C69636174696F6E206D6F64756C6596
:1011F00020696E69740A00002D2D2D2D2D4D65740A
:1012000065722049642025643A494E4954202620BD
:101210004F46462D2D2D2D2D0A0000002D2D2D2D54
:101220002D2D2D2D2D4D657465722049642025646A
:101230003A52454C4159204F4E2D2D2D2D2D2D2DFF
:101240002D2D0A002D2D2D2D2D2D2D2D2D4D65747F
:1012500065722049642025643A52454C4159204F1B
:1012600046462D2D2D2D2D2D2D2D2D0A0000000053
:101270002D2D2D2D2D2D2D2D4D657465722049643C
:101280002025643A52454C4159204572726F722DA7
:101290002D2D2D2D2D2D0A004953522063616C6C8C
:1012A00065640A002D2D2D2D52656164696E6720DD
:1012B0004D657465722049643A2564202D2D2D2DCD
:1012C0000A0000002573203D20000000256C6620E8
:1012D0000A000000256C660A000000004E616D6582
:1012E000206F6620706172616D65746572206E6F2B
:1012F0007420666F756E64200A0000000E7BFFFF8D
:101300004C82FFFF687BFFFF4C82FFFFC27BFFFF29
:101310004C82FFFF1C7CFFFF4C82FFFF747CFFFFB1
:101320004C82FFFFCC7CFFFF4C82FFFF247DFFFF40
:101330004C82FFFF7C7DFFFF4C82FFFFD47DFFFFCF
:101340004C82FFFF4C82FFFF4C82FFFF4C82FFFF6D
:101350004C82FFFF4C82FFFF4C82FFFF2C7EFFFF81
:101360004C82FFFF847EFFFF4C82FFFFDC7EFFFF8D
:101370004C82FFFF8C7FFFFF4C82FFFFE47FFFFF6B
:101380004C82FFFF3C80FFFF4C82FFFF4C82FFFF3F
:101390004C82FFFF4C82FFFF4C82FFFF4C82FFFF1D
:1013A0004C82FFFF4C82FFFF4C82FFFF4C82FFFF0D
:1013B0004C82FFFF4C82FFFF4C82FFFF4C82FFFFFD
:1013C0004C82FFFF4C82FFFF4C82FFFF4C82FFFFED
:1013D0004C82FFFF4C82FFFF4C82FFFF4C82FFFFDD
:1013E0004C82FFFF4C82FFFF4C82FFFF4C82FFFFCD
:1013F0004C82FFFF4C82FFFF4C82FFFF4C82FFFFBD
:101400004C82FFFF4C82FFFF4C82FFFF4C82FFFFAC
:101410004C82FFFF347FFFFF4C82FFFF9480FFFF71
:101420004C82FFFFEC80FFFF436865636B206D6FAC
:1014300064756C652070726573656E740A000000D7
:1014400041542B5253540000415400004154453044
:101450000000000041542B474D5200004F4B00004C
:10146000726561642066726F6D2065737038323604
:10147000362025730A0000004552524F52000000EA
:1014800072656164206578656375746564200A001F
:10149000436F6E6E656374696E672E202020202076
:1014A0000000000052455345540A00004543484F90
:1014B000204F46460A000000436F6E6E65637469F4
:1014C0006E672E2E202020200000000041542B5358
:1014D0004C4545503D300000534C454550204D4F44
:1014E00044452044495341424C45440A0000000011
:1014F00041542B43574155544F434F4E4E3D3100BD
:101500004155544F20434F4E4E45435420454E4184
:10151000424C45440A000000436F6E6E6563746977
:101520006E672E2E2E2020200000000041542B43F9
:1015300049504D55583D30004D55580A00000000A7
:1015400041542B43495053544152543D225443502B
:10155000222C223139322E3136382E342E31222CA3
:101560003830000025730000434F4E4E000000004D
:10157000414C524541445900436F6E6E656374653A
:101580006421202020202020000000002020202096
:1015900020202020202020202020202000000000CB
:1015A0002B4950442C300000446174612066726FF6
:1015B0006D20636C69656E7420303A2025730A00D3
:1015C0002B4950442C310000446174612066726FD5
:1015D0006D20636C69656E7420313A2025730A00B2
:1015E000556E6B6E6F776E206461746120736F75DA
:1015F0007263653A2025730A0000000041542B43B2
:101600004D47463D3100000041542B434D47444176
:101610003D44454C20414C4C0000000041542B43BC
:101620005245473D31000000436F6E6E656374693B
:101630006E672E2E2E20202020000000554152548F
:10164000312049535220696E69740A000A5541528B
:1016500054322049535220696E69740A0000000018
:1016600041542B43495053454E443D313000000016
:1016700041542B434D47533D2230393736343139AD
:1016800036383638220000004953522064617461B4
:1016900020636F6E7461696E7320434D440A0000CD
:1016A000524541444D303120414C4C205041524133
:1016B0000A00000052656164696E67204D31202088
:1016C00020202020000000000A46696E616C204640
:1016D00072616D653D25730A000000004D4554455B
:1016E000522030312052454C4159204F464620432C
:1016F0004153450A000000005475726E204F666623
:10170000204D3120747269670A00000044697363D8
:101710006F6E6E656374204D312020200000000044
:101720004D455445522030312052454C4159204FAF
:101730004E20434153450A005475726E204F6E206F
:101740004D3120747269670A00000000436F6E6EAD
:10175000656374204D3120202020202000000000EF
:10176000524541444D303220414C4C205041524171
:101770000A00000052656164696E67204D322020C6
:1017800020202020000000004D45544552203032DA
:101790002052454C4159204F464620434153450A6B
:1017A000000000005475726E204F6666204D322096
:1017B000747269670A000000446973636F6E6E6536
:1017C0006374204D32202020000000004D45544518
:1017D000522030322052454C4159204F4E20434137
:1017E00053450A005475726E204F6E204D3220749E
:1017F0007269670A00000000436F6E6E65637420B3
:101800004D3220202020202000000000524541447D
:101810004D303320414C4C20504152410A000000D1
:101820004D455445522030332052454C4159204FAC
:10183000464620434153450A000000005475726E2D
:10184000204F6666204D3320747269670A000000DD
:101850004D455445522030332052454C4159204F7C
:101860004E20434153450A005475726E204F6E203E
:101870004D3320747269670A0000000052454144EC
:101880004D303420414C4C20504152410A00000060
:101890004D455445522030342052454C4159204F3B
:1018A000464620434153450A000000005475726EBD
:1018B000204F6666204D3420747269670A0000006C
:1018C0004D455445522030342052454C4159204F0B
:1018D0004E20434153450A005475726E204F6E20CE
:1018E0004D3420747269670A0000000041542B4394
:1018F000495053454E443D313534000044617461D4
:101900002073656E7421202020202020000000001C
:101910003031000054696D656F7574206572726FA7
:10192000722120200000000020202020414E53483A
:10193000554D414E20202020000000004553542DDD
:101940005368616B74692074657374200000000033
:101950006D6F646520696E697469617465642120C6
:101960000000000020507265737320737769746300
:10197000686573200000000020533420205333207A
:1019800020533220205331200000000053312070BA
:101990007265737365640A002020202020202020B7
:1019A00020202020204F4B200000000053322070C8
:1019B0007265737365640A00202020202020202097
:1019C000204F4B20202020200000000053332070A7
:1019D0007265737365640A0020202020204F4B201D
:1019E00020202020202020200000000053342070E0
:1019F0007265737365640A00204F4B2020202020FD
:101A00002020202020202020000000000A3D3D3D15
:101A10003D3D3D4461746120434F4C4C4543544F20
:101A2000523D3D3D3D3D3D0A000000005761697457
:101A30002E2E2E20202020202020202000000000FC
:101A40004D6574657220746573740000696E697405
:101A500069617465642100000A0A0A0A3D3D3D3E41
:101A600020456E65726779206D65746572207465B6
:101A70007374206D6F64652073656C656374210AEF
:101A80000000000054657374696E67206D657465AD
:101A90007220666F722049443A3031206F6E6C7943
:101AA000210A0A0A0000000054657374204D657411
:101AB000657220312F4F4E00574154543D000000B5
:101AC00054657374204D6574657220312F4F4646FE
:101AD0000000000020202020204D65746572203118
:101AE00000000000204D4F44425553204641494CD0
:101AF000454421000A0A0A5465737420656E6465C2
:101B000064206F66206D6574657220776974682043
:101B100049443A30310A0000526573756C743A20BA
:101B20004641494C4544210A000000005265737546
:101B30006C743A20504153534544210A0000000080
:101B400054657374204D6574657220322F4F4E00BA
:101B500054657374204D6574657220322F4F46466C
:101B60000000000020202020204D65746572203286
:101B7000000000000A0A0A5465737420656E6465EB
:101B800064206F66206D65746572207769746820C3
:101B900049443A30320A0000202050726573732F96
:101BA00052656C656173650053343D576966692FF2
:101BB00047534D0020202044432D42202847534DB9
:101BC000292020200000000047534D206D6F6465E0
:101BD0002073656C65637465640A000020202044EE
:101BE000432D412028576946692920200000000024
:101BF00057694669206D6F64652073656C65637411
:101C000065640A000A4461746120636F6C6C6563EB
:101C1000746F72207265616479210A002D2D2D2D5B
:101C20002D2D2D2D44432D41202857694669292DFE
:101C30002D2D2D2D2D2D2D0A000000005541525423
:101C4000320A000024434D440000000041542B435D
:101C5000495053454E443D360000000020202020CE
:101C6000000000002D2D2D2D2D2D2D2D44432D4216
:101C7000202847534D292D2D2D2D2D2D2D2D0A009A
:101C80002B434D54493A000041542B434D474C00DF
:101C9000436F6D6D616E642D3E00000025730A0078
:101CA0002452535000000000526573706F6E7365CC
:101CB0002D3E00002B435245473A203000000000E3
:101CC0002B435245473A203100000000436F6E6EAF
:101CD000656374656420202020202020000000001F
:101CE0002B435245473A2032000000002B43524517
:101CF000473A20330000000000002041000080FF30
:101D00000000807F0000C07F000000800000004BCA
:101D1000000080000000803F000000000000004044
:101D20000000004000000043000010420000AA42F2
:101D3000000000000000304300000000000030C33D
:101D4000588F00800C900080628F00800C90008083
:101D5000FE8F00800C900080628F0080588F008082
:101D6000588F0080FE8F0080628F00803E8F008041
:101D70003E8F00803E8F0080668F008058950080E7
:101D80005895008070950080529500805295008093
:101D9000FE9500807095008052950080FE95008031
:101DA000529500807095008050950080509500807D
:101DB00050950080FE950080B8A1008018A2008098
:101DC000C0A1008018A200800CA2008018A2008090
:101DD000C0A10080B8A10080B8A100800CA2008042
:101DE000C0A10080A0A10080A0A10080A0A10080CF
:101DF000C4A10080F6A40080F6A400800EA5008097
:101E0000F2A40080F2A4008054A500800EA50080FA
:101E1000F2A4008054A50080F2A400800EA50080EA
:101E2000F0A40080F0A40080F0A4008054A50080FD
:101E30000001020203030303040404040404040471
:101E40000505050505050505050505050505050542
:101E50000606060606060606060606060606060622
:101E60000606060606060606060606060606060612
:101E700007070707070707070707070707070707F2
:101E800007070707070707070707070707070707E2
:101E900007070707070707070707070707070707D2
:101EA00007070707070707070707070707070707C2
:101EB00008080808080808080808080808080808A2
:101EC0000808080808080808080808080808080892
:101ED0000808080808080808080808080808080882
:101EE0000808080808080808080808080808080872
:101EF0000808080808080808080808080808080862
:101F00000808080808080808080808080808080851
:101F10000808080808080808080808080808080841
:101F20000808080808080808080808080808080831
:101F3000000000001000000000000000037A5200C2
:101F4000017C01011B0D02001000000018000000C0
:101F5000D0AEFFFF6603000000000000100000008C
:101F60002C00000022B2FFFF54030000000000001C
:101F7000000000000000F03F000000000000F0FF43
:101F8000000000000000F07F0000004003B8E23FC6
:101F900006D0CF43EBFD4C3E000000000000F83FB0
:101FA000000000000000F0BF9C7500883CE4377E14
:101FB000000000604715F73F44DF5DF80BAE543E6C
:101FC000000000000000D03F555555555555D53FF0
:101FD000000000000000E03FFE822B654715F73F40
:101FE0000000000000004043EF4E454A287ECA3FF3
:101FF00065DBC9934A86CD3F01411DA96074D13F7D
:102000004D268F515555D53FFFAB6FDBB66DDB3F8E
:10201000033333333333E33F000000000000084054
:10202000000000E009C7EE3FFD033ADC09C7EE3FC0
:10203000F5015B14E02F3EBEFE822B654715973CF1
:1020400059F3F8C21F6EA50100000000432EE63FC1
:10205000EF39FAFE422EE63F396CA80C615C20BED7
:10206000D0A4BE726937663EF16BD2C541BDBB3E9E
:102070002CDE25AF6A56113F93BDBE166CC1663F7C
:102080003E5555555555C53F000000000000004025
:10209000000000000000F87F000000000000504336
:1020A0009C7500883CE437FE59F3F8C21F6EA58189
:1020B000000000000000903CF0D10080FCFF018097
:1020C000F06F0180E4DF0080F06F0180F8BF000254
:1020D0000040000210150400564F4C54310000001F
:1020E000564F4C5432000000564F4C543300000001
:1020F00057415454310000005741545432000000FD
:102100005741545433000000564152310000000042
:102110005641523200000000564152330000000088
:10212000504631005046320050463300564C203164
:102130002D320000564C20322D330000564C2033F7
:102140002D310000F0D100800000000000000000F0
:10215000000000000000000000000000000000007F
:10216000000000000000000000000000000000006F
:10217000000000000000000000000000000000005F
:10218000000000000000000000000001010000004D
:10219000E807000043555252454E543100000000FC
:1021A00043555252454E543200000000435552529E
:1021B000454E5433000000004672657175656E63CC
:1021C00079000000576820496D706F72740000003C
:1021D0005768204578706F7274000000000000009E
:1021E00000000000DCD4008044D50080ACD5008025
:1021F00000000000000000000000000000000000DF
:1022000000000000000000000000000000000000CE
:1022100000000000000000000000000000000000BE
:1022200000000000000000000000000000000000AE
:10223000000000000000000000000000000000009E
:10224000000000000000000000000000000000008E
:10225000000000000000000000000000000000007E
:10226000000000000000000000000000000000006E
:10227000000000000000000000000000000000005E
:10228000000000000000000001000000000000004D
:102290000E33CDAB34126DE6ECDE05000B00000012
:1022A000000000000000000000000000000000002E
:1022B000000000000000000000000000000000001E
:1022C000000000000000000000000000000000000E
:1022D00000000000000000000000000000000000FE
:1022E00000000000000000000000000000000000EE
:1022F00000000000000000000000000000000000DE
:1023000000000000000000000000000000000000CD
:1023100000000000000000000000000000000000BD
:1023200000000000000000000000000000000000AD
:10233000000000000000000000000000000000009D
:10234000000000000000000000000000000000008D
:10235000000000000000000000000000000000007D
:10236000000000000000000000000000000000006D
:10237000000000000000000000000000000000005D
:10238000000000000000000000000000000000004D
:10239000000000000000000000000000000000003D
:1023A000000000000000000000000000000000002D
:1023B000000000000000000000000000000000001D
:1023C000000000000000000000000000000000000D
:1023D00000000000000000000000000000000000FD
:1023E00000000000000000000000000000000000ED
:1023F00000000000000000000000000000000000DD
:1024000000000000000000000000000000000000CC
:1024100000000000000000000000000000000000BC
:1024200000000000000000000000000000000000AC
:10243000000000000000000000000000000000009C
:10244000000000000000000000000000000000008C
:10245000000000000000000000000000000000007C
:10246000000000000000000000000000000000006C
:10247000000000000000000000000000000000005C
:10248000000000000000000000000000000000004C
:10249000000000000000000000000000000000003C
:1024A000000000000000000000000000000000002C
:1024B000000000000000000000000000000000001C
:1024C000000000000000000000000000000000000C
:1024D00000000000000000000000000000000000FC
:1024E00000000000000000000000000000000000EC
:1024F00000000000000000000000000000000000DC
:1025000000000000000000000000000000000000CB
:1025100000000000000000000000000000000000BB
:1025200000000000000000000000000000000000AB
:10253000000000000000000000000000000000009B
:10254000000000000000000000000000000000008B
:10255000000000000000000000000000000000007B
:10256000000000000000000000000000000000006B
:10257000000000000000000000000000000000005B
:10258000000000000000000000000000000000004B
:10259000000000000000000000000000000000003B
:1025A000000000000000000000000000000000002B
:1025B000000000000000000000000000000000001B
:1025C000000000000000000000000000000000000B
:1025D00000000000000000000000000000000000FB
:1025E00000000000000000000000000000000000EB
:1025F00000000000000000000000000000000000DB
:1026000000000000000000000000000000000000CA
:1026100000000000000000000000000000000000BA
:1026200000000000000000000000000000000000AA
:10263000000000000000000000000000000000009A
:10264000000000000000000000000000000000008A
:10265000000000000000000000000000000000007A
:10266000000000000000000000000000000000006A
:10267000000000000000000000000000000000005A
:10268000000000000000000000000000000000004A
:10269000000000000000000000000000000000003A
:1026A000000000000000000000000000000000002A
:1026B000000000000000000000000000000000001A
:1026C000000000000000000000000000000000000A
:1026D00000000000000000000000000000000000FA
:1026E00000000000000000000000000000000000EA
:1026F00000000000000000000000000000000000DA
:1027000000000000000000000000000000000000C9
:1027100000000000000000000000000000000000B9
:1027200000000000000000000000000000000000A9
:102730000000000000000000000000000000000099
:102740000000000000000000000000000000000089
:102750000000000000000000000000000000000079
:102760000000000000000000000000000000000069
:102770000000000000000000000000000000000059
:102780000000000000000000000000000000000049
:102790000000000000000000000000000000000039
:1027A0000000000000000000000000000000000029
:1027B0000000000000000000000000000000000019
:1027C0000000000000000000000000000000000009
:1027D00000000000000000000000000000000000F9
:1027E00000000000000000000000000000000000E9
:1027F00000000000000000000000000000000000D9
:1028000000000000000000000000000000000000C8
:1028100000000000000000000000000000000000B8
:1028200000000000000000000000000000000000A8
:102830000000000000000000000000000000000098
:102840000000000000000000000000000000000088
:102850000000000000000000000000000000000078
:102860000000000000000000000000000000000068
:102870000000000000000000000000000000000058
:102880000000000000000000000000000000000048
:102890000000000000000000000000000000000038
:1028A0000000000000000000000000000000000028
:1028B0000000000000000000000000000000000018
:1028C0000000000000000000000000000000000008
:1028D00000000000000000000000000000000000F8
:1028E00000000000000000000000000000000000E8
:1028F00000000000000000000000000000000000D8
:1029000000000000000000000000000000000000C7
:1029100000000000000000000000000000000000B7
:1029200000000000000000000000000000000000A7
:102930000000000000000000000000000000000097
:102940000000000000000000000000000000000087
:102950000000000000000000000000000000000077
:102960000000000000000000000000000000000067
:102970000000000000000000000000000000000057
:102980000000000000000000000000000000000047
:102990000000000000000000000000000000000037
:1029A0000000000000000000000000000000000027
:1029B0000000000000000000000000000000000017
:1029C0000000000000000000000000000000000007
:1029D00000000000000000000000000000000000F7
:1029E00000000000000000000000000000000000E7
:1029F00000000000000000000000000000000000D7
:102A000000000000000000000000000000000000C6
:102A100000000000000000000000000000000000B6
:102A200000000000000000000000000000000000A6
:102A30000000000000000000000000000000000096
:102A40000000000000000000000000000000000086
:102A50000000000000000000000000000000000076
:102A60000000000000000000000000000000000066
:102A70000000000000000000000000000000000056
:102A80000000000000000000000000000000000046
:102A90000000000000000000000000000000000036
:102AA0000000000000000000000000000000000026
:102AB0000000000000000000000000000000000016
:102AC0000000000000000000000000000000000006
:102AD00000000000000000000000000000000000F6
:102AE00000000000000000000000000000000000E6
:102AF00000000000000000000000000000000000D6
:102B000000000000000000000000000000000000C5
:102B100000000000000000000000000000000000B5
:102B200000000000000000000000000000000000A5
:102B30000000000000000000000000000000000095
:102B40000000000000000000000000000000000085
:102B50000000000000000000000000000000000075
:102B60000000000000000000000000000000000065
:102B70000000000000000000000000000000000055
:102B80000000000000000000000000000000000045
:102B90000000000000000000000000000000000035
:102BA0000000000000000000000000000000000025
:102BB0000000000000000000000000000000000015
:102BC0000000000000000000000000000000000005
:102BD00000000000000000000000000000000000F5
:102BE00000000000000000000000000000000000E5
:102BF00000000000000000000000000000000000D5
:102C000000000000000000000000000000000000C4
:102C100000000000000000000000000000000000B4
:102C200000000000000000000000000000000000A4
:102C30000000000000000000000000000000000094
:102C40000000000000000000000000000000000084
:102C50000000000000000000000000000000000074
:102C60000000000000000000000000000000000064
:102C70000000000000000000000000000000000054
:102C80000000000000000000000000000000000044
:102C90000000000000000000000000000000000034
:102CA0000000000000000000000000000000000024
:102CB0000000000000000000000000000000000014
:102CC0000000000000000000000000000000000004
:102CD00000000000000000000000000000000000F4
:102CE00000000000000000000000000000000000E4
:102CF00000000000000000000000000000000000D4
:102D000000000000000000000000000000000000C3
:102D100000000000000000000000000000000000B3
:102D200000000000000000000000000000000000A3
:102D30000000000000000000000000000000000093
:102D40000000000000000000000000000000000083
:102D50000000000000000000000000000000000073
:102D60000000000000000000000000000000000063
:102D70000000000000000000000000000000000053
:102D80000000000000000000000000000000000043
:102D90000000000000000000000000000000000033
:102DA0000000000000000000000000000000000023
:102DB0000000000000000000000000000000000013
:102DC0000000000000000000000000000000000003
:102DD00000000000000000000000000000000000F3
:102DE00000000000000000000000000000000000E3
:102DF00000000000000000000000000000000000D3
:102E000000000000000000000000000000000000C2
:102E100000000000000000000000000000000000B2
:102E200000000000000000000000000000000000A2
:102E30000000000000000000000000000000000092
:102E40000000000000000000000000000000000082
:102E50000000000000000000000000000000000072
:102E60000000000000000000000000000000000062
:102E70000000000000000000000000000000000052
:102E80000000000000000000000000000000000042
:102E90000000000000000000000000000000000032
:102EA0000000000000000000000000000000000022
:102EB0000000000000000000000000000000000012
:102EC0000000000000000000000000000000000002
:102ED00000000000000000000000000000000000F2
:102EE00000000000000000000000000000000000E2
:102EF00000000000000000000000000000000000D2
:102F000000000000000000000000000000000000C1
:102F100000000000000000000000000000000000B1
:102F200000000000000000000000000000000000A1
:102F30000000000000000000000000000000000091
:102F40000000000000000000000000000000000081
:102F50000000000000000000000000000000000071
:102F60000000000000000000000000000000000061
:102F70000000000000000000000000000000000051
:102F80000000000000000000000000000000000041
:102F90000000000000000000000000000000000031
:102FA0000000000000000000000000000000000021
:102FB0000000000000000000000000000000000011
:102FC0000000000000000000000000000000000001
:102FD00000000000000000000000000000000000F1
:102FE00000000000000000000000000000000000E1
:102FF00000000000000000000000000000000000D1
:1030000000000000000000000000000000000000C0
:1030100000000000000000000000000000000000B0
:1030200000000000000000000000000000000000A0
:103030000000000000000000000000000000000090
:103040000000000000000000000000000000000080
:103050000000000000000000000000000000000070
:103060000000000000000000000000000000000060
:103070000000000000000000000000000000000050
:103080000000000000000000000000000000000040
:103090000000000000000000000000000000000030
:1030A0000000000000000000000000000000000020
:1030B0000000000000000000000000000000000010
:1030C0000000000000000000000000000000000000
:1030D00000000000000000000000000000000000F0
:1030E00000000000000000000000000000000000E0
:1030F00000000000000000000000000000000000D0
:1031000000000000000000000000000000000000BF
:1031100000000000000000000000000000000000AF
:10312000000000000000000000000000000000009F
:10313000000000000000000000000000000000008F
:10314000000000000000000000000000000000007F
:10315000000000000000000000000000000000006F
:10316000000000000000000000000000000000005F
:10317000000000000000000000000000000000004F
:10318000000000000000000000000000000000003F
:10319000000000000000000000000000000000002F
:1031A000000000000000000000000000000000001F
:1031B000000000000000000000000000000000000F
:1031C00000000000000000000000000000000000FF
:1031D00000000000000000000000000000000000EF
:1031E00000000000000000000000000000000000DF
:1031F00000000000000000000000000000000000CF
:1032000000000000000000000000000000000000BE
:1032100000000000000000000000000000000000AE
:10322000000000000000000000000000000000009E
:10323000000000000000000000000000000000008E
:10324000000000000000000000000000000000007E
:10325000000000000000000000000000000000006E
:10326000000000000000000000000000000000005E
:10327000000000000000000000000000000000004E
:10328000000000000000000000000000000000003E
:10329000000000000000000000000000000000002E
:1032A000000000000000000000000000000000001E
:1032B000000000000000000000000000000000000E
:1032C00000000000000000000000000000000000FE
:1032D00000000000000000000000000000000000EE
:1032E00000000000000000000000000000000000DE
:1032F00000000000000000000000000000000000CE
:1033000000000000000000000000000000000000BD
:1033100000000000000000000000000000000000AD
:10332000000000000000000000000000000000009D
:10333000000000000000000000000000000000008D
:10334000000000000000000000000000000000007D
:10335000000000000000000000000000000000006D
:10336000000000000000000000000000000000005D
:10337000000000000000000000000000000000004D
:10338000000000000000000000000000000000003D
:10339000000000000000000000000000000000002D
:1033A000000000000000000000000000000000001D
:1033B000000000000000000000000000000000000D
:1033C00000000000000000000000000000000000FD
:1033D00000000000000000000000000000000000ED
:1033E00000000000000000000000000000000000DD
:1033F00000000000000000000000000000000000CD
:1034000000000000000000000000000000000000BC
:1034100000000000000000000000000000000000AC
:10342000000000000000000000000000000000009C
:10343000000000000000000000000000000000008C
:10344000000000000000000000000000000000007C
:10345000000000000000000000000000000000006C
:10346000000000000000000000000000000000005C
:10347000000000000000000000000000000000004C
:10348000000000000000000000000000000000003C
:10349000000000000000000000000000000000002C
:1034A000000000000000000000000000000000001C
:1034B000000000000000000000000000000000000C
:1034C00000000000000000000000000000000000FC
:1034D00000000000000000000000000000000000EC
:1034E00000000000000000000000000000000000DC
:1034F00000000000000000000000000000000000CC
:1035000000000000000000000000000000000000BB
:1035100000000000000000000000000000000000AB
:10352000000000000000000000000000000000009B
:10353000000000000000000000000000000000008B
:10354000000000000000000000000000000000007B
:10355000000000000000000000000000000000006B
:10356000000000000000000000000000000000005B
:10357000000000000000000000000000000000004B
:10358000000000000000000000000000000000003B
:10359000000000000000000000000000000000002B
:1035A000000000000000000000000000000000001B
:1035B000000000000000000000000000000000000B
:1035C00000000000000000000000000000000000FB
:1035D00000000000000000000000000000000000EB
:1035E00000000000000000000000000000000000DB
:1035F00000000000000000000000000000000000CB
:1036000000000000000000000000000000000000BA
:1036100000000000000000000000000000000000AA
:10362000000000000000000000000000000000009A
:10363000000000000000000000000000000000008A
:10364000000000000000000000000000000000007A
:10365000000000000000000000000000000000006A
:10366000000000000000000000000000000000005A
:10367000000000000000000000000000000000004A
:10368000000000000000000000000000000000003A
:10369000000000000000000000000000000000002A
:1036A000000000000000000000000000000000001A
:1036B000000000000000000000000000000000000A
:1036C00000000000000000000000000000000000FA
:1036D00000000000000000000000000000000000EA
:1036E00000000000000000000000000000000000DA
:1036F00000000000000000000000000000000000CA
:1037000000000000000000000000000000000000B9
:1037100000000000000000000000000000000000A9
:103720000000000000000000000000000000000099
:103730000000000000000000000000000000000089
:103740000000000000000000000000000000000079
:103750000000000000000000000000000000000069
:103760000000000000000000000000000000000059
:103770000000000000000000000000000000000049
:103780000000000000000000000000000000000039
:103790000000000000000000000000000000000029
:1037A0000000000000000000000000000000000019
:1037B0000000000000000000000000000000000009
:1037C00000000000000000000000000000000000F9
:1037D00000000000000000000000000000000000E9
:1037E00000000000000000000000000000000000D9
:1037F00000000000000000000000000000000000C9
:1038000000000000000000000000000000000000B8
:1038100000000000000000000000000000000000A8
:103820000000000000000000000000000000000098
:103830000000000000000000000000000000000088
:103840000000000000000000000000000000000078
:103850000000000000000000000000000000000068
:103860000000000000000000000000000000000058
:103870000000000000000000000000000000000048
:103880000000000000000000000000000000000038
:103890000000000000000000000000000000000028
:1038A0000000000000000000000000000000000018
:1038B0000000000000000000000000000000000008
:1038C00000000000000000000000000000000000F8
:1038D00000000000000000000000000000000000E8
:1038E00000000000000000000000000000000000D8
:1038F00000000000000000000000000000000000C8
:1039000000000000000000000000000000000000B7
:1039100000000000000000000000000000000000A7
:103920000000000000000000000000000000000097
:103930000000000000000000000000000000000087
:103940000000000000000000000000000000000077
:103950000000000000000000000000000000000067
:103960000000000000000000000000000000000057
:103970000000000000000000000000000000000047
:103980000000000000000000000000000000000037
:103990000000000000000000000000000000000027
:1039A0000000000000000000000000000000000017
:1039B0000000000000000000000000000000000007
:1039C00000000000000000000000000000000000F7
:1039D00000000000000000000000000000000000E7
:1039E00000000000000000000000000000000000D7
:1039F00000000000000000000000000000000000C7
:103A000000000000000000000000000000000000B6
:103A100000000000000000000000000000000000A6
:103A20000000000000000000000000000000000096
:103A30000000000000000000000000000000000086
:103A40000000000000000000000000000000000076
:103A50000000000000000000000000000000000066
:103A60000000000000000000000000000000000056
:103A70000000000000000000000000000000000046
:103A80000000000000000000000000000000000036
:103A90000000000000000000000000000000000026
:103AA0000000000000000000000000000000000016
:103AB0000000000000000000000000000000000006
:103AC00000000000000000000000000000000000F6
:103AD00000000000000000000000000000000000E6
:103AE00000000000000000000000000000000000D6
:103AF00000000000000000000000000000000000C6
:103B000000000000000000000000000000000000B5
:103B100000000000000000000000000000000000A5
:103B20000000000000000000000000000000000095
:103B30000000000000000000000000000000000085
:103B40000000000000000000000000000000000075
:103B50000000000000000000000000000000000065
:103B60000000000000000000000000000000000055
:103B70000000000000000000000000000000000045
:103B80000000000000000000000000000000000035
:103B90000000000000000000000000000000000025
:103BA0000000000000000000000000000000000015
:103BB0000000000000000000000000000000000005
:103BC00000000000000000000000000000000000F5
:103BD00000000000000000000000000000000000E5
:103BE00000000000000000000000000000000000D5
:103BF00000000000000000000000000000000000C5
:103C000000000000000000000000000000000000B4
:103C100000000000000000000000000000000000A4
:103C20000000000000000000000000000000000094
:103C30000000000000000000000000000000000084
:103C40000000000000000000000000000000000074
:103C50000000000000000000000000000000000064
:103C60000000000000000000000000000000000054
:103C70000000000000000000000000000000000044
:103C80000000000000000000000000000000000034
:103C90000000000000000000000000000000000024
:103CA0000000000000000000000000000000000014
:103CB0000000000000000000000000000000000004
:103CC00000000000000000000000000000000000F4
:103CD00000000000000000000000000000000000E4
:103CE00000000000000000000000000000000000D4
:103CF00000000000000000000000000000000000C4
:103D000000000000000000000000000000000000B3
:103D100000000000000000000000000000000000A3
:103D20000000000000000000000000000000000093
:103D30000000000000000000000000000000000083
:103D40000000000000000000000000000000000073
:103D50000000000000000000000000000000000063
:103D60000000000000000000000000000000000053
:103D70000000000000000000000000000000000043
:103D80000000000000000000000000000000000033
:103D90000000000000000000000000000000000023
:103DA0000000000000000000000000000000000013
:103DB0000000000000000000000000000000000003
:103DC00000000000000000000000000000000000F3
:103DD00000000000000000000000000000000000E3
:103DE00000000000000000000000000000000000D3
:103DF00000000000000000000000000000000000C3
:103E000000000000000000000000000000000000B2
:103E100000000000000000000000000000000000A2
:103E20000000000000000000000000000000000092
:103E30000000000000000000000000000000000082
:103E40000000000000000000000000000000000072
:103E50000000000000000000000000000000000062
:103E60000000000000000000000000000000000052
:103E70000000000000000000000000000000000042
:103E80000000000000000000000000000000000032
:103E90000000000000000000000000000000000022
:103EA0000000000000000000000000000000000012
:103EB0000000000000000000000000000000000002
:103EC00000000000000000000000000000000000F2
:103ED00000000000000000000000000000000000E2
:103EE00000000000000000000000000000000000D2
:103EF00000000000000000000000000000000000C2
:103F000000000000000000000000000000000000B1
:103F100000000000000000000000000000000000A1
:103F20000000000000000000000000000000000091
:103F30000000000000000000000000000000000081
:103F40000000000000000000000000000000000071
:103F50000000000000000000000000000000000061
:103F60000000000000000000000000000000000051
:103F70000000000000000000000000000000000041
:103F80000000000000000000000000000000000031
:103F90000000000000000000000000000000000021
:103FA0000000000000000000000000000000000011
:103FB0000000000000000000000000000000000001
:103FC00000000000000000000000000000000000F1
:103FD00000000000000000000000000000000000E1
:103FE00000000000000000000000000000000000D1
:103FF00000000000000000000000000000000000C1
:1040000000000000000000000000000000000000B0
:1040100000000000000000000000000000000000A0
:104020000000000000000000000000000000000090
:104030000000000000000000000000000000000080
:104040000000000000000000000000000000000070
:104050000000000000000000000000000000000060
:104060000000000000000000000000000000000050
:104070000000000000000000000000000000000040
:104080000000000000000000000000000000000030
:104090000000000000000000000000000000000020
:1040A0000000000000000000000000000000000010
:1040B0000000000000000000000000000000000000
:1040C00000000000000000000000000000000000F0
:1040D00000000000000000000000000000000000E0
:1040E00000000000000000000000000000000000D0
:1040F00000000000000000000000000000000000C0
:1041000000000000000000000000000000000000AF
:10411000000000000000000000000000000000009F
:10412000000000000000000000000000000000008F
:10413000000000000000000000000000000000007F
:10414000000000000000000000000000000000006F
:10415000000000000000000000000000000000005F
:10416000000000000000000000000000000000004F
:10417000000000000000000000000000000000003F
:10418000000000000000000000000000000000002F
:10419000000000000000000000000000000000001F
:1041A000000000000000000000000000000000000F
:1041B00000000000000000000000000000000000FF
:1041C00000000000000000000000000000000000EF
:1041D00000000000000000000000000000000000DF
:1041E00000000000000000000000000000000000CF
:1041F00000000000000000000000000000000000BF
:1042000000000000000000000000000000000000AE
:10421000000000000000000000000000000000009E
:10422000000000000000000000000000000000008E
:10423000000000000000000000000000000000007E
:10424000000000000000000000000000000000006E
:10425000000000000000000000000000000000005E
:10426000000000000000000000000000000000004E
:10427000000000000000000000000000000000003E
:10428000000000000000000000000000000000002E
:10429000000000000000000000000000000000001E
:1042A000000000000000000000000000000000000E
:1042B00000000000000000000000000000000000FE
:1042C00000000000000000000000000000000000EE
:1042D00000000000000000000000000000000000DE
:1042E00000000000000000000000000000000000CE
:1042F00000000000000000000000000000000000BE
:1043000000000000000000000000000000000000AD
:10431000000000000000000000000000000000009D
:10432000000000000000000000000000000000008D
:10433000000000000000000000000000000000007D
:10434000000000000000000000000000000000006D
:10435000000000000000000000000000000000005D
:10436000000000000000000000000000000000004D
:10437000000000000000000000000000000000003D
:10438000000000000000000000000000000000002D
:10439000000000000000000000000000000000001D
:1043A000000000000000000000000000000000000D
:1043B00000000000000000000000000000000000FD
:1043C00000000000000000000000000000000000ED
:1043D00000000000000000000000000000000000DD
:1043E00000000000000000000000000000000000CD
:1043F00000000000000000000000000000000000BD
:1044000000000000000000000000000000000000AC
:10441000000000000000000000000000000000009C
:10442000000000000000000000000000000000008C
:10443000000000000000000000000000000000007C
:10444000000000000000000000000000000000006C
:10445000000000000000000000000000000000005C
:10446000000000000000000000000000000000004C
:10447000000000000000000000000000000000003C
:10448000000000000000000000000000000000002C
:10449000000000000000000000000000000000001C
:1044A000000000000000000000000000000000000C
:1044B00000000000000000000000000000000000FC
:1044C00000000000000000000000000000000000EC
:1044D00000000000000000000000000000000000DC
:1044E00000000000000000000000000000000000CC
:1044F00000000000000000000000000000000000BC
:1045000000000000000000000000000000000000AB
:10451000000000000000000000000000000000009B
:10452000000000000000000000000000000000008B
:10453000000000000000000000000000000000007B
:10454000000000000000000000000000000000006B
:10455000000000000000000000000000000000005B
:10456000000000000000000000000000000000004B
:10457000000000000000000000000000000000003B
:10458000000000000000000000000000000000002B
:10459000000000000000000000000000000000001B
:1045A000000000000000000000000000000000000B
:1045B00000000000000000000000000000000000FB
:1045C00000000000000000000000000000000000EB
:1045D00000000000000000000000000000000000DB
:1045E00000000000000000000000000000000000CB
:1045F00000000000000000000000000000000000BB
:1046000000000000000000000000000000000000AA
:10461000000000000000000000000000000000009A
:10462000000000000000000000000000000000008A
:10463000000000000000000000000000000000007A
:10464000000000000000000000000000000000006A
:10465000000000000000000000000000000000005A
:10466000000000000000000000000000000000004A
:10467000000000000000000000000000000000003A
:10468000000000000000000000000000000000002A
:10469000000000000000000000000000000000001A
:1046A000000000000000000000000000000000000A
:1046B00000000000000000000000000000000000FA
:1046C00000000000000000000000000000000000EA
:1046D00000000000000000000000000000000000DA
:1046E00000000000000000000000000000000000CA
:1046F00000000000000000000000000000000000BA
:1047000000000000000000000000000000000000A9
:104710000000000000000000000000000000000099
:104720000000000000000000000000000000000089
:104730000000000000000000000000000000000079
:104740000000000000000000000000000000000069
:104750000000000000000000000000000000000059
:104760000000000000000000000000000000000049
:104770000000000000000000000000000000000039
:104780000000000000000000000000000000000029
:104790000000000000000000000000000000000019
:1047A0000000000000000000000000000000000009
:1047B00000000000000000000000000000000000F9
:1047C00000000000000000000000000000000000E9
:1047D00000000000000000000000000000000000D9
:1047E00000000000000000000000000000000000C9
:1047F00000000000000000000000000000000000B9
:1048000000000000000000000000000000000000A8
:104810000000000000000000000000000000000098
:104820000000000000000000000000000000000088
:104830000000000000000000000000000000000078
:104840000000000000000000000000000000000068
:104850000000000000000000000000000000000058
:104860000000000000000000000000000000000048
:104870000000000000000000000000000000000038
:104880000000000000000000000000000000000028
:104890000000000000000000000000000000000018
:1048A0000000000000000000000000000000000008
:1048B00000000000000000000000000000000000F8
:1048C00000000000000000000000000000000000E8
:1048D00000000000000000000000000000000000D8
:1048E00000000000000000000000000000000000C8
:1048F00000000000000000000000000000000000B8
:1049000000000000000000000000000000000000A7
:104910000000000000000000000000000000000097
:104920000000000000000000000000000000000087
:104930000000000000000000000000000000000077
:104940000000000000000000000000000000000067
:104950000000000000000000000000000000000057
:104960000000000000000000000000000000000047
:104970000000000000000000000000000000000037
:104980000000000000000000000000000000000027
:104990000000000000000000000000000000000017
:1049A0000000000000000000000000000000000007
:1049B00000000000000000000000000000000000F7
:1049C00000000000000000000000000000000000E7
:1049D00000000000000000000000000000000000D7
:1049E00000000000000000000000000000000000C7
:1049F00000000000000000000000000000000000B7
:104A000000000000000000000000000000000000A6
:104A10000000000000000000000000000000000096
:104A20000000000000000000000000000000000086
:104A30000000000000000000000000000000000076
:104A40000000000000000000000000000000000066
:104A50000000000000000000000000000000000056
:104A60000000000000000000000000000000000046
:104A70000000000000000000000000000000000036
:104A80000000000000000000000000000000000026
:104A90000000000000000000000000000000000016
:104AA0000000000000000000000000000000000006
:104AB00000000000000000000000000000000000F6
:104AC00000000000000000000000000000000000E6
:104AD00000000000000000000000000000000000D6
:104AE00000000000000000000000000000000000C6
:104AF00000000000000000000000000000000000B6
:104B000000000000000000000000000000000000A5
:104B10000000000000000000000000000000000095
:104B20000000000000000000000000000000000085
:104B30000000000000000000000000000000000075
:104B40000000000000000000000000000000000065
:104B50000000000000000000000000000000000055
:104B60000000000000000000000000000000000045
:104B70000000000000000000000000000000000035
:104B80000000000000000000000000000000000025
:104B90000000000000000000000000000000000015
:104BA0000000000000000000000000000000000005
:104BB00000000000000000000000000000000000F5
:104BC00000000000000000000000000000000000E5
:104BD00000000000000000000000000000000000D5
:104BE00000000000000000000000000000000000C5
:104BF00000000000000000000000000000000000B5
:104C000000000000000000000000000000000000A4
:104C10000000000000000000000000000000000094
:104C20000000000000000000000000000000000084
:104C30000000000000000000000000000000000074
:104C40000000000000000000000000000000000064
:104C50000000000000000000000000000000000054
:104C60000000000000000000000000000000000044
:104C70000000000000000000000000000000000034
:104C80000000000000000000000000000000000024
:104C90000000000000000000000000000000000014
:104CA0000000000000000000000000000000000004
:104CB00000000000000000000000000000000000F4
:104CC00000000000000000000000000000000000E4
:104CD00000000000000000000000000000000000D4
:104CE00000000000000000000000000000000000C4
:104CF00000000000000000000000000000000000B4
:104D000000000000000000000000000000000000A3
:104D10000000000000000000000000000000000093
:104D20000000000000000000000000000000000083
:104D30000000000000000000000000000000000073
:104D40000000000000000000000000000000000063
:104D50000000000000000000000000000000000053
:104D60000000000000000000000000000000000043
:104D70000000000000000000000000000000000033
:104D80000000000000000000000000000000000023
:104D90000000000000000000000000000000000013
:104DA0000000000000000000000000000000000003
:104DB00000000000000000000000000000000000F3
:104DC00000000000000000000000000000000000E3
:104DD00000000000000000000000000000000000D3
:104DE00000000000000000000000000000000000C3
:104DF00000000000000000000000000000000000B3
:104E000000000000000000000000000000000000A2
:104E10000000000000000000000000000000000092
:104E20000000000000000000000000000000000082
:104E30000000000000000000000000000000000072
:104E40000000000000000000000000000000000062
:104E50000000000000000000000000000000000052
:104E60000000000000000000000000000000000042
:104E70000000000000000000000000000000000032
:104E80000000000000000000000000000000000022
:104E90000000000000000000000000000000000012
:104EA0000000000000000000000000000000000002
:104EB00000000000000000000000000000000000F2
:104EC00000000000000000000000000000000000E2
:104ED00000000000000000000000000000000000D2
:104EE00000000000000000000000000000000000C2
:104EF00000000000000000000000000000000000B2
:104F000000000000000000000000000000000000A1
:104F10000000000000000000000000000000000091
:104F20000000000000000000000000000000000081
:104F30000000000000000000000000000000000071
:104F40000000000000000000000000000000000061
:104F50000000000000000000000000000000000051
:104F60000000000000000000000000000000000041
:104F70000000000000000000000000000000000031
:104F80000000000000000000000000000000000021
:104F90000000000000000000000000000000000011
:104FA0000000000000000000000000000000000001
:104FB00000000000000000000000000000000000F1
:104FC00000000000000000000000000000000000E1
:104FD00000000000000000000000000000000000D1
:104FE00000000000000000000000000000000000C1
:040000058000000077
:00000001FF
