:0200000480007A
:10000000971200009382028673905230AD4273B013
:10001000023085629382828873B04230B72F000C21
:10002000137E0E00130E0E002380CF01A380CF019C
:100030002381CF01A381CF01B70F000C137E0E00E7
:100040002380CF01A380CF012381CF01A381CF01E2
:100050008140014181410142814201438143014488
:100060008144014581450146814601478147014858
:10007000814801498149014A814A014B814B014C28
:10008000814C014D814D014E814E014F814F975161
:1000900000009381E16F175501001305A5F59755F1
:1000A00001009385A520014610C16374B5001105B8
:1000B000E5BF138541849385C185014610C16374F2
:1000C000B5001105E5BF170100101301A1F117528A
:1000D00001001302D221137202FC6F10701401A0F0
:1000E000011106CE22CC0010B707B0002326F4FE83
:1000F000232004FE232204FE0145F5283524EF00C9
:10010000606C1305800CEF00807F1745000013051D
:1001100065EEEF10403B0D260325C4FEEF00A06402
:10012000EF006066174500001305C5EDEF10A0391C
:10013000975700009387C7EB9C43BE850325C4FEF9
:10014000D1298327C4FE91072326F4FE174500001A
:10015000130585ECEF102037232404FE81A8130536
:10016000800CEF00C079832784FE850717570000B5
:10017000130707E88A07BA979C43BE850325C4FE88
:1001800051298327C4FE91072326F4FE832784FE8A
:1001900093F7F71F99E7174500001305A5E8EF103F
:1001A0008032832784FE85072324F4FE97570000BE
:1001B000938707E49843832784FEE3E2E7FA174531
:1001C0000000130565E6EF10003017450000130529
:1001D000E5E6EF10402F02900100F2406244056115
:1001E0008280411106C622C40008DD3D0100B240F4
:1001F000224441018280011122CE00102326A4FE58
:100200000327C4FEB7070200BA973E87975700003E
:10021000938707D898C30327C4FEB7070200910746
:10022000BA973E87975700009387C7D698C303278E
:10023000C4FEB7070200A107BA973E879387818063
:1002400098C30327C4FEB7070200B107BA973E87D9
:100250009387C18098C30327C4FEB7070200C10774
:10026000BA973E879387018198C30327C4FEB707D7
:100270000200D107BA973E879387418198C303272D
:10028000C4FEB7070200E107BA973E8793878181D2
:1002900098C30327C4FEB7070200F107BA973E8749
:1002A0009387C18198C30327C4FEB70702009387D1
:1002B0000702BA973E879387018298C30327C4FE3B
:1002C000B707020093874702BA973E879387418218
:1002D00098C30327C4FEB707020093878702BA9723
:1002E0003E879387818298C30100724405618280B2
:1002F000011122CE00102326A4FE2324B4FE83275E
:10030000C4FE032784FE98C3010072440561828005
:10031000011122CE00102326A4FE8327C4FE9C4395
:100320003E85724405618280411106C622C40008E0
:10033000975700009387C7C59C439305B0033E853C
:10034000453F0100B240224441018280411106C66E
:1003500022C40008975700009387C7C39C43C16518
:100360003E8579370100B24022444101828041112B
:1003700006C622C40008975700009387A7C19C4374
:10038000A1653E85B5370100B2402244410182801B
:10039000011122CE00102326A4FE2324B4FE232222
:1003A000C4FE832784FE0547B317F7001387F7FFC2
:1003B000832744FEFD178326C4FEB3D7F640F98F8A
:1003C0003E85724405618280011106CE22CC001068
:1003D000232604FE19A81305400615239387818060
:1003E0009C433E8535372326A4FE8327C4FE858B98
:1003F000FDD385473E85F24062440561828001114C
:1004000006CE22CC0010930700082326F4FE11A884
:100410002945F521938781809C433E85D53D232640
:10042000A4FE8327C4FE93F70708FDF385473E85A6
:10043000F240624405618280411106C622C4000870
:100440009387C1809C43B70500063E855535938749
:10045000C1819C4399453E85613D97570000938734
:1004600027B39843B70708009385B7073A854935FE
:10047000793785473E85B24022444101828041114F
:1004800006C622C400089387C1809C43B70500308C
:100490003E85B93D9387C1819C43930500033E850A
:1004A000813D975700009387A7AE9843B707080090
:1004B0009385B7073A852D3D993785473E85B240EC
:1004C000224441018280797106D622D40018232E5D
:1004D000A4FC232CB4FC2546E145032584FD4D3DB9
:1004E0002326A4FE0546A145032584FD5535232476
:1004F000A4FE0327C4FD8327C4FED98F2322F4FE64
:10050000832784FEE2072324F4FE9387C1809C4363
:10051000832544FE3E85E93B938701819C438325E7
:1005200084FE3E85F1339387C1819C4381453E859E
:10053000C133975700009387A7A59843B7072800B2
:100540009385B7073A856D335145552E4D3D854707
:100550003E85B250225445618280797106D622D4FC
:100560000018232EA4FC232CB4FC232AC4FC8327CC
:1005700084FD13D787008327C4FDD98F2326F4FE7B
:10058000832784FDE2073E87832744FDA183D98F1B
:100590002324F4FE832744FDE2072322F4FE83266E
:1005A00044FE032684FE8325C4FE17450000130580
:1005B000E5A9EF0050139387C1809C438325C4FEB7
:1005C0003E853D33938701819C43832584FE3E8590
:1005D0000533938741819C43832544FE3E85093B37
:1005E0009387C1819C4381453E851933975700000D
:1005F0009387079A9843B70748009385B7073A85CA
:10060000C5395145ED2CE53BBD2A0100B2502254BD
:1006100045618280011106CE22CC00102326A4FE63
:100620002324B4FE113D032684FE8325C4FE370532
:1006300000122537892A0100F24062440561828058
:10064000797106D622D40018232EA4FC232CB4FCE6
:100650000546A145032584FD253B2324A4FE8327CD
:1006600084FEE2072324F4FE9387C180944383270A
:1006700084FD13D787008327C4FDD98FBE853685B7
:100680008539938701819843832784FDE207BE85DE
:100690003A85B9399387C1819C4381453E85893923
:1006A0007531975700009387A78E9843B70730207E
:1006B0009385B7073A852D391305007D89242933A1
:1006C000AA8799C79387C1819C439C432326F4FE44
:1006D0008327C4FE3E85B2502254456182807971E1
:1006E00006D622D40018232EA4FC8325C4FD37058A
:1006F000000CB9372326A4FE8327C4FE3E85B250E2
:10070000225445618280797106D622D40018232EA6
:10071000A4FC9387C1809C438325C4FD3E85C93ECC
:100720009387C1819C438325C4FD3E85D1363939E9
:10073000975700009387C7859843B707082093858C
:10074000B7073A8575364931AA8799C79387C1811A
:100750009C439C432326F4FE8327C4FE3E85B2506F
:10076000225445618280011106CE22CC001023263E
:10077000A4FE8325C4FE370500DCB1330100F2403E
:10078000624405618280011106CE22CC00108D47A3
:100790002326F4FE31A837050005B5372326A4FE2D
:1007A0008325C4FE174500001305058CEF00A073D8
:1007B0008327C4FE8D8BE5F381473E85F24062447A
:1007C00005618280011106CE22CC0010B5319387DD
:1007D000C1809C43B705009F3E85193E9387C18128
:1007E0009C43B705009F3E8521368D369747000014
:1007F0009387077A9843B70708189385B7073A8510
:10080000C53CD936AA8799C79387C1819C439C432D
:100810002326F4FE4546A1450325C4FE953E232428
:10082000A4FE0546C1450325C4FE9D362322A4FE31
:10083000832584FE1745000013050585EF00A06A97
:10084000832544FE1745000013050585EF00A069C8
:1008500085473E85F24062440561828000000000C9
:10086000197101001300000006C20AC40EC612C8A6
:1008700016CA1ACC1ECE22D026D22AD42ED632D8D0
:1008800036DA3ADC3EDEC2C0C6C2CAC4CEC6D2C860
:10089000D6CADACCDECEE2D0E6D2EAD4EED6F2D8B0
:1008A000F6DAFADCFEDE73252034F32510340A86EE
:1008B000EF0040527310153492402241B24142423F
:1008C000D2426243F243025492542255B2554256E8
:1008D000D2566257F257064896482649B649464AC4
:1008E000D64A664BF64B065C965C265DB65D465E68
:1008F000D65E665FF65F0961730020300000797193
:1009000022D60018232EA4FC232604FE01008327F0
:10091000C4FE138717002326E4FE0327C4FDE3E883
:10092000E7FE01000100325445618280797122D6D0
:100930000018232EA4FC0327C4FD9307803EB307B1
:10094000F7022326F4FE29A89307803E2324F4FE11
:100950000100832784FE1387F7FF2324E4FEF5FBC1
:100960008327C4FE1387F7FF2326E4FEF1FF01006F
:100970000100325445618280797106D622D4001874
:10098000232EA4FC85472326F4FE232404FE31A84D
:100990000327C4FEBA878A07BA9786072326F4FE80
:1009A000832784FE85072324F4FE032784FE832700
:1009B000C4FDE36FF7FC0325C4FEEF30C032AA8705
:1009C0003E85B250225445618280797122D600184A
:1009D000232EA4FC232CB4FC232604FE832784FDB1
:1009E000FD172324F4FE99A88327C4FE0327C4FD22
:1009F000BA9783C70700A303F4FE832784FE032767
:100A0000C4FD3E978327C4FE8326C4FDB6970347E3
:100A100007002380E700832784FE0327C4FDBA97DD
:100A2000034774FE2380E7008327C4FE850723263F
:100A3000F4FE832784FEFD172324F4FE0327C4FE5F
:100A4000832784FEE342F7FA010001003254456136
:100A50008280797106D622D40018232EA4FC232C80
:100A6000B4FC232AC4FC232604FE3DA80327C4FDAE
:100A7000A947B367F70213F7F70F832684FD83278F
:100A8000C4FEB697130707031377F70F2380E70019
:100A90008327C4FE85072326F4FE0327C4FDA94748
:100AA000B347F702232EF4FC8327C4FDE1F339A8F2
:100AB000032784FD8327C4FEBA971307000323800E
:100AC000E7008327C4FE85072326F4FE0327C4FE20
:100AD000832744FDE36EF7FC8327C4FEBE85032510
:100AE00084FDE535032784FD8327C4FEBA97238060
:100AF00007008327C4FE3E85B250225445618280A0
:100B00005D7186C6A2C48008232EA4FA232CB4FAF1
:100B1000232AC4FA232604FE232004FC232204FCF7
:100B2000232404FC232604FC232804FC232A04FC9D
:100B3000232C04FC231E04FC0325C4FBEF304024BB
:100B40002A87AE8797360000938646589042D44253
:100B50003A85BE85EF20C0462A87AE873A85BE8596
:100B6000EF30602BAA87232EF4FA0325C4FBEF3065
:100B7000E005AA872324F4FE032584FEEF30000B52
:100B8000AA87BE850325C4FBEF205051AA872322E4
:100B9000F4FE232004FE930500000325C4FBEF2090
:100BA0009026AA8763DE0700832704FE032784FBC1
:100BB000BA971307D0022380E70085472320F4FE6D
:100BC000832784FE85E3832704FE032784FBBA97EB
:100BD000130700032380E700832704FE85072320F3
:100BE000F4FE3DA8832784FE63D80700832784FE94
:100BF000B307F0402324F4FE930704FC0146BE85AE
:100C0000032584FEB9352326A4FE832704FE03278B
:100C100084FBBA97130704FCBA853E85EF30603534
:100C20000327C4FE832704FEBA972326F4FE8327F6
:100C300044FBADCF8327C4FE032784FBBA97130779
:100C4000E0022380E70093050000032544FEEF2027
:100C5000901BAA8763DA0700032744FEB7070080CA
:100C6000B98F2322F4FE39A093050000032544FE2A
:100C7000EF201014032544FB0133AA87BE8503250A
:100C800044FEEF20D01FAA872322F4FE032544FE52
:100C9000EF20D073AA868327C4FE8507032784FB31
:100CA000BA97032644FBBE85368565330100B640FE
:100CB000264461618280797122D60018232EA4FC1B
:100CC000232CB4FC832784FD2326F4FE29A8832744
:100CD00084FD2326F4FE01008327C4FE1387F7FF5B
:100CE0002326E4FEF5FB8327C4FD1387F7FF232E9D
:100CF000E4FCF1FF010001003254456182800111E2
:100D000006CE22CC00102326A4FE8327C4FE9C43DB
:100D10003E868325C4FE173500001305A539E12260
:100D20008327C4FE9C433E85F24062440561828075
:100D3000011106CE22CC00102326A4FE2324B4FEEB
:100D40008327C4FE032784FE98C38327C4FE9C43E5
:100D50003E868325C4FE173500001305A5356122A4
:100D60000100F240624405618280797106D622D486
:100D70000018232EA4FC173500001305A535052205
:100D80000327C4FDB707008093C7F7FFF98F232619
:100D9000F4FE8325C4FE1735000013056535A12236
:100DA0001735000013054536DD288327C4FE3E8530
:100DB000B250225445618280011106CE22CC00102F
:100DC0002326A4FE2324B4FE173500001305453561
:100DD000F92001A0797106D622D40018232EA4FC94
:100DE000232CB4FC232604FE232404FE1735000024
:100DF0001305C5346D20032684FD8325C4FD1735F6
:100E00000000130525357528914517350000130599
:100E10006536D128FD472324F4FE832784FE054749
:100E2000B317F7003E878327C4FDF98F95CB0325C1
:100E3000C4FD253F2326A4FE173500001305053504
:100E40004920174701001307E71A8327C4FE8A07C2
:100E5000BA979C43832584FD0325C4FD829725A072
:100E60001735000013054534A9281747010013075B
:100E7000671C8327C4FD8A07BA979C43832584FD9A
:100E80000325C4FD8297173500001305A5330128FB
:100E9000832784FD3E85B2502254456182805D7176
:100EA00022D60018232EA4FC4CC010C454C418C869
:100EB0005CC8232C0401232E14010100325461610B
:100EC00082805D7122D60018232EA4FC4CC010C471
:100ED00054C418C85CC8232C0401232E140101003B
:100EE0003254616182805D7122D60018232EA4FCE9
:100EF0004CC010C454C418C85CC8232C0401232E51
:100F0000140101003254616182805D7122D60018A3
:100F1000232EA4FC4CC010C454C418C85CC8232C95
:100F20000401232E140101003254616182805D713D
:100F300022D60018232EA4FC4CC010C454C418C8D8
:100F40005CC8232C0401232E14010100325461617A
:100F500082805D7106D622D40018232EA4FC4CC0DA
:100F600010C454C418C85CC8232C0401232E1401D7
:100F700093070402232CF4FC832784FD9117232676
:100F8000F4FE8327C4FEBE850325C4FD912A1735D0
:100F9000000013056524353701A02971232E111295
:100FA000232C8112232A21132328311323264113B2
:100FB000232451132322611323207113800223243D
:100FC000A4EC2326B4EC2322C4EC232E04FC232C13
:100FD00004FC832744EC3E8B814B032784EC83275E
:100FE000C4EC5A86DE863A85BE85EF1030482A87E3
:100FF000AE878327C4FD8A07930604FEB69723AC09
:10100000E7EE832744EC3E8981498327C4EC4E8771
:1010100063E4E7048327C4EC4E876397E7008327E4
:1010200084EC4A8763EAE702832744EC3E8A814ADC
:101030005286D686032584EC8325C4ECEF10B00CD1
:101040002A87AE872324E4EC2326F4EC8327C4FD0F
:101050008507232EF4FCB5BF01008327C4FD850757
:10106000232EF4FC91A08327C4FD8A07130704FEF6
:10107000BA9703A787EFA54763F7E70093077005C3
:10108000232CF4FC29A093070003232CF4FC8327D2
:10109000C4FD8A07130704FEBA9703A787EF8327C7
:1010A00084FDBA973E85F9298327C4FD1387F7FF8E
:1010B000232EE4FCE349F0FA010001008320C11370
:1010C000032481130329411383290113032AC11225
:1010D000832A8112032B4112832B011231618280FA
:1010E0001D7186CEA2CCA6CACAC880102326A4FA37
:1010F0002324B4FA93070000232CF4FC232804FAD9
:10110000232A04FA232C04FA232E04FA232004FCB5
:10111000232204FC232404FC231604FC11A8638D61
:101120000438268585218327C4FA85072326F4FA07
:101130008327C4FA83C70700BE8493075002E39055
:10114000F4FE8327C4FA85072326F4FA8327C4FA1A
:10115000232AF4FC232204FE232E04FC8327C4FA52
:10116000138717002326E4FA83C70700BE8493077A
:1011700050026380F4329307500263CFF430930738
:10118000800763CB97309307300663C7F4309387AB
:10119000D4F955476362F73013972700973700005B
:1011A0009387C704BA97984397370000938707043B
:1011B000BA978287832744FE85072322F4FE85475A
:1011C000232EF4FCD5A4832784FA13874700232415
:1011D000E4FA9C433E857D26C1AC832784FA1387BD
:1011E00047002324E4FA03A90700631A090017390A
:1011F0000000130929FF21A02685692605098347D8
:101200000900BE84F5F84DA4A9472328F4FC032760
:1012100044FE854763D1E702832784FA9D07E19B5B
:10122000138787002324E4FA9843DC432324E4FE55
:101230002326F4FE3DA8032744FE8547631FF700DD
:10124000832784FA138747002324E4FA9C4323244A
:10125000F4FEFD872326F4FE29A8832784FA13874A
:1012600047002324E4FA9C432324F4FEFD8723262D
:10127000F4FE032784FE8327C4FE63DB0702130505
:10128000D0020926032584FE8325C4FE0147814739
:101290003306A740328833380701B386B740B38797
:1012A0000641BE863287B6872324E4FE2326F4FE59
:1012B000832704FD3E86032584FE8325C4FEF13981
:1012C000E5A2832784FA9D07E19B138787002324E7
:1012D000E4FA9843DC433A85BE85EF20D033AA87F1
:1012E000232CF4FC930704FB1946BE85032584FDDB
:1012F000EFF01F81232004FE25A0832704FE13079F
:1013000004FFBA9783C707FC3E85AD2C032704FE74
:10131000F54763C0E702832704FE85072320F4FE18
:10132000832704FE130704FFBA9783C707FCF1F76E
:10133000A5AA010095AAA9472328F4FC032744FE87
:10134000854763D1E702832784FA9D07E19B1387D2
:1013500087002324E4FA9843DC432324E4FE232675
:10136000F4FE1DA8832744FE89CF832784FA1387C0
:1013700047002324E4FA9C432324F4FE232604FE9E
:1013800021A8832784FA138747002324E4FA9C4387
:101390002324F4FE232604FE832704FD3E86032532
:1013A00084FE8325C4FED53E01A2A1472328F4FC78
:1013B000032744FE854763D1E702832784FA9D070C
:1013C000E19B138787002324E4FA9843DC4323241A
:1013D000E4FE2326F4FE1DA8832744FE89CF83273D
:1013E00084FA138747002324E4FA9C432324F4FE61
:1013F000232604FE21A8832784FA13874700232489
:10140000E4FA9C432324F4FE232604FE832704FDF0
:101410003E86032584FE8325C4FE413671A0C14764
:101420002328F4FC032744FE854763D1E702832782
:1014300084FA9D07E19B138787002324E4FA9843ED
:10144000DC432324E4FE2326F4FE1DA8832744FE68
:1014500089CF832784FA138747002324E4FA9C4327
:101460002324F4FE232604FE21A8832784FA13876D
:1014700047002324E4FA9C432324F4FE232604FE9D
:10148000832704FD3E86032584FE8325C4FE313672
:1014900021A82685C52809A813055002E520832721
:1014A00044FD2326F4FA01008327C4FD81C7232EBF
:1014B00004FC6DB10100ADB90100F6406644D644AC
:1014C0004649256182805D7106D622D40018232EFC
:1014D000A4FC4CC010C454C418C85CC8232C04011C
:1014E000232E140193070402232CF4FC832784FD8C
:1014F00091172326F4FE8327C4FEBE850325C4FD71
:10150000C53681473E85B250225461618280011107
:1015100022CE0010232604FE2DA08327C4FE93872D
:101520003711A207BE86174701001307A7B4832708
:10153000C4FE8A07BA9794C38327C4FE850723266F
:10154000F4FE0327C4FE8947E3D9E7FC010001004C
:10155000724405618280411122C60008010097474C
:101560000100938727B19C4383C7C700918BE5DBBC
:1015700097470100938707B09C439C473E853244C0
:1015800041018280011122CE00102326A4FE010019
:1015900097470100938707AE9C4383C7C700898B99
:1015A000E5FB974701009387E7AC9C430327C4FE04
:1015B000D8C381473E85724405618280797122D605
:1015C0000018232EA4FC232CB4FC232604FE83271E
:1015D00084FD920737F7FA0213070708B357F7029B
:1015E0002326F4FE8327C4FE139707014183832734
:1015F000C4FD2390E700010032544561828001114F
:1016000022CE00102326A4FEAE87A305F4FE832776
:10161000C4FE0347B4FE238CE70001007244056159
:101620008280011122CE00102326A4FEAE87A305DE
:10163000F4FE01008327C4FE83C7C700898BFDFB2E
:101640000347B4FE8327C4FED8C381473E85724456
:1016500005618280797106D622D40018232EA4FC5D
:10166000232CB4FC232604FE8327C4FE1387170013
:101670002326E4FE032784FDBA9783C70700A3054A
:10168000F4FE8347B4FEBE850325C4FD593F83475E
:10169000B4FEF9FB81473E85B250225445618280F9
:1016A000797122D60018232EA4FC232CB4FCA307A6
:1016B00004FE01008327C4FD83C7C700918BFDDBB7
:1016C0008327C4FD9C47A307F4FE832784FD0347BB
:1016D000F4FE2380E70085473E85325445618280D1
:1016E000797106D622D40018232EA4FC232CB4FC36
:1016F000232604FEA30504FE01008327C4FD83C73F
:10170000C700918BFDDB8327C4FD9C47A305F4FE36
:101710008327C4FE138717002326E4FE032784FDD6
:10172000BA970347B4FE2380E7008347B4FE3E85A3
:10173000913D0347B4FEB547E310F7FC8327C4FE91
:10174000138717002326E4FE032784FDBA97294751
:101750002380E7008327C4FE138717002326E4FEB7
:10176000032784FDBA97238007008327C4FE93F7DD
:10177000F70F3E85B250225445618280797122D69E
:101780000018232EA4FC31A08327C4FD9C47A30787
:10179000F4FE8327C4FD83C7C700918BF5F70100D2
:1017A0000100325445618280411122C600080100C7
:1017B000324441018280411106C622C40008173517
:1017C0000000130525A8EFF08FED974701009387E0
:1017D000678217F7FFFF1307675E98C397470100FB
:1017E0009387478117F7FFFF1307475DD8C39747D4
:1017F00001009387278017F7FFFF1307275C98C71F
:10180000973701009387077F17F7FFFF1307075BE1
:10181000D8C7973701009387E77D17F7FFFF1307B6
:10182000E75998CB973701009387C77C17F7FFFFDD
:101830001307C758D8CB973701009387A77B17F7B3
:10184000FFFF1307A75798CF973701009387877A31
:10185000170700001307672FD8CF9737010093872A
:10186000677917F7FFFF1307675598D3973701007C
:101870009387477817F7FFFF13074754D8D3973755
:1018800001009387277717F7FFFF1307275398D790
:10189000973701009387077617070000130707475C
:1018A000D8D7973701009387E77417F7FFFF13071F
:1018B000E75098DB973701009387C77317F7FFFF4F
:1018C0001307C74FD8DB973701009387A77217F725
:1018D000FFFF1307A74E98DF9737010093878771A3
:1018E00017F7FFFF1307874DD8DF9737010093875E
:1018F000677417F7FFFF1307674C98C3973701000A
:101900009387477317F7FFFF1307474BD8C39737E2
:1019100001009387277217F7FFFF1307274A98C71D
:10192000973701009387077117F7FFFF13070749E0
:10193000D8C7973701009387E76F17F7FFFF1307A3
:10194000E74798CB973701009387C76E17F7FFFFDC
:101950001307C746D8CB973701009387A76D17F7B2
:10196000FFFF1307A74598CF973701009387876C30
:1019700017F7FFFF13078744D8CF973701009387E6
:10198000676B17F7FFFF1307674398D3973701007B
:101990009387476A17F7FFFF13074742D8D3973754
:1019A00001009387276917F7FFFF1307274198D78F
:1019B000973701009387076817F7FFFF1307074062
:1019C000D8D7973701009387E76617F7FFFF13070C
:1019D000E73E98DB973701009387C76517F7FFFF4E
:1019E0001307C73DD8DB973701009387A76417F724
:1019F000FFFF1307A73C98DF9737010093878763A2
:101A000017F7FFFF1307873BD8DF173500001305D3
:101A1000E584EFF0CFC80100B2402244410182804A
:101A2000411106C622C40008DD3417350000130535
:101A30002584EFF0CFC64133EFE0AFFA1735000051
:101A400013050584EFF0AFC50100B2402244410107
:101A50008280411122C60008B7C70002E1179C43EB
:101A60003E85324441018280411122C60008B7C739
:101A70000002F1179C433E853244410182804111AE
:101A800006C622C44AC24EC00008E137AA873E8972
:101A900081494A87CE873A85BE85B24022441249A1
:101AA000824941018280011106CE22CC00102324FC
:101AB000A4FE2326B4FE172500001305657DEFF074
:101AC0000FBE9387C1839C439843DC439386018474
:101AD00003A80600032584FE8325C4FE3306A70061
:101AE000B288B3B8E800B386B700B387D800BE8623
:101AF0003287B6872320E8002322F80093870184E9
:101B00009C439843DC433A86BE86172500001305A4
:101B1000E579EFF00FBB9387C1839C439843DC4387
:101B20003A86BE86172500001305C579EFF06FB918
:101B3000172500001305457AEFF06FB60100F2405B
:101B4000624405618280011106CE22CC001023265A
:101B5000A4FE2324B4FE172500001305A579EFF099
:101B60000FB49387018494437D57FD5798C2DCC21C
:101B7000938701849C439843DC433A86BE861725AD
:101B8000000013052579EFF00FB6B7C70002E11783
:101B90009C43BE851725000013054579EFF0AFB4CF
:101BA000172500001305C579EFF06FAF0100F24073
:101BB000624405618280797106D622D40018232EF2
:101BC000A4FC1725000013056579EFF04FADB707AA
:101BD000010CC1072326F4FE8327C4FE0327C4FD9E
:101BE00098C3173701001307A7498327C4FD92073D
:101BF000BA97094798C71737010013076748832723
:101C0000C4FD9207BA97DC47138717009736010087
:101C1000938606478327C4FD9207B697D8C7173720
:101C200001001307E7458327C4FD9207BA979C4735
:101C30003E868325C4FD1725000013052574EFF0AB
:101C40008FAA173701001307A7438327C4FD920704
:101C5000BA978C4317370100130787428327C4FDC7
:101C60009207BA97904717370100130767418327F8
:101C7000C4FD9207BA97D4431737010013074740B2
:101C80008327C4FD9207BA97DC473E8717250000DB
:101C900013054571EFF02FA51725000013050576F4
:101CA000EFF0EF9F0100B250225445618280011194
:101CB00006CE22CC0010232604FE172500001305B3
:101CC000A575EFF0CF9DB707010CC1072326F4FEE1
:101CD0008327C4FE9C432324F4FE0326C4FE8325ED
:101CE00084FE1725000013056575EFF0CF9F1725BB
:101CF000000013056577EFF08F9A832784FE3E85F9
:101D0000F240624405618280797106D622D40018BF
:101D1000232EA4FC232CB4FC172500001305C57644
:101D2000EFF0EF9769372326A4FE8325C4FE17251D
:101D3000000013052577EFF00F9B8327C4FE91C7A2
:101D40000327C4FEF14763FAE7008325C4FE172585
:101D500000001305E576EFF0CF9F1737010013075A
:101D600027328327C4FE9207BA97054798C71737CB
:101D700001001307E7308327C4FE9207BA979C47F8
:101D80003E868325C4FE172500001305255FEFF06E
:101D90008F95173701001307A74A8327C4FE8A07C8
:101DA000BA979C430325C4FE82970325C4FE2135C0
:101DB0008325C4FE172500001305C573EFF0AF920D
:101DC000172500001305C574EFF06F8D0100B250A8
:101DD000225445618280011106CE22CC00102326B8
:101DE000A4FE1725000013056574EFF04F8B8327C1
:101DF000C4FE85CB0327C4FE994763E4E702194775
:101E00008327C4FEB307F7403E857125AA8791EB6F
:101E100019478327C4FEB307F740930500083E85A2
:101E200019258325C4FE172500001305A571EFF0C1
:101E30004F89172500001305A572EFF04F860100AA
:101E4000F240624405618280797106D622D400187E
:101E5000232EA4FCA30704FE172500001305C5715B
:101E6000EFF0EF838325C4FD17250000130585726D
:101E7000EFF06F870966B705000C17250000130502
:101E8000A572EFF04F868327C4FD13D73700B7271D
:101E9000000CBA972324F4FE832784FE83C707002F
:101EA000A307F4FE8347F4FE3E86832584FE1725B0
:101EB00000001305A572EFF00F838327C4FD9D8BEF
:101EC0000547B317F7001397870161878307F4FE6F
:101ED000D98FE207E187A303F4FE832784FE03473B
:101EE00074FE2380E700834774FEBE85172500003B
:101EF0001305C571EFE03FFF172500001305C572FC
:101F0000EFE0FFF90100B2502254456182807971FF
:101F100006D622D40018232EA4FC232604FEA305F3
:101F200004FE172500001305E571EFE05FF7832538
:101F3000C4FD172500001305E565EFE0DFFA8326F1
:101F4000C4FD0966B705000C17250000130585714F
:101F5000EFE07FF98327C4FD13D73700B727000CC4
:101F6000BA972326F4FE8327C4FE83C70700A30580
:101F7000F4FE8347B4FE3E868325C4FE1725000089
:101F800013058572EFE03FF68327C4FD9D8B05475F
:101F9000B317F700E207E18793C7F7FF13978701AD
:101FA00061878307B4FEF98FE207E1872305F4FE1A
:101FB0008327C4FE0347A4FE2380E70017370100F0
:101FC0001307070C8327C4FD9207BA9723A40700C1
:101FD000173701001307C70A8327C4FD9207BA9772
:101FE0009C473E868325C4FD17250000130505394F
:101FF000EFE07FEF172500001305456EEFE03FEAA5
:102000000100B250225445618280797106D622D4F3
:102010000018232EA4FC172500001305E56DEFE042
:102020001FE8232604FEB707010C2326F4FE8327AE
:10203000C4FE0327C4FD98C38327C4FE9C43BE850A
:10204000172500001305856DEFE0FFE91725000057
:102050001305856EEFE0BFE40100B25022544561E4
:102060008280797106D622D40018232EA4FC232C5A
:10207000B4FC8325C4FD172500001305E56DEFE0D2
:102080001FE2832784FD13972700B707000CBA9738
:102090002326F4FE8325C4FE172500001305456E94
:1020A000EFE07FE48327C4FE9C43BE851725000034
:1020B0001305456FEFE03FE38327C4FE0327C4FD0C
:1020C00098C38327C4FE9C43BE85172500001305D3
:1020D000A570EFE05FE1172500001305E572EFE062
:1020E0001FDC0100B250225445618280797106D60E
:1020F00022D40018232EA4FC172500001305C57256
:10210000EFE0FFD9B707040013850710EFE03FBFEA
:102110002326A4FE8325C4FE17250000130505739E
:10212000EFE07FDC8327C4FDE5170547B317F70011
:1021300093C7F7FF3E878327C4FEF98FBE85B70795
:10214000040013850710EFE0BFBEB7070400138536
:102150000710EFE0DFBAAA87BE8517250000130538
:102160002571EFE05FD81725000013056573EFE0D8
:102170001FD30100B250225445618280011106CE66
:1021800022CC0010232604FE1725000013054573FA
:10219000EFE0FFD0973701009387C7E517070000EE
:1021A0001307C7B6D8D7AD451725000013058572AC
:1021B000EFE07FD397370100938787EC23A40700D4
:1021C000973701009387C7EB23A0070097370100DB
:1021D000938707EB23A2070097370100938747EA0D
:1021E00023A6070085472326F4FEE5A01737010044
:1021F000130707E98327C4FE9207BA9723A40700B1
:10220000173701001307C7E78327C4FE9207BA9761
:102210000327C4FE98C317370100130767E6832717
:10222000C4FE9207BA970947D8C3173701001307AE
:1022300027E58327C4FE9207BA9723A60700172530
:1022400000001305E56BEFE01FCA0325C4FEC13192
:10225000173701001307C7FE8327C4FE8A07BA9702
:1022600017070000130767B798C38325C4FE094505
:10227000CD3B173701001307A7E08327C4FE920761
:10228000BA978C4317370100130787DF8327C4FEF3
:102290009207BA97904717370100130767DE832725
:1022A000C4FE9207BA97D44317370100130747DDDE
:1022B0008327C4FE9207BA97DC473E8717250000A4
:1022C00013054567EFE03FC28327C4FE8507232639
:1022D000F4FE0327C4FEED47E3FAE7F00545353386
:1022E000172500001305056EEFE07FBB0100F240EB
:1022F000624405618280011106CE22CC00102326A3
:10230000A4FE172500001305256DEFE05FB9032734
:10231000C4FE994763FAE7000327C4FED54763E587
:10232000E7000325C4FED9330325C4FE313E17253B
:1023300000001305656CEFE09FB60100F2406244B7
:1023400005618280797106D622D40018232EA4FC60
:10235000232CB4FC032784FDC167634DF700C167DC
:102360009385F7FF172500001305056BEFE03FBCD1
:10237000814725A88327C4FD93870730A20723261A
:10238000F4FE832784FD1397070141878327C4FE4A
:102390002390E700032684FD8325C4FD1725000054
:1023A0001305C56AEFE0FFB185473E85B250225460
:1023B00045618280797106D622D40018232EA4FCB0
:1023C000232CB4FC032784FDC167634DF700C1676C
:1023D0009385F7FF172500001305456AEFE03FB529
:1023E00081472DA88327C4FD93870730A207910753
:1023F0002326F4FE832784FD139707014187832753
:10240000C4FE2390E700032684FD8325C4FD172521
:1024100000001305A569EFE0DFAA85473E85B250AD
:10242000225445618280797106D622D40018232E69
:10243000A4FC232CB4FC032784FD9307F00F63DC7A
:10244000E7009305F00F1725000013052569EFE05D
:102450001FAE814725A88327C4FD93870730A207B5
:10246000A1072326F4FE832784FD13F7F70F8327A4
:10247000C4FE2380E700032684FD8325C4FD1725C1
:1024800000001305E568EFE0DFA385473E85B25005
:10249000225445618280797106D622D40018232EF9
:1024A000A4FC8327C4FD93870730A207A107232636
:1024B000F4FE8327C4FE83C7070093F7F70FA18BB1
:1024C0002324F4FE832784FE8D87BE851725000014
:1024D00013054567EFE0FF9E832784FE13D737403F
:1024E00085476314F700854711A081473E85B250A8
:1024F000225445618280797106D622D40018232E99
:10250000A4FC232CB4FC032784FDC167634DF700B2
:10251000C1679385F7FF1725000013052565EFE0D8
:102520001FA181471DA08327C4FD93870730A20701
:10253000B1072326F4FE832784FD13970701418703
:102540008327C4FE2390E70085473E85B25022547E
:1025500045618280011106CE22CC00102326A4FE04
:1025600081450325C4FEF93B81450325C4FE993509
:1025700081450325C4FE453D81450325C4FEA53F95
:102580008325C4FE1725000013058561EFE07F93C6
:102590000100F240624405618280011106CE22CC26
:1025A0000010232604FE09A80325C4FE65378327EF
:1025B000C4FE85072326F4FE0327C4FE9147E3D516
:1025C000E7FE1725000013056560EFE09F8F01000F
:1025D000F240624405618280797106D622D40018E7
:1025E000232EA4FC232604FE8327C4FD9DE7172584
:1025F00000001305A560EFE0DF8C8327C4FE890788
:102600002326F4FE8327C4FE91072326F4FE8327A6
:10261000C4FEC1072326F4FEB9A00327C4FD8547E5
:10262000631EF700172500001305855FEFE07F8923
:102630008327C4FE91072326F4FE35A00327C4FD9B
:1026400089476312F7021725000013056560EFE064
:102650005F878327C4FE91072326F4FE8327C4FEE9
:10266000A1072326F4FE8327C4FE3E85B2502254E0
:1026700045618280797106D622D40018232EA4FCED
:10268000232CB4FC032584FD813F2326A4FE83254F
:10269000C4FE0325C4FD413BAA8789CB8325C4FD25
:1026A000172500001305055EEFE0BF818325C4FEFA
:1026B0000325C4FD8D3BAA8789EB8325C4FD17251F
:1026C00000001305A55EEFE09F860100B250225482
:1026D00045618280797122D60018232EA4FCAE8732
:1026E000A30DF4FC8327C4FD93870730A207A1073D
:1026F0002326F4FE8347B4FD99C78327C4FE8507CC
:102700002326F4FE09A88327C4FE91C78327C4FEAD
:10271000FD172326F4FE0100325445618280011129
:1027200006CE22CC00102326A4FE2324B4FE83254B
:1027300084FE0325C4FEC133AA8799E7172500004C
:1027400013050559EFE0AFFE0100F2406244056158
:102750008280011106CE22CC00102326A4FE232461
:10276000B4FE832584FE0325C4FEA931AA8799E718
:102770001725000013050558EFE06FFB0100F2403C
:10278000624405618280011106CE22CC001023260E
:10279000A4FE2324B4FE832584FE0325C4FE5D36F7
:1027A000AA8799E71725000013050557EFE02FF8D2
:1027B0000100F240624405618280797106D622D41C
:1027C00000182326A4FE2324B4FE2322C4FE2320C3
:1027D000D4FEBA87A30FF4FC832544FE0325C4FE70
:1027E0005D37832504FE0325C4FEA537832584FEBB
:1027F0000325C4FE2D378347F4FDBE850325C4FEA3
:10280000D13D8325C4FE1725000013052553EFE0B5
:102810004FEB0100B250225445618280011106CE77
:1028200022CC00102326A4FE81450325C4FEE53EEC
:102830008325C4FE1725000013054552EFE06FE81D
:102840000100F240624405618280797106D622D48B
:102850000018232EA4FC8327C4FD93870730A2070A
:102860002326F4FE8327C4FD93870730A207910730
:102870002324F4FE8327C4FD93870730A207A10712
:102880002322F4FE8327C4FD93870730A207B107F4
:102890002320F4FE8327C4FE83D70700C207C18329
:1028A000BE85172500001305E54DEFE08FE1832776
:1028B00084FE83D70700C207C183BE8517250000A9
:1028C0001305854EEFE0EFDF832744FE83C7070043
:1028D00093F7F70FBE85172500001305254FEFE08E
:1028E0004FDE832704FE83D70700C207C183BE855E
:1028F0001725000013050550EFE0AFDC0100B250D2
:10290000225445618280AA88AE8732883685468304
:1029100063990620B7560080938606E563F0C50CE0
:1029200041676376E60A1307F00F3337C7000E07D7
:102930003355E600AA9683C60600130500023697B3
:10294000B306E540630CE500B397D70033D7E80042
:102950003318D600B365F7003393D80093580801B5
:10296000B3D7150313160801418213570301B3F6B9
:1029700015033E85B305F602C206558F637CB7008A
:1029800042971385F7FF636707016375B7001385E7
:10299000E7FF42970D8FB3771703420313530301E9
:1029A00033571703C20733E36700B306E6023A86DC
:1029B000637BD30042931306F7FF636603016374DE
:1029C000D3001306E7FF4205518D81455DA8370509
:1029D00000014147E36EA6F4614799BF01E6054750
:1029E0003358C7024167637FE8081307F00F63732A
:1029F000070121453357A800BA9603C706001306FE
:102A000000022A97B306E6406315E608B38707413C
:102A10008545935808011316080141821357030195
:102A2000B3F61703B3D71703C206558F330EF6025A
:102A30003E85637CC70142971385F7FF63670701F3
:102A40006375C7011385E7FF42973307C741B37723
:102A5000170342031353030133571703C20733E32A
:102A60006700B306E6023A86637BD30042931306FF
:102A7000F7FF636603016374D3001306E7FF4205A3
:102A8000518D8280370700014145E365E8F66145D5
:102A900095B73318D800B3D5E7003393D800B39770
:102AA000D70033D7E800935808013366F70033F7AF
:102AB000150393170801C18313550601B3D51503F8
:102AC0004207498FB386B7022E85637CD7004297B1
:102AD0001385F5FF636707016375D7001385E5FF6D
:102AE0004297B306D74033F7160342064182B3D666
:102AF00016034207B388D702B367C700368763FC63
:102B00001701C2971387F6FF63E7070163F5170103
:102B10001387E6FFC29793150501B3871741D98D37
:102B2000CDBD63E2D514416763FFE6021307F00FE2
:102B3000B335D7008E053757008033D5B60013075D
:102B400007E52A9703470700130500022E97B305F0
:102B5000E5406311E5020545E3E5F6F233B5C8004B
:102B60001345150039BF37070001C145E3E5E6FC11
:102B7000E145D1B73353E600B396B6003363D300D3
:102B800013550301B31EB60033D6E700B376A60291
:102B9000B397B70033D7E8003368F7009317030102
:102BA000C183135708013356A602C206558F338FCF
:102BB000C702328E637CE7011A97130EF6FF636734
:102BC00067006375E701130EE6FF1A973307E741C5
:102BD000B376A7023357A702C2063386E7029317DC
:102BE0000801C183D58FBA8663FCC7009A97930604
:102BF000F7FF63E7670063F5C7009306E7FF9A975F
:102C000013150E01416E558D9306FEFF3378D500E6
:102C1000918FB3F6DE001356050193DE0E013303E8
:102C2000D802B306D602135703013308D8033698E7
:102C300042973306D6036373D70072969356070103
:102C4000369663E0C702E392C7D8C167FD177D8F50
:102C500042073373F300B398B8001A978145E3F243
:102C6000E8E27D159DB38145014521BDB2883687D7
:102C7000AA872E886398061CB7560080938606E5BF
:102C800063F8C50A4163637E66081303F00F63733C
:102C9000C30021473353E6009A9603CE06003A9EBE
:102CA000130700023303C741630CC701B3956500E6
:102CB000335EC501B31866003368BE00B317650004
:102CC00013D608013377C80213950801418193D6C2
:102CD00007013358C8024207D98E3308050363F849
:102CE0000601C69663E5160163F30601C696B38630
:102CF000064133F7C602C207C183B3D6C602B30684
:102D0000D50213150701C98F63F8D700C69763E58D
:102D1000170163F3D700C697958F33D567008145B8
:102D20008280370300014147E36666F661479DB73D
:102D300001E60546B3581603416663F3C808130657
:102D4000F00F63731601214733D6E800B29603CE25
:102D500006003A9E130700023303C7416319C707F1
:102D6000B385154113D7080113950801418113D686
:102D70000701B3F6E502B3D5E502C206D18EB3056D
:102D8000B50263F8B600C69663E5160163F3B600B4
:102D9000C696B385B640B3F6E502C207C183B3D584
:102DA000E502B305B50213950601C98F63F8B700B4
:102DB000C69763E5170163F3B700C6978D8FB1BF60
:102DC000370600014147E3E1C8F86147B5BFB39852
:102DD000680033D7C501B3176500335EC50113D54D
:102DE0000801B376A702B3956500336EBE009395D4
:102DF0000801C18113560E013357A702C206D18EB6
:102E00003387E50263F8E600C69663E5160163F3CF
:102E1000E600C6963386E640B376A602420E135EFF
:102E20000E013356A602C2063386C502B3E5C601BB
:102E300063F8C500C69563E5150163F3C500C69543
:102E4000918D0DB7E3EED5EC416763F5E604130E03
:102E5000F00F3337DE000E07B758008033D3E6009B
:102E6000938808E59A9803CE08003A9E130700025B
:102E70003303C7416317C70363E4B6006369C50042
:102E8000B307C540958D3335F5003388A5403E85A1
:102E9000C28579B5B70800014147E3EF16FB6147EA
:102EA00065BF3357C601B3966600336FD700B3D7FB
:102EB000C50113570F01B3F8E702B3956500335806
:102EC000C5013368B80093150F01C18193560801FD
:102ED0003316660033156500B3D7E702C208B3E6C0
:102EE000D800B38EF502BE8863FCD601FA969388AB
:102EF000F7FF63E7E60163F5D6019388E7FFFA96EB
:102F0000B386D641B3FEE602420813580801B3D691
:102F1000E602C20EB3EE0E01B385D502B68763FC9E
:102F2000BE00FA9E9387F6FF63E7EE0163F5BE00ED
:102F30009387E6FFFA9EB385BE40C208C16EB3E830
:102F4000F8009387FEFF33F8F8009356060193D8F4
:102F50000801F18F3307F802B387F8023308D8026B
:102F6000B388D8023E9893560701C29663F3F600E1
:102F7000F698C167FD1713D80601FD8EC2067D8F36
:102F8000C298369763E61501639C1501637AE500E4
:102F90003306C7403337C7007A97B388E840328793
:102FA0003307E5403335E500B3851541898DB39787
:102FB000C5013357670033E5E700B3D565008DB32E
:102FC000370810007D180111B377B80013D74501F9
:102FD0003378D80093D8460122CC8E071374F77F3C
:102FE0001357D50126CAD98F93D4F5011357D601AB
:102FF00093F8F87F93D5F6010E0806CE4AC84EC660
:103000000E05336707010E06B30614416395B4221B
:103010006351D00E63980802B365C700638B052027
:103020009385F6FF89E92A963335A600BA97AA97C1
:1030300032850544B1A81308F07F639D060113048F
:10304000F07F71AA9305F07F630BB418B705800079
:103050004D8FB6859306800363C9B608FD4663C0ED
:10306000B606130800023308B840B3160701B35878
:10307000B60033160601B3E616013336C000558E8E
:103080003357B7002A963E97B337A600BA973285D2
:10309000139787006355071405041307F07F630532
:1030A000E448B70680FFFD16FD8E9355150005898F
:1030B0009397F6014D8D5D8D93D716000DA29386E3
:1030C00005FE93080002B356D70001486388150136
:1030D00013080004B305B8403318B7003366C800BE
:1030E0003336C000558E014771BF598E3336C0004C
:1030F000DDBFD5CAB38588400DE4B3E6A700638C75
:1031000006409386F5FF99E63295BA973336C500A7
:10311000B29705B71308F07F639D0501BA87328522
:1031200039BF9306F07FE38BD8FEB7068000D58FBA
:10313000AE869305800363C4D506FD4563CBD502F7
:10314000130800023308D8403353D500B395070164
:1031500033150501B3E565003335A0004D8DB3D6B9
:10316000D7003295B387E6003336C500B297468460
:1031700005B7938506FE13030002B3D5B7000148D7
:103180006388660013080004B306D8403398D7005C
:103190003365A8003335A0004D8D8146D9B75D8DCC
:1031A0003335A000DDBF9306140093F5E67FBDE143
:1031B000B3E6A70029E463840636B366C70085C278
:1031C0002A96BA973335A600AA97139787003285B7
:1031D00063570700370780FF7D17F98F0544137782
:1031E0007500630507341377F50091466300D73403
:1031F0009306450033B5A600AA97368505AE99DE3D
:10320000598EE30E06E28144B707400001451304DE
:10321000F07F29AE9305F07F6386B6302A963E97FD
:10322000B337A6003E971315F7010582518D9357CA
:10323000170036846DB76356D00C63910808B365E8
:10324000C700E5D99385F6FF91E93306C5403335CC
:10325000C500998F898F32850544B1A01308F07F8E
:10326000E38F06DD9306800363C9B608FD4663C09D
:10327000B606130800023308B840B3160701B35866
:10328000B60033160601B3E616013336C000558E7C
:103290003357B7003306C5403387E740B337C5001F
:1032A000B307F740328513978700E35A07F23709CF
:1032B00080007D1933F92701AA8975A29305F07F53
:1032C000E30FB4F0B70580004D8FB68561BF9386DC
:1032D00005FE93080002B356D70001486388150124
:1032E00013080004B305B8403318B7003366C800AC
:1032F0003336C000558E014771BF598E3336C0003A
:10330000DDBFF9C23388884015E8B3E6A700638FB4
:1033100006269306F8FF91EA3305A640B307F74067
:103320003336A600918FAE8405BF1303F07F631F71
:103330006800BA8732851304F07F7DA09306F07F82
:10334000E389D8FEB7068000D58FC28613088003B4
:103350006348D8067D48634ED80213030002330346
:10336000D340335ED500339867003315650033686A
:10337000C8013335A0003365A800B3D6D7003305A4
:10338000A640B307D7403336A600918F4684AE845B
:1033900019BF138806FE130E000233D8070101433C
:1033A0006388C60113030004B306D3403393D700E8
:1033B0003365A3003335A0003365A8008146C1B74B
:1033C0005D8D3335A000DDBF9306140093F6E67FD4
:1033D000B5E633E8A700B366C70031E46318080018
:1033E000638A061ABA873285AE84D5BBE38906DEC6
:1033F0003308C540B3380501B386E740B3861641AC
:103400009398860063DA08003305A640B307F740B7
:103410003336A600918FC9BF3365D8006300051805
:10342000B68742856DBB63180800638B0616BA87A2
:103430003285AE8429B1E38406C0F1B3B309C54037
:10344000B33635013389E7403309D94093168900F3
:1034500063D80606B309A640B307F74033363601F2
:103460003389C740AE84630309064A85EF00B02C58
:10347000130785FFFD4763C1E70693060002998E97
:10348000B317E900B3D6D900DD8E3395E900634E5A
:103490008706018F930717007D466345F6041307DF
:1034A00000021D8FB355F5003396E6003315E50095
:1034B0004D8E3335A000518DB3D7F600014405B3CE
:1034C00033E529014DF181470144F9A04E85EF0014
:1034D00090261305050269BF130585FDB396A90063
:1034E000014575B705179305000233D7E60001467D
:1034F0006387B700130600041D8E3396C600518DF6
:103500003335A000598D814755BFB70780FFFD17A0
:10351000198CF58FE9B1BA8732852E84C9B1BA8783
:10352000328575B91304F07F8147014513978700F1
:10353000635B070005041307F07F6308E4063707A1
:1035400080FF7D17F98F1397D7010D81598D1307D0
:10355000F07F8D836319E4005D8D814709C5B7074E
:1035600008000145814413174401B706F07FB207F4
:10357000F2406244758FB183FE04D98F33E7970020
:103580004249D244B249BA8505618280BA87328500
:10359000428499BD81470145814449BF8147EDBFC0
:1035A00001458144B70740009DB18147014561BF96
:1035B000370780007D17935675013378A70013D61F
:1035C00075019357F50193F6F60F1305F00F6D8F04
:1035D0001376F60FFD816395A60005456314080276
:1035E0001305F00F6314A600054509EF0545639B1D
:1035F000C6006319E8006386B70089E63335000129
:1036000082800145828093567501B7078000FD17BF
:1036100013D7750193F6F60F1308F00F33F6A700D2
:103620001377F70FED8F7D81FD816395060139C218
:103630000945828063130701E5FF9DEE11E38DCB01
:1036400001CA6314B5006359D7000DC17D5582804E
:103650007D5591C52E85828063D4E60065D9828030
:10366000E3E5C7FEE36CF6FE0145828005458280F6
:1036700065DEE1BFE302D7FC69F7E1DBD9B70111F1
:103680004AC81359750126CA4EC652C493149500F0
:1036900006CE22CC56C21379F90F2E8AA5809359F3
:1036A000F501630609069307F00F630FF9068E0410
:1036B000B7070004DD8C130919F8814A93577A0182
:1036C00013149A0093F7F70F2580135AFA01B5C720
:1036D0001307F00F638FE7060E0437070004598CB9
:1036E000938717F8014793962A00D98ECA97FD163B
:1036F000B94533C549011386170063E5D506B757A9
:103700000080938747E18A06BE969C4282879DC0CF
:103710002685EF0050029307B5FF1309A0F8B39474
:10372000F4003309A94051BF1309F00F894AD9D4D5
:103730008D4A69B70149854A51B715C02285EF0006
:10374000807F9307B5FF3314F4009307A0F8898FA7
:1037500051BF9307F00F094759D40D4769B7814707
:10376000054751B741679308F7FF93D60401935576
:103770000401B3F414013374140133089402338444
:103780008602B386B602B385950293540801A295CA
:10379000AE9463F38400BA9633F71401420733788A
:1037A0001801429713146700C18033348000698385
:1037B000B694418F9A0433E4E400139744006357AE
:1037C00007069357140005885D8C1307F6076351AD
:1037D000E0069377740099C79377F400914663836A
:1037E000D70011049317440063D80700B70700F807
:1037F000FD177D8C130706089307E00F0D8063DD2E
:10380000E70601441307F00F85A84E8526845687E6
:103810008947E308F7FE8D47630BF7048547E316F6
:10382000F7FA0144014789A85285DDB73E8671BF8A
:103830008547998F6D47E346F7FE1306E609B357B0
:10384000F4003314C400333480005D8C937774002B
:1038500099C79377F40011476383E7001104931726
:1038600054000D80E3D007FC0144054731A0370424
:1038700040001307F00F01455E07B707807F26045D
:103880007D8F2580598C7E05F240418D6244D24463
:103890004249B249224A924A05618280B7068000B5
:1038A0004111FD161356750193D87501B3F7A600A3
:1038B00026C2ED8E4AC01376F60F9354F50193F8A5
:1038C000F80F06C622C41305F00F32898E0746870B
:1038D000FD818E066393A80099E293C51500330815
:1038E000164163929512635D000763920804638E2C
:1038F00006267D1863160802B697328793965700FE
:1039000063DD060C05079306F00F6306D726B7069E
:10391000007E13F61700FD168583F58FD18F75A8ED
:103920001307F00F631CE6001307F00F7DA01307C9
:10393000F00FE30BE6FE37070004D98EED4505478F
:1039400063CE050113070002B3D506013308074112
:10395000B3960601B336D00033E7D500BA9771BFEE
:10396000630A0804B385C84009EE63820720FD1589
:1039700099E1B69761B71306F00F639BC800B6874D
:1039800065B71306F00FE38CC8FE37060004D18F2D
:103990006D450546634DB500130600020D8E33D507
:1039A000B700B397C700B337F0003366F500B3072D
:1039B000D600A9B79305160013F7E50F0DEF0DEA32
:1039C0006387071A99CAB6979396570063D706007C
:1039D000370700FC7D17F98F054793F67700638D55
:1039E000061893F6F70011466388C618910769A276
:1039F000D9D79DDA09AA1307F00F638CE516B6979D
:103A000085832E87D9BF63570007639B08043287DD
:103A1000E9D67D18631D0800958F93965700E3DE65
:103A200006FA370400047D147D8C3A89E5A89305D5
:103A3000F00F1307F00FE302B6FAED45054763CE2A
:103A4000050113070002B3D5060133080741B396F9
:103A50000601B336D00033E7D500998F328775BFA2
:103A60009305F00F1307F00FE309B6F637070004CC
:103A7000D98EE1B7630C08043385C84019EEB9CF7D
:103A80007D1509E5B387F640AE8441BF1306F00FFC
:103A9000639CC800B687AE8441BD1306F00FE38B6C
:103AA000C8FE37060004D18F6D480546634DA80057
:103AB00013060002098E33D8A700B397C700B337A7
:103AC000F0003366F800B387C6407DBF13071600C9
:103AD0001377E70F1DEF0DE681E785C2B68719A8BA
:103AE000E38D06EE3386D740131556006356050066
:103AF000B387F640AE84D5B571E681478144ADA861
:103B0000E39907EEC1FA8144B70700021307F00FEB
:103B1000A5A03384D74013175400635D0702338494
:103B2000F640AE84228501291307B5FF3314E40063
:103B30006346270333072741050793060002B3575F
:103B4000E4003387E6403314E40033348000C18F4F
:103B5000014761B561F8814701474DB7B70700FCE0
:103B6000FD173307E940E18F8DBD3287BDB5B687BC
:103B7000ADB51307F00F81479396570063DB06003E
:103B800005079306F00F6301D704B70600FCFD1686
:103B9000F58F9306F00F8D836316D70081C7B707A3
:103BA00040008144B24022443705807F5E07A6076B
:103BB000698FA5831395F401D98F924402495D8DD5
:103BC00041018280B28711BD8147E1B7370680008D
:103BD000135775019307F6FF1377F70F9305E00767
:103BE000E98F9356F50163F1E5049305D00963F875
:103BF000E500370500801345F5FF3695828033E5F3
:103C0000C7009307500963DAE7001307A7F63315D7
:103C1000E50081CE3305A040828093076009338799
:103C2000E7403355E500F5B701458280411106C6EE
:103C300022C426C255C59357F54133C4A7001D8C35
:103C40009354F5012285C52C9307E0092A87338513
:103C5000A7409307600963C4A702A14763D5E700A3
:103C600061173314E40026045E052580498C139502
:103C7000F401B240418D2244924441018280930775
:103C8000900963DDA7009547998F9306B701B35755
:103C9000F4003314D400333480005D8C954763D630
:103CA000E7009307B7FF3314F400B70700FCFD17D4
:103CB00093767400E18F91C63D8891466303D400EA
:103CC00091079396570063DA0600B70600FCFD16CD
:103CD0001304F009F58F3305E44013D4370061B7BE
:103CE0008144014449B7411122C406C62A84814750
:103CF00019CD91249307E009898F13076009634167
:103D0000F70221476355A70061153314A400260468
:103D1000258013957701B240418D22444101828074
:103D200013079009635DF7001307B5019546331734
:103D3000E400898E3337E0003354D400598C1547A2
:103D40006356A7001307B5FF3314E400370700FCE0
:103D50007D1793767400618F91C63D889146630309
:103D6000D40011079316570063D90600B70700FC6B
:103D7000FD177D8F9307F009898F1354370041BFDA
:103D800093577501411193F7F70F22C426C21314FC
:103D900095009354F5011385170006C61375E50FBA
:103DA00025800DC513850738935734007604B20774
:103DB0005205B183C98F1395F401B24033E7A700D0
:103DC000228522449244BA854101828095EB65D0D8
:103DD00022859522A94763CFA700AD47898F130796
:103DE0005501B357F4003314E4001307903833053A
:103DF000A74075BF930755FFB317F4000144F5B70B
:103E0000814719C493573400370708007604D98FC7
:103E10001305F07F69BF1396C50013D8450193576A
:103E2000D5011378F87F25825D8E9307180093F7EC
:103E3000E77FFD8113173500D1C3930608C89307A8
:103E4000E00F63CBD7086342D006A55763CAF60CD0
:103E5000B707800079455D8E158DFD4763C3A702C6
:103E6000130828C8B3170701B337F000331606014B
:103E70003355A700D18FC98F814613F7770025C32B
:103E800055A0F957B386D74093070002B356D60022
:103E900081486306F500130828CAB3180601B3E782
:103EA000E800B337F000D58FC1BF1A053335A00045
:103EB0000E069357D701498ED18FC1B7B367E6007D
:103EC00063150800B337F00045BF9306F00F81CBB0
:103ED0000E06B7070002CDB781479306F00F139780
:103EE0005700635B070085061307F00F6383E60442
:103EF000370700FC7D17F98F1307F00F8D8363964A
:103F0000E60081C7B707400081453705807FDE06A0
:103F1000A607E98EA583D58F1395F5015D8D828067
:103F20008547814613F7F7001146E30AC7FA910760
:103F30007DB78147D1B7C1676376F5029307F00F6C
:103F4000B3B7A7008E0737570080930600029D8EF7
:103F50003355F500930707E53E9503450500338586
:103F6000A640828037070001C147E36EE5FCE147C8
:103F7000D9BFB367B5008D8BB1EF9841B7867F7F0E
:103F80009386F6F7B377D700B697D98FD58F7D563E
:103F9000639BC7042A867D5818C2D8419105110633
:103FA000B377D700B697D98FD58FE38707FF83C73D
:103FB000050003C7150083C625002300F60099C736
:103FC000A300E60001C72301D60091E28280A3018D
:103FD00006008280AA8703C7050085078505A38F91
:0A3FE000E7FE75FB82802A86D9B740
:103FF0000A45726173696E672E2E2E0A000000005A
:104000000A457261736520636F6D706C6574652E0F
:104010000A0000000A57726974696E672E2E2E001E
:104020002E0000000A0A577269746520636F6D7074
:104030006C6574652E0A00000A506C65617365201A
:1040400072657365742E0A000A20636D643A202538
:10405000783B64313A2025783B2064323A20257839
:1040600000000000666C617368207374617475737E
:104070002072656769737465722076616C2025789B
:104080000A0000004465766963652049442025786C
:10409000200A000065787472616374656420646549
:1040A00076696365206964202578200A0000000095
:1040B00061646472203D2025782064617461203D34
:1040C0002025780A0000000048AFBC9AF2D77A3E5B
:1040D0000A657874726163745F69655F636F6465B4
:1040E00020656E74657265640A000000657863651A
:1040F0007074696F6E20636F6465203D2025780AB7
:1041000000000000657874726163745F69655F63C5
:104110006F6465206578697465640A000A64656681
:1041200061756C745F68616E646C657220656E7435
:10413000657265640A0000000A68616E646C655F00
:104140007472617020656E74657265640A000000A7
:104150000A547261703A206D6361757365203D2069
:1041600025782C20657063203D2025780A0000000A
:1041700073697A656F662875696E74707472292028
:10418000203D202564200A00536F75726365206FFF
:104190006620547261703A20496E7465727275704F
:1041A000740A0000536F75726365206F6620547245
:1041B00061703A20536F6674776172650A0000007F
:1041C00068616E646C655F74726170206578697493
:1041D00065640A000A2070616E6963200A000000AD
:1041E000286E756C6C290000DECFFFFF20D0FFFF2A
:1041F000B0D2FFFFDAD0FFFFB0D2FFFFB0D2FFFF97
:10420000B0D2FFFFB0D2FFFFB0D2FFFFCCCFFFFF95
:10421000B0D2FFFFB0D2FFFFC2D1FFFFB0D2FFFF8D
:10422000B0D2FFFFB0D2FFFFF2CFFFFFB0D2FFFF4F
:104230004ED1FFFFB0D2FFFFB0D2FFFF36D2FFFF5B
:10424000747261705F696E697420656E7465726501
:1042500064200A2000000000747261705F696E695A
:104260007420657869746564200A2000696E697439
:1042700020656E7465726564200A2000696E697439
:10428000206578697465640A000000000A636F6E37
:104290006669677572655F636F756E7465722065B8
:1042A0006E74657265640A006D74696D65636D7026
:1042B0002076616C7565203D2025640A00000000B1
:1042C0006D74696D652076616C7565203D2025648F
:1042D0000A0000000A636F6E6669677572655F6346
:1042E0006F756E746572206578697465640A000084
:1042F0000A6D6163685F636C696E745F68616E64A8
:104300006C657220656E74657265640A0000000059
:104310006D74696D65636D702076616C7565203DA7
:104320002025780A000000006D74696D65207661B3
:104330006C7565203D2025780A0000006D6163687A
:104340005F636C696E745F68616E646C6572206532
:1043500078697465640A00000A696E746572727522
:1043600070745F636F6D706C65746520656E7465E5
:104370007265640A00000000696E7465727275707F
:10438000742069642025642C207374617465206333
:1043900068616E67656420746F2025640A00000000
:1043A000696E74657272757074206964203D202591
:1043B00078200A20726573657420746F20646566C6
:1043C00061756C742076616C7565732073746174AB
:1043D00065203D20257820090920200A2070726977
:1043E0006F72697479203D2025780A20636F756E9D
:1043F00074203D2025780A00696E746572727570AC
:10440000745F636F6D706C65746520657869746541
:10441000640A00000A696E746572727570745F6375
:104420006C61696D5F7265717565737420656E741A
:10443000657265640A000000696E74657272757059
:1044400074206964205B25785D20636C61696D650B
:104450006420206174206164647265737320257820
:104460000A000000696E746572727570745F636C27
:1044700061696D5F726571756573742065786974C3
:1044800065640A000A6D6163685F706C69635F68E8
:10449000616E646C657220656E74657265640A0095
:1044A000696E7465727275707420696420636C61E2
:1044B000696D6564203D2025780A000046617461BD
:1044C0006C206572726F722C20696E7465727275E1
:1044D0007074206964205B25785D20636C61696D70
:1044E00065642069732077726F6E670A00000000B0
:1044F000696E746572727570742069642025642019
:10450000636F6D706C657465200A00000A6D6163ED
:10451000685F706C69635F68616E646C657220656A
:1045200078697465640A00000A6973725F6465667D
:1045300061756C7420656E74657265640A000000B4
:10454000696E74657272757074205B25645D20738A
:10455000657276696365640A000000000A69737217
:104560005F64656661756C74206578697465640A5A
:10457000000000000A696E746572727570745F6580
:104580006E61626C6520656E7465726564200A00F8
:10459000696E746572727570745F6964203D202560
:1045A000780A0000504C4943204241534520414481
:1045B0004452455353203D2025782C20504C4943EC
:1045C00020454E41424C45204F4646534554203DE0
:1045D0002025780A00000000696E7465727275709B
:1045E000745F656E61626C655F61646472203D201A
:1045F00025782063757272656E745F76616C75657F
:10460000203D202578200A0076616C756520726552
:1046100061643A206E65775F76616C7565203D2038
:1046200025780A000A696E746572727570745F6528
:104630006E61626C6520657869746564200A0000AB
:104640000A696E746572727570745F646973616211
:104650006C6520656E7465726564200A0000000058
:10466000504C494320424153452041444452455314
:1046700053203D2025782C20504C494320454E4165
:10468000424C45204F4646534554203D2025782036
:10469000696E746572727570745F6964203D20255F
:1046A000780A0000696E746572727570745F64696F
:1046B0007361626C655F61646472203D20257820BF
:1046C00063757272656E745F76616C7565203D20EE
:1046D0002578200A00000000696E7465727275709A
:1046E000745F64697361626C652065786974656480
:1046F0000A0000000A73657420696E746572727531
:1047000070745F7468726573686F6C6420656E7432
:10471000657265640A000000706C696320746872D9
:104720006573686F6C642073657420746F202564F2
:104730000A00000073657420696E7465727275708A
:10474000745F7468726573686F6C642065786974EF
:1047500065640A000A2073657420696E746572725C
:10476000757074207072696F7269747920656E74E7
:10477000657265642025780A00000000696E746522
:1047800072727570745F7072696F726974795F614B
:10479000646472657373203D2025780A0000000070
:1047A00063757272656E7420646174612061742037
:1047B000696E746572727570745F7072696F726918
:1047C00074795F61646472657373203D2025780A93
:1047D00000000000206E65772064617461206174C0
:1047E00020696E746572727570745F7072696F7231
:1047F0006974795F61646472657373203D20257804
:104800000A00000073657420696E746572727570B9
:1048100074207072696F7269747920657869746543
:10482000640A00000A636F6E6669677572652069C5
:104830006E746572727570742070696E20656E7426
:10484000657265640A0000004750494F2044495290
:10485000454354494F4E20524547495354455220F1
:1048600056414C5545203D2025780A00446174612D
:10487000207772697474656E20746F204750494FB9
:1048800020444952454354494F4E204354524C20F2
:10489000524547203D2025780A000000636F6E6670
:1048A000696775726520696E7465727275707420BF
:1048B00070696E206578697465640A000A706C69B5
:1048C000635F696E697420656E74657265640A0061
:1048D00041737369676E6564206D6163685F706CB6
:1048E00069635F68616E646C657220746F207472B6
:1048F0006170206964203A2025640A000A2A2A2A65
:104900002A2A2A2A2A2A2A2A2A2A2A2A2A2A2A2A07
:104910002A2A2A2A2A2A2A2A2A2A2A2A2A2A2A2AF7
:104920002A2A2A2A2A2A2A2A2A2A2A2A2A00000065
:104930000A696E74657272757074206964203D2016
:104940002578200A726573657420746F206465662B
:1049500061756C742076616C756573207374617415
:1049600065203D2025782009090920200A707269F8
:104970006F72697479203D2025780A636F756E74B3
:10498000203D2025780A2009090920200A2A2A2A00
:104990002A2A2A2A2A2A2A2A2A2A2A2A2A2A2A2A77
:1049A0002A2A2A2A2A2A2A2A2A2A2A2A2A2A2A2A67
:1049B0002A2A2A2A2A2A2A2A2A2A2A2A2A2A0000AB
:1049C000706C69635F696E69742065786974656489
:1049D000200A00000A636F6E6669677572655F6919
:1049E0006E7465727275707420656E74657265643C
:1049F000200A0000636F6E6669677572655F696E95
:104A00007465727275707420657869746564200AC3
:104A1000000000000A506572696F64205265676982
:104A2000737465722056616C756520686967686586
:104A300072207468616E206D61782076616C756596
:104A400020282578290000000A20506572696F64CB
:104A5000205265676973746572206F66206D6F649C
:104A6000756C65206E756D626572202564207365B6
:104A70007420746F202578000A447574792052657B
:104A80006769737465722056616C75652068696723
:104A9000686572207468616E206D61782076616C43
:104AA00075652028257829000A20447574792052DC
:104AB00065676973746572206F66206D6F64756CCD
:104AC00065206E756D6265722025642073657420A3
:104AD000746F2025780000000A436F6E74726F6C4B
:104AE0002052656769737465722056616C75652024
:104AF000686967686572207468616E206D617820EE
:104B000076616C7565202825782900000A20436F9E
:104B10006E74726F6C205265676973746572206F72
:104B200066206D6F64756C65206E756D62657220B0
:104B300025642073657420746F20257800000000C0
:104B40000A2052756E6E696E6720696E20636F6E03
:104B500074696E756F7573206D6F646528312F30C1
:104B6000293A2025640000000A436C6F636B2052D1
:104B7000656769737465722056616C756520686934
:104B800067686572207468616E206D617820766157
:104B90006C75652028257829000000000A20416CEA
:104BA0006C20726567697374657273206F66206D1F
:104BB0006F64756C65206E756D626572202564206A
:104BC000636C6561726564000A20416C6C205265FB
:104BD0006769737465722076616C756573206F66A2
:104BE00020616C6C206D6F64756C657320636C65FF
:104BF00061726564000000000A2043757272656E80
:104C000074204D6F64756C65206973207365742022
:104C1000746F2050574D206D6F6465000A204375F6
:104C20007272656E74204D6F64756C6520697320B7
:104C300073657420746F2074696D6572206F6E6384
:104C400065206F6E6C79206D6F6465000A20437576
:104C50007272656E74204D6F64756C652069732087
:104C600073657420746F2074696D657220636F6E54
:104C700074696E756F7573206D6F64650000000058
:104C80000A2050574D206D6F64756C65206E756DF0
:104C900062657220256420686173206265656E20FC
:104CA000656E7465726564000A2050574D206D6F03
:104CB00064756C65206E756D626572202564206E6A
:104CC0006F7420656E746572656400000A20457219
:104CD000726F7220696E2073657474696E672063E9
:104CE0006C6F636B20726567697374657200000096
:104CF0000A204572726F7220696E20736574746940
:104D00006E67206475747920726567697374657263
:104D1000000000000A204572726F7220696E2073D5
:104D2000657474696E6720706572696F642072655E
:104D300067697374657200000A50574D202564201E
:104D400073756363657366756C6C7920636F6E66EB
:104D500069677572656400000A2050574D206D6FB9
:104D600064756C65206E756D6265722025642068BF
:104D70006173206265656E2073746F707065640086
:104D80000A5468652076616C7565206F66207065D1
:104D900072696F64207265676973746572206973E4
:104DA000202578000A5468652076616C7565206F4F
:104DB0006620647574792072656769737465722002
:104DC00069732025780000000A5468652076616CBC
:104DD0007565206F6620636F6E74726F6C207265EC
:104DE000676973746572206973202578000000007C
:104DF0000A5468652076616C7565206F6620636C67
:104E00006F636B20726567697374657220697320C4
:104E10002578000010380080103800802838008085
:104E20000C3800800C3800806E38008028380080F4
:104E30000C3800806E3800800C38008028380080E4
:104E40000A3800800A3800800A3800806E380080F6
:104E50000001020203030303040404040404040421
:104E600005050505050505050505050505050505F2
:104E700006060606060606060606060606060606D2
:104E800006060606060606060606060606060606C2
:104E900007070707070707070707070707070707A2
:104EA0000707070707070707070707070707070792
:104EB0000707070707070707070707070707070782
:104EC0000707070707070707070707070707070772
:104ED0000808080808080808080808080808080852
:104EE0000808080808080808080808080808080842
:104EF0000808080808080808080808080808080832
:104F00000808080808080808080808080808080821
:104F10000808080808080808080808080808080811
:104F20000808080808080808080808080808080801
:104F300008080808080808080808080808080808F1
:104F400008080808080808080808080808080808E1
:104F50001000000000000000037A5200017C0101F3
:104F60001B0D020010000000180000009AD9FFFF7E
:104F70006603000000000000100000002C0000008C
:0C4F8000ECDCFFFF540300000000000008
:104F8C000000020004000200080002000C000200F5
:104F9C001000020014000200180002001C000200A5
:104FAC00200002002400020028000200E0FFFF8F16
:104FBC0046A90088AC52018046A90088F8BF0002BF
:044FCC00004000029F
:104FEC0000400000970200009382020E7390523032
:104FFC00AD4273B0023085629382828873B04230C6
:10500C00B72F000C137E0E00130E0E002380CF0161
:10501C00A380CF012381CF01A381CF01B70F000C57
:10502C00137E0E002380CF01A380CF012381CF01FB
:10503C00A381CF0181400141814101428142014361
:10504C008143014481440145814501468146014724
:10505C0081470148814801498149014A814A014BF4
:10506C00814B014C814C014D814D014E814E014FC4
:10507C00814F97D100009381A112138581E797E5A9
:10508C0000009385259B014610C16374B500110582
:10509C00E5BF1385C19C938501A0014610C16374C3
:1050AC00B5001105E5BF170100101301E1F117E27E
:1050BC0000001302529C137202FC6F00304C01A0D2
:1050CC0000000000197101001300000006C20AC4A0
:1050DC000EC612C816CA1ACC1ECE22D026D22AD47C
:1050EC002ED632D836DA3ADC3EDEC2C0C6C2CAC4CC
:1050FC00CEC6D2C8D6CADACCDECEE2D0E6D2EAD45C
:10510C00EED6F2D8F6DAFADCFEDE73252034F3257F
:10511C0010340A86EF00800B731015349240224134
:10512C00B2414242D2426243F2430254925422555B
:10513C00B2554256D2566257F257064896482649FF
:10514C00B649464AD64A664BF64B065C965C265DDB
:10515C00B65D465ED65E665FF65F09617300203011
:10516C000000797106D622D40018232EA4FC17B5A2
:10517C000000130565C8212A0327C4FDB70700806A
:10518C0093C7F7FFF98F2326F4FE8325C4FE17B5CA
:10519C000000130525C8812217B50000130505C9A9
:1051AC00FD208327C4FE3E85B25022544561828087
:1051BC00011106CE22CC00102326A4FE2324B4FE1B
:1051CC0017B50000130505C8D92001A0797106D6C2
:1051DC0022D40018232EA4FC232CB4FC232604FE7A
:1051EC00232404FE17B50000130585C74D200326A4
:1051FC0084FD8325C4FD17B500001305E5C75528AC
:10520C00914517B50000130525C9F120FD4723244E
:10521C00F4FE832784FE0547B317F7003E878327E8
:10522C00C4FDF98F85CB0325C4FD253F2326A4FEA1
:10523C0017B500001305C5C7AD28138781E7832771
:10524C00C4FE8A07BA979C43832584FD0325C4FDBD
:10525C00829715A017B50000130545C79928138729
:10526C0081EB8327C4FD8A07BA979C43832584FD71
:10527C000325C4FD829717B500001305E5C6012868
:10528C00832784FD3E85B2502254456182805D7136
:10529C0022D60018232EA4FC4CC010C454C418C829
:1052AC005CC8232C0401232E1401010032546161CB
:1052BC0082805D7122D60018232EA4FC4CC010C431
:1052CC0054C418C85CC8232C0401232E14010100FB
:1052DC003254616182805D7122D60018232EA4FCA9
:1052EC004CC010C454C418C85CC8232C0401232E11
:1052FC00140101003254616182805D7122D6001864
:10530C00232EA4FC4CC010C454C418C85CC8232C55
:10531C000401232E140101003254616182805D71FD
:10532C0022D60018232EA4FC4CC010C454C418C898
:10533C005CC8232C0401232E14010100325461613A
:10534C0082805D7106D622D40018232EA4FC4CC09A
:10535C0010C454C418C85CC8232C0401232E140197
:10536C0093070402232CF4FC832784FD9117232636
:10537C00F4FE8327C4FEBE850325C4FD912A17B510
:10538C0000001305A5B7353701A02971232E111282
:10539C00232C8112232A2113232831132326411372
:1053AC0023245113232261132320711380022324FD
:1053BC00A4EC2326B4EC2322C4EC232E04FC232CD3
:1053CC0004FC832744EC3E8B814B032784EC83271E
:1053DC00C4EC5A86DE863A85BE85EF70E0792A8762
:1053EC00AE878327C4FD8A07930604FEB69723ACC9
:1053FC00E7EE832744EC3E8981498327C4EC4E8732
:10540C0063E4E7048327C4EC4E876397E7008327A4
:10541C0084EC4A8763EAE702832744EC3E8A814A9C
:10542C005286D686032584EC8325C4ECEF70603E4F
:10543C002A87AE872324E4EC2326F4EC8327C4FDCF
:10544C008507232EF4FCB5BF01008327C4FD850717
:10545C00232EF4FC91A08327C4FD8A07130704FEB6
:10546C00BA9703A787EFA54763F7E7009307700583
:10547C00232CF4FC29A093070003232CF4FC832792
:10548C00C4FD8A07130704FEBA9703A787EF832787
:10549C0084FDBA973E85C9298327C4FD1387F7FF7E
:1054AC00232EE4FCE349F0FA010001008320C11330
:1054BC00032481130329411383290113032AC112E5
:1054CC00832A8112032B4112832B011231618280BA
:1054DC001D7186CEA2CCA6CACAC880102326A4FAF7
:1054EC002324B4FA93070000232CF4FC232804FA99
:1054FC00232A04FA232C04FA232E04FA232004FC76
:10550C00232204FC232404FC231604FC11A8638D21
:10551C000438268591298327C4FA85072326F4FAB3
:10552C008327C4FA83C70700BE8493075002E39015
:10553C00F4FE8327C4FA85072326F4FA8327C4FADA
:10554C00232AF4FC232204FE232E04FC8327C4FA12
:10555C00138717002326E4FA83C70700BE8493073A
:10556C0050026380F4329307500263CFF4309307F8
:10557C00800763CB97309307300663C7F43093876B
:10558C00D4F955476362F7301397270097B700009B
:10559C0093870798BA97984397B7000093874797D4
:1055AC00BA978287832744FE85072322F4FE85471A
:1055BC00232EF4FCD5A4832784FA138747002324D5
:1055CC00E4FA9C433E854D26C1AC832784FA1387AD
:1055DC0047002324E4FA03A90700631A090017B94A
:1055EC0000001309699221A02685BD2E0509834769
:1055FC000900BE84F5F84DA4A9472328F4FC032721
:10560C0044FE854763D1E702832784FA9D07E19B1B
:10561C00138787002324E4FA9843DC432324E4FE15
:10562C002326F4FE3DA8032744FE8547631FF7009D
:10563C00832784FA138747002324E4FA9C4323240A
:10564C00F4FEFD872326F4FE29A8832784FA13870A
:10565C0047002324E4FA9C432324F4FEFD872326ED
:10566C00F4FE032784FE8327C4FE63DB07021305C5
:10567C00D002DD2C032584FE8325C4FE014781471F
:10568C003306A740328833380701B386B740B38757
:10569C000641BE863287B6872324E4FE2326F4FE19
:1056AC00832704FD3E86032584FE8325C4FEF13941
:1056BC00E5A2832784FA9D07E19B138787002324A7
:1056CC00E4FA9843DC433A85BE85EF905061AA8793
:1056DC00232CF4FC930704FB1946BE85032584FD9B
:1056EC00EF00100D232004FE25A0832704FE1307D2
:1056FC0004FFBA9783C707FC3E85BD24032704FE2D
:10570C00F54763C0E702832704FE85072320F4FED8
:10571C00832704FE130704FFBA9783C707FCF1F72E
:10572C00A5AA010095AAA9472328F4FC032744FE47
:10573C00854763D1E702832784FA9D07E19B138792
:10574C0087002324E4FA9843DC432324E4FE232635
:10575C00F4FE1DA8832744FE89CF832784FA138780
:10576C0047002324E4FA9C432324F4FE232604FE5E
:10577C0021A8832784FA138747002324E4FA9C4347
:10578C002324F4FE232604FE832704FD3E860325F2
:10579C0084FE8325C4FED53E01A2A1472328F4FC38
:1057AC00032744FE854763D1E702832784FA9D07CC
:1057BC00E19B138787002324E4FA9843DC432324DA
:1057CC00E4FE2326F4FE1DA8832744FE89CF8327FD
:1057DC0084FA138747002324E4FA9C432324F4FE21
:1057EC00232604FE21A8832784FA13874700232449
:1057FC00E4FA9C432324F4FE232604FE832704FDB1
:10580C003E86032584FE8325C4FE413671A0C14724
:10581C002328F4FC032744FE854763D1E702832742
:10582C0084FA9D07E19B138787002324E4FA9843AD
:10583C00DC432324E4FE2326F4FE1DA8832744FE28
:10584C0089CF832784FA138747002324E4FA9C43E7
:10585C002324F4FE232604FE21A8832784FA13872D
:10586C0047002324E4FA9C432324F4FE232604FE5D
:10587C00832704FD3E86032584FE8325C4FE313632
:10588C0021A82685D52009A813055002F1288327C5
:10589C0044FD2326F4FA01008327C4FD81C7232E7F
:1058AC0004FC6DB10100ADB90100F6406644D6446C
:1058BC004649256182805D7106D622D40018232EBC
:1058CC00A4FC4CC010C454C418C85CC8232C0401DC
:1058DC00232E140193070402232CF4FC832784FD4C
:1058EC0091172326F4FE8327C4FEBE850325C4FD31
:1058FC00C53681473E85B2502254616182800111C8
:10590C0022CE0010232604FE1DA08327C4FE9387FD
:10591C003711A207BE86138781EF8327C4FE8A073F
:10592C00BA9794C38327C4FE85072326F4FE032766
:10593C00C4FE8947E3DBE7FC01000100724405610A
:10594C008280411122C600080100938781EF9C439D
:10595C0083C7C700918BF5DB938781EF9C439C47F2
:10596C003E85324441018280011122CE0010232653
:10597C00A4FE0100938781EF9C4383C7C700898BEA
:10598C00F5FB938781EF9C430327C4FED8C3814763
:10599C003E85724405618280797122D60018232ECF
:1059AC00A4FC232CB4FC232604FE832784FD92073D
:1059BC0037F7FA0213070708B357F7022326F4FE4A
:1059CC008327C4FE1397070141838327C4FD2390CB
:1059DC00E7000100325445618280011122CE001093
:1059EC002326A4FEAE87A305F4FE8327C4FE03473B
:1059FC00B4FE238CE7000100724405618280011122
:105A0C0022CE00102326A4FEAE87A305F4FE0100CF
:105A1C008327C4FE83C7C700898BFDFB0347B4FEF5
:105A2C008327C4FED8C381473E85724405618280BA
:105A3C00797106D622D40018232EA4FC232CB4FC96
:105A4C00232604FE8327C4FE138717002326E4FEB7
:105A5C00032784FDBA9783C70700A305F4FE834789
:105A6C00B4FEBE850325C4FD593F8347B4FEF9FB44
:105A7C0081473E85B250225445618280797122D68D
:105A8C000018232EA4FC232CB4FCA30704FE010055
:105A9C008327C4FD83C7C700918BFDDB8327C4FD1F
:105AAC009C47A307F4FE832784FD0347F4FE238061
:105ABC00E70085473E85325445618280797106D670
:105ACC0022D40018232EA4FC232CB4FC232604FE81
:105ADC00A30504FE01008327C4FD83C7C700918B77
:105AEC00FDDB8327C4FD9C47A305F4FE8327C4FE7E
:105AFC00138717002326E4FE032784FDBA97034778
:105B0C00B4FE2380E7008347B4FE3E85B13D0347D6
:105B1C00B4FEB547E310F7FC8327C4FE13871700C8
:105B2C002326E4FE032784FDBA9729472380E70048
:105B3C008327C4FE138717002326E4FE032784FD66
:105B4C00BA97238007008327C4FE93F7F70F3E858F
:105B5C00B250225445618280797122D60018232ECE
:105B6C00A4FC31A08327C4FD9C47A307F4FE832724
:105B7C00C4FD83C7C700918BF5F7010001003254B7
:105B8C0045618280411122C6000801003244410166
:105B9C008280411106C622C4000817A50000130517
:105BAC00A53CEFF0CFEE938781E717F7FFFF1307C4
:105BBC00676098C3938781E717F7FFFF1307875F29
:105BCC00D8C3938781E717F7FFFF1307A75E98C722
:105BDC00938781E717F7FFFF1307C75DD8C7938734
:105BEC0081E717F7FFFF1307E75C98CB938781E7F3
:105BFC0017F7FFFF1307075CD8CB938781E717F7DD
:105C0C00FFFF1307275B98CF938781E717070000E7
:105C1C0013076770D8CF938781E717F7FFFF130738
:105C2C00675998D3938781E717F7FFFF13078758B6
:105C3C00D8D3938781E717F7FFFF1307A75798D798
:105C4C00938781E71717000013070787D8D7938727
:105C5C0081E717F7FFFF1307E75598DB938781E779
:105C6C0017F7FFFF13070755D8DB938781E717F763
:105C7C00FFFF1307275498DF938781E717F7FFFF80
:105C8C0013074753D8DF938781EB17F7FFFF1307F1
:105C9C00675298C3938781EB17F7FFFF1307875160
:105CAC00D8C3938781EB17F7FFFF1307A75098C74B
:105CBC00938781EB17F7FFFF1307C74FD8C793875D
:105CCC0081EB17F7FFFF1307E74E98CB938781EB18
:105CDC0017F7FFFF1307074ED8CB938781EB17F706
:105CEC00FFFF1307274D98CF938781EB17F7FFFF23
:105CFC001307474CD8CF938781EB17F7FFFF130798
:105D0C00674B98D3938781EB17F7FFFF1307874AED
:105D1C00D8D3938781EB17F7FFFF1307A74998D7C1
:105D2C00938781EB17F7FFFF1307C748D8D79387E3
:105D3C0081EB17F7FFFF1307E74798DB938781EB9E
:105D4C0017F7FFFF13070747D8DB938781EB17F78C
:105D5C00FFFF1307274698DF938781EB17F7FFFFA9
:105D6C0013074745D8DF17A5000013056521EFF091
:105D7C000FD20100B240224441018280411106C67B
:105D8C0022C40008AD3E17A500001305A520EFF0B6
:105D9C000FD00135EF50200D17A5000013058520FD
:105DAC00EFF0EFCE0100B2402244410182807971C4
:105DBC0022D60018232EA4FC232604FE01008327E0
:105DCC00C4FE138717002326E4FE0327C4FDE3E873
:105DDC00E7FE01000100325445618280797122D6C0
:105DEC000018232EA4FC0327C4FD9307803EB307A1
:105DFC00F7022326F4FE29A89307803E2324F4FE01
:105E0C000100832784FE1387F7FF2324E4FEF5FBB0
:105E1C008327C4FE1387F7FF2326E4FEF1FF01005E
:105E2C000100325445618280797106D622D4001863
:105E3C00232EA4FC85472326F4FE232404FE31A83C
:105E4C000327C4FEBA878A07BA9786072326F4FE6F
:105E5C00832784FE85072324F4FE032784FE8327EF
:105E6C00C4FDE36FF7FC0325C4FEEF904054AA87F2
:105E7C003E85B250225445618280797122D6001839
:105E8C00232EA4FC232CB4FC232604FE832784FDA0
:105E9C00FD172324F4FE99A88327C4FE0327C4FD11
:105EAC00BA9783C70700A303F4FE832784FE032756
:105EBC00C4FD3E978327C4FE8326C4FDB6970347D3
:105ECC0007002380E700832784FE0327C4FDBA97CD
:105EDC00034774FE2380E7008327C4FE850723262F
:105EEC00F4FE832784FEFD172324F4FE0327C4FE4F
:105EFC00832784FEE342F7FA010001003254456126
:105F0C008280797106D622D40018232EA4FC232C6F
:105F1C00B4FC232AC4FC232604FE3DA80327C4FD9D
:105F2C00A947B367F70213F7F70F832684FD83277E
:105F3C00C4FEB697130707031377F70F2380E70008
:105F4C008327C4FE85072326F4FE0327C4FDA94737
:105F5C00B347F702232EF4FC8327C4FDE1F339A8E1
:105F6C00032784FD8327C4FEBA97130700032380FD
:105F7C00E7008327C4FE85072326F4FE0327C4FE0F
:105F8C00832744FDE36EF7FC8327C4FEBE850325FF
:105F9C0084FDE535032784FD8327C4FEBA9723804F
:105FAC0007008327C4FE3E85B2502254456182808F
:105FBC005D7186C6A2C48008232EA4FA232CB4FAE1
:105FCC00232AC4FA232604FE232004FC232204FCE7
:105FDC00232404FC232604FC232804FC232A04FC8D
:105FEC00232C04FC231E04FC0325C4FBEF90C045AA
:105FFC002A87AE8797A60000938686FD9042D442EE
:10600C003A85BE85EF60906C2A87AE873A85BE854F
:10601C00EF90E04CAA87232EF4FA0325C4FBEF90F3
:10602C006027AA872324F4FE032584FEEF90802C9E
:10603C00AA87BE850325C4FBEF80D072AA872322D2
:10604C00F4FE232004FE930500000325C4FBEF801F
:10605C001048AA8763DE0700832704FE032784FB0E
:10606C00BA971307D0022380E70085472320F4FE5C
:10607C00832784FE85E3832704FE032784FBBA97DA
:10608C00130700032380E700832704FE85072320E2
:10609C00F4FE3DA8832784FE63D80700832784FE83
:1060AC00B307F0402324F4FE930704FC0146BE859D
:1060BC00032584FEB9352326A4FE832704FE03277B
:1060CC0084FBBA97130704FCBA853E85EF90C06138
:1060DC000327C4FE832704FEBA972326F4FE8327E6
:1060EC0044FBADCF8327C4FE032784FBBA97130769
:1060FC00E0022380E70093050000032544FEEF80B7
:10610C00103DAA8763DA0700032744FEB707008017
:10611C00B98F2322F4FE39A093050000032544FE19
:10612C00EF80102E032544FB0133AA87BE8503257F
:10613C0044FEEF805041AA872322F4FE032544FE3F
:10614C00EF904015AA868327C4FE8507032784FB9E
:10615C00BA97032644FBBE85368565330100B640ED
:10616C00264461618280797122D60018232EA4FC0A
:10617C00232CB4FC832784FD2326F4FE29A8832733
:10618C0084FD2326F4FE01008327C4FE1387F7FF4A
:10619C002326E4FEF5FB8327C4FD1387F7FF232E8C
:1061AC00E4FCF1FF010001003254456182800111D1
:1061BC0006CE22CC00102326A4FE8327C4FE9C43CB
:1061CC003E868325C4FE17A500001305E5DEEFF01F
:1061DC008F908327C4FE9C433E85F2406244056148
:1061EC008280011106CE22CC00102326A4FE23248B
:1061FC00B4FE8327C4FE032784FE98C38327C4FE02
:10620C009C433E868325C4FE17A500001305C5DA02
:10621C00EFF06F8C0100F240624405618280411105
:10622C0022C60008B7C70002E1179C433E853244E2
:10623C0041018280411122C60008B7C70002F11744
:10624C009C433E85324441018280411106C622C4E2
:10625C004AC24EC00008E137AA873E8981494A8765
:10626C00CE873A85BE85B24022441249824941010B
:10627C008280011106CE22CC00102324A4FE2326FA
:10628C00B4FE17A50000130525D5EFF04F809387BA
:10629C00C1959C439843DC439386019603A8060062
:1062AC00032584FE8325C4FE3306A700B288B3B849
:1062BC00E800B386B700B387D800BE863287B687AE
:1062CC002320E8002322F800938701969C439843EF
:1062DC00DC433A86BE8617A500001305A5D1EFE076
:1062EC005FFD9387C1959C439843DC433A86BE86F9
:1062FC0017A50000130585D1EFE0BFFB17A5000023
:10630C00130505D2EFE0BFF80100F24062440561CD
:10631C008280011106CE22CC00102326A4FE232459
:10632C00B4FE17A50000130565D1EFE05FF6938767
:10633C00019694437D57FD5798C2DCC29387019612
:10634C009C439843DC433A86BE8617A50000130590
:10635C00E5D0EFE05FF8B7C70002E1179C43BE85BC
:10636C0017A50000130505D1EFE0FFF617A50000F7
:10637C00130585D1EFE0BFF10100F24062440561E5
:10638C008280797106D622D40018232EA4FC17A57E
:10639C000000130525D1EFE09FEFB707010CC107F3
:1063AC002326F4FE8327C4FE0327C4FD98C313875A
:1063BC0041F08327C4FD9207BA97094798C7138702
:1063CC0041F08327C4FD9207BA97DC471387170067
:1063DC00938641F08327C4FD9207B697D8C71387DD
:1063EC0041F08327C4FD9207BA979C473E868325CC
:1063FC00C4FD17A500001305E5CCEFE0DFED138716
:10640C0041F08327C4FD9207BA978C43138741F060
:10641C008327C4FD9207BA979047138741F08327CF
:10642C00C4FD9207BA97D443138741F08327C4FD68
:10643C009207BA97DC473E8717A50000130505CBDA
:10644C00EFE07FE917A500001305C5CFEFE03FE4AF
:10645C000100B250225445618280011106CE22CC3B
:10646C000010232604FE17A50000130565CFEFE0EE
:10647C001FE2B707010CC1072326F4FE8327C4FED5
:10648C009C432324F4FE0326C4FE832584FE17A517
:10649C000000130525CFEFE01FE417A5000013053E
:1064AC0025D1EFE0DFDE832784FE3E85F240624497
:1064BC0005618280797106D622D40018232EA4FCA3
:1064CC00232CB4FC17A50000130585D0EFE03FDCAE
:1064DC0069372326A4FE8325C4FE17A500001305E7
:1064EC00E5D0EFE05FDF8327C4FE91C70327C4FE2E
:1064FC00F14763FAE7008325C4FE17A500001305D6
:10650C00A5D0EFE01FE4138741F08327C4FE920768
:10651C00BA97054798C7138741F08327C4FE9207A3
:10652C00BA979C473E868325C4FE17A50000130529
:10653C0065B9EFE05FDA1387410C8327C4FE8A0745
:10654C00BA979C430325C4FE82970325C4FE153DD0
:10655C008325C4FE17A50000130545CEEFE0BFD779
:10656C0017A50000130545CFEFE07FD20100B25014
:10657C00225445618280011106CE22CC00102326C4
:10658C00A4FE17A500001305E5CEEFE05FD083272E
:10659C00C4FE85CB0327C4FE994763E4E702194781
:1065AC008327C4FEB307F7403E85B125AA8791EB3C
:1065BC0019478327C4FEB307F740930500083E85AF
:1065CC00D9238325C4FE17A50000130525CCEFE0C5
:1065DC005FCE17A50000130525CDEFE05FCB0100C2
:1065EC00F240624405618280797106D622D400188B
:1065FC00232EA4FCA30704FE17A50000130545CC0D
:10660C00EFE0FFC88325C4FD17A50000130505CDD9
:10661C00EFE07FCC0966B705000C17A50000130549
:10662C0025CDEFE05FCB8327C4FD13D73700B72709
:10663C00000CBA972324F4FE832784FE83C707003B
:10664C00A307F4FE8347F4FE3E86832584FE17A53C
:10665C000000130525CDEFE01FC88327C4FD9D8BDB
:10666C000547B317F7001397870161878307F4FE7B
:10667C00D98FE207E187A303F4FE832784FE034747
:10668C0074FE2380E700834774FEBE8517A50000C7
:10669C00130545CCEFE03FC417A50000130545CD0D
:1066AC00EFE0FFBE0100B250225445618280797147
:1066BC0006D622D40018232EA4FC232604FEA30500
:1066CC0004FE17A50000130565CCEFE05FBC832525
:1066DC00C4FD17A50000130565C0EFE0DFBF8326DE
:1066EC00C4FD0966B705000C17A50000130505CC01
:1066FC00EFE07FBE8327C4FD13D73700B727000C0C
:10670C00BA972326F4FE8327C4FE83C70700A3058C
:10671C00F4FE8347B4FE3E868325C4FE17A5000015
:10672C00130505CDEFE03FBB8327C4FD9D8B0547CB
:10673C00B317F700E207E18793C7F7FF13978701B9
:10674C0061878307B4FEF98FE207E1872305F4FE26
:10675C008327C4FE0347A4FE2380E700138741F080
:10676C008327C4FD9207BA9723A40700138741F02F
:10677C008327C4FD9207BA979C473E868325C4FDA8
:10678C0017A5000013050594EFE0FFB417A5000052
:10679C00130545C9EFE0BFAF0100B250225445616B
:1067AC008280797106D622D40018232EA4FC17A55A
:1067BC0000001305E5C8EFE09FAD232604FEB707E4
:1067CC00010C2326F4FE8327C4FE0327C4FD98C3C3
:1067DC008327C4FE9C43BE8517A50000130585C8FE
:1067EC00EFE07FAF17A50000130585C9EFE03FAAC6
:1067FC000100B250225445618280797106D622D4B0
:10680C000018232EA4FC232CB4FC8325C4FD17A54F
:10681C0000001305E5C8EFE09FA7832784FD1397BD
:10682C002700B707000CBA972326F4FE8325C4FE75
:10683C0017A50000130545C9EFE0FFA98327C4FE87
:10684C009C43BE8517A50000130545CAEFE0BFA801
:10685C008327C4FE0327C4FD98C38327C4FE9C432F
:10686C00BE8517A500001305A5CBEFE0DFA617A585
:10687C0000001305E5CDEFE09FA10100B2502254BA
:10688C0045618280797106D622D40018232EA4FC8F
:10689C0017A500001305C5CDEFE07F9FB7070400D7
:1068AC0013850710EFF0BF902326A4FE8325C4FEAA
:1068BC0017A50000130505CEEFE0FFA18327C4FD4B
:1068CC00E5170547B317F70093C7F7FF3E878327F4
:1068DC00C4FEF98FBE85B707040013850710EFF0CF
:1068EC005F90B707040013850710EFF05F8CAA8741
:1068FC00BE8517A50000130525CCEFE0DF9D17A57D
:10690C000000130565CEEFE09F980100B2502254B1
:10691C0045618280011106CE22CC0010232604FE94
:10692C0017A50000130545CEEFE07F96938781E70E
:10693C0017070000130747B8D8D7AD4517A50000B7
:10694C001305C5CDEFE03F99938741F023A40700D1
:10695C00938741F023A00700938741F023A20700FF
:10696C00938741F023A6070085472326F4FED1A088
:10697C00138741F08327C4FE9207BA9723A407001C
:10698C00138741F08327C4FE9207BA970327C4FEEE
:10699C0098C3138741F08327C4FE9207BA9709471F
:1069AC00D8C3138741F08327C4FE9207BA9723A656
:1069BC00070017A50000130525C9EFE0DF9103259B
:1069CC00C4FEF5311387410C8327C4FE8A07BA979E
:1069DC0017070000130767BA98C38325C4FE09453F
:1069EC00293D138741F08327C4FE9207BA978C4345
:1069FC00138741F08327C4FE9207BA9790471387F9
:106A0C0041F08327C4FE9207BA97D443138741F011
:106A1C008327C4FE9207BA97DC473E8717A5000070
:106A2C001305C5C5EFE03F8B8327C4FE85072326DE
:106A3C00F4FE0327C4FEED47E3FCE7F2054595336E
:106A4C0017A50000130585CCEFE07F840100F24010
:106A5C00624405618280011106CE22CC00102326EF
:106A6C00A4FE17A500001305A5CBEFE05F8203275A
:106A7C00C4FE994763FAE7000327C4FED54763E5D4
:106A8C00E7000325C4FEFD3B0325C4FEB13E17A55C
:106A9C0000001305E5CAEFE08FFF0100F2406244ED
:106AAC0005618280797106D622D40018232EA4FCAD
:106ABC00232CB4FC032784FDC167634DF700C16729
:106ACC009385F7FF17A50000130585C9EFE03F85F7
:106ADC00814725A88327C4FD93870730A207232667
:106AEC00F4FE832784FD1397070141878327C4FE97
:106AFC002390E700032684FD8325C4FD17A5000021
:106B0C00130545C9EFE0EFFA85473E85B250225494
:106B1C0045618280797106D622D40018232EA4FCFC
:106B2C00232CB4FC032784FDC167634DF700C167B8
:106B3C009385F7FF17A500001305C5C8EFE02FFEDE
:106B4C0081472DA88327C4FD93870730A20791079F
:106B5C002326F4FE832784FD13970701418783279F
:106B6C00C4FE2390E700032684FD8325C4FD17A5EE
:106B7C000000130525C8EFE0CFF385473E85B250E2
:106B8C00225445618280797106D622D40018232EB6
:106B9C00A4FC232CB4FC032784FD9307F00F63DCC7
:106BAC00E7009305F00F17A500001305A5C7EFE04C
:106BBC000FF7814725A88327C4FD93870730A207C9
:106BCC00A1072326F4FE832784FD13F7F70F8327F1
:106BDC00C4FE2380E700032684FD8325C4FD17A58E
:106BEC000000130565C7EFE0CFEC85473E85B2503A
:106BFC00225445618280797106D622D40018232E46
:106C0C00A4FC8327C4FD93870730A207A107232682
:106C1C00F4FE8327C4FE83C7070093F7F70FA18BFD
:106C2C002324F4FE832784FE8D87BE8517A50000E0
:106C3C001305C5C5EFE0EFE7832784FE13D7374074
:106C4C0085476314F700854711A081473E85B250F4
:106C5C00225445618280797106D622D40018232EE5
:106C6C00A4FC232CB4FC032784FDC167634DF700FF
:106C7C00C1679385F7FF17A500001305A5C3EFE0C7
:106C8C000FEA81471DA08327C4FD93870730A20715
:106C9C00B1072326F4FE832784FD13970701418750
:106CAC008327C4FE2390E70085473E85B2502254CB
:106CBC0045618280011106CE22CC00102326A4FE51
:106CCC0081450325C4FEF93B81450325C4FE993556
:106CDC0081450325C4FE453D81450325C4FEA53FE2
:106CEC008325C4FE17A50000130505C0EFE06FDC7B
:106CFC000100F240624405618280011106CE22CC73
:106D0C000010232604FE09A80325C4FE653783273B
:106D1C00C4FE85072326F4FE0327C4FE9147E3D562
:106D2C00E7FE17A500001305E5BEEFE08FD80100C4
:106D3C00F240624405618280797106D622D4001833
:106D4C00232EA4FC232604FE8327C4FD9DE717A550
:106D5C000000130525BFEFE0CFD58327C4FE8907BC
:106D6C002326F4FE8327C4FE91072326F4FE8327F3
:106D7C00C4FEC1072326F4FEB9A00327C4FD854732
:106D8C00631EF70017A50000130505BEEFE06FD2D8
:106D9C008327C4FE91072326F4FE35A00327C4FDE8
:106DAC0089476312F70217A500001305E5BEEFE053
:106DBC004FD08327C4FE91072326F4FE8327C4FEFD
:106DCC00A1072326F4FE8327C4FE3E85B25022542D
:106DDC0045618280797106D622D40018232EA4FC3A
:106DEC00232CB4FC032584FD813F2326A4FE83259C
:106DFC00C4FE0325C4FD413BAA8789CB8325C4FD72
:106E0C0017A50000130585BCEFE0AFCA8325C4FEAF
:106E1C000325C4FD8D3BAA8789EB8325C4FD17A5EB
:106E2C000000130525BDEFE08FCF0100B2502254B6
:106E3C0045618280797122D60018232EA4FCAE877E
:106E4C00A30DF4FC8327C4FD93870730A207A10789
:106E5C002326F4FE8347B4FD99C78327C4FE850718
:106E6C002326F4FE09A88327C4FE91C78327C4FEFA
:106E7C00FD172326F4FE0100325445618280011176
:106E8C0006CE22CC00102326A4FE2324B4FE832598
:106E9C0084FE0325C4FEC133AA8799E717A5000019
:106EAC00130585B7EFE0AFC70100F24062440561FE
:106EBC008280011106CE22CC00102326A4FE2324AE
:106ECC00B4FE832584FE0325C4FEA931AA8799E765
:106EDC0017A50000130585B6EFE06FC40100F24062
:106EEC00624405618280011106CE22CC001023265B
:106EFC00A4FE2324B4FE832584FE0325C4FE5D3644
:106F0C00AA8799E717A50000130585B5EFE02FC1F7
:106F1C000100F240624405618280797106D622D468
:106F2C0000182326A4FE2324B4FE2322C4FE23200F
:106F3C00D4FEBA87A30FF4FC832544FE0325C4FEBC
:106F4C005D37832504FE0325C4FEA537832584FE07
:106F5C000325C4FE2D378347F4FDBE850325C4FEEF
:106F6C00D13D8325C4FE17A500001305A5B1EFE0A4
:106F7C004FB40100B250225445618280011106CEFB
:106F8C0022CC00102326A4FE81450325C4FEE53E39
:106F9C008325C4FE17A500001305C5B0EFE06FB143
:106FAC000100F240624405618280797106D622D4D8
:106FBC000018232EA4FC8327C4FD93870730A20757
:106FCC002326F4FE8327C4FD93870730A20791077D
:106FDC002324F4FE8327C4FD93870730A207A1075F
:106FEC002322F4FE8327C4FD93870730A207B10741
:106FFC002320F4FE8327C4FE83D70700C207C18376
:10700C00BE8517A50000130565ACEFE08FAA83279A
:10701C0084FE83D70700C207C183BE8517A5000075
:10702C00130505ADEFE0EFA8832744FE83C70700E7
:10703C0093F7F70FBE8517A500001305A5ADEFE07C
:10704C004FA7832704FE83D70700C207C183BE85E1
:10705C0017A50000130585AEEFE0AFA50100B250F7
:10706C00225445618280011122CE00102326A4FEF9
:10707C002324B4FE8327C4FE9843832784FEF98F10
:10708C00B337F00093F7F70F3E85724405618280A9
:10709C00797122D60018232EA4FC0327C4FD930774
:1070AC00401FB307F7022326F4FE232404FE39A065
:1070BC000100832784FE85072324F4FE832784FEA6
:1070CC000327C4FEE3E6E7FE0100010032544561EC
:1070DC008280797122D60018232EA4FC0327C4FDCC
:1070EC00B7A7070093870712B307F7022326F4FE0E
:1070FC00232404FE39A00100832784FE8507232462
:10710C00F4FE832784FE0327C4FEE3E6E7FE0100BA
:10711C000100325445618280797122D60018232EE9
:10712C00A4FC8327C4FD2326F4FE29A89307C012D0
:10713C002324F4FE0100832784FE1387F7FF232406
:10714C00E4FEF5FB8327C4FE1387F7FF2326E4FE3A
:10715C00F1FF01000100325445618280011122CE01
:10716C0000102326A4FE2324B4FE8327C4FE9843D8
:10717C00832784FE5D8F8327C4FE98C3010072446D
:10718C0005618280011122CE00102326A4FE232447
:10719C00B4FE8327C4FE9843832784FE93C7F7FF6E
:1071AC007D8F8327C4FE98C30100724405618280E1
:1071BC00011122CE00102326A4FE31A08327C4FE89
:1071CC00FD172326F4FE8327C4FEEDFB010001000E
:1071DC00724405618280411106C622C40008B705BD
:1071EC000002B7070400138587108D3F2945C93766
:1071FC00B7050002B70704001385871061372945CE
:10720C00453F0100B240224441018280411122C617
:10721C000008B7070400938707109443B7070400CE
:10722C009387071037070001558F98C3B7070400E1
:10723C00938787109443B707040093878710370709
:10724C0000FF7D17758F98C3B7070400938707104D
:10725C009443B70704009387071037070002558F34
:10726C0098C3B7070400938787109443B7070400AB
:10727C0093878710370700FE7D17758F98C3B70764
:10728C000400938707109443B707040093870710F3
:10729C0037070004558F98C3B707040093878710EE
:1072AC009443B70704009387871037070004558F62
:1072BC0098C3B7070400938707109443B7070400DB
:1072CC009387071037070008558F98C3B70704003A
:1072DC00938787109443B707040093878710370769
:1072EC000008558F98C3B707040093870710944381
:1072FC00B70704009387071037070010558F98C302
:10730C00B7070400938787109443B707040093874B
:10731C00871037070010558F98C3B7070400938761
:10732C0007109443B7070400938707103707002012
:10733C00558F98C3B7070400938787109443B707FA
:10734C0004009387871037070020558F98C30100DE
:10735C00324441018280011106CE22CC0010AA8752
:10736C00A307F4FE8307F4FE63D00702B7070400FB
:10737C00938787109443B7070400938787103707C8
:10738C000020558F98C339A8B7070400938787103E
:10739C009443B707040093878710370700E07D17E5
:1073AC00758F98C38347F4FE93F7070499CFB707FB
:1073BC000400938787109443B707040093878710C2
:1073CC0037070010558F98C339A8B7070400938767
:1073DC0087109443B707040093878710370700F092
:1073EC007D17758F98C38347F4FE93F7070299CFE7
:1073FC00B7070400938787109443B707040093875B
:10740C00871037070008558F98C339A8B7070400B1
:10741C00938787109443B707040093878710370727
:10742C0000F87D17758F98C38347F4FEC18B99CFF5
:10743C00B7070400938787109443B707040093871A
:10744C00871037070004558F98C339A8B707040075
:10745C00938787109443B7070400938787103707E7
:10746C0000FC7D17758F98C3BD330100F240624458
:10747C0005618280011106CE22CC0010AA87A307D9
:10748C00F4FE8347F4FEA18B99CFB70704009387D2
:10749C0087109443B70704009387871037070020A1
:1074AC00558F98C339A8B707040093878710944366
:1074BC00B707040093878710370700E07D17758F97
:1074CC0098C38347F4FE918B99CFB7070400938739
:1074DC0087109443B7070400938787103707001071
:1074EC00558F98C339A8B707040093878710944326
:1074FC00B707040093878710370700F07D17758F47
:10750C0098C38347F4FE898B99CFB7070400938700
:10751C0087109443B7070400938787103707000838
:10752C00558F98C339A8B7070400938787109443E5
:10753C00B707040093878710370700F87D17758FFE
:10754C0098C38347F4FE858B99CFB70704009387C4
:10755C0087109443B70704009387871037070004FC
:10756C00558F98C339A8B7070400938787109443A5
:10757C00B707040093878710370700FC7D17758FBA
:10758C0098C391390100F240624405618280011177
:10759C0006CE22CC0010AA87A307F4FE8347F4FE84
:1075AC00918393F7F70F3E85F1358347F4FE3E85C3
:1075BC00D1351305A00FED3E0100F2406244056188
:1075CC008280011106CE22CC0010AA87A307F4FEFC
:1075DC00B7050002B7070400138587106536B70599
:1075EC000001B707040013858710693E8347F4FE3A
:1075FC003E85713F0100F2406244056182800111B9
:10760C0006CE22CC0010AA87A307F4FEB705000211
:10761C00B707040013858710B536B7050001B70707
:10762C000400138587101D3E8347F4FE3E85853785
:10763C000100F240624405618280011106CE22CC29
:10764C000010AA87A307F4FE8347F4FE3E85453F4E
:10765C000100F240624405618280011106CE22CC09
:10766C0000102326A4FE21A88327C4FE83C707008D
:10767C003E85E1378327C4FE85072326F4FE832746
:10768C00C4FE83C70700EDF301000100F240624421
:10769C0005618280011106CE22CC00102326A4FEA7
:1076AC002324B4FE0327C4FE8547631DF7008327FC
:1076BC0084FE93F7F70F938707F893F7F70F3E8540
:1076CC00093705A00327C4FE8947631CF7008327ED
:1076DC0084FE93F7F70F938707FC93F7F70F3E851C
:1076EC00CD350100F240624405618280411106C62D
:1076FC0022C400080545F1350945E1350545293C0D
:10770C000100B240224441018280411106C622C4CC
:10771C000008B7070400938787109443B707040049
:10772C0093878710370700E07D17758F98C3B707CD
:10773C000400938787109443B7070400938787103E
:10774C00370700F07D17758F98C3B7070400938730
:10775C0087109443B70704009387871037070008F6
:10776C00558F98C3B7070400938787109443B707C6
:10777C0004009387871037070004558F98C3A13CEA
:10778C001305401F3534813C1305401F1534A134BB
:10779C001305401F313CB7070400938787109443AF
:1077AC00B707040093878710370700E07D17758FA4
:1077BC0098C3B7070400938787109443B707040056
:1077CC0093878710370700F07D17758F98C3B7071D
:1077DC000400938787109443B7070400938787109E
:1077EC0037070008558F98C3B70704009387871095
:1077FC009443B707040093878710370700FC7D1765
:10780C00758F98C3C93A1305401F5D320100B24011
:10781C00224441018280411106C622C40008B705EA
:10782C00003FB7070400138507100D3AC532F13D30
:10783C00753D130500037133130580025933394527
:10784C0049330545BD3B1945AD3B05459D3B010005
:10785C00B240224441018280797106D622D40018AC
:10786C002326A4FE2324B4FE2322C4FE2320D4FE0C
:10787C00BA87A30FF4FC8347F4FD91C3853D8325A0
:10788C0084FE0325C4FE3935032544FEF933032554
:10789C0004FE59300100B2502254456182804111DE
:1078AC0006C622C400089305000FB7070400138511
:1078BC000710C9380100B24022444101828079711D
:1078CC0006D622D40018232EA4FC232CB4FC232689
:1078DC0004FEA30504FE75A01795000013054528AA
:1078EC00EFD07FFD8327C4FD9C47A305F4FE8327BF
:1078FC00C4FE138717002326E4FE032784FDBA97E2
:10790C000347B4FE2380E7008347B4FE3E85EFE0D7
:10791C00AF850347B4FEB5476315F706179500000E
:10792C0013054524EFD03FF931A08327C4FD9C47B4
:10793C00A305F4FE8327C4FD83C7C700918BF5F71D
:10794C008327C4FE138717002326E4FE032784FD38
:10795C00BA9729472380E7008327C4FE13871700B3
:10796C002326E4FE032784FDBA9723800700938720
:10797C00C119054798C3938781EF9C433E85EFE07F
:10798C00AF9D9387C11998438947E307F7F417957F
:10799C0000001305651DEFD01FF28327C4FE93F77B
:1079AC00F70F3E85B250225445618280411106C6C4
:1079BC0022C400089387C119094798C329A8938743
:1079CC0081EF9C439385C13C3E85D53DAA873E877C
:1079DC009387C15398C3938781EF9C4383C7C70098
:1079EC00918BF1FF9387C1539C4395CB1795000066
:1079FC001305C517EFD03FEC9385C13C17950000DC
:107A0C0013050517EFD03FEB130640068145138590
:107A1C00C13CEF70F0429387C15323A007000100D3
:107A2C00B240224441018280411106C622C40008A2
:107A3C00EFD0FFEC938781EFD84389679385075884
:107A4C003A85EFD07FF5179500001305A512EFD0FE
:107A5C009FE6938781EFDC433E85EFE0EF8F0100DB
:107A6C00B240224441018280411106C622C4000862
:107A7C00B7050040B707040013850710EFE06FF659
:107A8C00B70700C09385F7FFB7070400138587106D
:107A9C00EFE02FF5179500001305850FEFD0BFE130
:107AAC000100B240224441018280797122D6001833
:107ABC00232EA4FCAE87231DF4FCFD572317F4FEE4
:107ACC00231604FE85A88357C4FE0327C4FDBA976A
:107ADC0083C707001397070141838357E4FEB98FCF
:107AEC002317F4FE231504FE25A88357E4FE858B8B
:107AFC0091CF8357E4FE85832317F4FE0357E4FEEE
:107B0C00E9778507B98F2317F4FE31A08357E4FE7C
:107B1C0085832317F4FE8357A4FE85072315F4FEF3
:107B2C000357A4FE9D47E3F2E7FC8357C4FE850789
:107B3C002316F4FE0357C4FE8357A4FDE365F7F840
:107B4C008357E4FE3E85325445618280397106DEEE
:107B5C0022DC4ADA4ED880002326A4FC8327C4FCFE
:107B6C0063D40700FD5711A085472322F4FE832719
:107B7C00C4FCDD8793F7F70F2320F4FE0327C4FC26
:107B8C00B7078000FD17F98F232EF4FC832704FE22
:107B9C008DEB032744FE8327C4FDB307F70293D66E
:107BAC00F741370780007D17758FBA97DD873E85C3
:107BBC00EF60D0282A87AE872324E4FE2326F4FE28
:107BCC00F9A8032704FE9307F00F6314F704832727
:107BDC00C4FD8DE7032544FEEF70C0712A8797A77B
:107BEC0000009387A7B28C433A85EF70C015AA8723
:107BFC003E85EF7070052A87AE8739A097A70000E5
:107C0C00938707B19843DC432324E4FE2326F4FE38
:107C1C0079A0032544FEEF6070222A89AE890325E2
:107C2C00C4FDEF60B0212A87AE8797A6000093862B
:107C3C00A6AE9042D4423A85BE85EF5030082A87D2
:107C4C00AE873A85BE8597A70000938767AD9043B2
:107C5C00D443EF50A0272A87AE873A86BE864A8542
:107C6C00CE85EF5070752A87AE873A89BE898327F7
:107C7C0004FE938717F80547B317F7003E85EF60AE
:107C8C00F01B2A87AE873A86BE864A85CE85EF5092
:107C9C00B0722A87AE872324E4FE2326F4FE032742
:107CAC0084FE8327C4FE3A85BE85F2506254525935
:107CBC00C25921618280797106D622D44AD24ED023
:107CCC000018232EA4FC8327C4FDFD832324F4FE7B
:107CDC008327C4FDDD8793F7F70F2322F4FE0327D8
:107CEC00C4FDB7078000FD17F98F2320F4FE03278E
:107CFC0044FE9307F00F631EF702832704FE95E3FF
:107D0C00832784FE99C797A700009387E7A19C431C
:107D1C0031A097A700009387679F9C432326F4FE0E
:107D2C00CDA897A70000938767A09C432326F4FE59
:107D3C00CDA0832744FEA9EF832704FE99EF832768
:107D4C0084FE99C797A700009387879E9C4319A030
:107D5C00930700002326F4FE6DA8032504FEEF70A4
:107D6C0060592A8797A700009387C79C8C433A8554
:107D7C00EF609044AA873E8797A700009387C79B24
:107D8C008C433A85EF60307CAA872326F4FE51A001
:107D9C00032504FEEF7000562A8797A700009387EF
:107DAC0067998C433A85EF603041AA873E8797A745
:107DBC0000009387A7988C433A85EF60B00EAA8792
:107DCC003E85EF7060682A89AE89832744FE9387CD
:107DDC0017F83E85EF6090062A86AE8697A70000BE
:107DEC00938707969843DC433A85BE85EF3090160F
:107DFC002A87AE873A86BE864A85CE85EF50D05B01
:107E0C002A87AE873A85BE85EF70606DAA872326D8
:107E1C00F4FE832784FE81CB0327C4FEB7070080C2
:107E2C00B98F2326F4FE8327C4FE3E85B25022541C
:107E3C001259825945618280797106D622D426D294
:107E4C000018232EA4FC930500000325C4FDEF604D
:107E5C00305BAA8799E3814719A2854493050000FA
:107E6C000325C4FDEF60B066AA8763C30700814495
:107E7C0093F7F40F2324F4FE930500000325C4FDAF
:107E8C00EF60F064AA8763D807000327C4FDB70727
:107E9C000080B98F19A08327C4FD232EF4FC232660
:107EAC0004FE15A08327C4FE85072326F4FE97A79E
:107EBC000000938767898C430325C4FDEF60D02FA6
:107ECC00AA87232EF4FC97A700009387E7878C439F
:107EDC000325C4FDEF603058AA87E3D507FC39A809
:107EEC008327C4FEFD172326F4FE8327C4FDBE851D
:107EFC003E85EF60207BAA87232EF4FC97A7000019
:107F0C009387C7838C430325C4FDEF60505CAA871D
:107F1C00E3C807FC97A700009387C7818C43032510
:107F2C00C4FDEF605062AA873E85EF70A0362A87A9
:107F3C00B7078000FD17F98F2322F4FE832784FEF8
:107F4C001397F7018327C4FE9387F707DE075D8F2E
:107F5C00832744FED98F2320F4FE832704FE3E851D
:107F6C00B2502254925445618280011106CE22CC2B
:107F7C000010AA87A307F4FE8347F4FEBE8517956D
:107F8C0000001305E5C1EFD01F939797000093876E
:107F9C00E77B98438347F4FE85461306E002C14510
:107FAC003E85AD22979700009387877A9843834745
:107FBC00F4FE854613060003C1453E85812A97973A
:107FCC0000009387277998438347F4FE8546130670
:107FDC002003C1453E851D2A97970000938707769D
:107FEC0098438347F4FE854613064003C1453E85FE
:107FFC00312A979700009387677498438347F4FE60
:10800C00854613066003C1453E85092297970000FB
:10801C009387C77298438347F4FE85461306800303
:10802C00C1453E85E52097970000938727719843BB
:10803C008347F4FE854613068004C1453E85F9202E
:10804C000545EFD0BFD90100F24062440561828042
:10805C00011106CE22CC0010AA872E87A307F4FEAE
:10806C00BA872307F4FE0347E4FE8547631BF70238
:10807C008347F4FEBE85179500001305A5B4EFD019
:10808C009F83979700009387276D98438347F4FE4F
:10809C00854613062003C1453E858D280545EFD046
:1080AC00FFD38347E4FE95EB8347F4FEBE8517951B
:1080BC0000001305E5B3EFD01F809797000093875E
:1080CC00676998438347F4FE854613062003C14530
:1080DC003E852D280545EFD07FD00347E4FE85472C
:1080EC006301F7028347E4FE89CF8347F4FEBE8524
:1080FC0017950000130585B2EFD0EFFB0545EFD0C7
:10810C00FFCD0100F240624405618280597186D630
:10811C00A2D48018AA87232AE4F8A30FF4F8AE8718
:10812C00230FF4F8B287231EF4F8B687231DF4F856
:10813C0001009387013C03C707008547E30BF7FE5B
:10814C008347F4F9BE85179500001305E5AFEFD012
:10815C008FF69387612A0347F4F92380E70093870E
:10816C00813C0347E4F92380E7008357C4F913F7F4
:10817C00F70F9387D12A2380E700231704FEA30669
:10818C0004FE8357A4F913F7F70F93870154238048
:10819C00E7008357A4F98607231DF4F89387813BE6
:1081AC000357A4F92390E700230604FE032544F9A2
:1081BC0061312324A4FE8347D4FE13871700A30642
:1081CC00E4FE0307F4F9930604FFB697238EE7FA4F
:1081DC008347D4FE13871700A306E4FE0307E4F9D4
:1081EC00930604FFB697238EE7FA8357C4F9A1834D
:1081FC0093960701C1828347D4FE13871700A30609
:10820C00E4FE139786016187930604FFB697238ECD
:10821C00E7FA8347D4FE13871700A306E4FE03573F
:10822C00C4F962076187930604FFB697238EE7FAB9
:10823C008357A4F9A18393960701C1828347D4FE87
:10824C0013871700A306E4FE139786016187930634
:10825C0004FFB697238EE7FA8347D4FE13871700E3
:10826C00A306E4FE0357A4F962076187930604FF93
:10827C00B697238EE7FA8347D4FE13871700A3061D
:10828C00E4FE130704FFBA971147238EE7FA8327FE
:10829C0084FE93D687018347D4FE13871700A30669
:1082AC00E4FE139786016187930604FFB697238E2D
:1082BC00E7FA832784FE93D607018347D4FE1387FE
:1082CC001700A306E4FE139786016187930604FF4B
:1082DC00B697238EE7FA832784FE93D687008347CD
:1082EC00D4FE13871700A306E4FE1397860161875B
:1082FC00930604FFB697238EE7FA8347D4FE1387C1
:10830C001700A306E4FE032784FE62076187930629
:10831C0004FFB697238EE7FA9307C4FAAD453E8562
:10832C00EFF0AFF8AA872317F4FE8347D4FE138728
:10833C001700A306E4FE0357E4FE62076187930669
:10834C0004FFB697238EE7FA8357E4FEA183939636
:10835C000701C1828347D4FE13871700A306E4FEEE
:10836C00139786016187930604FFB697238EE7FA6D
:10837C00A30604FEB7050040B70704001385871059
:10838C00EFD03FE6938781EFD4438347D4FE138726
:10839C001700A306E4FE130704FFBA978387C7FBF5
:1083AC0093F7F70FBE853685EFD06FE5938781EF96
:1083BC00D4438347D4FE13871700A306E4FE1307A8
:1083CC0004FFBA978387C7FB93F7F70FBE853685F3
:1083DC00EFD0EFE2938781EFD4438347D4FE13872A
:1083EC001700A306E4FE130704FFBA978387C7FBA5
:1083FC0093F7F70FBE853685EFD06FE0938781EF4B
:10840C00D4438347D4FE13871700A306E4FE130757
:10841C0004FFBA978387C7FB93F7F70FBE853685A2
:10842C00EFD0EFDD938781EFD4438347D4FE1387DE
:10843C001700A306E4FE130704FFBA978387C7FB54
:10844C0093F7F70FBE853685EFD06FDB938781EFFF
:10845C00D4438347D4FE13871700A306E4FE130707
:10846C0004FFBA978387C7FB93F7F70FBE85368552
:10847C00EFD0EFD8938781EFD4438347D4FE138793
:10848C001700A306E4FE130704FFBA978387C7FB04
:10849C0093F7F70FBE853685EFD06FD6938781EFB4
:1084AC00D4438347D4FE13871700A306E4FE1307B7
:1084BC0004FFBA978387C7FB93F7F70FBE85368502
:1084CC00EFD0EFD3938781EFD4438347D4FE138748
:1084DC001700A306E4FE130704FFBA978387C7FBB4
:1084EC0093F7F70FBE853685EFD06FD1938781EF69
:1084FC00D4438347D4FE13871700A306E4FE130767
:10850C0004FFBA978387C7FB93F7F70FBE853685B1
:10851C00EFD0EFCE938781EFD4438347D4FE1387FC
:10852C001700A306E4FE130704FFBA978387C7FB63
:10853C0093F7F70FBE853685EFD06FCC938781EF1D
:10854C00D4438347D4FE13871700A306E4FE130716
:10855C0004FFBA978387C7FB93F7F70FBE85368561
:10856C00EFD0EFC9938781EFD4438347D4FE1387B1
:10857C001700A306E4FE130704FFBA978387C7FB13
:10858C0093F7F70FBE853685EFD06FC7A30604FEB1
:10859C000100938781EFDC4383C7C700858BF5DB34
:1085AC00B70700C09385F7FFB70704001385871042
:1085BC00EFD03FC3938781EFDC433E85EFD0CFD91B
:1085CC0001009387013C03C707008547E30BF7FEC7
:1085DC009387013C05472380E7000100B6502654E1
:1085EC0065618280011106CE22CC0010AA872E87ED
:1085FC002317F4FEBA87A306F4FE9387811A23800F
:10860C0007006F00A06A8357E4FE1307C00C638851
:10861C00E7621307C00C6340F7681307A00C638470
:10862C00E75C1307A00C6348F7661307A0046346C6
:10863C00F70263C207661307A004636EF76413970F
:10864C0027009787000093876766BA9798439787A8
:10865C0000009387A765BA9782871307800C6388FD
:10866C00E7526F00406393858196178500001305D0
:10867C006560EFD04FA49387811A83C707001387D7
:10868C0017009376F70F1387811A2300D7001387EF
:10869C0001618A07BA979C433E85EF60F05A2A879E
:1086AC00AE873A86BE86178500001305255DEFD090
:1086BC008FA08357E4FE89072317F4FEDDA393856F
:1086CC000197178500001305E55AEFD0CF9E9387CD
:1086DC00811A83C70700138717009376F70F138748
:1086EC00811A2300D700138701618A07BA979C432C
:1086FC003E85EF6070552A87AE873A86BE86178511
:10870C00000013052558EFD00F9B8357E4FE890713
:10871C002317F4FE79A39385819717850000130521
:10872C006555EFD04F999387811A83C7070013873C
:10873C0017009376F70F1387811A2300D70013873E
:10874C0001618A07BA979C433E85EF60F04F2A87F8
:10875C00AE873A86BE86178500001305A552EFD06A
:10876C008F958357E4FE89072317F4FE1DAB938581
:10877C0081A0178500001305E54FEFD0CF939387A9
:10878C00811A83C70700138717009376F70F138797
:10879C00811A2300D700138701618A07BA979C437B
:1087AC003E85EF60704A2A87AE873A86BE8617856B
:1087BC0000001305254DEFD00F908357E4FE890779
:1087CC002317F4FEF9A9938541A117850000130521
:1087DC00654AEFD04F8E9387811A83C707001387A2
:1087EC0017009376F70F1387811A2300D70013878E
:1087FC0001618A07BA979C433E85EF60F0442A8753
:10880C00AE873A86BE86178500001305A547EFD0C4
:10881C008F8A8357E4FE89072317F4FE59A19385A9
:10882C0001A2178500001305E544EFD0CF8893878C
:10883C00811A83C70700138717009376F70F1387E6
:10884C00811A2300D700138701618A07BA979C43CA
:10885C003E85EF60703F2A87AE873A86BE861785C5
:10886C00000013052542EFD00F858357E4FE8907DE
:10887C002317F4FE3DA1938501981785000013057D
:10888C00653FEFD04F839387811A83C70700138707
:10889C0017009376F70F1387811A2300D7001387DD
:1088AC0001618A07BA979C433E85EF60F0392A87AD
:1088BC00AE873A86BE86178500001305A53CEFC02F
:1088CC009FFF8357E4FE89072317F4FED9AE9385E7
:1088DC008198178500001305E539EFC0DFFD9387FC
:1088EC00811A83C70700138717009376F70F138736
:1088FC00811A2300D700138701618A07BA979C431A
:10890C003E85EF6070342A87AE873A86BE8617851F
:10891C00000013052537EFC01FFA8357E4FE8907C3
:10892C002317F4FEBDAE938501991785000013053E
:10893C006534EFC05FF89387811A83C707001387EC
:10894C0017009376F70F1387811A2300D70013872C
:10895C0001618A07BA979C433E85EF60F02E2A8707
:10896C00AE873A86BE86178500001305A531EFC089
:10897C009FF48357E4FE89072317F4FE1DA6938505
:10898C008199178500001305E52EEFC0DFF2938760
:10899C00811A83C70700138717009376F70F138785
:1089AC00811A2300D700138701618A07BA979C4369
:1089BC003E85EF6070292A87AE873A86BE8617857A
:1089CC0000001305252CEFC01FEF8357E4FE890729
:1089DC002317F4FEF9A49385019A1785000013055B
:1089EC006529EFC05FED9387811A83C70700138752
:1089FC0017009376F70F1387811A2300D70013877C
:108A0C0001618A07BA979C433E85EF60F0232A8761
:108A1C00AE873A86BE86178500001305A526EFC0E3
:108A2C009FE98357E4FE89072317F4FE9DAC9385D9
:108A3C00819A178500001305E523EFC0DFE79387C4
:108A4C00811A83C70700138717009376F70F1387D4
:108A5C00811A2300D700138701618A07BA979C43B8
:108A6C003E85EF60701E2A87AE873A86BE861785D4
:108A7C00000013052521EFC01FE48357E4FE89078E
:108A8C002317F4FE39AC9385C1A21785000013059A
:108A9C00651EEFC05FE29387811A83C707001387B7
:108AAC0017009376F70F1387811A2300D7001387CB
:108ABC0001618A07BA979C433E85EF60F0182A87BC
:108ACC00AE873A86BE86178500001305A51BEFC03E
:108ADC009FDE8357E4FE89072317F4FED9A2938502
:108AEC0081A3178500001305E518EFC0DFDC938721
:108AFC00811A83C70700138717009376F70F138724
:108B0C00811A2300D700138701618A07BA979C4307
:108B1C003E85EF6070132A87AE873A86BE8617852E
:108B2C00000013052516EFC01FD98357E4FE8907F3
:108B3C002317F4FEBDA2938541A4178500001305ED
:108B4C006513EFC05FD79387811A83C7070013871C
:108B5C0017009376F70F1387811A2300D70013871A
:108B6C0001618A07BA979C433E85EF60F00D2A8716
:108B7C00AE873A86BE86178500001305A510EFC098
:108B8C009FD38357E4FE89072317F4FE19AA938514
:108B9C00019B178500001305E50DEFC0DFD193870E
:108BAC00811A83C70700138717009376F70F138773
:108BBC00811A2300D700138701618A07BA979C4357
:108BCC003E85EF6070082A87AE873A86BE86178589
:108BDC0000001305250BEFC01FCE8357E4FE890759
:108BEC002317F4FE7DA89385819B17850000130540
:108BFC006508EFC05FCC9387811A83C70700138782
:108C0C0017009376F70F1387811A2300D700138769
:108C1C0001618A07BA979C433E85EF60F0022A8770
:108C2C00AE873A86BE86178500001305A505EFC0F2
:108C3C009FC88357E4FE89072317F4FE9DA09385F4
:108C4C00019C178500001305E502EFC0DFC6938772
:108C5C00811A83C70700138717009376F70F1387C2
:108C6C00811A2300D700138701618A07BA979C43A6
:108C7C003E85EF60607D2A87AE873A86BE86178573
:108C8C00000013052500EFC01FC38357E4FE8907BE
:108C9C002317F4FE39A017850000130525FFEFC03C
:108CAC009FC18347D4FEFD17A306F4FE8347D4FE71
:108CBC00E39B079401000100F2406244056182804D
:108CCC00011106CE22CC0010AA872E87A307F4FE32
:108CDC00BA872307F4FE8347F4FE11476387E71C2A
:108CEC001147634AF7240D47638AE7120D47634423
:108CFC00F72405476386E7000947638AE70825AC34
:108D0C000347E4FE85476311F7041785000013053C
:108D1C00A50CEFC05FBA178500001305E50CEF003A
:108D2C003024930540061305800CEFD0CFC3178574
:108D3C0000001305650CEF00B0229305401F1305CE
:108D4C00401FEFD04FC2D5AA8347E4FE6397071E9E
:108D5C00178500001305050BEFC0FFB51785000044
:108D6C0013058508EF00D01F930540061305800CF2
:108D7C00EFD06FBF178500001305050AEF00501EDA
:108D8C009305401F1305401FEFD0EFBD7DA2034795
:108D9C00E4FE85476311F704178500001305850869
:108DAC00EFC07FB11785000013050504EF00501BC1
:108DBC00930540061305800CEFD0EFBA1785000021
:108DCC0013054507EF00D0199305401F1305401FED
:108DDC00EFD06FB9ADA28347E4FE639207161785F7
:108DEC0000001305E505EFC01FAD17850000130546
:108DFC00A5FFEF00F016930540061305800CEFD08D
:108E0C008FB6178500001305E504EF007015930568
:108E1C00401F1305401FEFD00FB515A20347E4FE0A
:108E2C0085476311F7041785000013056503EFC030
:108E3C009FA817850000130525FBEF007012930502
:108E4C0040061305800CEFD00FB2178500001305F8
:108E5C002502EF00F0109305401F1305401FEFD0C3
:108E6C008FB0C5A08347E4FE639D070C17850000F7
:108E7C001305C500EFC03FA4178500001305C5F608
:108E8C00EF00100E930540061305800CEFD0AFAD2C
:108E9C00178500001305C5FFEF00900C9305401FCC
:108EAC001305401FEFD02FAC69A80347E4FE85479C
:108EBC006311F70417850000130545FEEFC0BF9F33
:108ECC0017850000130545F2EF0090099305400645
:108EDC001305800CEFD02FA917850000130505FD95
:108EEC00EF0010089305401F1305401FEFD0AFA7EC
:108EFC0099A88347E4FEA1EB178500001305C5FB79
:108F0C00EFC07F9B17850000130505EEEF005005A1
:108F1C00930540061305800CEFD0EFA417850000D5
:108F2C001305C5FAEF00D0039305401F1305401F2E
:108F3C00EFD06FA309A8010001A8010031A0010026
:108F4C0021A0010011A001000100F2406244056162
:108F5C008280011106CE22CC0010AA872E87A3078F
:108F6C00F4FEBA872307F4FE8347F4FE11476386A9
:108F7C00E7121147634FF7160D476384E70C0D4753
:108F8C006349F71605476386E7000947638FE704D3
:108F9C008DA20347E4FECD476317F7048347F4FE25
:108FAC000347E4FE3A86BE85178500001305C5F21B
:108FBC00EFC07F9017850000130505E3EF00407AA2
:108FCC00930540061305800CEFD0EF991785000030
:108FDC00130585F2EF00C0789305401F1305401F61
:108FEC00EFD06F9811A0010031A20347E4FECD47EA
:108FFC006317F7048347F4FE0347E4FE3A86BE8505
:10900C0017850000130545EDEFC0FF8A178500009A
:10901C00130585DDEF00C074930540061305800C25
:10902C00EFD06F94178500001305C5EDEF0040736A
:10903C009305401F1305401FEFD0EF9211A00100C4
:10904C0055A80347E4FECD476317F7048347F4FEA6
:10905C000347E4FE3A86BE85178500001305C5E775
:10906C00EFC07F8517850000130505D8EF00406F12
:10907C00930540061305800CEFD0EF8E178500008A
:10908C00130505E9EF00C06D9305401F1305401F44
:10909C00EFD06F8D11A00100B1A80347E4FECD47BE
:1090AC006317F7048347F4FE0347E4FE3A86BE8554
:1090BC0017850000130545E2EFC0EFFF1785000090
:1090CC00130585D2EF00C069930540061305800C8B
:1090DC00EFD06F8917850000130545E4EF00406859
:1090EC009305401F1305401FEFD0EF8711A001001F
:1090FC0011A001000100F24062440561828001115F
:10910C0006CE22CC0010AA872E87A307F4FEBA87BE
:10911C002307F4FE8347F4FE11476381E7221147CE
:10912C006342F72C0D476386E7160D47634CF72A0D
:10913C0005476386E70009476388E70A65A4034788
:10914C00E4FE85476318F704178500001305C5DD99
:10915C00EFC06FF617850000130585DEEF00102AAF
:10916C0013054006EF105045178500001305C5C8C0
:10917C00EF00D02813054006EF101044938781EFC1
:10918C009C47E9453E85EFC09F8713054006EF10CD
:10919C00B04299AC8347E4FE63980724178500001E
:1091AC00130585DBEFC02FF117850000130545D99A
:1091BC00EF00D02413054006EF1010401785000077
:1091CC00130585C5EF00902313054006EF10D03E24
:1091DC00938781EF9C47E9453E85EFC05F8213057D
:1091EC004006EF10703D09A40347E4FE8547631861
:1091FC00F704178500001305A5D7EFC0CFEB178533
:10920C0000001305E5D3EF00701F13054006EF10A7
:10921C00B03A178500001305E5C1EF00301E1305A9
:10922C004006EF107039938781EF9C47E9453E85E6
:10923C00EFC0EFFC13054006EF10103845AA83472A
:10924C00E4FE6395071A178500001305E5D3EFC0FC
:10925C008FE6178500001305A5CEEF00301A130515
:10926C004006EF107035178500001305A5BEEF0002
:10927C00F01813054006EF103034938781EF9C47AC
:10928C00E9453E85EFC0AFF713054006EF10D0322D
:10929C00B1AA0347E4FE85476318F704178500005D
:1092AC00130505D0EFC02FE117850000130545C944
:1092BC00EF00D01413054006EF1010301785000096
:1092CC00130505BBEF00901313054006EF10D02ECD
:1092DC00938781EF9C47E9453E85EFC04FF213051C
:1092EC004006EF10702D29A28347E4FE639207100D
:1092FC0017850000130545CCEFC0EFDB1785000088
:10930C00130505C4EF00900F13054006EF10D02A8B
:10931C00178500001305C5B7EF00500E1305400666
:10932C00EF109029938781EF9C47E9453E85EFC06C
:10933C000FED13054006EF1030285DA80347E4FE3F
:10934C0085476318F70417850000130565C8EFC03F
:10935C008FD6178500001305A5BEEF00300A130544
:10936C004006EF10702517850000130525B4EF009B
:10937C00F00813054006EF103024938781EF9C47CB
:10938C00E9453E85EFC0AFE713054006EF10D0224C
:10939C0095A08347E4FEB9EF178500001305C5C4FB
:1093AC00EFC06FD117850000130585B9EF001005CC
:1093BC0013054006EF10502017850000130505B16A
:1093CC00EF00D00313054006EF10101F938781EFB9
:1093DC009C47E9453E85EFC08FE213054006EF1030
:1093EC00B01D09A8010001A8010031A0010021A0B5
:1093FC00010011A001000100F2406244056182806D
:10940C00011106CE22CC0010AA872E87A307F4FEEA
:10941C00BA872307F4FE8347F4FE11476389E712EA
:10942C0011476343F7180D476386E70C0D47634DEF
:10943C00F71605476386E70009476380E706ADA288
:10944C000347E4FECD476318F704178500001305A6
:10945C0025BBEFC04FC617850000130565AEEF00A6
:10946C00E07913054006EF10301517850000130541
:10947C00A5A8EF00A07813054006EF10F013938712
:10948C0081EF9C47E9453E85EFC06FD71305400639
:10949C00EF10901211A0010009AA0347E4FECD477A
:1094AC006318F704178500001305C5B6EFC0AFC0ED
:1094BC00178500001305C5A8EF004074130540067E
:1094CC00EF10900F178500001305C5A3EF00007374
:1094DC0013054006EF10500E938781EF9C47E9452A
:1094EC003E85EFC0CFD113054006EF10F00C11A054
:1094FC00010065A80347E4FECD476318F704178500
:10950C000000130565B2EFC00FBB178500001305F3
:10951C0025A3EF00A06E13054006EF10F009178588
:10952C0000001305E59EEF00606D13054006EF107B
:10953C00B008938781EF9C47E9453E85EFC02FCC5F
:10954C0013054006EF10500711A00100B9A80347FE
:10955C00E4FECD476318F70417850000130505AE2C
:10956C00EFC06FB5178500001305859DEF000069EE
:10957C0013054006EF105004178500001305059ADB
:10958C00EF00C06713054006EF101003938781EFBF
:10959C009C47E9453E85EFC08FC613054006EF108A
:1095AC00B00111A0010011A001000100F2406244C1
:1095BC0005618280011122CE0010232604FE31A009
:1095CC008327C4FE85072326F4FE0327C4FEE16728
:1095DC009387076AE3D6E7FE010001007244056138
:1095EC008280011122CE0010232604FE31A0832795
:1095FC00C4FE85072326F4FE0327C4FEB797040098
:10960C009387073EE3D5E7FE010001007244056134
:10961C008280411106C622C400081785000013057C
:10962C0025A3EFC04FA9178500001305E5A38D28CE
:10963C009305401F1305401FEFC0FFB21385415423
:10964C007122178500001305A5A299289305200304
:10965C0013052003EFC03FB113854154852A1785AC
:10966C000000130525A12D289305200313052003C5
:10967C00EFC07FAF13854154912A17850000130565
:10968C00E59F39289305200313052003EFC0BFADD8
:10969C0013854154252A0100B240224441018280A5
:1096AC00011106CE22CC00102326A4FE0DA0938718
:1096BC0081EF98478327C4FE83C70700BE853A8590
:1096CC00EFC0EFB38327C4FE85072326F4FE832760
:1096DC00C4FE83C70700E1FF938781EF9C47B54524
:1096EC003E85EFC0CFB1938781EF9C47A9453E855E
:1096FC00EFC0EFB081473E85F24062440561828045
:10970C00011106CE22CC00102326A4FE0DA09387B7
:10971C0081EF98478327C4FE83C70700BE853A852F
:10972C00EFC0EFAD8327C4FE85072326F4FE832705
:10973C00C4FE83C70700E1FF938781EF9C47B545C3
:10974C003E85EFC0CFAB938781EF9C47A9453E8503
:10975C00EFC0EFAA81473E85F240624405618280EA
:10976C00011106CE22CC00102326A4FE0DA0938757
:10977C0081EFD8438327C4FE83C70700BE853A8593
:10978C00EFC0EFA78327C4FE85072326F4FE8327AB
:10979C00C4FE83C70700E1FF938781EFDC43B54527
:1097AC003E85EFC0CFA5938781EFDC43A9453E856D
:1097BC00EFC0EFA49305C0121305C012EFC0BF9AFF
:1097CC0081473E85F240624405618280797106D6FC
:1097DC0022D40018232EA4FC8327C4FD2326F4FED8
:1097EC008327C4FD2322F4FE232404FE41A893877F
:1097FC0081EF9C47130704FEBA853E85EFC00FA886
:10980C00832704FE13F7F70F8327C4FE2380E7009A
:10981C008327C4FE85072326F4FE8327C4FE2380FA
:10982C000700978500009385E585032544FEEF60CE
:10983C00C02BAA8799CB832544FE178500001305FE
:10984C00A584EFC04F87814799A897850000938521
:10985C002585032544FEEF604029AA8799CB8325F3
:10986C0044FE1785000013052582EFC0CF84814785
:10987C003DA0832784FE85072324F4FE032784FE62
:10988C009307500CE3D5E7F68327C4FE238007002B
:10989C001785000013054581EFC0EF8185473E8594
:1098AC00B250225445618280411106C622C4000880
:1098BC00177500001305457BE5339305803E1305B2
:1098CC00803EEFC05F8A138541540937177500003D
:1098DC001305857EEFB03FFE177500001305457E1E
:1098EC00C1339305200313052003EFC0DF871385D5
:1098FC004154E93D177500001305457DEFB0BFFBE2
:10990C00177500001305057D613B138541547D3DA2
:10991C00177500001305C57CEFB0FFF91775000033
:10992C001305857CB53B138541544D3517750000E7
:10993C001305C57CEFB03FF80100B2402244410151
:10994C008280411106C622C40008014793064006D6
:10995C00177600001306067B81450945EFD0DFEF33
:10996C001775000013054570E53B177500001305CE
:10997C00A57AEFB05FF41145EFC04FC61775000024
:10998C001305456FF13B1775000013056579EFB0B2
:10999C009FF29305401F1305401FEFC0CFFC1775B6
:1099AC0000001305E5716D3B93052003130520039F
:1099BC00EFC06FFB17750000130545775533930502
:1099CC00200313052003EFC00FFA177500001305D1
:1099DC00257879331775000013054578EFB0BFED86
:1099EC009305401F1305401FEFC0EFF717750000DC
:1099FC0013054578B533177500001305A578EFB03E
:109A0C009FEB9305401F1305401FEFC0CFF5177553
:109A1C0000001305256CA933177500001305456C60
:109A2C00EFB07FE99305401F1305401FEFC0AFF364
:109A3C00177500001305456B2533177500001305CA
:109A4C00E56BEFB05FE79305401F1305401FEFC0B8
:109A5C008FF1177500001305657419331775000025
:109A6C0013058574EFB03FE59305401F1305401FA8
:109A7C00EFC06FEF01479306400617760000130600
:109A8C00E67381450945EFD03FDD0100B240224429
:109A9C0041018280011106CE22CC00102326A4FEA7
:109AAC00977500009385C5720325C4FEEF60E00333
:109ABC00AA8791CB8325C4FE177500001305C571C9
:109ACC00EFB07FDF25A8977500009385657203259D
:109ADC00C4FEEF608001AA8791CB8325C4FE177565
:109AEC00000013056571EFB01FDD09A88325C4FEC6
:109AFC00177500001305C571EFB0FFDB0100F240D4
:109B0C00624405618280411106C622C400080147E7
:109B1C0093064006177600001306467181450945E9
:109B2C00EFD09FD31775000013058554C12813057A
:109B3C004006EF106028177500001305A5537D280B
:109B4C0013054006EF104027177500001305456FED
:109B5C00752013054006EF1020261775000013051D
:109B6C00E56E692813054006EF10002517750000F7
:109B7C001305056F612013054006EF10E023014724
:109B8C009306400617760000130646638145094587
:109B9C00EFD09FCC0100B2402244410182800111E0
:109BAC0006CE22CC00102326A4FE0DA0938781EFB5
:109BBC00D8438327C4FE83C70700BE853A85EFB020
:109BCC001FE48327C4FE85072326F4FE8327C4FEE7
:109BDC0083C70700E1FF938781EFDC43B5453E85E2
:109BEC00EFB0FFE1938781EFDC43A9453E85EFB0F1
:109BFC001FE10100F240624405618280011106CE32
:109C0C0022CC00102326A4FE0DA0938781EF984749
:109C1C008327C4FE83C70700BE853A85EFB03FDEBD
:109C2C008327C4FE85072326F4FE8327C4FE83C73F
:109C3C000700E1FF938781EF9C47B5453E85EFB068
:109C4C001FDC938781EF9C47A9453E85EFB03FDB36
:109C5C000100F240624405618280411122C6000875
:109C6C00EDA29387B19E83C707003E879387416619
:109C7C00BA9703C70700B5476317F7189387B19EC8
:109C8C0083C70700850713F7F70F9387B19E2380CF
:109C9C00E7009387B19E03C707009307400663F65E
:109CAC00E7009387B19E238007009387D19E83C7DB
:109CBC000700FD1713F7F70F9387D19E2380E7005A
:109CCC009387B19E83C707003E8793874166BA97F7
:109CDC0003C70700A9476315F70E9387B19E83C787
:109CEC000700850713F7F70F9387B19E2380E700D2
:109CFC009387B19E03C707009307400663F6E700FE
:109D0C009387B19E238007009387D19E83C707005A
:109D1C00FD1713F7F70F9387D19E2380E700A5A0BB
:109D2C009387919E83C707003E869387A19E83C726
:109D3C000700138717009376F70F1387A19E230054
:109D4C00D700BE8693874166B29703C707009387F7
:109D5C004113B6972380E7009387919E83C7070032
:109D6C00850713F7F70F9387919E2380E70093875E
:109D7C00919E03C707009307400663F6E70093879D
:109D8C00919E238007009387919E03C707009387BA
:109D9C00B19E83C70700E315F7F89387A19E83C78D
:109DAC0007003E8793874113BA9723800700938758
:109DBC00A19E238007009387412B054798C371A868
:109DCC009387B19E83C70700850713F7F70F938717
:109DDC00B19E2380E7009387B19E03C707009307CA
:109DEC00400663F6E7009387B19E238007009387B4
:109DFC00D19E83C70700FD1713F7F70F9387D19EEA
:109E0C002380E70099A09387B19E83C7070085073D
:109E1C0013F7F70F9387B19E2380E7009387B19ECA
:109E2C0003C707009307400663F6E7009387B19ECC
:109E3C00238007009387D19E83C70700FD1713F774
:109E4C00F70F9387D19E2380E7009387D19E03C79A
:109E5C0007008547E3E7E7E00100010032444101D8
:109E6C008280411122C60008EDA29387419F83C7CF
:109E7C0007003E879387812BBA9703C70700B54726
:109E8C006317F7189387419F83C70700850713F75C
:109E9C00F70F9387419F2380E7009387419F03C768
:109EAC0007009307A00F63F6E7009387419F238079
:109EBC0007009387519F83C70700FD1713F7F70F10
:109ECC009387519F2380E7009387419F83C70700A7
:109EDC003E879387812BBA9703C70700A947631561
:109EEC00F70E9387419F83C70700850713F7F70F7A
:109EFC009387419F2380E7009387419F03C7070007
:109F0C009307A00F63F6E7009387419F2380070018
:109F1C009387519F83C70700FD1713F7F70F93879C
:109F2C00519F2380E700A5A09387119F83C707004B
:109F3C003E869387219F83C707001387170093766C
:109F4C00F70F1387219F2300D700BE869387812BA1
:109F5C00B29703C707009387816CB6972380E700FD
:109F6C009387119F83C70700850713F7F70F938714
:109F7C00119F2380E7009387119F03C70700930766
:109F8C00A00F63F6E7009387119F23800700938748
:109F9C00119F03C707009387419F83C70700E315F1
:109FAC00F7F89387219F83C707003E879387816CBF
:109FBC00BA97238007009387219F238007009387FC
:109FCC00C160054798C371A89387419F83C7070059
:109FDC00850713F7F70F9387419F2380E70093873B
:109FEC00419F03C707009307A00F63F6E700938711
:109FFC00419F238007009387519F83C70700FD175C
:10A00C0013F7F70F9387519F2380E70099A093874D
:10A01C00419F83C70700850713F7F70F9387419F6D
:10A02C002380E7009387419F03C707009307A00F86
:10A03C0063F6E7009387419F238007009387519F26
:10A04C0083C70700FD1713F7F70F9387519F2380E2
:10A05C00E7009387519F03C707008547E3E7E7E0D5
:10A06C0001000100324441018280411122C60008E6
:10A07C00EDA29387B19F83C707003E879387C11AD0
:10A08C00BA9703C70700B5476317F7189387B19FB3
:10A09C0083C70700850713F7F70F9387B19F2380BA
:10A0AC00E7009387B19F03C707009307A00F63F6E0
:10A0BC00E7009387B19F238007009387C19F83C7D5
:10A0CC000700FD1713F7F70F9387C19F2380E70055
:10A0DC009387B19F83C707003E879387C11ABA97AE
:10A0EC0003C70700A9476315F70E9387B19F83C772
:10A0FC000700850713F7F70F9387B19F2380E700BD
:10A10C009387B19F03C707009307A00F63F6E7007F
:10A11C009387B19F238007009387C19F83C7070054
:10A12C00FD1713F7F70F9387C19F2380E700A5A0B6
:10A13C009387819F83C707003E869387919F83C730
:10A14C000700138717009376F70F1387919F23004F
:10A15C00D700BE869387C11AB29703C707009387AF
:10A16C000143B6972380E7009387819F83C707003D
:10A17C00850713F7F70F9387819F2380E700938759
:10A18C00819F03C707009307A00F63F6E70093872F
:10A19C00819F238007009387819F03C707009387C4
:10A1AC00B19F83C70700E315F7F89387919F83C787
:10A1BC0007003E8793870143BA9723800700938754
:10A1CC00919F238007009387C13B054798C371A8D3
:10A1DC009387B19F83C70700850713F7F70F938702
:10A1EC00B19F2380E7009387B19F03C707009307B4
:10A1FC00A00F63F6E7009387B19F23800700938736
:10A20C00C19F83C70700FD1713F7F70F9387C19FF3
:10A21C002380E70099A09387B19F83C70700850728
:10A22C0013F7F70F9387B19F2380E7009387B19FB4
:10A23C0003C707009307A00F63F6E7009387B19F4E
:10A24C00238007009387C19F83C70700FD1713F76F
:10A25C00F70F9387C19F2380E7009387C19F03C7A4
:10A26C0007008547E3E7E7E00100010032444101C4
:10A27C008280411106C622C400086545EFC0AFFDBF
:10A28C009387410C170700001307C705F8D3177500
:10A29C0000001305A5FDEFB00FE2A14273A0023040
:10A2AC0085629382028073A04230F3270030F3273B
:10A2BC004030F3274034938781EF9C4391453E8592
:10A2CC00EFB0AFF10545EFB07FB117750000130586
:10A2DC0025FBEFB04FDE0100B240224441018280E9
:10A2EC00411122C6000875A0938781EF9C439C47BF
:10A2FC0013F7F70F9387011A2380E7009387C19E0A
:10A30C0083C70700BE869387011A03C7070093878C
:10A31C004166B6972380E7009387C19E83C70700E9
:10A32C00850713F7F70F9387C19E2380E700938768
:10A33C00C19E03C707009307400663F6E7009387A7
:10A34C00C19E238007009387D19E83C70700850792
:10A35C0013F7F70F9387D19E2380E7009387D19E45
:10A36C0003C707009307400663FDE7009387D19E60
:10A37C00130740062380E7009387E19E054723805F
:10A38C00E7009387D19E03C707009387F19E238034
:10A39C00E700938781EF9C4383C7C700918BA9F794
:10A3AC0001000100324441018280411106C622C4E1
:10A3BC0000086945EFC02FEA9387410C170700008E
:10A3CC001307C705B8D717750000130525EAEFB0BA
:10A3DC008FCEA14273A0023085629382028073A05B
:10A3EC004230F3270030F3274030F3274034938773
:10A3FC0081EFDC4391453E85EFB02FDE0545EFB094
:10A40C00FF9D177500001305A5E7EFB0CFCA01003B
:10A41C00B240224441018280411122C600084DA85D
:10A42C00938781EFDC439C4713F7F70F9787000066
:10A43C00938747602380E7009387319F83C707008A
:10A44C00BE86978700009387E75E03C70700938754
:10A45C00812BB6972380E7009387319F83C7070032
:10A46C00850713F7F70F9387319F2380E7009387B6
:10A47C00319F03C707009307A00F63F6E70093878C
:10A48C00319F238007009387519F83C7070085075F
:10A49C0013F7F70F9387519F2380E7009387519F02
:10A4AC0003C707009307A00F63FCE7009387519F36
:10A4BC0069572380E7009387C12A05472380E7006B
:10A4CC009387519F03C707009387619F2380E70001
:10A4DC00938781EFDC4383C7C700918BB1F30100F5
:10A4EC000100324441018280011106CE22CC26CAE1
:10A4FC000010A30704FE9387813B83D7070093F7D3
:10A50C00F70F860793F7F70F950713F7F70F938756
:10A51C00A13B2380E700230704FE232404FE8D4780
:10A52C00A301F4FEA30004FE232404FE35A89387A4
:10A53C0081EFDC439447832784FE13871700232481
:10A54C00E4FE13F7F60F93864154B6972380E70089
:10A55C00938781EFDC4383C7C700918BE9FB83278B
:10A56C0084FE85072324F4FE9387A13B83C7070051
:10A57C003E87832784FEE3CDE7FC85472301F4FE69
:10A58C00232404FE5DA08347E4FE13874154BA974D
:10A59C0083C707002300F4FE8347E4FE85072307E7
:10A5AC00F4FE032784FE894763DCE7069387A13B0F
:10A5BC0083C70700F917032784FE6353F706034785
:10A5CC0004FE834734FE8E07B317F7003E878327BC
:10A5DC0044FED98F2322F4FE834734FE1387F7FF02
:10A5EC00A301E4FE95EF832644FE8347F4FE138714
:10A5FC001700A307E4FEBE843685EFD0CFEBAA8606
:10A60C001387016193972400BA9794C3232204FE05
:10A61C008D47A301F4FE834724FE85072301F4FE36
:10A62C00832784FE85072324F4FE9387A13B83C7ED
:10A63C0007003E87832784FEE3C7E7F49387D12A7C
:10A64C0083C707001397070141839387015483C77E
:10A65C000700BE853A85EFD0FFF81775000013058B
:10A66C00E5C2EFB04FA5938781EFDC433E85EFB099
:10A67C00AFCEB7050040B707040013858710EFB0C5
:10A68C005FB69387013C238007000100F2406244CF
:10A69C00D24405618280411106C622C400086D4572
:10A6AC00EFC06FBB9387410C170700001307A7057A
:10A6BC00F8D717750000130525C0EFB0CF9FA14246
:10A6CC0073A0023085629382028073A04230F3271C
:10A6DC000030F3274030F327403417750000130582
:10A6EC00E5BEEFB04F9DEFE0FFEC938781EF9C4709
:10A6FC0091453E85EFB06FAE0100B240224441015E
:10A70C008280411122C600086DA0938781EF9C477F
:10A71C009C4713F7F70F938711542380E700938717
:10A72C00A19F83C70700BE869387115403C70700F8
:10A73C009387C11AB6972380E7009387A19F83C79D
:10A74C000700850713F7F70F9387A19F2380E70076
:10A75C009387A19F03C707009307A00F63F6E70039
:10A76C009387A19F238007009387C19F83C707000E
:10A77C00850713F7F70F9387C19F2380E700938713
:10A78C00C19F03C707009307A00F63FCE7009387E3
:10A79C00C19F69572380E700938781530547238026
:10A7AC00E7009387C19F03C707009387D19F23803E
:10A7BC00E700938781EF9C4783C7C700918BB1F764
:10A7CC0001000100324441018280397106DE22DC35
:10A7DC00800017750000130565B0EFB0CF8D93871F
:10A7EC00411A23A007000100938781EF9C4783C780
:10A7FC00C700918BF5DB0DA8938781EF9C479047A1
:10A80C009387319F83C70700138717009376F70F41
:10A81C001387319F2300D700BE861377F60F9387DB
:10A82C00812BB6972380E700938781EF9C4783C7E2
:10A83C00C700918BF1F397750000938565AB138579
:10A84C00812BEF50802AAA87638607221775000098
:10A85C00130585AAEFB02F869387413C094798C30F
:10A86C00232604FE232404FE3DA0032784FE930725
:10A87C0017002324F4FE8327C4FE93861700232697
:10A88C00D4FE9386812B369703470700930604FF6B
:10A89C00B6972384E7FE1387812B832784FEBA9710
:10A8AC0003C707009307C002E311F7FC832784FE5C
:10A8BC0085072324F4FE8327C4FE85072326F4FE94
:10A8CC008327C4FE130704FFBA97238407FE2326AD
:10A8DC0004FE3DA0032784FE930717002324F4FEF7
:10A8EC008327C4FE938617002326D4FE9386812BE0
:10A8FC00369703470700930604FFB697238EE7FCB1
:10A90C001387812B832784FEBA9703C7070093070D
:10A91C00A003E311F7FC832784FE85072324F4FEB0
:10A92C008327C4FE85072326F4FE8327C4FE130762
:10A93C0004FFBA97238E07FC232604FE3DA00327B1
:10A94C0084FE930717002324F4FE8327C4FE93860A
:10A95C0017002326D4FE9386812B369703470700D6
:10A96C00930604FFB6972388E7FC1387812B832774
:10A97C0084FEBA9783C70700F9F3832784FE850703
:10A98C002324F4FE8327C4FE85072326F4FE8327A5
:10A99C00C4FE130704FFBA97238807FC232604FE82
:10A9AC00930604FC1307C4FC930784FD3A86BE850A
:10A9BC00177500001305C595EFA0FFEF834704FC46
:10A9CC00130730036383E70C130730036341F70C61
:10A9DC00130710036387E70013072003638BE70A51
:10A9EC007DA0834724FC130740036388E706130705
:10A9FC004003634FF706130730036385E70413071F
:10AA0C0030036347F706130710036387E700130748
:10AA1C002003638EE700A9A8177500001305C590E5
:10AA2C00EFA07FE99387413B054798C399A0177521
:10AA3C00000013056590EFA01FE89387413B094781
:10AA4C0098C305A81775000013050590EFA0BFE685
:10AA5C009387413B0D4798C329A817750000130530
:10AA6C00A58FEFA05FE59387413B114798C311A0D9
:10AA7C0001000DA09387413C054798C31775000052
:10AA8C001305858EEFA03FE331A0010021A001004A
:10AA9C0011A00100177500001305C58DEFA0BFE1D3
:10AAAC009387319F83C70700850713F7F70F9387A9
:10AABC00319F2380E7009387319F03C707009307DB
:10AACC00A00F63F6E7009387319F238007009387DD
:10AADC00519F83C70700850713F7F70F9387519F83
:10AAEC002380E7009387519F03C707009307A00FAC
:10AAFC0063FCE7009387519F69572380E700938796
:10AB0C00C12A05472380E7009387519F03C707009D
:10AB1C009387619F2380E700232204FE25A01387DF
:10AB2C00812B832744FEBA9703C707009386816C59
:10AB3C00832744FEB6972380E700832744FE8507CE
:10AB4C002322F4FE032744FE9307F00FE3D9E7FC1E
:10AB5C009387319F238007009385812B1775000005
:10AB6C0013058582EFA03FD51306A00F81451385F1
:10AB7C00812BEF40F02C1775000013056582EFA0B8
:10AB8C009FD30100F250625421618280011122CEC8
:10AB9C0000109387419F83C707003E879387812BC3
:10ABAC00BA9783C70700A307F4FE9387419F83C717
:10ABBC000700850713F7F70F9387419F2380E70062
:10ABCC009387419F03C707009307A00F63F6E70025
:10ABDC009387419F238007009387519F83C707006A
:10ABEC0081CF9387519F83C70700FD1713F7F70F8A
:10ABFC009387519F2380E7008347F4FE3E85724480
:10AC0C0005618280797106D622D40018232EA4FC0B
:10AC1C001385816CEF40D034AA872324F4FE0327DC
:10AC2C0084FE9307900F63CAE7008325C4FD138548
:10AC3C00816CEF40906B2326A4FE8327C4FE3E85D7
:10AC4C00B250225445618280411106C622C40008CC
:10AC5C00176500001305C541EFE09FA41305200301
:10AC6C00A12A9385816C176500001305E575EFA08B
:10AC7C009FC41306A00F81451385816CEF40501CB7
:10AC8C000100B240224441018280011106CE22CC47
:10AC9C0000102326A4FE2324B4FE13052003292A26
:10ACAC0001A80325C4FEB93FAA8799C3854701A80B
:10ACBC00832784FE1387F7FF2324E4FEFDF33E85F0
:10ACCC00F240624405618280411106C622C400082C
:10ACDC009387411A9C436398070C9387413C984394
:10ACEC0089476317F708176500001305256FEFA058
:10ACFC009FBC9387413B984385476319F7001765C1
:10AD0C0000001305E56FEFA01FBB51A89387413BD3
:10AD1C00984389476319F700176500001305056F01
:10AD2C00EFA07FB9ADA89387413B98438D4763193A
:10AD3C00F700176500001305256EEFA0DFB785A09F
:10AD4C009387413B984391476319F70017650000BF
:10AD5C001305456DEFA03FB699A09387413B9C43EB
:10AD6C009DEF176500001305A56CEFA0DFB405A8D7
:10AD7C009387413C984385476319F700176500009A
:10AD8C001305056CEFA03FB319A89387413C9C4376
:10AD9C0099E7176500001305A56CEFA0DFB1938749
:10ADAC00413C23A007009387411A054798C3010033
:10ADBC00B240224441018280797122D60018232EA0
:10ADCC00A4FC8327C4FD2326F4FE29A89307C012F4
:10ADDC002324F4FE0100832784FE1387F7FF23242A
:10ADEC00E4FEF5FB8327C4FE1387F7FF2326E4FE5E
:10ADFC00F1FF01000100325445618280011106CE41
:10AE0C0022CC0010232604FEA1A00327C4FEBD47BC
:10AE1C0063CEE700054785461766000013064666B5
:10AE2C008325C4FE0545EFC03FA331A88327C4FE8C
:10AE3C00C117054785461766000013066664BE8574
:10AE4C000945EFC07FA18327C4FE85072326F4FEA6
:10AE5C000327C4FEF947E3DAE7FA01000100F240E8
:10AE6C00624405618280397106DE22DC80009387A2
:10AE7C0041969C431307500598C3EFC05FA2EFC0E7
:10AE8C009F99AD3F054793064006176600001306D1
:10AE9C00665F81450545EFC03F9C93050002B707EF
:10AEAC00040013858710EFC00F9CAA8763900714CA
:10AEBC00054793064006176600001306E65D8145BC
:10AECC000545EFC07F9901479306400617660000C1
:10AEDC001306C65D81450945EFC01F980D45EFA0CF
:10AEEC00FFEF054793064006176600001306465D04
:10AEFC0081450545EFC05F960147930640061766EE
:10AF0C0000001306265D81450945EFC0FF949305AB
:10AF1C000002B707040013858710EFC0CF94AA87EF
:10AF2C009DE3176500001305255CEFA0DF98014732
:10AF3C0093064006176600001306C65B814505455F
:10AF4C00EFC09F91E9B7C145B7070400138587107F
:10AF5C00EFC06F91AA879DE3176500001305C55AD2
:10AF6C00EFA07F9501479306400617660000130675
:10AF7C00665A81450545EFC03F8E51BF93050004CD
:10AF8C00B707040013858710EFC0EF8DAA879DE3E8
:10AF9C001765000013054559EFA0FF910147930673
:10AFAC004006176600001306E65881450545EFC0BC
:10AFBC00BF8AB1BF93050008B7070400138587103B
:10AFCC00EFC06F8AAA87A1F7176500001305C55754
:10AFDC00EFA07F8E0147930640061766000013060C
:10AFEC00665781450545EFC03F8715B717650000CB
:10AFFC0013058557EFA03F8C9387412B094798C3C6
:10B00C009387C160094798C39387C13B094798C38D
:10B01C009387013C23800700EFA07F8EEFB09F8FBA
:10B02C00EFF02FA5EFF06FB8EFF0EFE6938781EF1D
:10B03C00D8438967938507583A85EFA0FF95938786
:10B04C0081EF98478967938507583A85EFA0DF947D
:10B05C00938781EFDC433E85EFA01FB0938781EF90
:10B06C009C473E85EFA05FAFEFE0BF8D9305802539
:10B07C001305800CEFB02F8FEFE0FFA80545EFA074
:10B08C00FFD51306A00F81451385816CEF40405B03
:10B09C001306A00F81451385812BEF40605A1306D0
:10B0AC00A00F81451385C11AEF4080591306A00FDC
:10B0BC00814513850143EF40A05813064006814596
:10B0CC0013854113EF40C057130640068145138585
:10B0DC004166EF40E0561306400681451385C13C9E
:10B0EC00EF4000569387C15323A00700938781EF4D
:10B0FC009C433E85EFA05FA6938781EFDC433E85A2
:10B10C00EFA09FA5938781EF9C473E85EFA0DFA41E
:10B11C000545EFA0BFCC0547930640061766000017
:10B12C001306064681450545EFC00FF31765000071
:10B13C0013054546EFA02FF8232404FE8547232250
:10B14C00F4FE85472320F4FEEFE03FB19387412BBB
:10B15C00984385476314F72617650000130545448B
:10B16C00EFA06FF59385411317650000130545A0FB
:10B17C00EFA06FF497650000938505431385411389
:10B18C00EF40B016AA87638E070E01479306803EE8
:10B19C00176600001306C64181450945EFC0CFEB89
:10B1AC009387411383C76700130770076380E70811
:10B1BC00130770076349F70A13072007638FE7002B
:10B1CC00130720076341F70A130720056387E7007D
:10B1DC0013077005638CE70479A09387411383C729
:10B1EC007700938707FD2322F4FC9387411383C7D1
:10B1FC008700138707FDBA878A07BA9786073E87A9
:10B20C009387411383C79700938707FDBA97232031
:10B21C00F4FC832744FC93F7F70F032704FC137704
:10B22C00F70FBA853E85EFD0DFD23DA89387411347
:10B23C0083C77700938707FD2326F4FC938741137C
:10B24C0083C78700938707FD2324F4FC8327C4FC62
:10B25C0093F7F70F032784FC1377F70FBA853E8516
:10B26C00EFD01FA611A00100513E054793064006E2
:10B27C00176600001306C63081450545EFC0CFDDCB
:10B28C001DA2976500009385E53313854113EF40AC
:10B29C00D005AA876389071001479306803E17667D
:10B2AC0000001306A63281450945EFC0EFDA9387FB
:10B2BC00411383C76700130770076386E7081307FA
:10B2CC0070076345F70C13072007638FE70013071C
:10B2DC002007634DF70A130720056387E700130760
:10B2EC0070056382E7065DA0176500001305452F06
:10B2FC00EFA06FDC9387411383C77700938707FD1B
:10B30C00232AF4FC9387411383C78700138707FD17
:10B31C00BA878A07BA9786073E879387411383C7F4
:10B32C009700938707FDBA972328F4FC832744FDE5
:10B33C0093F7F70F032704FD1377F70FBA853E85B4
:10B34C00EFE00F8CA9A0176500001305652AEFA08C
:10B35C008FD69387411383C77700938707FD232EDE
:10B36C00F4FC9387411383C78700938707FD232C35
:10B37C00F4FC8327C4FD93F7F70F032784FD1377A1
:10B38C00F70FBA853E85EFD09FD711A00100BD34D1
:10B39C00054793064006176600001306661E814596
:10B3AC000545EFC06FCB130640068145138541134D
:10B3BC00EF4000299387412B094798C3EFE07FAA00
:10B3CC009387C16098438547631CF7061765000097
:10B3DC0013050523EFA02FCE9385816C1755000024
:10B3EC0013050579EFA02FCD976500009385C52136
:10B3FC001385816CEF40606FAA8785CB0147856709
:10B40C00938607FA176600001306862081450945C6
:10B41C00EFC08FC40547930640061766000013065D
:10B42C00261681450545EFC02FC31306A00F814595
:10B43C001385816CEF40C0209387C160094798C386
:10B44C00EFE0BFC29387C13B984385476310F72851
:10B45C00176500001305051DEFA0EFC5938501438B
:10B46C00175500001305C570EFA0EFC497650000D9
:10B47C00938545C113850143EF402067AA87639CE0
:10B48C000722976500009385A5C113850143EF4002
:10B49C00C065AA87639107229765000093850519FB
:10B4AC0013850143EF406064AA87B1CB232604FEC9
:10B4BC0029A8138701438327C4FEBA9783C70700C3
:10B4CC00138707FD9387016698C38327C4FE1387F0
:10B4DC0017002326E4FE13870143BA9703C707001E
:10B4EC009307C002E317F7FC1765000013058514DA
:10B4FC00EFE0CFF013052003EFF01F8C6DAA9765DA
:10B50C0000009385A51313850143EF40005EAA87C5
:10B51C0095CB176500001305E512EFA0CFB9938505
:10B52C000143176500001305A512EFA0CFB81765EE
:10B53C0000001305A5D1EFE06FEC13052003EFF02D
:10B54C00BF8795AA976500009385050C1385014369
:10B55C00EF40A059AA87A5CF176500001305850FEA
:10B56C00EFA06FB593850143176500001305450ED9
:10B57C00EFA06FB401478567938607FA1766000042
:10B58C001306060E81450945EFC00FAD054793061E
:10B59C004006176600001306A6FE81450545EFC060
:10B5AC00AFAB17650000130565CAEFE02FE5130577
:10B5BC002003EFF07F8001479306400617660000DA
:10B5CC001306C6BF81450945EFC00FA9EDA09765CD
:10B5DC0000009385250A13850143EF400051AA878B
:10B5EC00639B070C976500009385850913850143C0
:10B5FC00EF40A04FAA87A1C70547930640061766E0
:10B60C0000001306A60881450545EFC0EFA40147CD
:10B61C008567938687381766000013066608814590
:10B62C000945EFC06FA30547930640061766000057
:10B63C00130606F581450545EFC00FA2ADA8976529
:10B64C0000009385250713850143EF40004AAA8724
:10B65C00BDE3976500009385A50613850143EF4074
:10B66C00C048AA87A9CB0547930640061766000079
:10B67C001306C60581450545EFC00F9E014785673A
:10B68C0093868738176600001306860581450945A1
:10B69C00EFC08F9C17650000130585BCEFE00FD63B
:10B6AC0005479306400617660000130666ED8145B4
:10B6BC000545EFC06F9A1306A00F81451385014312
:10B6CC00EF3010789387C13B094798C3C145B70742
:10B6DC00040013858710EFB01F99AA8791EBEFE058
:10B6EC004FA69305803E1305800CEFA0DFA7A9BCE5
:10B6FC0093050002B707040013858710EFB0BF96BF
:10B70C00AA8799E7EFE02FC00545EFA02FED2DBCE0
:10B71C0093050004B707040013858710EFB0BF949E
:10B72C00AA87E39307A2176500001305A5FCEFA0F9
:10B73C008F98EFF0AFEC05479306400617660000B4
:10B74C00130606E481450545EFC00F910545EFA0B2
:10B75C00EFE8DDBA011122CC26CA4AC84EC652C443
:10B76C0056C206CEAA892E89B28436848D2203A7AE
:10B77C0001A0FD57AA8A2E8A630BF704268626851C
:10B78C00A286A285EF20F06739E14E864E85CA86E7
:10B79C00CA85EF20106749E54E85CA85014681466A
:10B7AC00EF20202621E12685A28501468146EF2047
:10B7BC00402535CD2685A285EF00F05609C9268592
:10B7CC00A28501468146EF20C034634C050AF24045
:10B7DC006244D2444249B2495685D285924A224AA1
:10B7EC00056182805685D285EF00F05321C95685BC
:10B7FC00D28501468146EF20C02071F94E85CA855D
:10B80C00EF00705269D52685A285EF00D05161D129
:10B81C00EF30B062930720021CC1814A014A45BF38
:10B82C002685A28501468146EF20A01D4DF1B7D794
:10B83C00008083AA879B03AAC79B51BF4E85CA85EC
:10B84C00EF00704E4DD52685A285EF00D04D45D129
:10B85C0056865685D286D285EF20B05A39E9EF301C
:10B86C00D05D9306200214C1014681464E85CA85DF
:10B87C00EF20202A6341050283AA018103AA41819A
:10B88C00B9B7EF30905B83AA818003AAC18093077C
:10B89C0010021CC12DBF2685A285EF00704A26869A
:10B8AC00A286EF20001669D983AA818003AAC180E1
:10B8BC0039BFEF30905893071002014681461CC1E6
:10B8CC00B6853285EF10903FAA8A2E8A09B7B70742
:10B8DC000080597193C7F7FFDEC6B3FBF60086D61E
:10B8EC00A2D4A6D2CAD0CECED2CCD6CADAC8E2C4A2
:10B8FC00E6C2EAC06EDE33E7CB0055C7B3F9B7003A
:10B90C00B707F07F2A8B2E8A2E8CAA8C63DB370329
:10B91C00B70710C0CE97B3E76701814AB705F03F70
:10B92C00D1EBB650265496540659F649664A464B06
:10B93C00B64B264C964C064DF25D5685D64A656143
:10B94C0082803684B2846384F906E3C377FDB7073B
:10B95C00F07F6381FB1C014963420C08D5ECB707EF
:10B96C00F07F6387FB14B707F03F6385FB16B707BF
:10B97C000040E303F414B707E03F631FF408634D82
:10B98C000C082654B65096540659F649D64AB64B6E
:10B99C00264C964C064DF25D5A85D285464B664A2E
:10B9AC0065616F00B01B814AB705F03F9DBF19E17F
:10B9BC00E3DF79F92654B65096540659F649664A8F
:10B9CC00D64A464BB64B264C964C064DF25D37D5B7
:10B9DC0000801305859765616F00F035B70740430C
:10B9EC0063DDFB12B707F03F63C7FB0293D74B41F4
:10B9FC00938717C05147E35AF70C13074003B3075B
:10BA0C00F74033D7F400B317F70063969700058B14
:10BA1C0009493309E940A1D85A85D285EF00503045
:10BA2C00AA8A63880C049357FA01FD173367F9004F
:10BA3C006307070E3707E0416358770F3707F0436A
:10BA4C0063547779B707F03F63D6F90A635104085A
:10BA5C0003A6818383A6C1833285B685EF20C015EA
:10BA6C00AA8AC1B55A85D285EF00902BAA8A639811
:10BA7C000C0A6389090093172A0089833707F03F62
:10BA8C00E393E7FA634B0406E35D0CE8B70710C0D9
:10BA9C00CE97B3E72701E39407085686AE86568502
:10BAAC00EF2000562A86AE86EF105021AA8A95BD4B
:10BABC00B70710C0CE97B3E76701E38607EEB70769
:10BACC00F03F63C3F96EA285814AE35C04E4814ACA
:10BADC00814581BDDA8AD285E35504E4B7D700806D
:10BAEC0003A5879B83A5C79B5A86D286EF10101D92
:10BAFC00AA8A05BDE34E80F4D9BF37D70080AE8744
:10BB0C000325879B8325C79B5686BE86EF10101B8B
:10BB1C00AA8A9DBFE38104E4E5BB094981B55A8635
:10BB2C005A85D286D285ADBF3707F07F337A47016D
:10BB3C000145631F0A0003A6018783A6418756852A
:10BB4C003EC0EF2060078247AA8AAE891305B0FC7D
:10BB5C00B705100013D649411387F5FFB7A60300AC
:10BB6C00B3F9E900130616C0370AF03F9386E6884E
:10BB7C003307A60033EA490163D03665B7B60B002C
:10BB8C009386966763D5367BB7DC008003A88C9BC5
:10BB9C0083A8CC9B0507330ABA40014B814B5A83CF
:10BBAC00DE83014C4286C6865685D2851AD41ED6B3
:10BBBC003AD23ED042C046C2EF208044024892485E
:10BBCC002E8E4286C686AA8DD2855685F28942C8AB
:10BBDC0046CAEF10A02F2A86AE8603A58C9B83A5A0
:10BBEC00CC9B014DEF10900D2A86AE862ACC2EC62A
:10BBFC006E85CE854EC0EF10307C93561A403706BA
:10BC0C000020D18E370E0800F296338E86012A8FD3
:10BC1C00F28601466A85AE897A8C72C4EF10D079AF
:10BC2C00AE8682452A866E85EF20803D224E4248A4
:10BC3C00D2482E8F4286F285C686AA8D01457AC0DF
:10BC4C00EF20003C2A86AE865685D285EF20403BFD
:10BC5C006A86CE86EF105076024F2A86AE866E85A7
:10BC6C00FA85EF20E039E24EB242814D7686968617
:10BC7C00EF109074AA882E886286CE866285CE8557
:10BC8C0046C042C4EF10507303A6818783A6C187B8
:10BC9C00AA8A2E8AEF10507203A6018883A64188C7
:10BCAC00EF10C0225686D286EF10107103A6818841
:10BCBC0083A6C188EF1080215686D286EF10D06FF4
:10BCCC0003A6018983A64189EF1040205686D286AF
:10BCDC00EF10906E03A6818983A6C189EF10001F17
:10BCEC005686D286EF10506D03A6018A83A6418A30
:10BCFC00EF10C01DAA882E885686D2865685D2850E
:10BD0C00C68A428AEF10506B2A86AE865685D2853B
:10BD1C00EF10906AAA8A2E8A6A86CE866285CE85B4
:10BD2C00EF10C01A0246A246EF1010695686D28652
:10BD3C00EF10C0192E88AA8A6A86CE866A85CE85AF
:10BD4C00428AEF10706703A6818A83A6C18A2ACE25
:10BD5C002EC8EF10A0175686D28652C6EF100017C9
:10BD6C002E8A6E86AE866A85CE85EF10F06403A6A9
:10BD7C00818A83A6C18A2E882A8DD2856E8542CC73
:10BD8C00EF200028F248424E4686F286EF204027EC
:10BD9C00AE86B2452A865685EF2080266286CE86F0
:10BDAC00EF1090612A88AE890245A2456E86D28634
:10BDBC00428AEF1070602A86AE865285CE85EF10CF
:10BDCC00E010E24D2A8AAE892A86AE866A85EE8517
:10BDDC00EF10C00F03A6018B83A6418B0145AE8AE1
:10BDEC00EF10905D2E882A8C6A86EE86D6850145EA
:10BDFC00428DEF20E0202A86AE865285CE85EF203C
:10BE0C00202003A6818B83A6C18BEF10F05A03A6CA
:10BE1C00018C83A6418C2A8AAE890145D685EF1008
:10BE2C00B0592A86AE865285CE85EF10200A225351
:10BE3C00B2531A869E86EF1060091257AA8DAE8AED
:10BE4C003A85EF20A07F2A8AAE89D6866E86EA854F
:10BE5C00628556C0EF108007DE865A86EF10000709
:10BE6C005286CE86EF108006014842855286CE86D9
:10BE7C00428AAE8AEF20C018DE865A86EF20401820
:10BE8C00EA866286EF20C017AE8682452A866E85CA
:10BE9C00EF20001782572A8DAE8B7D19B367F900FE
:10BEAC00639F072E03A9018383A94183014C6286FA
:10BEBC00A2862685A285EF20A0145286D686EF1086
:10BECC00B04FAE872A8B2686A286DE856A85BE8415
:10BEDC00EF10904E2A86AE865A85A685EF00107F0D
:10BEEC00AA876286A2862E8B5285D685BE8AEF10D3
:10BEFC00B04C2A86AE86AA842E8A5685DA85EF0047
:10BF0C00F07CB70790402E84AA8B2E8C63CEF52242
:10BF1C00B387F540C98F6393073E03A6818C83A634
:10BF2C00C18C5685DA85EF00707A2A87AE87268613
:10BF3C005E85D286A285BA8B3E84EF20600C2A8661
:10BF4C00AE865E85A285EF1070326349A03A935796
:10BF5C004C4193F7F77F37051000938727C0B357F1
:10BF6C00F540E29713D747411377F77F9306F5FF18
:10BF7C00130717C0B3D5E64093C5F5FFFD8DD14B24
:10BF8C00F58FC98F3387EB400146AE86B3DBE740B4
:10BF9C0063540C00B30B70412685D285EF2040060C
:10BFAC002A86AE86AA842E8A5685DA85EF00107210
:10BFBC00139D4B012E8403A6818D83A6C18D814DCB
:10BFCC00A2856E85EF10503FAE872A8C2686D286CE
:10BFDC00A2856E85BE84EF20A0022A86AE86568589
:10BFEC00DA85EF20E00103A6018E83A6418EEF10C7
:10BFFC00B03C03A6818E83A6C18EAE872A8AA28509
:10C00C006E853E84EF10503B2A86AE865285A28503
:10C01C00EF00D06B2A8B2E842A86AE866285A6858D
:10C02C00EF00D06A6286A686AA8A2E8AEF10507D0F
:10C03C002A86AE865A85A285EF10907C2A8C2E8B90
:10C04C005686D2865685D285EF10103703A6018FFF
:10C05C0083A6418FAA842E84EF10103603A6818FFD
:10C06C0083A6C18FEF10D0792686A286EF10D0342C
:10C07C0003A6019083A64190EF0050652686A28608
:10C08C00EF10903303A6819083A6C190EF105077E8
:10C09C002686A286EF10503203A6019183A6419109
:10C0AC00EF00D0622686A286EF1010312A86AE866B
:10C0BC005685D285EF10D074AA842E842A86AE863B
:10C0CC005685D285EF10502F03A6819183A6C1917E
:10C0DC002A87AE872685A285BA843E84EF105072DB
:10C0EC002A86AE862685A285EF10403DAA842E8432
:10C0FC006286DA865685D285EF10102C6286DA8637
:10C10C00EF00D05C2A86AE862685A285EF10506F94
:10C11C005686D286EF10D06EAE862A8683A5CC9B2F
:10C12C0003A58C9BEF10D06DB307BD0093D6474190
:10C13C002A876350D0223A85BE854A86CE86EF1078
:10C14C00B027AA8A6FF0EFFD93971500B7D69040F1
:10C15C0085839386F6BF63DBF618B7376F3F9387FB
:10C16C000740AE97C98F99EB2686D286EF1050699F
:10C17C005686DA86EF10900FE34B05DC03A6018D93
:10C18C0083A6418D4A85CE85EF10102303A6018D21
:10C19C0083A6418DEF105022AA8A6FF08FF803A965
:10C1AC008C9B83A9CC9B19B3E3530492B7050080F5
:10C1BC00814AA18D6FF0EFF6B7DC008003A88C9B51
:10C1CC0083A8CC9B6FF07F9D3707F03F9306E7FF6A
:10C1DC00E3DE3687E3403793B7DC008003A68C9B05
:10C1EC0083A6CC9B56853EC0EF10906103A60184BC
:10C1FC0083A641842A8AAE89EF10101C03A6818481
:10C20C0083A6C184AA8BAE8A5285CE85EF10D01A34
:10C21C0003A6018583A641852E8B2A8CCE8552855B
:10C22C00EF1090192A86AE8603A5818583A5C1855A
:10C23C00EF10105D5286CE86EF1010182A86AE864F
:10C24C0003A5018683A54186EF10905B2A882E8773
:10C25C005286CE865285CE85428ABA89EF10D01589
:10C26C002A86AE865285CE85EF10101503A68186E0
:10C27C0083A6C186EF1050142A86AE866285DA85B5
:10C28C00EF1010582A86AE862A8BAE895E85D6852D
:10C29C00EF00D04301485E86D6864285428AAE8A3C
:10C2AC00EF1010562A86AE865A85CE85EF10505563
:10C2BC0082472A8DAE8BD5B65A865A85D286D285C0
:10C2CC00EF10900FAA8A6FF0CFE5639D04F8B307C7
:10C2DC00F74033D7FB40B317F7002689639577E90E
:10C2EC00058B09493309E9406FF0EFE73707E03F69
:10C2FC00014D814BE351F7CCD187B1B903A68183B2
:10C30C0083A6C1834A85CE85EF10100B03A68183CB
:10C31C0083A6C183EF10500AAA8A6FF08FE085477D
:10C32C006311F9E0B7070080BD8D6FF08FDF03ABB1
:10C33C00818183ABC18103A3018283A3418203A8C2
:10C34C00818283A8C182370C0400B7DC00806FF0B7
:10C35C007F855E86AD2E2A87AE87F1BB41113707EC
:10C36C00F07F22C426C206C63376B700AE842A8478
:10C37C006305E616AA866357B00E13D64541AE8701
:10C38C0063020610370710009305F7FFED8FD98F66
:10C39C00930416C01397170013F6140093D7F601E5
:10C3AC00BA971397160011C67D838607BA97139711
:10C3BC0026008584D945014E8146370620003385F9
:10C3CC00C6001358F701FD1563C6A700898FB30685
:10C3DC00C500329E8607C29706070582EDF1014320
:10C3EC00130500023706008019A86388D70C135870
:10C3FC00F70186077D15C2970607058215C9330814
:10C40C00B600E3D4F6FEB305C800B6886341080A4B
:10C41C00958FB3360701958F330707411358F701F2
:10C42C0086077D153293C686C2970607058261F989
:10C43C00D98FC9EF1355130093571E403707E03FB0
:10C44C00137E1E00BA9763050E0037070080598DC6
:10C45C00D2042A84BE94B24022852244A6859244FA
:10C46C0041018280939715008583C98FEDD70146D2
:10C47C00D1E513D7B6002D16BA87D6067DDB9355BA
:10C48C004701D1E9814586071397B7002E858505AD
:10C49C00E35B07FE930800023688B388B8403E87FA
:10C4AC00B396B600B3571801098ED98FE1BD93C866
:10C4BC00F5FF93D8F801B698A1BFE36A07F3B3056B
:10C4CC00C800E34608FEBE888147B9B7FD57630232
:10C4DC00F30413051300058185B72A86AE86EF1089
:10C4EC00A06D2286A686EF00701E2A84B24022859B
:10C4FC002244AE84A6859244410182802A86AE866F
:10C50C00EF1010302A86AE86EF00507B2A84AE8462
:10C51C0099B7050E15B73688930800027D5559B7A3
:10C52C00860585818280139515000581B7051080DD
:10C53C002E957D81828003A5019283A541928280F4
:10C54C0093D64541797193F6F67F22D406D626D23E
:10C55C004AD04ECE138816C04D46AE872A87AE8E73
:10C56C0013D4F501634D06096346080E3706100017
:10C57C007D1633560641F18DC98D2A833E8EBDC57D
:10C58C0013551600337FF500336FEF0063050F0270
:10C59C001386E6BEB70E0400133616001345F5FFDE
:10C5AC00370F00803306C040E98F33D80E41337FFC
:10C5BC00CF00B3EE070137C6008093183400130682
:10C5CC008677B29803A4080083A448007A86F6867E
:10C5DC002285A685EF00900F2AC42EC62245B245AF
:10C5EC002286A686EF10D0212A832E8EB25022549A
:10C5FC0092540259F2491A85F2854561828093085A
:10C60C00300363DF0801930600402A832E8EE31F5C
:10C61C00D8FC2A86F686EF00700B2A832E8EF9B78B
:10C62C009386D6BE7D563356D600B375A6002A83A4
:10C63C003E8ECDDD0582B377A6002A8FADDF370F96
:10C64C0000401346F6FF3377A600B356DF40336F36
:10C65C00D70095B7370E00809344FEFFB3F6B400B5
:10C66C00C98E2A832E8ED9D29397C500B18333E716
:10C67C00A700B307E040D98F37C70080931634006A
:10C68C001307877736970329070083294700B1835F
:10C69C008175370E0800B3F5D50133FEC701336E33
:10C6AC00BE00F2862A86CE854A85EF0030022AC467
:10C6BC002EC62245B2454A86CE86EF10701433FE44
:10C6CC00B4009318F401336E1E012A8305B741118F
:10C6DC0093D6454122C406C632841396560125EAE8
:10C6EC00939715008583C98FDDC783A6C19203A6D6
:10C6FC008192EF10604CD176938606CB2E876349DE
:10C70C00D40E93D7454193F7F77F9387A7FCA29755
:10C71C009306E07F63CDF604634FF00A9306B0FCFA
:10C72C0063D6D708B1679387073563C2870403A81C
:10C73C00018D83A8418D63C9050C03A6018D83A6C9
:10C74C00418D4285C685EF102047AA8781A093F7BB
:10C75C00F67F9306F07F2E87E39BD7FA2A86AE8668
:10C76C00B527B2402244AA873E854101828003A8A6
:10C77C00818383A8C18363C6050203A6818383A634
:10C78C00C1834285C685EF102043AA87B24022445C
:10C79C003E8541018280B2402244AA873E854101F8
:10C7AC00828003A8019383A84193C1BFB705108071
:10C7BC00FD15938767036D8FD207D98F03A601945C
:10C7CC0083A64194BE85EF10203FB2402244AA8735
:10C7DC003E8541018280B2402244B7051080FD1590
:10C7EC006D8F93954701AA87D98D3E854101828033
:10C7FC0003A6018D83A6418DEF10003CB24022446C
:10C80C00AA873E854101828003A8819383A8C193A6
:10C81C002DB7AA88AE873288368546836399062061
:10C82C00B7D600809386868763F0C50C4167637624
:10C83C00E60A1307F00F3337C7000E073355E6002F
:10C84C00AA9683C60600130500023697B306E54088
:10C85C00630CE500B397D70033D7E8003318D60044
:10C86C00B365F7003393D80093580801B3D7150379
:10C87C0013160801418213570301B3F615033E85C5
:10C88C00B305F602C206558F637CB7004297138539
:10C89C00F7FF636707016375B7001385E7FF4297DE
:10C8AC000D8FB37717034203135303013357170349
:10C8BC00C20733E36700B306E6023A86637BD30014
:10C8CC0042931306F7FF636603016374D3001306E8
:10C8DC00E7FF4205518D81455DA8370500014147B1
:10C8EC00E36EA6F4614799BF01E605473358C702CA
:10C8FC004167637FE8081307F00F63730701214555
:10C90C003357A800BA9603C70600130600022A97ED
:10C91C00B306E6406315E608B3870741854593588F
:10C92C00080113160801418213570301B3F61703CC
:10C93C00B3D71703C206558F330EF6023E85637CC0
:10C94C00C70142971385F7FF636707016375C7013A
:10C95C001385E7FF42973307C741B37717034203A9
:10C96C001353030133571703C20733E36700B306AE
:10C97C00E6023A86637BD30042931306F7FF6366A5
:10C98C0003016374D3001306E7FF4205518D8280C7
:10C99C00370700014145E365E8F6614595B7331863
:10C9AC00D800B3D5E7003393D800B397D70033D76B
:10C9BC00E800935808013366F70033F71503931713
:10C9CC000801C18313550601B3D515034207498FDE
:10C9DC00B386B7022E85637CD70042971385F5FF8B
:10C9EC00636707016375D7001385E5FF4297B306AC
:10C9FC00D74033F7160342064182B3D616034207DB
:10CA0C00B388D702B367C700368763FC1701C29798
:10CA1C001387F6FF63E7070163F517011387E6FF3A
:10CA2C00C29793150501B3871741D98DCDBD63E22C
:10CA3C00D514416763FFE6021307F00FB335D70037
:10CA4C008E0537D7008033D5B600130787872A9712
:10CA5C0003470700130500022E97B305E540631149
:10CA6C00E5020545E3E5F6F233B5C80013451500BC
:10CA7C0039BF37070001C145E3E5E6FCE145D1B715
:10CA8C003353E600B396B6003363D300135503015A
:10CA9C00B31EB60033D6E700B376A602B397B70041
:10CAAC0033D7E8003368F70093170301C18313579A
:10CABC0008013356A602C206558F338FC702328E39
:10CACC00637CE7011A97130EF6FF636767006375C3
:10CADC00E701130EE6FF1A973307E741B376A70277
:10CAEC003357A702C2063386E70293170801C183A6
:10CAFC00D58FBA8663FCC7009A979306F7FF63E756
:10CB0C00670063F5C7009306E7FF9A9713150E01AC
:10CB1C00416E558D9306FEFF3378D500918FB3F699
:10CB2C00DE001356050193DE0E013303D802B30663
:10CB3C00D602135703013308D803369842973306AD
:10CB4C00D6036373D700729693560701369663E04B
:10CB5C00C702E392C7D8C167FD177D8F42073373B5
:10CB6C00F300B398B8001A978145E3F2E8E27D151B
:10CB7C009DB38145014521BDB2883687AA872E8891
:10CB8C006398061CB7D600809386868763F8C50A1F
:10CB9C004163637E66081303F00F6373C300214780
:10CBAC003353E6009A9603CE06003A9E1307000212
:10CBBC003303C741630CC701B3956500335EC501F0
:10CBCC00B31866003368BE00B317650013D60801AE
:10CBDC003377C80213950801418193D60701335866
:10CBEC00C8024207D98E3308050363F80601C696BE
:10CBFC0063E5160163F30601C696B386064133F767
:10CC0C00C602C207C183B3D6C602B306D50213153A
:10CC1C000701C98F63F8D700C69763E5170163F363
:10CC2C00D700C697958F33D567008145828037032F
:10CC3C0000014147E36666F661479DB701E605468C
:10CC4C00B3581603416663F3C8081306F00F6373F9
:10CC5C001601214733D6E800B29603CE06003A9E61
:10CC6C00130700023303C7416319C707B385154186
:10CC7C0013D7080113950801418113D60701B3F6A8
:10CC8C00E502B3D5E502C206D18EB305B50263F851
:10CC9C00B600C69663E5160163F3B600C696B38577
:10CCAC00B640B3F6E502C207C183B3D5E502B305BE
:10CCBC00B50213950601C98F63F8B700C69763E5F3
:10CCCC00170163F3B700C6978D8FB1BF370600010C
:10CCDC004147E3E1C8F86147B5BFB398680033D763
:10CCEC00C501B3176500335EC50113D50801B376D2
:10CCFC00A702B3956500336EBE0093950801C18100
:10CD0C0013560E013357A702C206D18E3387E502A4
:10CD1C0063F8E600C69663E5160163F3E600C69673
:10CD2C003386E640B376A602420E135E0E013356EE
:10CD3C00A602C2063386C502B3E5C60163F8C50078
:10CD4C00C69563E5150163F3C500C695918D0DB7C6
:10CD5C00E3EED5EC416763F5E604130EF00F3337C1
:10CD6C00DE000E07B7D8008033D3E600938888879F
:10CD7C009A9803CE08003A9E130700023303C7416A
:10CD8C006317C70363E4B6006369C500B307C54006
:10CD9C00958D3335F5003388A5403E85C28579B530
:10CDAC00B70800014147E3EF16FB614765BF3357F6
:10CDBC00C601B3966600336FD700B3D7C5011357BE
:10CDCC000F01B3F8E702B39565003358C50133681A
:10CDDC00B80093150F01C1819356080133166600F4
:10CDEC0033156500B3D7E702C208B3E6D800B38E9B
:10CDFC00F502BE8863FCD601FA969388F7FF63E7C9
:10CE0C00E60163F5D6019388E7FFFA96B386D6411F
:10CE1C00B3FEE602420813580801B3D6E602C20E6E
:10CE2C00B3EE0E01B385D502B68763FCBE00FA9E45
:10CE3C009387F6FF63E7EE0163F5BE009387E6FF89
:10CE4C00FA9EB385BE40C208C16EB3E8F800938762
:10CE5C00FEFF33F8F8009356060193D80801F18FC2
:10CE6C003307F802B387F8023308D802B388D80224
:10CE7C003E9893560701C29663F3F600F698C16785
:10CE8C00FD1713D80601FD8EC2067D8FC29836970A
:10CE9C0063E61501639C1501637AE5003306C74010
:10CEAC003337C7007A97B388E84032873307E540B9
:10CEBC003335E500B3851541898DB397C5013357DB
:10CECC00670033E5E700B3D565008DB33708100074
:10CEDC007D180111B377B80013D745013378D8000A
:10CEEC0093D8460122CC8E071374F77F1357D501C4
:10CEFC0026CAD98F93D4F5011357D60193F8F87F2E
:10CF0C0093D5F6010E0806CE4AC84EC60E053367F9
:10CF1C0007010E06B30614416395B4226351D00E7B
:10CF2C0063980802B365C700638B05209385F6FFF1
:10CF3C0089E92A963335A600BA97AA973285054413
:10CF4C00B1A81308F07F639D06011304F07F71AA4A
:10CF5C009305F07F630BB418B70580004D8FB68531
:10CF6C009306800363C9B608FD4663C0B606130872
:10CF7C0000023308B840B3160701B358B600331695
:10CF8C000601B3E616013336C000558E3357B70091
:10CF9C002A963E97B337A600BA9732851397870027
:10CFAC006355071405041307F07F6305E448B706BF
:10CFBC0080FFFD16FD8E9355150005899397F6019C
:10CFCC004D8D5D8D93D716000DA2938605FE9308AB
:10CFDC000002B356D70001486388150113080004FA
:10CFEC00B305B8403318B7003366C8003336C000F9
:10CFFC00558E014771BF598E3336C000DDBFD5CA7F
:10D00C00B38588400DE4B3E6A700638C0640938695
:10D01C00F5FF99E63295BA973336C500B29705B746
:10D02C001308F07F639D0501BA87328539BF9306DB
:10D03C00F07FE38BD8FEB7068000D58FAE869305C4
:10D04C00800363C4D506FD4563CBD50213080002EB
:10D05C003308D8403353D500B39507013315050178
:10D06C00B3E565003335A0004D8DB3D6D7003295AE
:10D07C00B387E6003336C500B297468405B793856F
:10D08C0006FE13030002B3D5B7000148638866009F
:10D09C0013080004B306D8403398D7003365A800B2
:10D0AC003335A0004D8D8146D9B75D8D3335A00049
:10D0BC00DDBF9306140093F5E67FBDE1B3E6A70050
:10D0CC0029E463840636B366C70085C22A96BA97EC
:10D0DC003335A600AA97139787003285635707004C
:10D0EC00370780FF7D17F98F0544137775006305AB
:10D0FC0007341377F50091466300D7349306450047
:10D10C0033B5A600AA97368505AE99DE598EE30E87
:10D11C0006E28144B707400001451304F07F29AEB5
:10D12C009305F07F6386B6302A963E97B337A600F8
:10D13C003E971315F7010582518D935717003684CE
:10D14C006DB76356D00C63910808B365C700E5D979
:10D15C009385F6FF91E93306C5403335C500998FA9
:10D16C00898F32850544B1A01308F07FE38F06DD6B
:10D17C009306800363C9B608FD4663C0B606130860
:10D18C0000023308B840B3160701B358B600331683
:10D19C000601B3E616013336C000558E3357B7007F
:10D1AC003306C5403387E740B337C500B307F740B4
:10D1BC00328513978700E35A07F2370980007D19EF
:10D1CC0033F92701AA8975A29305F07FE30FB4F018
:10D1DC00B70580004D8FB68561BF938605FE930819
:10D1EC000002B356D70001486388150113080004E8
:10D1FC00B305B8403318B7003366C8003336C000E7
:10D20C00558E014771BF598E3336C000DDBFF9C250
:10D21C003388884015E8B3E6A700638F062693068B
:10D22C00F8FF91EA3305A640B307F7403336A60062
:10D23C00918FAE8405BF1303F07F631F6800BA871C
:10D24C0032851304F07F7DA09306F07FE389D8FE2E
:10D25C00B7068000D58FC286130880036348D806B2
:10D26C007D48634ED802130300023303D340335E70
:10D27C00D50033986700331565003368C801333522
:10D28C00A0003365A800B3D6D7003305A640B3077A
:10D29C00D7403336A600918F4684AE8419BF1388CD
:10D2AC0006FE130E000233D8070101436388C60142
:10D2BC0013030004B306D3403393D7003365A300A4
:10D2CC003335A0003365A8008146C1B75D8D333579
:10D2DC00A000DDBF9306140093F6E67FB5E633E8B5
:10D2EC00A700B366C70031E463180800638A061A06
:10D2FC00BA873285AE84D5BBE38906DE3308C540D8
:10D30C00B3380501B386E740B3861641939886007F
:10D31C0063DA08003305A640B307F7403336A6009E
:10D32C00918FC9BF3365D80063000518B687428555
:10D33C006DBB63180800638B0616BA873285AE8402
:10D34C0029B1E38406C0F1B3B309C540B336350146
:10D35C003389E7403309D9409316890063D8060610
:10D36C00B309A640B307F740333636013389C740BB
:10D37C00AE84630309064A85EF206028130785FFF6
:10D38C00FD4763C1E70693060002998EB317E900C7
:10D39C00B3D6D900DD8E3395E900634E8706018F35
:10D3AC00930717007D466345F604130700021D8F93
:10D3BC00B355F5003396E6003315E5004D8E333545
:10D3CC00A000518DB3D7F600014405B333E5290114
:10D3DC004DF181470144F9A04E85EF204022130501
:10D3EC00050269BF130585FDB396A900014575B704
:10D3FC0005179305000233D7E60001466387B70093
:10D40C00130600041D8E3396C600518D3335A000D3
:10D41C00598D814755BFB70780FFFD17198CF58FC4
:10D42C00E9B1BA8732852E84C9B1BA87328575B90C
:10D43C001304F07F8147014513978700635B070056
:10D44C0005041307F07F6308E406370780FF7D1798
:10D45C00F98F1397D7010D81598D1307F07F8D83A9
:10D46C006319E4005D8D814709C5B70708000145C4
:10D47C00814413174401B706F07FB207F2406244AF
:10D48C00758FB183FE04D98F33E797004249D2449C
:10D49C00B249BA8505618280BA873285428499BDCA
:10D4AC0081470145814449BF8147EDBF0145814416
:10D4BC00B70740009DB18147014561BF797193D792
:10D4CC00450126D24AD052CC5AC862C49394C500A6
:10D4DC0006D622D44ECE56CA5EC6139757012A8959
:10D4EC00328B368CB18013DAF50151C793FAF77F82
:10D4FC009307F07F638BFA0C9359D5018E04B3E438
:10D50C009900B7098000B3E9340113143500938AEC
:10D51C001AC0814B93574C011315CC00139757012C
:10D52C009354C50093F5F77F135CFC0171C393070B
:10D53C00F07F638AF510139534009357DB015D8DF2
:10D54C00B7048000C98C931F3B00138515C001469E
:10D55C0093972B00D18FFD173947B3468A01B385BA
:10D56C00AA406364F71037C700808A0713078778CF
:10D57C00BA979C438287B3E9A400638209069DC8CD
:10D58C002685EF20C007930755FF71476349F702C3
:10D59C00F549130485FFB389F940B3948400B3595A
:10D5AC003901B3E99900331489009305D0C0B38ACB
:10D5BC00A54085B7EF20A00413050502E9B7930435
:10D5CC0085FDB31999000144CDB7B3E9A400638C70
:10D5DC0009002A84A689930AF07F8D4B25BF01444C
:10D5EC00814A854B05BF0144930AF07F894B1DB7D7
:10D5FC00B3EF640163820F069DC82685EF202000DF
:10D60C00AA85938755FF71476349F702F546938FB7
:10D61C0085FF9D8E3395F401B356DB00B3E4A60071
:10D62C00B31FFB011307D0C03305B7400DB75A85A4
:10D63C00EF10F07C93050502E9B7138585FDB31453
:10D64C00AB00814FC5B7B3EF6401638B0F00DA8F6A
:10D65C001305F07F0D46EDBD814401450546CDBD5A
:10D66C0081441305F07F0946E5B563E63401639602
:10D67C00992A6364F42B1396F9011357140093172A
:10D68C00F40193D919003364E6001395840093D800
:10D69C008F01B3E8A800418133D8A902939E0801F9
:10D6AC0093DE0E011357040113938F00B3F4A902F8
:10D6BC00C28F33860E039399040133673701637C61
:10D6CC00C7004697930FF8FF636717016375C70090
:10D6DC00930FE8FF4697118F335EA70242044180F7
:10D6EC003377A70272863388CE034207418F637C5F
:10D6FC00070146971306FEFF636717016375070161
:10D70C001306EEFF469733040741C20F4168B3EF8F
:10D71C00CF00130EF8FF13D60F0133F7CF01135FB1
:10D72C000301337EC301B303EE02B304C603330714
:10D73C00EF02B302E6033306970013D703013297C7
:10D74C0063739700C292135607011696C162FD12BD
:10D75C00337857004208B3F353001E986367C40034
:10D76C00FE84631EC40263FC07039A9733B76700F9
:10D77C0046973A949384FFFF63E68800639188028E
:10D78C0063EF67006366C400631B860063F90701DF
:10D79C009A9733B7670046979384EFFF3A94338890
:10D7AC000741118CB3B707011D8CFD5F6387880E91
:10D7BC00B35FA402135708013374A4027E86B387A7
:10D7CC00FE034204598C637CF40046941386FFFFDD
:10D7DC00636714016375F4001386EFFF46941D8C88
:10D7EC003357A4024208135808013374A402BA87B1
:10D7FC00B38EEE02420433648800637CD4014694F9
:10D80C009307F7FF636714016375D4019307E7FF70
:10D81C00469442065D8E93170601C1831357060189
:10D82C003308EF023304D441330FFF02B38EC70326
:10D83C00330EC70393D70E01729FFA9763F4C70197
:10D84C0041673A9813D70701429741687D1833F521
:10D85C0007014205B3FE0E0176956366E400631082
:10D86C00E41AB28F1DC94694930FF6FF636114033B
:10D87C006366E4006314E418637DA300931713003C
:10D88C0033B367009A98930FE6FF46943E83631474
:10D89C00E4006304650093EF1F009387F53F635B1F
:10D8AC00F00A13F77F0001CF13F7FF00114663084E
:10D8BC00C70013864F00B33FF601FE94B28F139747
:10D8CC00740063580700B70700FFFD17FD8C9387A2
:10D8DC0005401307E07F6342F70693DF3F00139781
:10D8EC00D4013367F70113D53400D2073706F07F24
:10D8FC003205B2502254F18F31815D8DFE06B36733
:10D90C00D50092540259F249624AD24A424BB24B68
:10D91C00224C3A85BE8545618280FD158147B5B3A1
:10D92C00D286CE84A28F5E868D47630BF60A85471E
:10D93C00630FF60A8947E312F6F601450147930790
:10D94C00F07F65B7E286CDB7B7040800814F8146FA
:10D95C000D46D9BF05451D8D130780036349A708E4
:10D96C007D476349A7049385E541B397B40033D74A
:10D97C00AF00B395BF00D98FB335B000CD8F33D581
:10D98C00A40013F7770001CF13F7F70011466308D3
:10D99C00C70013874700B337F7003E95BA871317B4
:10D9AC008500634907041317D5018D835D8F0D81A5
:10D9BC00814725BF0557B307F74013060002B3D7BD
:10D9CC00F40001476306C5009385E5433397B40023
:10D9DC00B36FF701B33FF001B3E7F701014555B75A
:10D9EC003705080001479307F07F8146FDBD0145CF
:10D9FC0001477DBF014501478547C5BD7E86B28F76
:10DA0C0059BD13D74501B7071000FD1713D84601B0
:10DA1C002A83AA8E1377F77F1305F07FB3F8B7002C
:10DA2C00328FF58FFD811378F87FFD82631AA70082
:10DA3C0033EE6800054563140E006305E800828030
:10DA4C006315A8005D8E05457DFA0545E31907FFB2
:10DA5C00E397F8FEE395EEFF6388D5006DF333E5AD
:10DA6C0068003335A00082800145828037071000A2
:10DA7C007D1713D84501B378B700AA872A8313788A
:10DA8C00F87F13D5F501930EF07F93D54601758F72
:10DA9C00328E93F5F57FFD826318D801B3EEF80052
:10DAAC0063840E06795582806396D501B36EC700E8
:10DABC00E39A0EFE631C0804B3E7F80093B7170053
:10DACC0099E1598E0DCE81EB6314D50063D9050114
:10DADC000DC57D5582807D5591C6368582806354F7
:10DAEC00B80065D98280E36517FF639CE800E361A9
:10DAFC006EFEE368C3FF0145828005458280E5FF29
:10DB0C00C1BFE3E0E8FEC5BFE38205FBD5FD81475D
:10DB1C004DBF370710007D1713D84501B378B700F8
:10DB2C00AA872A831378F87F13D5F501930EF07F1B
:10DB3C0093D54601758F328E93F5F57FFD82631870
:10DB4C00D801B3EEF80063840E0609458280639613
:10DB5C00D501B36EC700E39A0EFE631C0804B3E74D
:10DB6C00F80093B7170099E1598E0DCE81EB631431
:10DB7C00D50063D905010DC57D5582807D5591C6B3
:10DB8C00368582806354B80065D98280E36517FFBF
:10DB9C00639CE800E3616EFEE368C3FF014582808D
:10DBAC0005458280E5FFC1BFE3E0E8FEC5BFE38227
:10DBBC0005FBD5FD81474DBF797193D7450122D423
:10DBCC0026D24ECE52CC56CA9394C50006D64AD015
:10DBDC005AC85EC6139757012A84B289B68AB18097
:10DBEC0013DAF50159C313FBF77F9307F07F630634
:10DBFC00FB0C9357D5018E04DD8CB7078000DD8CB0
:10DC0C0013193500130B1BC0814B93D74A01139486
:10DC1C00CA0013975701318013F5F77F93DAFA0195
:10DC2C005DCF9307F07F6304F51093D7D9010E04F1
:10DC3C005D8CB70780005D8C130515C09397390078
:10DC4C00014793962B00D98E5A95FD1639483346C9
:10DC5C005A0193051500636DD80E37C500808A06EE
:10DC6C001305457CAA969442828633E9A400630F7F
:10DC7C0009048DC82685EF109018130755FFF1473E
:10DC8C0063C7E702F547130985FF998FB394240105
:10DC9C00B357F400DD8C33192401130BD0C0330BB4
:10DCAC00AB409DB7EF10B01513050502F9B79304FF
:10DCBC0085FDB31494000149CDB733E9A400630B7F
:10DCCC0009002A89130BF07F8D4B81B78144014BDE
:10DCDC00854B25BF8144130BF07F894B3DB7B36750
:10DCEC003401B1CF0DC82285EF107011930655FF8A
:10DCFC00F14763C8D7027547930785FF158F331417
:10DD0C00F40033D7E900598CB397F9001307D0C04E
:10DD1C003305A74035B74E85EF10700E130505027D
:10DD2C00F1B7130485FD339489008147C5B7B367F8
:10DD3C00340191CBCE871305F07F0D4719B7014401
:10DD4C0001450547FDBD01441305F07F0947D5BDCD
:10DD5C00416F1307FFFF9356090113D30701337962
:10DD6C00E900F98FB30823033308F902B38FF602E5
:10DD7C00B38EF80193580801F698338E660263F35C
:10DD8C00F8017A9E93D20801B3F8E8003378E800E2
:10DD9C00135F0401C208798CC2983387860233085A
:10DDAC00890233092F03B30EE90013590801769940
:10DDBC00B386E6036374E9004167BA96935E090182
:10DDCC00B69EC166938FF6FF3379F9013378F8016B
:10DDDC0013D704014209B3F4F401B38397024299B7
:10DDEC00CA9233089302B307F702B30FE30233036B
:10DDFC00F80013D803011A986373F800B69F935771
:10DE0C000801C166BE9F9387F6FF3378F800B3F71D
:10DE1C00F300B303940242083E9833048702B30420
:10DE2C009F023303EF02A29413D70301BA9463F356
:10DE3C0084003693C167FD17B3F6F400C206B3F73E
:10DE4C00F300169EBE9633392E01F69633872601C3
:10DE5C00429E33380E01330FF701B3020F01B3B6F4
:10DE6C00D60133372701558F33B80201C180B33F38
:10DE7C00FF01269733E80F0193179E0042971A97DC
:10DE8C00B3E717012607B337F000135E7E0113D4F6
:10DE9C007201B3E7C701A60293167700598CB3E75A
:10DEAC00570063DA060A13D71700858BD98F13171F
:10DEBC00F401D98F05809386F53F6350D00A13F790
:10DECC00770001CF13F7F70011456308A7001387FC
:10DEDC004700B337F7003E94BA87131774006358A2
:10DEEC000700370700FF7D17798C938605401307D1
:10DEFC00E07F634ED70E13D737009317D401D98F19
:10DF0C000D80139746013204B706F07F758F318070
:10DF1C00598C7E06B2503367C40022549254025975
:10DF2C00F249624AD24A424BB24B3E85BA854561B0
:10DF3C00828052862684CA875E8789466309D70AFF
:10DF4C008D46630FD7088546E317D7F60144814702
:10DF5C009DA05686DDB7AA85B9BF0545158D13075B
:10DF6C008003E345A7FE7D476349A7049385E541FC
:10DF7C003317B400B3D6A700B397B700558FB33798
:10DF8C00F000D98F3354A40013F7770001CF13F7A7
:10DF9C00F70091466308D70013874700B337F700A3
:10DFAC003E94BA8713178400634807041317D401EF
:10DFBC008D83D98F0D808146A9B70557158F13080E
:10DFCC0000023357E4008146630605019385E5435F
:10DFDC00B316B400D58FB337F000D98F01446DB7A9
:10DFEC003704080081479306F07F014619BF0144AE
:10DFFC0081479306F07F31B701448147854611B7BD
:10E00C00370810007D180111B377B80013D74501FC
:10E01C003378D80093D8460122CC8E071374F77F3F
:10E02C001357D50126CAD98F93D4F5011357D601AE
:10E03C0093D5F6010E0806CE4AC84EC693F8F87F63
:10E04C009306F07F0E05336707010E066395D80023
:10E05C00B366C70099E293C5150033081441639366
:10E06C009522635C000F63950804B366C7008DC2EC
:10E07C001308F4FF631A08002A963335A600BA97E2
:10E08C00AA973285054495A89306F07F6319D402AC
:10E09C00137775006305074E1377F50091466300FF
:10E0AC00D74E9306450033B5A600AA973685C1A96D
:10E0BC009306F07FE30ED4FCB7068000558F9306D1
:10E0CC00800363C80609FD4663C00607930500027A
:10E0DC00B3850541B316B700B35806013316B60025
:10E0EC00B3E616013336C000558E335707012A9616
:10E0FC003E97B337A600BA97328513978700E3593A
:10E10C0007F805041307F07F6309E446B70680FFA0
:10E11C00FD16FD8E9355150005899397F6014D8DCF
:10E12C005D8D93D71600ADB7930608FE93080002D9
:10E13C00B356D70081456308180193050004338852
:10E14C000541B31507014D8E3336C000558E01477E
:10E15C0079BF598E3336C000DDBF630B080AB38517
:10E16C0088400DE4B3E6A700638006409386F5FF74
:10E17C0099E63295BA973336C500B29721B7130892
:10E18C00F07F639D0501BA873285EDAC9306F07F75
:10E19C00E38BD8FEB7068000D58FAE86930580033F
:10E1AC0063C4D506FD4563CBD502130800023308C2
:10E1BC00D8403353D500B395070133150501B3E5AA
:10E1CC0065003335A0004D8DB3D6D7003295B3879B
:10E1DC00E6003336C500B297468405B7938506FE34
:10E1EC0013030002B3D5B700014863886600130817
:10E1FC000004B306D8403398D7003365A8003335F4
:10E20C00A0004D8D8146D9B75D8D3335A000DDBFA3
:10E21C009306140093F5E67FA9E5B3E6A7001DE489
:10E22C0063880634B366C700E38406E62A96BA9779
:10E23C003335A600AA97139787003285E35A07E473
:10E24C00370780FF7D17F98F054499B58DDE598E00
:10E25C00630A06228144B707400001451304F07F8E
:10E26C0039AE9305F07F6388B6302A963E97B33764
:10E27C00A6003E971315F7010582518D9357170091
:10E28C00368439B56356000D63930808B366C7002E
:10E29C00E38006E01308F4FF631B08003306C54057
:10E2AC003335C500998F898F32850544B1A093060B
:10E2BC00F07FE30FD4DC9306800363C70609FD46A9
:10E2CC0063CF060593050002B3850541B316B7006D
:10E2DC00B35806013316B600B3E616013336C00048
:10E2EC00558E335707013306C5403387E740B337A4
:10E2FC00C500B307F740328513978700E35A07D858
:10E30C00370980007D1933F92701AA8975A2930674
:10E31C00F07FE30FD4D6B7068000558F69BF930604
:10E32C0008FE93080002B356D70081456308180114
:10E33C009305000433880541B31507014D8E333620
:10E34C00C000558E014745B7598E3336C000DDBF2E
:10E35C006304080C3388884015E8B3E6A700638093
:10E36C0006289306F8FF91EA3305A640B307F74059
:10E37C003336A600918FAE840DBF1303F07F631F5D
:10E38C006800BA8732851304F07F7DA09306F07F76
:10E39C00E389D8FEB7068000D58FC28613088003A8
:10E3AC006348D8067D48634ED8021303000233033A
:10E3BC00D340335ED500339867003315650033685E
:10E3CC00C8013335A0003365A800B3D6D700330598
:10E3DC00A640B307D7403336A600918F4684AE844F
:10E3EC0021BF138806FE130E000233D80701014328
:10E3FC006388C60113030004B306D3403393D700DC
:10E40C003365A3003335A0003365A8008146C1B73E
:10E41C005D8D3335A000DDBF9306140093F6E67FC7
:10E42C00BDE633E8A700B366C70031E46318080003
:10E43C00638B061ABA873285AE8499B9E38A06C40F
:10E44C003308C540B3380501B386E740B38616419F
:10E45C009398860063DA08003305A640B307F740AB
:10E46C003336A600918FC9BF3365D80063010518F8
:10E47C00B687428531B9631A0800638C0616BA87D1
:10E48C003285AE841304F07F21B1EDDEE1B3B30924
:10E49C00C540B33635013389E7403309D94093166B
:10E4AC00890063D80606B309A640B307F740333694
:10E4BC0036013389C740AE84630309064A85EF10E1
:10E4CC000014130785FFFD4763C1E706930600029E
:10E4DC00998EB317E900B3D6D900DD8E3395E900D8
:10E4EC00634E8706018F930717007D466345F6043C
:10E4FC00130700021D8FB355F5003396E600331554
:10E50C00E5004D8E3335A000518DB3D7F600014494
:10E51C0041B633E529014DF181470144F9A04E85FF
:10E52C00EF10E00D1305050269BF130585FDB396C9
:10E53C00A900014575B705179305000233D7E6000E
:10E54C0001466387B700130600041D8E3396C60080
:10E55C00518D3335A000598D814755BFB70780FFCA
:10E56C00FD17198CF58F2DB6BA8732852E840DB612
:10E57C00BA87328531BE1304F07F8147014513976A
:10E58C008700635B070005041307F07F6308E4064C
:10E59C00370780FF7D17F98F1397D7010D81598DA0
:10E5AC001307F07F8D836319E4005D8D814709C5E6
:10E5BC00B70708000145814413174401B706F07FE3
:10E5CC00B207F2406244758FB183FE04D98F33E7F2
:10E5DC0097004249D244B249BA8505618280BA8714
:10E5EC003285428491BD81470145814449BF8147B1
:10E5FC00EDBF01458144B70740008DB1814701450E
:10E60C0061BF370710009307F7FF33F7B700D181CD
:10E61C0093C5F5FFF58F13985501D18293F6F67FCC
:10E62C0063150800498F054509EB1307F07F014579
:10E63C006395E600D18F3335F0008280411106C618
:10E64C0022C426C229CD9357F54133C4A7001D8C93
:10E65C009354F5012285EF00907A1307E041A94706
:10E66C00098F63C8A702AD47898F5505B357F400CE
:10E67C003314A4002685B2075207B1837E05D98FC7
:10E68C00B24033E7A700228522449244BA85410167
:10E69C0082805515B317A40026850144E9BF0147B4
:10E6AC008147E5BF411113577501370680007D1670
:10E6BC004AC01379F70F13D77501B377A60026C29A
:10E6CC006D8E1377F70F06C622C49354F501FD81A6
:10E6DC008E070E06B306E9406394B412635AD00653
:10E6EC0021E3630C0626FD168DE6B2974A879396B6
:10E6FC00570063DB060C05079306F00F6305D7265E
:10E70C00B706007E13F61700FD168583F58FD18FA3
:10E71C0065A81307F00F631CE9001307F00F6DA039
:10E72C001307F00FE30BE9FE37070004598EED4594
:10E73C00054763CDD500930500023357D600B38649
:10E74C00D5403316D6003336C000518FBA9779BFF7
:10E75C00A9CAB3052741631D090089CBFD1599E1B1
:10E76C00B29771B79306F00F631BD700B287A9A8B5
:10E77C009306F00FE30CD7FEB7060004D58F6D455A
:10E78C008546634DB500930600028D8E33D5B700D8
:10E79C00B397D700B337F000B366F500B387C60064
:10E7AC00B9B79305190013F7E50F39E3631909029B
:10E7BC00D5DF19CAB2979396570063D7060037076F
:10E7CC0000FC7D17F98F054793F67700638E0618CA
:10E7DC0093F6F70011466389C618910771A26380FE
:10E7EC00071805DE8144B70700021307F00FADAA26
:10E7FC001307F00F6387E516B29785832E87E9B769
:10E80C006354D00621EB4A8761D2FD1681EE918FBD
:10E81C0093965700E3DA06FA370400047D147D8CD6
:10E82C003A89C5A89305F00F1307F00FE30EB9F85A
:10E83C00ED45054763CDD500930500023357D6004F
:10E84C00B386D5403316D6003336C000518F998F1E
:10E85C004A877DBF9305F00F1307F00FE306B9F657
:10E86C0037070004598EE9B7A1CE33052741631051
:10E87C00090299CB7D1509E5B307F640AE8449BF73
:10E88C009306F00F631CD700B287AE8435BF930696
:10E89C00F00FE30BD7FEB7060004D58F6D48854605
:10E8AC00634DA80093060002898E33D8A700B39756
:10E8BC00D700B337F000B366F800B307D6407DBF7E
:10E8CC00130719001377E70F05EF6314090289E7A3
:10E8DC0045FE8147814449A8E30806EEB386C7404C
:10E8EC0013955600B307F640E34105FAFDD2B687FF
:10E8FC00E1BDE39807EEE30706EEB287AE8431BDC7
:10E90C003384C74013175400635E07023304F64088
:10E91C00AE842285EF00B04E1307B5FF3314E4002C
:10E92C006346270333072741050793060002B357B5
:10E93C00E4003387E6403314E40033348000C18FA5
:10E94C00014759B579F48147014769B7B70700FC0E
:10E95C00FD173307E940E18F85BD4A87B5B5B2870E
:10E96C006DBB1307F00F81479396570063DB0600CE
:10E97C0005079306F00F630FD702B70600FCFD16D0
:10E98C00F58F9306F00F8D836316D70081C7B707F9
:10E99C0040008144B24022443705807F5E07A607C1
:10E9AC00698FA5831395F401D98F924402495D8D2B
:10E9BC00410182808147F1B7011126CA9354750138
:10E9CC004AC84EC652C49319950006CE22CC56C2E4
:10E9DC0093F4F40F2E8A93D999001359F501A5C419
:10E9EC009307F00F638EF4068E09B7070004B3E9A2
:10E9FC00F900938414F8814A93577A0113149A00FE
:10EA0C0093F7F70F2580135AFA01ADC71307F00FD0
:10EA1C00638EE7060E0437070004598C938717F8AA
:10EA2C00814613962A00558E9D8C7D16B947334529
:10EA3C00490163E6C706B7D70080938707800A06AB
:10EA4C003E961C428287638409024E85EF00303B60
:10EA5C009307B5FF9304A0F8B399F900898C61BFB3
:10EA6C009304F00F894AE38909F88D4A71B7814400
:10EA7C00854A59B715C02285EF0070389307B5FF4A
:10EA8C003314F4009307A0F8898F59BF9307F00F44
:10EA9C00894641D88D4671B78147854659B793153C
:10EAAC00540063FB890CFD14814613D40501B3D8C3
:10EABC008902C167FD17ED8FC18233F78902468643
:10EACC00338817034207558F637C07012E971386F3
:10EADC00F8FF6367B700637507011386E8FF2E978D
:10EAEC00330707413358870233778702B38607030E
:10EAFC0093170701428763FCD700AE971307F8FF03
:10EB0C0063E7B70063F5D7001307E8FFAE9713145C
:10EB1C000601958F598CB337F0005D8C1387F40781
:10EB2C006358E0089377740099C79377F400914683
:10EB3C006383D70011049317440063D80700B70709
:10EB4C0000F8FD177D8C138704089307E00F0D80E8
:10EB5C0063C5E7045E07B707807F26047D8F258099
:10EB6C00598C7E05F240418D6244D2444249B249EF
:10EB7C00224A924A056182809396F90193D9190031
:10EB8C002DB74A854E84D6868D476382F606854717
:10EB9C006385F6068947E393F6F801441307F00FF3
:10EBAC0055BF5285D5B73704400001458D46E9BFA6
:10EBBC008547998F6D476342F7049384E409B357F3
:10EBCC00F40033149400333480005D8C937774001C
:10EBDC0099C79377F40011476383E70011049317E7
:10EBEC0054000D8063DC070001440547A5B73704CA
:10EBFC0040001307F00F0145B1BF0144014799BF15
:10EC0C00370780007D17935675013378A70013D60C
:10EC1C0075019357F50193F6F60F1305F00F6D8FF1
:10EC2C001376F60FFD816395A60005456314080263
:10EC3C001305F00F6314A600054509EF0545639B0A
:10EC4C00C6006319E8006386B70089E63335000116
:10EC5C0082800145828093567501B7078000FD17AD
:10EC6C0013D7750193F6F60F1308F00F33F6A700C0
:10EC7C001377F70FED8F7D81FD816395060139C206
:10EC8C007955828063130701E5FF9DEE11E38DCB6F
:10EC9C0001CA6314B5006359D7000DC17D5582803C
:10ECAC007D5591C52E85828063D4E60065D982801E
:10ECBC00E3E5C7FEE36CF6FE0145828005458280E4
:10ECCC0065DEE1BFE302D7FC69F7E1DBD9B7935608
:10ECDC007501B7078000FD1713D7750193F6F60F72
:10ECEC001308F00F33F6A7001377F70FED8F7D8124
:10ECFC00FD816395060139C20945828063130701C2
:10ED0C00E5FF9DEE11E38DCB01CA6314B500635989
:10ED1C00D7000DC17D5582807D5591C52E85828091
:10ED2C0063D4E60065D98280E3E5C7FEE36CF6FEAA
:10ED3C00014582800545828065DEE1BFE302D7FC98
:10ED4C0069F7E1DBD9B701114AC81359750126CA15
:10ED5C004EC652C49314950006CE22CC56C21379DB
:10ED6C00F90F2E8AA5809359F501630609069307BE
:10ED7C00F00F630FF9068E04B7070004DD8C13093E
:10ED8C0019F8814A93577A0113149A0093F7F70FE5
:10ED9C002580135AFA01B5C71307F00F638FE706E6
:10EDAC000E0437070004598C938717F80147939684
:10EDBC002A00D98ECA97FD16B94533C54901138669
:10EDCC00170063E5D506B7D700809387C7838A06FB
:10EDDC00BE969C4282879DC02685EF005002930709
:10EDEC00B5FF1309A0F8B394F4003309A94051BF3F
:10EDFC001309F00F894AD9D48D4A69B70149854A5C
:10EE0C0051B715C02285EF00807F9307B5FF3314EF
:10EE1C00F4009307A0F8898F51BF9307F00F0947AF
:10EE2C0059D40D4769B78147054751B741679308D6
:10EE3C00F7FF93D6040193550401B3F41401337412
:10EE4C0014013308940233848602B386B602B38568
:10EE5C00950293540801A295AE9463F38400BA967C
:10EE6C0033F71401420733781801429713146700E3
:10EE7C00C180333480006983B694418F9A0433E4A3
:10EE8C00E400139744006357070693571400058852
:10EE9C005D8C1307F6076351E0069377740099C7EE
:10EEAC009377F40091466383D700110493174400C1
:10EEBC0063D80700B70700F8FD177D8C1307060809
:10EECC009307E00F0D8063DDE70601441307F00F95
:10EEDC0085A84E85268456878947E308F7FE8D471B
:10EEEC00630BF7048547E316F7FA0144014789A839
:10EEFC005285DDB73E8671BF8547998F6D47E346D6
:10EF0C00F7FE1306E609B357F4003314C400333488
:10EF1C0080005D8C9377740099C79377F400114748
:10EF2C006383E7001104931754000D80E3D007FCB2
:10EF3C000144054731A0370440001307F00F014589
:10EF4C005E07B707807F26047D8F2580598C7E0550
:10EF5C00F240418D6244D2444249B249224A924A1B
:10EF6C0005618280B70680004111FD1613567501AC
:10EF7C0093D87501B3F7A60026C2ED8E4AC013765E
:10EF8C00F60F9354F50193F8F80F06C622C4130537
:10EF9C00F00F32898E074687FD818E066393A80099
:10EFAC0099E293C515003308164163929512635D7F
:10EFBC00000763920804638E06267D186316080208
:10EFCC00B69732879396570063DD060C05079306B8
:10EFDC00F00F6306D726B706007E13F61700FD1652
:10EFEC008583F58FD18F75A81307F00F631CE6008E
:10EFFC001307F00F7DA01307F00FE30BE6FE3707A6
:10F00C000004D98EED45054763CE050113070002B8
:10F01C00B3D5060133080741B3960601B336D000C9
:10F02C0033E7D500BA9771BF630A0804B385C840AB
:10F03C0009EE63820720FD1599E1B69761B71306B7
:10F04C00F00F639BC800B68765B71306F00FE38C0F
:10F05C00C8FE37060004D18F6D450546634DB500DB
:10F06C00130600020D8E33D5B700B397C700B33724
:10F07C00F0003366F500B307D600A9B79305160068
:10F08C0013F7E50F0DEF0DEA6387071A99CAB697C8
:10F09C009396570063D70600370700FC7D17F98F4E
:10F0AC00054793F67700638D061893F6F700114623
:10F0BC006388C618910769A2D9D79DDA09AA1307E4
:10F0CC00F00F638CE516B69785832E87D9BF6357EF
:10F0DC000007639B08043287E9D67D18631D08007E
:10F0EC00958F93965700E3DE06FA370400047D14DF
:10F0FC007D8C3A89E5A89305F00F1307F00FE30216
:10F10C00B6FAED45054763CE050113070002B3D5EA
:10F11C00060133080741B3960601B336D00033E736
:10F12C00D500998F328775BF9305F00F1307F00F39
:10F13C00E309B6F637070004D98EE1B7630C08046F
:10F14C003385C84019EEB9CF7D1509E5B387F64074
:10F15C00AE8441BF1306F00F639CC800B687AE8423
:10F16C0041BD1306F00FE38BC8FE37060004D18FA8
:10F17C006D480546634DA80013060002098E33D86E
:10F18C00A700B397C700B337F0003366F800B38716
:10F19C00C6407DBF130716001377E70F1DEF0DE672
:10F1AC0081E785C2B68719A8E38D06EE3386D74072
:10F1BC001315560063560500B387F640AE84D5B5DB
:10F1CC0071E681478144ADA8E39907EEC1FA814409
:10F1DC00B70700021307F00FA5A03384D74013170D
:10F1EC005400635D07023384F640AE842285012906
:10F1FC001307B5FF3314E400634627033307274195
:10F20C00050793060002B357E4003387E640331436
:10F21C00E40033348000C18F014761B561F8814748
:10F22C0001474DB7B70700FCFD173307E940E18FE5
:10F23C008DBD3287BDB5B687ADB51307F00F8147CD
:10F24C009396570063DB060005079306F00F6301E6
:10F25C00D704B70600FCFD16F58F9306F00F8D83CF
:10F26C006316D70081C7B70740008144B2402244DF
:10F27C003705807F5E07A607698FA5831395F40178
:10F28C00D98F924402495D8D41018280B28711BDB4
:10F29C008147E1B737068000135775019307F6FFD6
:10F2AC001377F70F9305E007E98F9356F50163F198
:10F2BC00E5049305D00963F8E50037050080134594
:10F2CC00F5FF3695828033E5C7009307500963DA62
:10F2DC00E7001307A7F63315E50081CE3305A040F0
:10F2EC008280930760093387E7403355E500F5B713
:10F2FC0001458280411106C622C426C255C59357CA
:10F30C00F54133C4A7001D8C9354F5012285C52CFF
:10F31C009307E0092A873385A7409307600963C4E4
:10F32C00A702A14763D5E70061173314E400260454
:10F33C005E052580498C1395F401B240418D224421
:10F34C009244410182809307900963DDA7009547A1
:10F35C00998F9306B701B357F4003314D4003334A8
:10F36C0080005D8C954763D6E7009307B7FF331495
:10F37C00F400B70700FCFD1793767400E18F91C67B
:10F38C003D8891466303D40091079396570063DA46
:10F39C000600B70600FCFD161304F009F58F3305C3
:10F3AC00E44013D4370061B78144014449B741119B
:10F3BC0022C406C62A84814719CD91249307E009FB
:10F3CC00898F130760096341F70221476355A70032
:10F3DC0061153314A4002604258013957701B240DF
:10F3EC00418D22444101828013079009635DF7002F
:10F3FC001307B50195463317E400898E3337E000C7
:10F40C003354D400598C15476356A7001307B5FF26
:10F41C003314E400370700FC7D1793767400618F7A
:10F42C0091C63D8891466303D4001107931657008B
:10F43C0063D90600B70700FCFD177D8F9307F00911
:10F44C00898F1354370041BF93577501411193F7BE
:10F45C00F70F22C426C2131495009354F50113859B
:10F46C00170006C61375E50F25800DC513850738E3
:10F47C00935734007604B2075205B183C98F1395A4
:10F48C00F401B24033E7A700228522449244BA85A6
:10F49C004101828095EB65D022859522A94763CFE7
:10F4AC00A700AD47898F13075501B357F4003314E8
:10F4BC00E400130790383305A74075BF930755FF39
:10F4CC00B317F4000144F5B7814719C493573400BE
:10F4DC00370708007604D98F1305F07F69BF1396A0
:10F4EC00C50013D845019357D5011378F87F2582B1
:10F4FC005D8E9307180093F7E77FFD811317350096
:10F50C00D1C3930608C89307E00F63CBD7086342B7
:10F51C00D006A55763CAF60CB707800079455D8EF7
:10F52C00158DFD4763C3A702130828C8B31707013D
:10F53C00B337F000331606013355A700D18FC98FAE
:10F54C00814613F7770025C355A0F957B386D740EA
:10F55C0093070002B356D60081486306F5001308E2
:10F56C0028CAB3180601B3E7E800B337F000D58F0B
:10F57C00C1BF1A053335A0000E069357D701498E2B
:10F58C00D18FC1B7B367E60063150800B337F0003D
:10F59C0045BF9306F00F81CB0E06B7070002CDB71F
:10F5AC0081479306F00F13975700635B070085069E
:10F5BC001307F00F6383E604370700FC7D17F98F00
:10F5CC001307F00F8D836396E60081C7B7074000E1
:10F5DC0081453705807FDE06A607E98EA583D58F8A
:10F5EC001395F5015D8D82808547814613F7F700F1
:10F5FC001146E30AC7FA91077DB78147D1B7C167B6
:10F60C006376F5029307F00FB3B7A7008E0737D7D1
:10F61C000080930600029D8E3355F5009307878773
:10F62C003E95034505003385A640828037070001CF
:10F63C00C147E36EE5FCE147D9BF03A5819C8280FD
:10F64C003D432A876373C3029377F700BDEFADE5A3
:10F65C00937606FF3D8ABA960CC34CC30CC74CC7B5
:10F66C004107E36BD7FE11E28280B306C3408A06E2
:10F67C009702000096966780A6002307B700A306A2
:10F68C00B7002306B700A305B7002305B700A304F2
:10F69C00B7002304B700A303B7002303B700A302EA
:10F6AC00B7002302B700A301B7002301B700A300E2
:10F6BC00B7002300B700828093F5F50F9396850071
:10F6CC00D58D93960501D58D61B79396270097023A
:10F6DC00000096968682E78086FA9680C1171D8F69
:10F6EC003E96E374C3F8A5B7B367B5008D8BB1EF45
:10F6FC009841B7867F7F9386F6F7B377D700B69796
:10F70C00D98FD58F7D56639BC7042A867D5818C226
:10F71C00D84191051106B377D700B697D98FD58FFD
:10F72C00E38707FF83C7050003C7150083C62500C1
:10F73C002300F60099C7A300E60001C72301D600F9
:10F74C0091E28280A30106008280AA8703C705008C
:10F75C0085078505A38FE7FE75FB82802A86D9B7BE
:10F76C00937735002A8795EFB7867F7F9386F6F7D8
:10F77C00FD5510431107B377D600B697D18FD58FAF
:10F78C00E389B7FE8346C7FF0346D7FF8347E7FFEE
:10F79C00098F8DC60DC23335F0003A9579158280EC
:10F7AC00E1D683470700050793763700F5FB098FF1
:10F7BC001305F7FF82801305D7FF82801305C7FF5F
:10F7CC008280130101BB2324814423229144232EE4
:10F7DC003143232481432326114423202145232C08
:10F7EC004143232A51432328614323267143232277
:10F7FC0091432320A143232EB1418547B6892A8406
:10F80C002E8CB28463F0D72E0146854D8546FD5C67
:10F81C0009A8B38D97413E868546B307D60063F79A
:10F82C003703338794013697B385F40083C50500FD
:10F83C0003470700E3EFE5FC6386E514B28C8546CD
:10F84C000506B307D600854DE3ED37FD8145054828
:10F85C0005467D55054709A83308A740BA850546D6
:10F86C003387C50063773703B387C400B386E400DE
:10F87C00AA9783C6060083C70700E3EFD7FC63870C
:10F88C00F6102E85054685053387C5000548E36DC2
:10F89C0037FD0505850C63649501C28DAA8C1C0887
:10F8AC001307014123A037019107E31DF7FE1389CC
:10F8BC00F9FFB3859900268733862401638F0900ED
:10F8CC008347070013050141B306E6408A07AA9750
:10F8DC00050723A0D7C0E395E5FE6686B385B40182
:10F8EC0026856D2663150512856B054A9387FCFFEB
:10F8FC00938B0B80014B014D330A9A413EC6B38A60
:10F90C00B941B3EB7901B305A401B387250183C7D2
:10F91C000700130701418A07BA9783A707C0BDCB1D
:10F92C0063050B0063F3B701D6873E9D014BB3070C
:10F93C003C41E3FAA7FD33058401DE8549292A9C65
:10F94C00B3073C41E3F1A7FD01458320C1440324E7
:10F95C00814483244144032901448329C143032A5C
:10F96C008143832A4143032B0143832BC142032C44
:10F97C008142832C4142032D0142832DC14113014D
:10F98C0001458280638BDD14850641BD6304061539
:10F99C000506F9B5668763F36C015A876370270314
:10F9AC00B307A7013388E400A2978346080083C7F6
:10F9BC0007006393F6040507E36427FF3247668864
:10F9CC0063669B011DA0630D67032A87B307A7011C
:10F9DC00B386E400A29783C6060083C7070013080A
:10F9EC0017001305F7FFE380F6FE13061B00636E8A
:10F9FC00C8006E9D568B25BF529D3A9D014B05BF8D
:10FA0C005A8813061B00E376C8FE2E853DBFB38AC9
:10FA1C00994163EF9A0B056B054A130B0B80850A12
:10FA2C00814B330A9A417D5D33EB690133067401D6
:10FA3C00B307260183C70700130701418A07BA974A
:10FA4C0083A707C085CFBE9BB3073C41E3F077FF8C
:10FA5C0033058401DA85A52E2A9CB3073C41E3E5E6
:10FA6C0077EF33067401B307260183C7070013072A
:10FA7C0001418A07BA9783A707C0F1F7668763E647
:10FA8C002C0115A0050763702703B3077701338892
:10FA9C00E400A2978346080083C70700E384F6FEC0
:10FAAC00D29BBA9B55B79387FCFF6395A7010DA812
:10FABC006388A70333877701B386F400229783C644
:10FACC00060003470700FD17E384E6FED69BADBF97
:10FADC00E68A91B7B295054661B36E96854635BBFD
:10FAEC003285A5B5854D814C5DBB1D71A2CCA6CAD6
:10FAFC0086CECAC8CEC6D2C4D6C2AE8483C50500D3
:10FB0C002A84E1C183C614006382061203C7240051
:10FB1C0079C303C63400630E061083C74400F1CFCB
:10FB2C002685EFF0FFC32A8993650520228545249D
:10FB3C00636C250F9307E00F63E32715B309254189
:10FB4C0013060004930519000A85A299EFF05FAF24
:10FB5C00630509021376F90F2687B30599002696DB
:10FB6C00834707008800B306E64093F7F703AA978C
:10FB7C0005072380D7FCE395E5FE856A938A0A8006
:10FB8C007D14B307240183C70700980093F7F7038C
:10FB9C00BA9703C507FC2A9463F68900D1A0529446
:10FBAC0063E0890CB307240183C707009800228502
:10FBBC0093F7F703BA974A86A68503CA07FCF92080
:10FBCC0079FDF64022856644D6444649B649264A14
:10FBDC00964A25618280C20503470500D58D814771
:10FBEC0011A03684C207D98F21C303471400930692
:10FBFC001400E398F5FE7D14E9B793970601E2052E
:10FC0C0083460500CD8FD18F2207D98F91CE014726
:10FC1C0019A06383E706228522070504558F8346C6
:10FC2C000400E5FA638AE704014461BF4D282A8485
:10FC3C0049BF93978501939506012207CD8FD98FE4
:10FC4C0083460500014711A03284558F2207E9DE57
:10FC5C008346140013061400E398E7FE791495B755
:10FC6C003385290183470500E1D3D6858D22AA99D6
:10FC7C00E3F889F00144B1B71304D5FF99B7AA850D
:10FC8C00CA8622852686353E2A8425BF8D4763F099
:10FC9C00C702B367B5008D8B8D469DEF18419C4113
:10FCAC00631CF702711611059105E3E9C6FE930674
:10FCBC00F6FF0DC28506AE9619A0638DD50083475D
:10FCCC00050003C7050005058505E388E7FE3385B8
:10FCDC00E7408280014582809306F6FFE1BF93F6F0
:10FCEC00F50F93773500D1CA91CB83470500C1C777
:10FCFC006384D708050593773500E5FB93F5F50F7D
:10FD0C0093978500DD8D1841139305013363B30080
:10FD1C003708FFFE3346E3001308F8EFB30706017C
:10FD2C00B30507011346F6FF1347F7FFF18F6D8FED
:10FD3C00B7888080D98F93880808B3F717019DE3A3
:10FD4C005841110533466700B3070701B305060197
:10FD5C001347F7FF1346F6FFF98F6D8ED18FB3F76C
:10FD6C001701F9DF8347050099C76381F6068347BE
:10FD7C0015000505FDFB0145828081CB83470500FD
:10FD8C00E5DF050593773500F5FB18413706FFFED7
:10FD9C001306F6EFB307C700B78680801347F7FF4B
:10FDAC00F98F93860608F58F91EB58411105B3072F
:10FDBC00C7001347F7FFF98FF58FE5DB8347050085
:10FDCC00C5DF834715000505EDFF828082802A86FA
:10FDDC00B306B6002E85B28789E511A8850763871F
:10FDEC00F60003C707007DFB3385C7408280828005
:10FDFC00000000000A657874726163745F69655F66
:10FE0C00636F646520656E74657265640A0000003A
:10FE1C00657863657074696F6E20636F6465203DEF
:10FE2C002025780A00000000657874726163745FA5
:10FE3C0069655F636F6465206578697465640A0041
:10FE4C000A64656661756C745F68616E646C65727A
:10FE5C0020656E74657265640A0000000A68616E44
:10FE6C00646C655F7472617020656E746572656434
:10FE7C000A0000000A547261703A206D6361757358
:10FE8C0065203D2025782C20657063203D20257849
:10FE9C000A00000073697A656F662875696E747064
:10FEAC0074722920203D202564200A00536F75723E
:10FEBC006365206F6620547261703A20496E7465D8
:10FECC0072727570740A0000536F75726365206FDF
:10FEDC006620547261703A20536F66747761726554
:10FEEC000A00000068616E646C655F74726170205A
:10FEFC006578697465640A000A2070616E69632014
:10FF0C000A000000286E756C6C290000AA56FFFFD1
:10FF1C00EC56FFFF7C59FFFFA657FFFF7C59FFFFF4
:10FF2C007C59FFFF7C59FFFF7C59FFFF7C59FFFF79
:10FF3C009856FFFF7C59FFFF7C59FFFF8E58FFFF3F
:10FF4C007C59FFFF7C59FFFF7C59FFFFBE56FFFF1A
:10FF5C007C59FFFF1A58FFFF7C59FFFF7C59FFFFAC
:10FF6C000259FFFF747261705F696E697420656E6F
:10FF7C007465726564200A20000000007472617060
:10FF8C005F696E697420657869746564200A200065
:10FF9C00696E697420656E7465726564200A200050
:10FFAC00696E6974206578697465640A00000000E4
:10FFBC000000000061646472203D2025782064619B
:10FFCC007461203D2025780A0000000048AFBC9ADF
:10FFDC00F2D77A3E0A636F6E6669677572655F6306
:10FFEC006F756E74657220656E74657265640A0057
:04FFFC006D74696D4A
:02000004800179
:1000000065636D702076616C7565203D2025640AFE
:10001000000000006D74696D652076616C75652067
:100020003D2025640A0000000A636F6E66696775EB
:1000300072655F636F756E7465722065786974654B
:10004000640A00000A6D6163685F636C696E745FC7
:1000500068616E646C657220656E74657265640AB1
:10006000000000006D74696D65636D702076616CD1
:100070007565203D2025780A000000006D74696DCB
:10008000652076616C7565203D2025780A000000AA
:100090006D6163685F636C696E745F68616E646CE8
:1000A0006572206578697465640A00000A696E7477
:1000B0006572727570745F636F6D706C65746520C6
:1000C000656E74657265640A00000000696E74658F
:1000D00072727570742069642025642C20737461B9
:1000E0007465206368616E67656420746F202564A1
:1000F0000A000000696E746572727570742069641C
:10010000203D202578200A20726573657420746F65
:100110002064656661756C742076616C756573200A
:100120007374617465203D20257820090920200A18
:10013000207072696F72697479203D2025780A20D9
:10014000636F756E74203D2025780A00696E7465B2
:1001500072727570745F636F6D706C657465206525
:1001600078697465640A00000A696E746572727554
:1001700070745F636C61696D5F72657175657374CE
:1001800020656E74657265640A000000696E7465AE
:100190007272757074206964205B25785D20636CD1
:1001A00061696D65642020617420616464726573A7
:1001B000732025780A000000696E7465727275708C
:1001C000745F636C61696D5F7265717565737420CE
:1001D0006578697465640A000A6D6163685F706CB4
:1001E00069635F68616E646C657220656E746572C8
:1001F00065640A00696E7465727275707420696452
:1002000020636C61696D6564203D2025780A0000DB
:10021000466174616C206572726F722C20696E7415
:10022000657272757074206964205B25785D206347
:100230006C61696D65642069732077726F6E670AFF
:1002400000000000696E74657272757074206964D4
:1002500020256420636F6D706C657465200A000052
:100260000A6D6163685F706C69635F68616E646C7E
:100270006572206578697465640A00000A697372A2
:100280005F64656661756C7420656E746572656423
:100290000A000000696E74657272757074205B25C7
:1002A000645D2073657276696365640A000000000E
:1002B0000A6973725F64656661756C74206578693C
:1002C0007465640A000000000A696E7465727275D4
:1002D00070745F656E61626C6520656E74657265D1
:1002E00064200A00696E746572727570745F696467
:1002F000203D2025780A0000504C494320424153BC
:10030000452041444452455353203D2025782C201C
:10031000504C494320454E41424C45204F464653A0
:100320004554203D2025780A00000000696E746560
:1003300072727570745F656E61626C655F61646432
:1003400072203D2025782063757272656E745F7629
:10035000616C7565203D202578200A0076616C75FA
:100360006520726561643A206E65775F76616C75B1
:1003700065203D2025780A000A696E7465727275E1
:1003800070745F656E61626C652065786974656420
:10039000200A00000A696E746572727570745F6479
:1003A000697361626C6520656E7465726564200AAC
:1003B00000000000504C4943204241534520414435
:1003C0004452455353203D2025782C20504C49431E
:1003D00020454E41424C45204F4646534554203D12
:1003E00020257820696E746572727570745F696417
:1003F000203D2025780A0000696E74657272757060
:10040000745F64697361626C655F61646472203DEE
:100410002025782063757272656E745F76616C75E5
:1004200065203D202578200A00000000696E746573
:1004300072727570745F64697361626C652065784F
:10044000697465640A0000000A73657420696E743B
:100450006572727570745F7468726573686F6C64CE
:1004600020656E74657265640A000000706C6963D3
:10047000207468726573686F6C642073657420748F
:100480006F2025640A00000073657420696E74652E
:1004900072727570745F7468726573686F6C6420D3
:1004A0006578697465640A000A2073657420696E52
:1004B00074657272757074207072696F7269747984
:1004C00020656E74657265642025780A000000005E
:1004D000696E746572727570745F7072696F72693B
:1004E00074795F61646472657373203D2025780AB6
:1004F0000000000063757272656E7420646174613F
:1005000020617420696E746572727570745F7072A8
:10051000696F726974795F61646472657373203D99
:100520002025780A00000000206E65772064617441
:100530006120617420696E746572727570745F7089
:1005400072696F726974795F616464726573732034
:100550003D2025780A00000073657420696E74657B
:100560007272757074207072696F72697479206527
:1005700078697465640A00000A636F6E666967755E
:10058000726520696E746572727570742070696E20
:1005900020656E74657265640A0000004750494F1B
:1005A00020444952454354494F4E205245474953F0
:1005B0005445522056414C5545203D2025780A008F
:1005C00044617461207772697474656E20746F2061
:1005D0004750494F20444952454354494F4E2043C8
:1005E00054524C20524547203D2025780A000000F7
:1005F000636F6E66696775726520696E7465727285
:100600007570742070696E206578697465640A007D
:100610000A706C69635F696E697420656E746572D7
:1006200065640A0041737369676E6564206D616378
:10063000685F706C69635F68616E646C657220747A
:100640006F2074726170206964203A2025640A006A
:100650000A2A2A2A2A2A2A2A2A2A2A2A2A2A2A2A1A
:100660002A2A2A2A2A2A2A2A2A2A2A2A2A2A2A2AEA
:100670002A2A2A2A2A2A2A2A2A2A2A2A2A2A2A2ADA
:100680002A0000000A696E746572727570742069C0
:1006900064203D202578200A726573657420746F8C
:1006A0002064656661756C742076616C7565732075
:1006B0007374617465203D20257820090909202084
:1006C0000A7072696F72697479203D2025780A6317
:1006D0006F756E74203D2025780A200909092020B5
:1006E0000A2A2A2A2A2A2A2A2A2A2A2A2A2A2A2A8A
:1006F0002A2A2A2A2A2A2A2A2A2A2A2A2A2A2A2A5A
:100700002A2A2A2A2A2A2A2A2A2A2A2A2A2A2A2A49
:100710002A2A0000706C69635F696E6974206578CD
:1007200069746564200A00000A636F6E6669677504
:1007300072655F696E7465727275707420656E742F
:1007400065726564200A0000636F6E666967757282
:10075000655F696E7465727275707420657869740E
:100760006564200A000000000A506572696F642009
:1007700052656769737465722056616C756520688F
:100780006967686572207468616E206D6178207693
:10079000616C756520282578290000000A205065C5
:1007A00072696F64205265676973746572206F6641
:1007B000206D6F64756C65206E756D6265722025A5
:1007C000642073657420746F202578000A44757462
:1007D000792052656769737465722056616C75651E
:1007E00020686967686572207468616E206D617841
:1007F0002076616C75652028257829000A204475CB
:100800007479205265676973746572206F66206D14
:100810006F64756C65206E756D626572202564204D
:1008200073657420746F2025780000000A436F6E92
:1008300074726F6C205265676973746572205661BB
:100840006C756520686967686572207468616E20E0
:100850006D61782076616C75652028257829000007
:100860000A20436F6E74726F6C20526567697374EF
:100870006572206F66206D6F64756C65206E756D96
:100880006265722025642073657420746F2025785A
:10089000000000000A2052756E6E696E6720696E56
:1008A00020636F6E74696E756F7573206D6F64650C
:1008B00028312F30293A2025640000000A436C6F4C
:1008C000636B2052656769737465722056616C753D
:1008D0006520686967686572207468616E206D6163
:1008E000782076616C756520282578290000000045
:1008F0000A20416C6C20726567697374657273209D
:100900006F66206D6F64756C65206E756D626572C3
:1009100020256420636C6561726564000A20416C67
:100920006C2052656769737465722076616C7565B9
:1009300073206F6620616C6C206D6F64756C6573DD
:1009400020636C6561726564000000000A204375D5
:100950007272656E74204D6F64756C6520697320CA
:1009600073657420746F2050574D206D6F6465005F
:100970000A2043757272656E74204D6F64756C65E4
:100980002069732073657420746F2074696D6572BB
:10099000206F6E6365206F6E6C79206D6F646500EB
:1009A0000A2043757272656E74204D6F64756C65B4
:1009B0002069732073657420746F2074696D65728B
:1009C00020636F6E74696E756F7573206D6F6465EB
:1009D000000000000A2050574D206D6F64756C6553
:1009E000206E756D626572202564206861732062D7
:1009F00065656E20656E7465726564000A205057E7
:100A00004D206D6F64756C65206E756D626572202A
:100A10002564206E6F7420656E74657265640000D5
:100A20000A204572726F7220696E20736574746952
:100A30006E6720636C6F636B2072656769737465A2
:100A4000720000000A204572726F7220696E207376
:100A5000657474696E67206475747920726567695E
:100A600073746572000000000A204572726F722074
:100A7000696E2073657474696E6720706572696F42
:100A80006420726567697374657200000A50574D7F
:100A90002025642073756363657366756C6C7920BB
:100AA000636F6E6669677572656400000A2050574F
:100AB0004D206D6F64756C65206E756D626572207A
:100AC000256420686173206265656E2073746F70A1
:100AD000706564000A5468652076616C7565206FE6
:100AE0006620706572696F642072656769737465EA
:100AF00072206973202578000A5468652076616C3D
:100B00007565206F662064757479207265676973F6
:100B10007465722069732025780000000A546865A6
:100B20002076616C7565206F6620636F6E74726FDE
:100B30006C2072656769737465722069732025780B
:100B4000000000000A5468652076616C7565206FAE
:100B50006620636C6F636B2072656769737465727E
:100B60002069732025780000320000003300000067
:100B70003400000035000000257300004D4F444252
:100B800055535F554152545F494E495449414C4970
:100B900053454420210D0A000A4750494F20333065
:100BA00020494E4954200A002D2D2D2D2D4D6574C0
:100BB00065722049642025643A494E495420262014
:100BC0004F46462D2D2D2D2D0A0000002D2D2D2DAB
:100BD0002D2D2D2D2D2D2D2D2D4D6574657220491A
:100BE000642025643A4F4E2D2D2D2D2D2D2D2D2D8C
:100BF0002D2D2D0A000000002D2D2D2D2D2D2D2DFC
:100C00002D2D2D2D4D657465722049642025643A83
:100C10004F46462D2D2D2D2D2D2D2D2D2D2D2D0AD3
:100C2000000000002D2D2D2D2D2D2D2D4D657465D1
:100C3000722049642025643A546F67676C652045CB
:100C400072726F722D2D2D2D2D2D2D0A000000009A
:100C50002D2D2D2D2D2D2D2D2D52656164696E6745
:100C6000204D657465722049643A2564202D2D2D30
:100C70002D2D2D2D2D2D2D0A000000002573203D3A
:100C800020000000256C66200A000000256C660A22
:100C9000000000004E616D65206F6620706172611A
:100CA0006D65746572206E6F7420666F756E64205A
:100CB0000A000000BE79FFFFEE7FFFFF167AFFFFFC
:100CC000EE7FFFFF6E7AFFFFEE7FFFFFC67AFFFF2A
:100CD000EE7FFFFF1E7BFFFFEE7FFFFF767BFFFFB8
:100CE000EE7FFFFFCE7BFFFFEE7FFFFF267CFFFF47
:100CF000EE7FFFFF7E7CFFFFEE7FFFFFEE7FFFFFBB
:100D0000EE7FFFFFEE7FFFFFEE7FFFFFEE7FFFFF37
:100D1000EE7FFFFFD67CFFFFEE7FFFFF2E7DFFFF04
:100D2000EE7FFFFF867DFFFFEE7FFFFFEE7FFFFF81
:100D3000EE7FFFFFEE7FFFFFEE7FFFFFEE7FFFFF07
:100D4000EE7FFFFFEE7FFFFFEE7FFFFFEE7FFFFFF7
:100D5000EE7FFFFFEE7FFFFFEE7FFFFFEE7FFFFFE7
:100D6000EE7FFFFFEE7FFFFFEE7FFFFFEE7FFFFFD7
:100D7000EE7FFFFFEE7FFFFFEE7FFFFFEE7FFFFFC7
:100D8000EE7FFFFFEE7FFFFFEE7FFFFFEE7FFFFFB7
:100D9000EE7FFFFFEE7FFFFFEE7FFFFFEE7FFFFFA7
:100DA000EE7FFFFFEE7FFFFFEE7FFFFFEE7FFFFF97
:100DB000EE7FFFFFEE7FFFFFEE7FFFFFEE7FFFFF87
:100DC000EE7FFFFFEE7FFFFFEE7FFFFFDE7DFFFF89
:100DD000EE7FFFFF367EFFFFEE7FFFFF8E7EFFFF81
:100DE0000A3E3E3E4D657465722031204F4E0A002A
:100DF00041542B43495053454E443D302C31300033
:100E000024434D443A313731000000000A3E3E3E53
:100E10004D657465722031204F46460A000000007F
:100E200024434D443A313730000000000A3E3E3E34
:100E30004D657465722032204F4E0A0024434D44A4
:100E40003A323731000000000A3E3E3E4D6574657F
:100E5000722032204F46460A0000000024434D44D1
:100E60003A323730000000000A3E3E3E4D65746560
:100E7000722033204F4E0A0024434D443A33373119
:100E8000000000000A3E3E3E4D657465722033202E
:100E90004F46460A0000000024434D443A333730A1
:100EA000000000000A3E3E3E4D657465722034200D
:100EB0004F4E0A0024434D443A34373100000000BD
:100EC0000A3E3E3E4D657465722034204F46460A08
:100ED0000000000024434D443A3437300000000045
:100EE0000A3E3E3E2052656164204D657465722560
:100EF0006420506172616D6574657225640A00003A
:100F000024434D443A3131390000000024434D441C
:100F10003A3231390000000024434D443A3331392C
:100F20000000000024434D443A34313900000000F1
:100F30000A3E3E3E20444342204D65746572203196
:100F4000204F4E0A0000000041542B434D47533DB3
:100F50002230383434363636333838342200000004
:100F60000A3E3E3E20444342204D65746572203166
:100F7000204F46460A0000000A3E3E3E20444342BF
:100F8000204D657465722032204F4E0A000000002B
:100F90000A3E3E3E20444342204D65746572203235
:100FA000204F46460A0000000A3E3E3E204443428F
:100FB000204D657465722033204F4E0A00000000FA
:100FC0000A3E3E3E20444342204D65746572203304
:100FD000204F46460A0000000A3E3E3E204443425F
:100FE000204D657465722034204F4E0A00000000C9
:100FF0000A3E3E3E20444342204D657465722034D3
:10100000204F46460A0000000A3E3E3E20526561DF
:1010100064204D6574657220310A00000A3E3E3E30
:101020002052656164204D6574657220320A0000AB
:101030000A3E3E3E2052656164204D657465722013
:10104000330A00000A3E3E3E2052656164204D6531
:1010500074657220340A0000436865636B206D6F0D
:1010600064756C652070726573656E740A000000AB
:1010700041542B5253540000415400004154453018
:101080000000000041542B474D5200004F4B000020
:10109000726561642066726F6D20657370383236D8
:1010A000362025730A0000004552524F52000000BE
:1010B00072656164206578656375746564200A00F3
:1010C0005245534554310A0041542B43574D4F4428
:1010D000453D32004D4F44450A00000041542B432A
:1010E00049504D55583D31004D55580A00000000FB
:1010F00041542B4349505345525645523D312C38AB
:10110000300000005345525645520A00436F6E6E40
:10111000656374696E6720576946692000000000A6
:1011200052455345540A00004543484F204F464618
:101130000A00000041542B43575341505F4355521E
:101140003D2253454D222C22313233343132333457
:10115000222C322C3300000041542B534C45455077
:101160003D300000534C454550204D4F44452044F0
:10117000495341424C45440A0000000041542B436E
:10118000574155544F434F4E4E3D31004155544FFA
:1011900020434F4E4E45435420454E41424C45441A
:1011A0000A00000041542B43495053544F3D300036
:1011B00054494D454F55542044495341424C4544B0
:1011C0000A00000020202020202020202020202095
:1011D00020202020000000002B4950442C3000002B
:1011E000446174612066726F6D20636C69656E7412
:1011F00020303A2025730A002B4950442C3100003E
:10120000446174612066726F6D20636C69656E74F1
:1012100020313A2025730A00556E6B6E6F776E2071
:101220006461746120736F757263653A2025730A77
:1012300000000000436F6E6E656374696E6720473F
:10124000534D20200000000041542B434D47463DA4
:101250003100000041542B434D4744413D44454C2F
:1012600020414C4C0000000041542B435245473D67
:10127000310000000A55415254312049535220692F
:101280006E69740A0000000049535220454E4142E5
:101290004C450A000A2D2D2D2D2D2D2D2D2D2D2DBA
:1012A0002D2D2D2D2D2D2D2D2D2D2D2D2D2D2D2D6E
:1012B0002D2D2D2D2D2D2D2D2D2D2D0A0000000035
:1012C0000A55415254322049535220696E69740ABA
:1012D0000000000049535220454E41424C45440A0B
:1012E000000000004953525F75617274325F656E91
:1012F0007465726564200A002B4950442C0000007C
:10130000495352206461746120636F6E7461696E29
:1013100073202B4950440A00737363616E66206426
:101320006F6E652025732C2025732C2025730A00F1
:10133000524541444D303120434153450A0000009D
:10134000524541444D303220434153450A0000008C
:10135000524541444D303320434153450A0000007B
:10136000524541444D303420434153450A0000006A
:101370004E4F202B495044200A0000004953525F31
:1013800075617274325F72656164200A000000004A
:10139000495352207265636569766564202D3E204D
:1013A0002573200A000000004953525F7561727472
:1013B000325F65786974203D3D3D3D3D3D3D3D3D9D
:1013C0003D3D3D3D3D3D3D3D3D3D3D3D200A000017
:1013D00045535038323636206973723A20257320CF
:1013E0000A0000003E3E3E3E3E3E3E436F6D6D7540
:1013F0006E69636174696F6E20747269673C3C3C0E
:101400003C3C3C3C0A000000524D30312074726973
:10141000670A0000524D303220747269670A00007A
:10142000524D303320747269670A0000524D3034D7
:1014300020747269670A00004E4F5245414420747F
:101440007269670A000000003E3E3E3E3E3E3E3E60
:101450003E3E4C6F63616C20747269673C3C3C3C5F
:101460003C3C3C3C3C3C0A003E3E3E3E3E3E3E3E1A
:101470004E6F4461746120747269673C3C3C3C3C33
:101480003C3C3C3C0A0000002020000020202020A2
:10149000414E5348554D414E202020200000000071
:1014A0004553542D5368616B7469207465737420BF
:1014B000000000006D6F646520696E697469617475
:1014C0006564212000000000205072657373207352
:1014D000776974636865732000000000205334202E
:1014E00020533320205332202053312000000000AD
:1014F000533120707265737365640A0020202020C8
:101500002020202020202020204F4B200000000001
:10151000533220707265737365640A0020202020A6
:1015200020202020204F4B202020202000000000E1
:10153000533320707265737365640A002020202085
:10154000204F4B20202020202020202000000000C1
:10155000533420707265737365640A00204F4B200A
:1015600020202020202020202020202000000000FB
:101570000A3D3D3D3D3D3D3D3D4855423D3D3D3DA6
:101580003D3D3D3D0A000000202020202020485500
:101590004220202020202020000000000A48554240
:1015A0002072656164790A005541525430200A0066
:1015B0002444432D4100000020436F6D6D616E6433
:1015C00020746F2044432D41000000002444432D2B
:1015D0004200000020436F6D6D616E6420746F20C7
:1015E00044432D42000000000A2044432D42204382
:1015F00041534520520000000A2044432D4220431D
:1016000041534520570000005541525431200A00F3
:101610002B52535000000000204461746120667218
:101620006F6D2044432D412000000000554152546D
:1016300032200A002B434D54493A000041542B43B9
:101640004D474C0024434D4400000000436F6D6D36
:10165000616E642D3E00000025730A0052657370B0
:101660006F6E73652D3E00002044617461206672C8
:101670006F6D2044432D4220000000002B43524553
:10168000473A2030000000002B435245473A2031B2
:1016900000000000202047534D206E6574776F7264
:1016A0006B202020000000002020202020666F7585
:1016B0006E64202020202020000000002B43524593
:1016C000473A2032000000002B435245473A20336E
:1016D00000000000202047534D205365617263686D
:1016E000696E672000000000202020206E6574775E
:1016F0006F726B20202020200000000053332070E8
:10170000726573736564206C6364207265736574BD
:10171000200A00000000807F000000000000F87F29
:101720000000000000006041000000000000F03FE9
:10173000000080FF0000C07F000000800000004B20
:10174000000080000000803F00000000000000401A
:101750000000004000000043000010420000204153
:101760000000AA420000000000000000000030431A
:1017700000000000000030C3568900800A8A008003
:10178000608900800A8A0080FC8900800A8A0080C3
:10179000608900805689008056890080FC8900801D
:1017A000608900803C8900803C8900803C89008001
:1017B00064890080568F0080568F00806E8F008075
:1017C000508F0080508F0080FC8F00806E8F0080D3
:1017D000508F0080FC8F0080508F00806E8F0080C3
:1017E0004E8F00804E8F00804E8F0080FC8F0080D7
:1017F000B69B0080169C0080BE9B0080169C0080DB
:101800000A9C0080169C0080BE9B0080B69B0080D6
:10181000B69B00800A9C0080BE9B00809E9B00803F
:101820009E9B00809E9B0080C29B0080F49E008057
:10183000F49E00800C9F0080F09E0080F09E00804F
:10184000529F00800C9F0080F09E0080529F00807D
:10185000F09E00800C9F0080EE9E0080EE9E008037
:10186000EE9E0080529F00800001020203030303EA
:101870000404040404040404050505050505050520
:101880000505050505050505060606060606060600
:1018900006060606060606060606060606060606E8
:1018A00006060606060606060707070707070707D0
:1018B00007070707070707070707070707070707B8
:1018C00007070707070707070707070707070707A8
:1018D0000707070707070707070707070707070798
:1018E0000707070707070707080808080808080880
:1018F0000808080808080808080808080808080868
:101900000808080808080808080808080808080857
:101910000808080808080808080808080808080847
:101920000808080808080808080808080808080837
:101930000808080808080808080808080808080827
:101940000808080808080808080808080808080817
:101950000808080808080808080808080808080807
:101960000808080808080808000000001000000027
:1019700000000000037A5200017C01011B0D0200EF
:10198000100000001800000096AEFFFF6603000084
:1019900000000000100000002C000000E8B1FFFF74
:1019A0005403000000000000000000000000F03FB1
:1019B000000000000000F0FF000000000000F07FC9
:1019C0000000004003B8E23F06D0CF43EBFD4C3EA1
:1019D000000000000000F83F000000000000F0BF21
:1019E0009C7500883CE4377E000000604715F73F97
:1019F00044DF5DF80BAE543E000000000000D03F15
:101A0000555555555555D53F000000000000E03FA5
:101A1000FE822B654715F73F0000000000004043A1
:101A2000EF4E454A287ECA3F65DBC9934A86CD3FC3
:101A300001411DA96074D13F4D268F515555D53FA9
:101A4000FFAB6FDBB66DDB3F033333333333E33F41
:101A50000000000000000840000000E009C7EE3F61
:101A6000FD033ADC09C7EE3FF5015B14E02F3EBEF3
:101A7000FE822B654715973C59F3F8C21F6EA501EE
:101A800000000000432EE63FEF39FAFE422EE63F0B
:101A9000396CA80C615C20BED0A4BE726937663E6A
:101AA000F16BD2C541BDBB3E2CDE25AF6A56113F5E
:101AB00093BDBE166CC1663F3E5555555555C53F45
:101AC0000000000000000040000000000000F87F5F
:101AD00000000000000050439C7500883CE437FE85
:101AE00059F3F8C21F6EA581000000000000903C71
:101AF00008CC0080E0FFFF8F186D008850DA00806E
:101B0000186D0088F8BF00020040000210150400A4
:101B1000564F4C5431000000564F4C5432000000D8
:101B2000564F4C54330000005741545431000000CC
:101B300057415454320000005741545433000000C0
:101B40005641523100000000564152320000000060
:101B50005641523300000000564C20312D32000017
:101B6000564C20322D330000564C20332D310000CE
:101B700008CC008000000000000000000000000011
:101B80000000000000000000000000000000000055
:101B90000000000000000000000000000000000045
:101BA0000000000000000000000000000000000035
:101BB00043555252454E5431000000004355525295
:101BC000454E54320000000043555252454E5433A6
:101BD000000000004672657175656E637900000053
:101BE000576820496D706F72740000005768204577
:101BF00078706F727400000000000000F4CE008066
:101C00005CCF0080C4CF0080000000000000000016
:101C100000000000000000000000000000000000C4
:101C200000000000000000000000000000000000B4
:101C300000000000000000000000000000000000A4
:101C40000000000000000000000000000000000094
:101C50000000000000000000000000000000000084
:101C60000000000000000000000000000000000074
:101C70000000000000000000000000000000000064
:101C80000000000000000000000000000000000054
:101C90000000000000000000000000000000000044
:101CA00001000000000000000E33CDAB34126DE6E1
:101CB000ECDE05000B00000000000000000000004A
:101CC0000000000000000000000000000000000014
:101CD0000000000000000000000000000000000004
:101CE00000000000000000000000000000000000F4
:101CF00000000000000000000000000000000000E4
:101D000000000000000000000000000000000000D3
:101D100000000000000000000000000000000000C3
:101D200000000000000000000000000000000000B3
:101D300000000000000000000000000000000000A3
:101D40000000000000000000000000000000000093
:101D50000000000000000000000000000000000083
:101D60000000000000000000000000000000000073
:101D70000000000000000000000000000000000063
:101D80000000000000000000000000000000000053
:101D90000000000000000000000000000000000043
:101DA0000000000000000000000000000000000033
:101DB0000000000000000000000000000000000023
:101DC0000000000000000000000000000000000013
:101DD0000000000000000000000000000000000003
:101DE00000000000000000000000000000000000F3
:101DF00000000000000000000000000000000000E3
:101E000000000000000000000000000000000000D2
:101E100000000000000000000000000000000000C2
:101E200000000000000000000000000000000000B2
:101E300000000000000000000000000000000000A2
:101E40000000000000000000000000000000000092
:101E50000000000000000000000000000000000082
:101E60000000000000000000000000000000000072
:101E70000000000000000000000000000000000062
:101E80000000000000000000000000000000000052
:101E90000000000000000000000000000000000042
:101EA0000000000000000000000000000000000032
:101EB0000000000000000000000000000000000022
:101EC0000000000000000000000000000000000012
:101ED0000000000000000000000000000000000002
:101EE00000000000000000000000000000000000F2
:101EF00000000000000000000000000000000000E2
:101F000000000000000000000000000000000000D1
:101F100000000000000000000000000000000000C1
:101F200000000000000000000000000000000000B1
:101F300000000000000000000000000000000000A1
:101F40000000000000000000000000000000000091
:101F50000000000000000000000000000000000081
:101F60000000000000000000000000000000000071
:101F70000000000000000000000000000000000061
:101F80000000000000000000000000000000000051
:101F90000000000000000000000000000000000041
:101FA0000000000000000000000000000000000031
:101FB0000000000000000000000000000000000021
:101FC0000000000000000000000000000000000011
:101FD0000000000000000000000000000000000001
:101FE00000000000000000000000000000000000F1
:101FF00000000000000000000000000000000000E1
:1020000000000000000000000000000000000000D0
:1020100000000000000000000000000000000000C0
:1020200000000000000000000000000000000000B0
:1020300000000000000000000000000000000000A0
:102040000000000000000000000000000000000090
:102050000000000000000000000000000000000080
:102060000000000000000000000000000000000070
:102070000000000000000000000000000000000060
:102080000000000000000000000000000000000050
:102090000000000000000000000000000000000040
:1020A0000000000000000000000000000000000030
:1020B0000000000000000000000000000000000020
:1020C0000000000000000000000000000000000010
:1020D0000000000000000000000000000000000000
:1020E00000000000000000000000000000000000F0
:1020F00000000000000000000000000000000000E0
:1021000000000000000000000000000000000000CF
:1021100000000000000000000000000000000000BF
:1021200000000000000000000000000000000000AF
:10213000000000000000000000000000000000009F
:10214000000000000000000000000000000000008F
:10215000000000000000000000000000000000007F
:10216000000000000000000000000000000000006F
:10217000000000000000000000000000000000005F
:10218000000000000000000000000000000000004F
:10219000000000000000000000000000000000003F
:1021A000000000000000000000000000000000002F
:1021B000000000000000000000000000000000001F
:1021C000000000000000000000000000000000000F
:1021D00000000000000000000000000000000000FF
:1021E00000000000000000000000000000000000EF
:1021F00000000000000000000000000000000000DF
:1022000000000000000000000000000000000000CE
:1022100000000000000000000000000000000000BE
:1022200000000000000000000000000000000000AE
:10223000000000000000000000000000000000009E
:10224000000000000000000000000000000000008E
:10225000000000000000000000000000000000007E
:10226000000000000000000000000000000000006E
:10227000000000000000000000000000000000005E
:10228000000000000000000000000000000000004E
:10229000000000000000000000000000000000003E
:1022A000000000000000000000000000000000002E
:1022B000000000000000000000000000000000001E
:1022C000000000000000000000000000000000000E
:1022D00000000000000000000000000000000000FE
:1022E00000000000000000000000000000000000EE
:1022F00000000000000000000000000000000000DE
:1023000000000000000000000000000000000000CD
:1023100000000000000000000000000000000000BD
:1023200000000000000000000000000000000000AD
:10233000000000000000000000000000000000009D
:10234000000000000000000000000000000000008D
:10235000000000000000000000000000000000007D
:10236000000000000000000000000000000000006D
:10237000000000000000000000000000000000005D
:10238000000000000000000000000000000000004D
:10239000000000000000000000000000000000003D
:1023A000000000000000000000000000000000002D
:1023B000000000000000000000000000000000001D
:1023C000000000000000000000000000000000000D
:1023D00000000000000000000000000000000000FD
:1023E00000000000000000000000000000000000ED
:1023F00000000000000000000000000000000000DD
:1024000000000000000000000000000000000000CC
:1024100000000000000000000000000000000000BC
:1024200000000000000000000000000000000000AC
:10243000000000000000000000000000000000009C
:10244000000000000000000000000000000000008C
:10245000000000000000000000000000000000007C
:10246000000000000000000000000000000000006C
:10247000000000000000000000000000000000005C
:10248000000000000000000000000000000000004C
:10249000000000000000000000000000000000003C
:1024A000000000000000000000000000000000002C
:1024B000000000000000000000000000000000001C
:1024C000000000000000000000000000000000000C
:1024D00000000000000000000000000000000000FC
:1024E00000000000000000000000000000000000EC
:1024F00000000000000000000000000000000000DC
:1025000000000000000000000000000000000000CB
:1025100000000000000000000000000000000000BB
:1025200000000000000000000000000000000000AB
:10253000000000000000000000000000000000009B
:10254000000000000000000000000000000000008B
:10255000000000000000000000000000000000007B
:10256000000000000000000000000000000000006B
:10257000000000000000000000000000000000005B
:10258000000000000000000000000000000000004B
:10259000000000000000000000000000000000003B
:1025A000000000000000000000000000000000002B
:1025B000000000000000000000000000000000001B
:1025C000000000000000000000000000000000000B
:1025D00000000000000000000000000000000000FB
:1025E00000000000000000000000000000000000EB
:1025F00000000000000000000000000000000000DB
:1026000000000000000000000000000000000000CA
:1026100000000000000000000000000000000000BA
:1026200000000000000000000000000000000000AA
:10263000000000000000000000000000000000009A
:10264000000000000000000000000000000000008A
:10265000000000000000000000000000000000007A
:10266000000000000000000000000000000000006A
:10267000000000000000000000000000000000005A
:10268000000000000000000000000000000000004A
:10269000000000000000000000000000000000003A
:1026A000000000000000000000000000000000002A
:1026B000000000000000000000000000000000001A
:1026C000000000000000000000000000000000000A
:1026D00000000000000000000000000000000000FA
:1026E00000000000000000000000000000000000EA
:1026F00000000000000000000000000000000000DA
:1027000000000000000000000000000000000000C9
:1027100000000000000000000000000000000000B9
:1027200000000000000000000000000000000000A9
:102730000000000000000000000000000000000099
:102740000000000000000000000000000000000089
:102750000000000000000000000000000000000079
:102760000000000000000000000000000000000069
:102770000000000000000000000000000000000059
:102780000000000000000000000000000000000049
:102790000000000000000000000000000000000039
:1027A0000000000000000000000000000000000029
:1027B0000000000000000000000000000000000019
:1027C0000000000000000000000000000000000009
:1027D00000000000000000000000000000000000F9
:1027E00000000000000000000000000000000000E9
:1027F00000000000000000000000000000000000D9
:1028000000000000000000000000000000000000C8
:1028100000000000000000000000000000000000B8
:1028200000000000000000000000000000000000A8
:102830000000000000000000000000000000000098
:102840000000000000000000000000000000000088
:102850000000000000000000000000000000000078
:102860000000000000000000000000000000000068
:102870000000000000000000000000000000000058
:102880000000000000000000000000000000000048
:102890000000000000000000000000000000000038
:1028A0000000000000000000000000000000000028
:1028B0000000000000000000000000000000000018
:1028C0000000000000000000000000000000000008
:1028D00000000000000000000000000000000000F8
:1028E00000000000000000000000000000000000E8
:1028F00000000000000000000000000000000000D8
:1029000000000000000000000000000000000000C7
:1029100000000000000000000000000000000000B7
:1029200000000000000000000000000000000000A7
:102930000000000000000000000000000000000097
:102940000000000000000000000000000000000087
:102950000000000000000000000000000000000077
:102960000000000000000000000000000000000067
:102970000000000000000000000000000000000057
:102980000000000000000000000000000000000047
:102990000000000000000000000000000000000037
:1029A0000000000000000000000000000000000027
:1029B0000000000000000000000000000000000017
:1029C0000000000000000000000000000000000007
:1029D00000000000000000000000000000000000F7
:1029E00000000000000000000000000000000000E7
:1029F00000000000000000000000000000000000D7
:102A000000000000000000000000000000000000C6
:102A100000000000000000000000000000000000B6
:102A200000000000000000000000000000000000A6
:102A30000000000000000000000000000000000096
:102A40000000000000000000000000000000000086
:102A50000000000000000000000000000000000076
:102A60000000000000000000000000000000000066
:102A70000000000000000000000000000000000056
:102A80000000000000000000000000000000000046
:102A90000000000000000000000000000000000036
:102AA0000000000000000000000000000000000026
:102AB0000000000000000000000000000000000016
:102AC0000000000000000000000000000000000006
:102AD00000000000000000000000000000000000F6
:102AE00000000000000000000000000000000000E6
:102AF00000000000000000000000000000000000D6
:102B000000000000000000000000000000000000C5
:102B100000000000000000000000000000000000B5
:102B200000000000000000000000000000000000A5
:102B30000000000000000000000000000000000095
:102B40000000000000000000000000000000000085
:102B50000000000000000000000000000000000075
:102B60000000000000000000000000000000000065
:102B70000000000000000000000000000000000055
:102B80000000000000000000000000000000000045
:102B90000000000000000000000000000000000035
:102BA0000000000000000000000000000000000025
:102BB0000000000000000000000000000000000015
:102BC0000000000000000000000000000000000005
:102BD00000000000000000000000000000000000F5
:102BE00000000000000000000000000000000000E5
:102BF00000000000000000000000000000000000D5
:102C000000000000000000000000000000000000C4
:102C100000000000000000000000000000000000B4
:102C200000000000000000000000000000000000A4
:102C30000000000000000000000000000000000094
:102C40000000000000000000000000000000000084
:102C50000000000000000000000000000000000074
:102C60000000000000000000000000000000000064
:102C70000000000000000000000000000000000054
:102C80000000000000000000000000000000000044
:102C90000000000000000000000000000000000034
:102CA0000000000000000000000000000000000024
:102CB0000000000000000000000000000000000014
:102CC0000000000000000000000000000000000004
:102CD00000000000000000000000000000000000F4
:102CE00000000000000000000000000000000000E4
:102CF00000000000000000000000000000000000D4
:102D000000000000000000000000000000000000C3
:102D100000000000000000000000000000000000B3
:102D200000000000000000000000000000000000A3
:102D30000000000000000000000000000000000093
:102D40000000000000000000000000000000000083
:102D50000000000000000000000000000000000073
:102D60000000000000000000000000000000000063
:102D70000000000000000000000000000000000053
:102D80000000000000000000000000000000000043
:102D90000000000000000000000000000000000033
:102DA0000000000000000000000000000000000023
:102DB0000000000000000000000000000000000013
:102DC0000000000000000000000000000000000003
:102DD00000000000000000000000000000000000F3
:102DE00000000000000000000000000000000000E3
:102DF00000000000000000000000000000000000D3
:102E000000000000000000000000000000000000C2
:102E100000000000000000000000000000000000B2
:102E200000000000000000000000000000000000A2
:102E30000000000000000000000000000000000092
:102E40000000000000000000000000000000000082
:102E50000000000000000000000000000000000072
:102E60000000000000000000000000000000000062
:102E70000000000000000000000000000000000052
:102E80000000000000000000000000000000000042
:102E90000000000000000000000000000000000032
:102EA0000000000000000000000000000000000022
:102EB0000000000000000000000000000000000012
:102EC0000000000000000000000000000000000002
:102ED00000000000000000000000000000000000F2
:102EE00000000000000000000000000000000000E2
:102EF00000000000000000000000000000000000D2
:102F000000000000000000000000000000000000C1
:102F100000000000000000000000000000000000B1
:102F200000000000000000000000000000000000A1
:102F30000000000000000000000000000000000091
:102F40000000000000000000000000000000000081
:102F50000000000000000000000000000000000071
:102F60000000000000000000000000000000000061
:102F70000000000000000000000000000000000051
:102F80000000000000000000000000000000000041
:102F90000000000000000000000000000000000031
:102FA0000000000000000000000000000000000021
:102FB0000000000000000000000000000000000011
:102FC0000000000000000000000000000000000001
:102FD00000000000000000000000000000000000F1
:102FE00000000000000000000000000000000000E1
:102FF00000000000000000000000000000000000D1
:1030000000000000000000000000000000000000C0
:1030100000000000000000000000000000000000B0
:1030200000000000000000000000000000000000A0
:103030000000000000000000000000000000000090
:103040000000000000000000000000000000000080
:103050000000000000000000000000000000000070
:103060000000000000000000000000000000000060
:103070000000000000000000000000000000000050
:103080000000000000000000000000000000000040
:103090000000000000000000000000000000000030
:1030A0000000000000000000000000000000000020
:1030B0000000000000000000000000000000000010
:1030C0000000000000000000000000000000000000
:1030D00000000000000000000000000000000000F0
:1030E00000000000000000000000000000000000E0
:1030F00000000000000000000000000000000000D0
:1031000000000000000000000000000000000000BF
:1031100000000000000000000000000000000000AF
:10312000000000000000000000000000000000009F
:10313000000000000000000000000000000000008F
:10314000000000000000000000000000000000007F
:10315000000000000000000000000000000000006F
:10316000000000000000000000000000000000005F
:10317000000000000000000000000000000000004F
:10318000000000000000000000000000000000003F
:10319000000000000000000000000000000000002F
:1031A000000000000000000000000000000000001F
:1031B000000000000000000000000000000000000F
:1031C00000000000000000000000000000000000FF
:1031D00000000000000000000000000000000000EF
:1031E00000000000000000000000000000000000DF
:1031F00000000000000000000000000000000000CF
:1032000000000000000000000000000000000000BE
:1032100000000000000000000000000000000000AE
:10322000000000000000000000000000000000009E
:10323000000000000000000000000000000000008E
:10324000000000000000000000000000000000007E
:10325000000000000000000000000000000000006E
:10326000000000000000000000000000000000005E
:10327000000000000000000000000000000000004E
:10328000000000000000000000000000000000003E
:10329000000000000000000000000000000000002E
:1032A000000000000000000000000000000000001E
:1032B000000000000000000000000000000000000E
:1032C00000000000000000000000000000000000FE
:1032D00000000000000000000000000000000000EE
:1032E00000000000000000000000000000000000DE
:1032F00000000000000000000000000000000000CE
:1033000000000000000000000000000000000000BD
:1033100000000000000000000000000000000000AD
:10332000000000000000000000000000000000009D
:10333000000000000000000000000000000000008D
:10334000000000000000000000000000000000007D
:10335000000000000000000000000000000000006D
:10336000000000000000000000000000000000005D
:10337000000000000000000000000000000000004D
:10338000000000000000000000000000000000003D
:10339000000000000000000000000000000000002D
:1033A000000000000000000000000000000000001D
:1033B000000000000000000000000000000000000D
:1033C00000000000000000000000000000000000FD
:1033D00000000000000000000000000000000000ED
:1033E00000000000000000000000000000000000DD
:1033F00000000000000000000000000000000000CD
:1034000000000000000000000000000000000000BC
:1034100000000000000000000000000000000000AC
:10342000000000000000000000000000000000009C
:10343000000000000000000000000000000000008C
:10344000000000000000000000000000000000007C
:10345000000000000000000000000000000000006C
:10346000000000000000000000000000000000005C
:10347000000000000000000000000000000000004C
:10348000000000000000000000000000000000003C
:10349000000000000000000000000000000000002C
:1034A000000000000000000000000000000000001C
:1034B000000000000000000000000000000000000C
:1034C00000000000000000000000000000000000FC
:1034D00000000000000000000000000000000000EC
:1034E00000000000000000000000000000000000DC
:1034F00000000000000000000000000000000000CC
:1035000000000000000000000000000000000000BB
:1035100000000000000000000000000000000000AB
:10352000000000000000000000000000000000009B
:10353000000000000000000000000000000000008B
:10354000000000000000000000000000000000007B
:10355000000000000000000000000000000000006B
:10356000000000000000000000000000000000005B
:10357000000000000000000000000000000000004B
:10358000000000000000000000000000000000003B
:10359000000000000000000000000000000000002B
:1035A000000000000000000000000000000000001B
:1035B000000000000000000000000000000000000B
:1035C00000000000000000000000000000000000FB
:1035D00000000000000000000000000000000000EB
:1035E00000000000000000000000000000000000DB
:1035F00000000000000000000000000000000000CB
:1036000000000000000000000000000000000000BA
:1036100000000000000000000000000000000000AA
:10362000000000000000000000000000000000009A
:10363000000000000000000000000000000000008A
:10364000000000000000000000000000000000007A
:10365000000000000000000000000000000000006A
:10366000000000000000000000000000000000005A
:10367000000000000000000000000000000000004A
:10368000000000000000000000000000000000003A
:10369000000000000000000000000000000000002A
:1036A000000000000000000000000000000000001A
:1036B000000000000000000000000000000000000A
:1036C00000000000000000000000000000000000FA
:1036D00000000000000000000000000000000000EA
:1036E00000000000000000000000000000000000DA
:1036F00000000000000000000000000000000000CA
:1037000000000000000000000000000000000000B9
:1037100000000000000000000000000000000000A9
:103720000000000000000000000000000000000099
:103730000000000000000000000000000000000089
:103740000000000000000000000000000000000079
:103750000000000000000000000000000000000069
:103760000000000000000000000000000000000059
:103770000000000000000000000000000000000049
:103780000000000000000000000000000000000039
:103790000000000000000000000000000000000029
:1037A0000000000000000000000000000000000019
:1037B0000000000000000000000000000000000009
:1037C00000000000000000000000000000000000F9
:1037D00000000000000000000000000000000000E9
:1037E00000000000000000000000000000000000D9
:1037F00000000000000000000000000000000000C9
:1038000000000000000000000000000000000000B8
:1038100000000000000000000000000000000000A8
:103820000000000000000000000000000000000098
:103830000000000000000000000000000000000088
:103840000000000000000000000000000000000078
:103850000000000000000000000000000000000068
:103860000000000000000000000000000000000058
:103870000000000000000000000000000000000048
:103880000000000000000000000000000000000038
:103890000000000000000000000000000000000028
:1038A0000000000000000000000000000000000018
:1038B0000000000000000000000000000000000008
:1038C00000000000000000000000000000000000F8
:1038D00000000000000000000000000000000000E8
:1038E00000000000000000000000000000000000D8
:1038F00000000000000000000000000000000000C8
:1039000000000000000000000000000000000000B7
:1039100000000000000000000000000000000000A7
:103920000000000000000000000000000000000097
:103930000000000000000000000000000000000087
:103940000000000000000000000000000000000077
:103950000000000000000000000000000000000067
:103960000000000000000000000000000000000057
:103970000000000000000000000000000000000047
:103980000000000000000000000000000000000037
:103990000000000000000000000000000000000027
:1039A0000000000000000000000000000000000017
:1039B0000000000000000000000000000000000007
:1039C00000000000000000000000000000000000F7
:1039D00000000000000000000000000000000000E7
:1039E00000000000000000000000000000000000D7
:1039F00000000000000000000000000000000000C7
:103A000000000000000000000000000000000000B6
:103A100000000000000000000000000000000000A6
:103A20000000000000000000000000000000000096
:103A30000000000000000000000000000000000086
:103A40000000000000000000000000000000000076
:103A50000000000000000000000000000000000066
:103A60000000000000000000000000000000000056
:103A70000000000000000000000000000000000046
:103A80000000000000000000000000000000000036
:103A90000000000000000000000000000000000026
:103AA0000000000000000000000000000000000016
:103AB0000000000000000000000000000000000006
:103AC00000000000000000000000000000000000F6
:103AD00000000000000000000000000000000000E6
:103AE00000000000000000000000000000000000D6
:103AF00000000000000000000000000000000000C6
:103B000000000000000000000000000000000000B5
:103B100000000000000000000000000000000000A5
:103B20000000000000000000000000000000000095
:103B30000000000000000000000000000000000085
:103B40000000000000000000000000000000000075
:103B50000000000000000000000000000000000065
:103B60000000000000000000000000000000000055
:103B70000000000000000000000000000000000045
:103B80000000000000000000000000000000000035
:103B90000000000000000000000000000000000025
:103BA0000000000000000000000000000000000015
:103BB0000000000000000000000000000000000005
:103BC00000000000000000000000000000000000F5
:103BD00000000000000000000000000000000000E5
:103BE00000000000000000000000000000000000D5
:103BF00000000000000000000000000000000000C5
:103C000000000000000000000000000000000000B4
:103C100000000000000000000000000000000000A4
:103C20000000000000000000000000000000000094
:103C30000000000000000000000000000000000084
:103C40000000000000000000000000000000000074
:103C50000000000000000000000000000000000064
:103C60000000000000000000000000000000000054
:103C70000000000000000000000000000000000044
:103C80000000000000000000000000000000000034
:103C90000000000000000000000000000000000024
:103CA0000000000000000000000000000000000014
:103CB0000000000000000000000000000000000004
:103CC00000000000000000000000000000000000F4
:103CD00000000000000000000000000000000000E4
:103CE00000000000000000000000000000000000D4
:103CF00000000000000000000000000000000000C4
:103D000000000000000000000000000000000000B3
:103D100000000000000000000000000000000000A3
:103D20000000000000000000000000000000000093
:103D30000000000000000000000000000000000083
:103D40000000000000000000000000000000000073
:103D50000000000000000000000000000000000063
:103D60000000000000000000000000000000000053
:103D70000000000000000000000000000000000043
:103D80000000000000000000000000000000000033
:103D90000000000000000000000000000000000023
:103DA0000000000000000000000000000000000013
:103DB0000000000000000000000000000000000003
:103DC00000000000000000000000000000000000F3
:103DD00000000000000000000000000000000000E3
:103DE00000000000000000000000000000000000D3
:103DF00000000000000000000000000000000000C3
:103E000000000000000000000000000000000000B2
:103E100000000000000000000000000000000000A2
:103E20000000000000000000000000000000000092
:103E30000000000000000000000000000000000082
:103E40000000000000000000000000000000000072
:103E50000000000000000000000000000000000062
:103E60000000000000000000000000000000000052
:103E70000000000000000000000000000000000042
:103E80000000000000000000000000000000000032
:103E90000000000000000000000000000000000022
:103EA0000000000000000000000000000000000012
:103EB0000000000000000000000000000000000002
:103EC00000000000000000000000000000000000F2
:103ED00000000000000000000000000000000000E2
:103EE00000000000000000000000000000000000D2
:103EF00000000000000000000000000000000000C2
:103F000000000000000000000000000000000000B1
:103F100000000000000000000000000000000000A1
:103F20000000000000000000000000000000000091
:103F30000000000000000000000000000000000081
:103F40000000000000000000000000000000000071
:103F50000000000000000000000000000000000061
:103F60000000000000000000000000000000000051
:103F70000000000000000000000000000000000041
:103F80000000000000000000000000000000000031
:103F90000000000000000000000000000000000021
:103FA0000000000000000000000000000000000011
:103FB0000000000000000000000000000000000001
:103FC00000000000000000000000000000000000F1
:103FD00000000000000000000000000000000000E1
:103FE00000000000000000000000000000000000D1
:103FF00000000000000000000000000000000000C1
:1040000000000000000000000000000000000000B0
:1040100000000000000000000000000000000000A0
:104020000000000000000000000000000000000090
:104030000000000000000000000000000000000080
:104040000000000000000000000000000000000070
:104050000000000000000000000000000000000060
:104060000000000000000000000000000000000050
:104070000000000000000000000000000000000040
:104080000000000000000000000000000000000030
:104090000000000000000000000000000000000020
:1040A0000000000000000000000000000000000010
:1040B0000000000000000000000000000000000000
:1040C00000000000000000000000000000000000F0
:1040D00000000000000000000000000000000000E0
:1040E00000000000000000000000000000000000D0
:1040F00000000000000000000000000000000000C0
:1041000000000000000000000000000000000000AF
:10411000000000000000000000000000000000009F
:10412000000000000000000000000000000000008F
:10413000000000000000000000000000000000007F
:10414000000000000000000000000000000000006F
:10415000000000000000000000000000000000005F
:10416000000000000000000000000000000000004F
:10417000000000000000000000000000000000003F
:10418000000000000000000000000000000000002F
:10419000000000000000000000000000000000001F
:1041A000000000000000000000000000000000000F
:1041B00000000000000000000000000000000000FF
:1041C00000000000000000000000000000000000EF
:1041D00000000000000000000000000000000000DF
:1041E00000000000000000000000000000000000CF
:1041F00000000000000000000000000000000000BF
:1042000000000000000000000000000000000000AE
:10421000000000000000000000000000000000009E
:10422000000000000000000000000000000000008E
:10423000000000000000000000000000000000007E
:10424000000000000000000000000000000000006E
:10425000000000000000000000000000000000005E
:10426000000000000000000000000000000000004E
:10427000000000000000000000000000000000003E
:10428000000000000000000000000000000000002E
:10429000000000000000000000000000000000001E
:1042A000000000000000000000000000000000000E
:1042B00000000000000000000000000000000000FE
:1042C00000000000000000000000000000000000EE
:1042D00000000000000000000000000000000000DE
:1042E00000000000000000000000000000000000CE
:1042F00000000000000000000000000000000000BE
:1043000000000000000000000000000000000000AD
:10431000000000000000000000000000000000009D
:10432000000000000000000000000000000000008D
:10433000000000000000000000000000000000007D
:10434000000000000000000000000000000000006D
:10435000000000000000000000000000000000005D
:10436000000000000000000000000000000000004D
:10437000000000000000000000000000000000003D
:10438000000000000000000000000000000000002D
:10439000000000000000000000000000000000001D
:1043A000000000000000000000000000000000000D
:1043B00000000000000000000000000000000000FD
:1043C00000000000000000000000000000000000ED
:1043D00000000000000000000000000000000000DD
:1043E00000000000000000000000000000000000CD
:1043F00000000000000000000000000000000000BD
:1044000000000000000000000000000000000000AC
:10441000000000000000000000000000000000009C
:10442000000000000000000000000000000000008C
:10443000000000000000000000000000000000007C
:10444000000000000000000000000000000000006C
:10445000000000000000000000000000000000005C
:10446000000000000000000000000000000000004C
:10447000000000000000000000000000000000003C
:10448000000000000000000000000000000000002C
:10449000000000000000000000000000000000001C
:1044A000000000000000000000000000000000000C
:1044B00000000000000000000000000000000000FC
:1044C00000000000000000000000000000000000EC
:1044D00000000000000000000000000000000000DC
:1044E00000000000000000000000000000000000CC
:1044F00000000000000000000000000000000000BC
:1045000000000000000000000000000000000000AB
:10451000000000000000000000000000000000009B
:10452000000000000000000000000000000000008B
:10453000000000000000000000000000000000007B
:10454000000000000000000000000000000000006B
:10455000000000000000000000000000000000005B
:10456000000000000000000000000000000000004B
:10457000000000000000000000000000000000003B
:10458000000000000000000000000000000000002B
:10459000000000000000000000000000000000001B
:1045A000000000000000000000000000000000000B
:1045B00000000000000000000000000000000000FB
:1045C00000000000000000000000000000000000EB
:1045D00000000000000000000000000000000000DB
:1045E00000000000000000000000000000000000CB
:1045F00000000000000000000000000000000000BB
:1046000000000000000000000000000000000000AA
:10461000000000000000000000000000000000009A
:10462000000000000000000000000000000000008A
:10463000000000000000000000000000000000007A
:10464000000000000000000000000000000000006A
:10465000000000000000000000000000000000005A
:10466000000000000000000000000000000000004A
:10467000000000000000000000000000000000003A
:10468000000000000000000000000000000000002A
:10469000000000000000000000000000000000001A
:1046A000000000000000000000000000000000000A
:1046B00000000000000000000000000000000000FA
:1046C00000000000000000000000000000000000EA
:1046D00000000000000000000000000000000000DA
:1046E00000000000000000000000000000000000CA
:1046F00000000000000000000000000000000000BA
:1047000000000000000000000000000000000000A9
:104710000000000000000000000000000000000099
:104720000000000000000000000000000000000089
:104730000000000000000000000000000000000079
:104740000000000000000000000000000000000069
:104750000000000000000000000000000000000059
:104760000000000000000000000000000000000049
:104770000000000000000000000000000000000039
:104780000000000000000000000000000000000029
:104790000000000000000000000000000000000019
:1047A0000000000000000000000000000000000009
:1047B00000000000000000000000000000000000F9
:1047C00000000000000000000000000000000000E9
:1047D00000000000000000000000000000000000D9
:1047E00000000000000000000000000000000000C9
:1047F00000000000000000000000000000000000B9
:1048000000000000000000000000000000000000A8
:104810000000000000000000000000000000000098
:104820000000000000000000000000000000000088
:104830000000000000000000000000000000000078
:104840000000000000000000000000000000000068
:104850000000000000000000000000000000000058
:104860000000000000000000000000000000000048
:104870000000000000000000000000000000000038
:104880000000000000000000000000000000000028
:104890000000000000000000000000000000000018
:1048A0000000000000000000000000000000000008
:1048B00000000000000000000000000000000000F8
:1048C00000000000000000000000000000000000E8
:1048D00000000000000000000000000000000000D8
:1048E00000000000000000000000000000000000C8
:1048F00000000000000000000000000000000000B8
:1049000000000000000000000000000000000000A7
:104910000000000000000000000000000000000097
:104920000000000000000000000000000000000087
:104930000000000000000000000000000000000077
:104940000000000000000000000000000000000067
:104950000000000000000000000000000000000057
:104960000000000000000000000000000000000047
:104970000000000000000000000000000000000037
:104980000000000000000000000000000000000027
:104990000000000000000000000000000000000017
:1049A0000000000000000000000000000000000007
:1049B00000000000000000000000000000000000F7
:1049C00000000000000000000000000000000000E7
:1049D00000000000000000000000000000000000D7
:1049E00000000000000000000000000000000000C7
:1049F00000000000000000000000000000000000B7
:104A000000000000000000000000000000000000A6
:104A10000000000000000000000000000000000096
:104A20000000000000000000000000000000000086
:104A30000000000000000000000000000000000076
:104A40000000000000000000000000000000000066
:104A50000000000000000000000000000000000056
:104A60000000000000000000000000000000000046
:104A70000000000000000000000000000000000036
:104A80000000000000000000000000000000000026
:104A90000000000000000000000000000000000016
:104AA0000000000000000000000000000000000006
:104AB00000000000000000000000000000000000F6
:104AC00000000000000000000000000000000000E6
:104AD00000000000000000000000000000000000D6
:104AE00000000000000000000000000000000000C6
:104AF00000000000000000000000000000000000B6
:104B000000000000000000000000000000000000A5
:104B10000000000000000000000000000000000095
:104B20000000000000000000000000000000000085
:104B30000000000000000000000000000000000075
:104B40000000000000000000000000000000000065
:104B50000000000000000000000000000000000055
:104B60000000000000000000000000000000000045
:104B70000000000000000000000000000000000035
:104B80000000000000000000000000000000000025
:104B90000000000000000000000000000000000015
:104BA0000000000000000000000000000000000005
:104BB00000000000000000000000000000000000F5
:104BC00000000000000000000000000000000000E5
:104BD00000000000000000000000000000000000D5
:104BE00000000000000000000000000000000000C5
:104BF00000000000000000000000000000000000B5
:104C000000000000000000000000000000000000A4
:104C10000000000000000000000000000000000094
:104C20000000000000000000000000000000000084
:104C30000000000000000000000000000000000074
:104C40000000000000000000000000000000000064
:104C50000000000000000000000000000000000054
:104C60000000000000000000000000000000000044
:104C70000000000000000000000000000000000034
:104C80000000000000000000000000000000000024
:104C90000000000000000000000000000000000014
:104CA0000000000000000000000000000000000004
:104CB00000000000000000000000000000000000F4
:104CC00000000000000000000000000000000000E4
:104CD00000000000000000000000000000000000D4
:104CE00000000000000000000000000000000000C4
:104CF00000000000000000000000000000000000B4
:104D000000000000000000000000000000000000A3
:104D10000000000000000000000000000000000093
:104D20000000000000000000000000000000000083
:104D30000000000000000000000000000000000073
:104D40000000000000000000000000000000000063
:104D50000000000000000000000000000000000053
:104D60000000000000000000000000000000000043
:104D70000000000000000000000000000000000033
:104D80000000000000000000000000000000000023
:104D90000000000000000000000000000000000013
:104DA0000000000000000000000000000000000003
:104DB00000000000000000000000000000000000F3
:104DC00000000000000000000000000000000000E3
:104DD00000000000000000000000000000000000D3
:104DE00000000000000000000000000000000000C3
:104DF00000000000000000000000000000000000B3
:104E000000000000000000000000000000000000A2
:104E10000000000000000000000000000000000092
:104E20000000000000000000000000000000000082
:104E30000000000000000000000000000000000072
:104E40000000000000000000000000000000000062
:104E50000000000000000000000000000000000052
:104E60000000000000000000000000000000000042
:104E70000000000000000000000000000000000032
:104E80000000000000000000000000000000000022
:104E90000000000000000000000000000000000012
:104EA0000000000000000000000000000000000002
:104EB00000000000000000000000000000000000F2
:104EC00000000000000000000000000000000000E2
:104ED00000000000000000000000000000000000D2
:104EE00000000000000000000000000000000000C2
:104EF00000000000000000000000000000000000B2
:104F000000000000000000000000000000000000A1
:104F10000000000000000000000000000000000091
:104F20000000000000000000000000000000000081
:104F30000000000000000000000000000000000071
:104F40000000000000000000000000000000000061
:104F50000000000000000000000000000000000051
:104F60000000000000000000000000000000000041
:104F70000000000000000000000000000000000031
:104F80000000000000000000000000000000000021
:104F90000000000000000000000000000000000011
:104FA0000000000000000000000000000000000001
:104FB00000000000000000000000000000000000F1
:104FC00000000000000000000000000000000000E1
:104FD00000000000000000000000000000000000D1
:104FE00000000000000000000000000000000000C1
:040000058000000077
:00000001FF
