:0200000480007A
:10000000971200009382028673905230AD4273B013
:10001000023085629382828873B04230B72F000C21
:10002000137E0E00130E0E002380CF01A380CF019C
:100030002381CF01A381CF01B70F000C137E0E00E7
:100040002380CF01A380CF012381CF01A381CF01E2
:100050008140014181410142814201438143014488
:100060008144014581450146814601478147014858
:10007000814801498149014A814A014B814B014C28
:10008000814C014D814D014E814E014F814F975161
:1000900000009381E16F175501001305A5F59755F1
:1000A00001009385A520014610C16374B5001105B8
:1000B000E5BF138541849385C185014610C16374F2
:1000C000B5001105E5BF170100101301A1F117528A
:1000D00001001302D221137202FC6F10701401A0F0
:1000E000011106CE22CC0010B707B0002326F4FE83
:1000F000232004FE232204FE0145F5283524EF00C9
:10010000606C1305800CEF00807F1745000013051D
:1001100065EEEF10403B0D260325C4FEEF00A06402
:10012000EF006066174500001305C5EDEF10A0391C
:10013000975700009387C7EB9C43BE850325C4FEF9
:10014000D1298327C4FE91072326F4FE174500001A
:10015000130585ECEF102037232404FE81A8130536
:10016000800CEF00C079832784FE850717570000B5
:10017000130707E88A07BA979C43BE850325C4FE88
:1001800051298327C4FE91072326F4FE832784FE8A
:1001900093F7F71F99E7174500001305A5E8EF103F
:1001A0008032832784FE85072324F4FE97570000BE
:1001B000938707E49843832784FEE3E2E7FA174531
:1001C0000000130565E6EF10003017450000130529
:1001D000E5E6EF10402F02900100F2406244056115
:1001E0008280411106C622C40008DD3D0100B240F4
:1001F000224441018280011122CE00102326A4FE58
:100200000327C4FEB7070200BA973E87975700003E
:10021000938707D898C30327C4FEB7070200910746
:10022000BA973E87975700009387C7D698C303278E
:10023000C4FEB7070200A107BA973E879387818063
:1002400098C30327C4FEB7070200B107BA973E87D9
:100250009387C18098C30327C4FEB7070200C10774
:10026000BA973E879387018198C30327C4FEB707D7
:100270000200D107BA973E879387418198C303272D
:10028000C4FEB7070200E107BA973E8793878181D2
:1002900098C30327C4FEB7070200F107BA973E8749
:1002A0009387C18198C30327C4FEB70702009387D1
:1002B0000702BA973E879387018298C30327C4FE3B
:1002C000B707020093874702BA973E879387418218
:1002D00098C30327C4FEB707020093878702BA9723
:1002E0003E879387818298C30100724405618280B2
:1002F000011122CE00102326A4FE2324B4FE83275E
:10030000C4FE032784FE98C3010072440561828005
:10031000011122CE00102326A4FE8327C4FE9C4395
:100320003E85724405618280411106C622C40008E0
:10033000975700009387C7C59C439305B0033E853C
:10034000453F0100B240224441018280411106C66E
:1003500022C40008975700009387C7C39C43C16518
:100360003E8579370100B24022444101828041112B
:1003700006C622C40008975700009387A7C19C4374
:10038000A1653E85B5370100B2402244410182801B
:10039000011122CE00102326A4FE2324B4FE232222
:1003A000C4FE832784FE0547B317F7001387F7FFC2
:1003B000832744FEFD178326C4FEB3D7F640F98F8A
:1003C0003E85724405618280011106CE22CC001068
:1003D000232604FE19A81305400615239387818060
:1003E0009C433E8535372326A4FE8327C4FE858B98
:1003F000FDD385473E85F24062440561828001114C
:1004000006CE22CC0010930700082326F4FE11A884
:100410002945F521938781809C433E85D53D232640
:10042000A4FE8327C4FE93F70708FDF385473E85A6
:10043000F240624405618280411106C622C4000870
:100440009387C1809C43B70500063E855535938749
:10045000C1819C4399453E85613D97570000938734
:1004600027B39843B70708009385B7073A854935FE
:10047000793785473E85B24022444101828041114F
:1004800006C622C400089387C1809C43B70500308C
:100490003E85B93D9387C1819C43930500033E850A
:1004A000813D975700009387A7AE9843B707080090
:1004B0009385B7073A852D3D993785473E85B240EC
:1004C000224441018280797106D622D40018232E5D
:1004D000A4FC232CB4FC2546E145032584FD4D3DB9
:1004E0002326A4FE0546A145032584FD5535232476
:1004F000A4FE0327C4FD8327C4FED98F2322F4FE64
:10050000832784FEE2072324F4FE9387C1809C4363
:10051000832544FE3E85E93B938701819C438325E7
:1005200084FE3E85F1339387C1819C4381453E859E
:10053000C133975700009387A7A59843B7072800B2
:100540009385B7073A856D335145552E4D3D854707
:100550003E85B250225445618280797106D622D4FC
:100560000018232EA4FC232CB4FC232AC4FC8327CC
:1005700084FD13D787008327C4FDD98F2326F4FE7B
:10058000832784FDE2073E87832744FDA183D98F1B
:100590002324F4FE832744FDE2072322F4FE83266E
:1005A00044FE032684FE8325C4FE17450000130580
:1005B000E5A9EF0050139387C1809C438325C4FEB7
:1005C0003E853D33938701819C43832584FE3E8590
:1005D0000533938741819C43832544FE3E85093B37
:1005E0009387C1819C4381453E851933975700000D
:1005F0009387079A9843B70748009385B7073A85CA
:10060000C5395145ED2CE53BBD2A0100B2502254BD
:1006100045618280011106CE22CC00102326A4FE63
:100620002324B4FE113D032684FE8325C4FE370532
:1006300000122537892A0100F24062440561828058
:10064000797106D622D40018232EA4FC232CB4FCE6
:100650000546A145032584FD253B2324A4FE8327CD
:1006600084FEE2072324F4FE9387C180944383270A
:1006700084FD13D787008327C4FDD98FBE853685B7
:100680008539938701819843832784FDE207BE85DE
:100690003A85B9399387C1819C4381453E85893923
:1006A0007531975700009387A78E9843B70730207E
:1006B0009385B7073A852D391305007D89242933A1
:1006C000AA8799C79387C1819C439C432326F4FE44
:1006D0008327C4FE3E85B2502254456182807971E1
:1006E00006D622D40018232EA4FC8325C4FD37058A
:1006F000000CB9372326A4FE8327C4FE3E85B250E2
:10070000225445618280797106D622D40018232EA6
:10071000A4FC9387C1809C438325C4FD3E85C93ECC
:100720009387C1819C438325C4FD3E85D1363939E9
:10073000975700009387C7859843B707082093858C
:10074000B7073A8575364931AA8799C79387C1811A
:100750009C439C432326F4FE8327C4FE3E85B2506F
:10076000225445618280011106CE22CC001023263E
:10077000A4FE8325C4FE370500DCB1330100F2403E
:10078000624405618280011106CE22CC00108D47A3
:100790002326F4FE31A837050005B5372326A4FE2D
:1007A0008325C4FE174500001305058CEF00A073D8
:1007B0008327C4FE8D8BE5F381473E85F24062447A
:1007C00005618280011106CE22CC0010B5319387DD
:1007D000C1809C43B705009F3E85193E9387C18128
:1007E0009C43B705009F3E8521368D369747000014
:1007F0009387077A9843B70708189385B7073A8510
:10080000C53CD936AA8799C79387C1819C439C432D
:100810002326F4FE4546A1450325C4FE953E232428
:10082000A4FE0546C1450325C4FE9D362322A4FE31
:10083000832584FE1745000013050585EF00A06A97
:10084000832544FE1745000013050585EF00A069C8
:1008500085473E85F24062440561828000000000C9
:10086000197101001300000006C20AC40EC612C8A6
:1008700016CA1ACC1ECE22D026D22AD42ED632D8D0
:1008800036DA3ADC3EDEC2C0C6C2CAC4CEC6D2C860
:10089000D6CADACCDECEE2D0E6D2EAD4EED6F2D8B0
:1008A000F6DAFADCFEDE73252034F32510340A86EE
:1008B000EF0040527310153492402241B24142423F
:1008C000D2426243F243025492542255B2554256E8
:1008D000D2566257F257064896482649B649464AC4
:1008E000D64A664BF64B065C965C265DB65D465E68
:1008F000D65E665FF65F0961730020300000797193
:1009000022D60018232EA4FC232604FE01008327F0
:10091000C4FE138717002326E4FE0327C4FDE3E883
:10092000E7FE01000100325445618280797122D6D0
:100930000018232EA4FC0327C4FD9307803EB307B1
:10094000F7022326F4FE29A89307803E2324F4FE11
:100950000100832784FE1387F7FF2324E4FEF5FBC1
:100960008327C4FE1387F7FF2326E4FEF1FF01006F
:100970000100325445618280797106D622D4001874
:10098000232EA4FC85472326F4FE232404FE31A84D
:100990000327C4FEBA878A07BA9786072326F4FE80
:1009A000832784FE85072324F4FE032784FE832700
:1009B000C4FDE36FF7FC0325C4FEEF30C032AA8705
:1009C0003E85B250225445618280797122D600184A
:1009D000232EA4FC232CB4FC232604FE832784FDB1
:1009E000FD172324F4FE99A88327C4FE0327C4FD22
:1009F000BA9783C70700A303F4FE832784FE032767
:100A0000C4FD3E978327C4FE8326C4FDB6970347E3
:100A100007002380E700832784FE0327C4FDBA97DD
:100A2000034774FE2380E7008327C4FE850723263F
:100A3000F4FE832784FEFD172324F4FE0327C4FE5F
:100A4000832784FEE342F7FA010001003254456136
:100A50008280797106D622D40018232EA4FC232C80
:100A6000B4FC232AC4FC232604FE3DA80327C4FDAE
:100A7000A947B367F70213F7F70F832684FD83278F
:100A8000C4FEB697130707031377F70F2380E70019
:100A90008327C4FE85072326F4FE0327C4FDA94748
:100AA000B347F702232EF4FC8327C4FDE1F339A8F2
:100AB000032784FD8327C4FEBA971307000323800E
:100AC000E7008327C4FE85072326F4FE0327C4FE20
:100AD000832744FDE36EF7FC8327C4FEBE85032510
:100AE00084FDE535032784FD8327C4FEBA97238060
:100AF00007008327C4FE3E85B250225445618280A0
:100B00005D7186C6A2C48008232EA4FA232CB4FAF1
:100B1000232AC4FA232604FE232004FC232204FCF7
:100B2000232404FC232604FC232804FC232A04FC9D
:100B3000232C04FC231E04FC0325C4FBEF304024BB
:100B40002A87AE8797360000938646589042D44253
:100B50003A85BE85EF20C0462A87AE873A85BE8596
:100B6000EF30602BAA87232EF4FA0325C4FBEF3065
:100B7000E005AA872324F4FE032584FEEF30000B52
:100B8000AA87BE850325C4FBEF205051AA872322E4
:100B9000F4FE232004FE930500000325C4FBEF2090
:100BA0009026AA8763DE0700832704FE032784FBC1
:100BB000BA971307D0022380E70085472320F4FE6D
:100BC000832784FE85E3832704FE032784FBBA97EB
:100BD000130700032380E700832704FE85072320F3
:100BE000F4FE3DA8832784FE63D80700832784FE94
:100BF000B307F0402324F4FE930704FC0146BE85AE
:100C0000032584FEB9352326A4FE832704FE03278B
:100C100084FBBA97130704FCBA853E85EF30603534
:100C20000327C4FE832704FEBA972326F4FE8327F6
:100C300044FBADCF8327C4FE032784FBBA97130779
:100C4000E0022380E70093050000032544FEEF2027
:100C5000901BAA8763DA0700032744FEB7070080CA
:100C6000B98F2322F4FE39A093050000032544FE2A
:100C7000EF201014032544FB0133AA87BE8503250A
:100C800044FEEF20D01FAA872322F4FE032544FE52
:100C9000EF20D073AA868327C4FE8507032784FB31
:100CA000BA97032644FBBE85368565330100B640FE
:100CB000264461618280797122D60018232EA4FC1B
:100CC000232CB4FC832784FD2326F4FE29A8832744
:100CD00084FD2326F4FE01008327C4FE1387F7FF5B
:100CE0002326E4FEF5FB8327C4FD1387F7FF232E9D
:100CF000E4FCF1FF010001003254456182800111E2
:100D000006CE22CC00102326A4FE8327C4FE9C43DB
:100D10003E868325C4FE173500001305A539E12260
:100D20008327C4FE9C433E85F24062440561828075
:100D3000011106CE22CC00102326A4FE2324B4FEEB
:100D40008327C4FE032784FE98C38327C4FE9C43E5
:100D50003E868325C4FE173500001305A5356122A4
:100D60000100F240624405618280797106D622D486
:100D70000018232EA4FC173500001305A535052205
:100D80000327C4FDB707008093C7F7FFF98F232619
:100D9000F4FE8325C4FE1735000013056535A12236
:100DA0001735000013054536DD288327C4FE3E8530
:100DB000B250225445618280011106CE22CC00102F
:100DC0002326A4FE2324B4FE173500001305453561
:100DD000F92001A0797106D622D40018232EA4FC94
:100DE000232CB4FC232604FE232404FE1735000024
:100DF0001305C5346D20032684FD8325C4FD1735F6
:100E00000000130525357528914517350000130599
:100E10006536D128FD472324F4FE832784FE054749
:100E2000B317F7003E878327C4FDF98F95CB0325C1
:100E3000C4FD253F2326A4FE173500001305053504
:100E40004920174701001307E71A8327C4FE8A07C2
:100E5000BA979C43832584FD0325C4FD829725A072
:100E60001735000013054534A9281747010013075B
:100E7000671C8327C4FD8A07BA979C43832584FD9A
:100E80000325C4FD8297173500001305A5330128FB
:100E9000832784FD3E85B2502254456182805D7176
:100EA00022D60018232EA4FC4CC010C454C418C869
:100EB0005CC8232C0401232E14010100325461610B
:100EC00082805D7122D60018232EA4FC4CC010C471
:100ED00054C418C85CC8232C0401232E140101003B
:100EE0003254616182805D7122D60018232EA4FCE9
:100EF0004CC010C454C418C85CC8232C0401232E51
:100F0000140101003254616182805D7122D60018A3
:100F1000232EA4FC4CC010C454C418C85CC8232C95
:100F20000401232E140101003254616182805D713D
:100F300022D60018232EA4FC4CC010C454C418C8D8
:100F40005CC8232C0401232E14010100325461617A
:100F500082805D7106D622D40018232EA4FC4CC0DA
:100F600010C454C418C85CC8232C0401232E1401D7
:100F700093070402232CF4FC832784FD9117232676
:100F8000F4FE8327C4FEBE850325C4FD912A1735D0
:100F9000000013056524353701A02971232E111295
:100FA000232C8112232A21132328311323264113B2
:100FB000232451132322611323207113800223243D
:100FC000A4EC2326B4EC2322C4EC232E04FC232C13
:100FD00004FC832744EC3E8B814B032784EC83275E
:100FE000C4EC5A86DE863A85BE85EF1030482A87E3
:100FF000AE878327C4FD8A07930604FEB69723AC09
:10100000E7EE832744EC3E8981498327C4EC4E8771
:1010100063E4E7048327C4EC4E876397E7008327E4
:1010200084EC4A8763EAE702832744EC3E8A814ADC
:101030005286D686032584EC8325C4ECEF10B00CD1
:101040002A87AE872324E4EC2326F4EC8327C4FD0F
:101050008507232EF4FCB5BF01008327C4FD850757
:10106000232EF4FC91A08327C4FD8A07130704FEF6
:10107000BA9703A787EFA54763F7E70093077005C3
:10108000232CF4FC29A093070003232CF4FC8327D2
:10109000C4FD8A07130704FEBA9703A787EF8327C7
:1010A00084FDBA973E85F9298327C4FD1387F7FF8E
:1010B000232EE4FCE349F0FA010001008320C11370
:1010C000032481130329411383290113032AC11225
:1010D000832A8112032B4112832B011231618280FA
:1010E0001D7186CEA2CCA6CACAC880102326A4FA37
:1010F0002324B4FA93070000232CF4FC232804FAD9
:10110000232A04FA232C04FA232E04FA232004FCB5
:10111000232204FC232404FC231604FC11A8638D61
:101120000438268585218327C4FA85072326F4FA07
:101130008327C4FA83C70700BE8493075002E39055
:10114000F4FE8327C4FA85072326F4FA8327C4FA1A
:10115000232AF4FC232204FE232E04FC8327C4FA52
:10116000138717002326E4FA83C70700BE8493077A
:1011700050026380F4329307500263CFF430930738
:10118000800763CB97309307300663C7F4309387AB
:10119000D4F955476362F73013972700973700005B
:1011A0009387C704BA97984397370000938707043B
:1011B000BA978287832744FE85072322F4FE85475A
:1011C000232EF4FCD5A4832784FA13874700232415
:1011D000E4FA9C433E857D26C1AC832784FA1387BD
:1011E00047002324E4FA03A90700631A090017390A
:1011F0000000130929FF21A02685692605098347D8
:101200000900BE84F5F84DA4A9472328F4FC032760
:1012100044FE854763D1E702832784FA9D07E19B5B
:10122000138787002324E4FA9843DC432324E4FE55
:101230002326F4FE3DA8032744FE8547631FF700DD
:10124000832784FA138747002324E4FA9C4323244A
:10125000F4FEFD872326F4FE29A8832784FA13874A
:1012600047002324E4FA9C432324F4FEFD8723262D
:10127000F4FE032784FE8327C4FE63DB0702130505
:10128000D0020926032584FE8325C4FE0147814739
:101290003306A740328833380701B386B740B38797
:1012A0000641BE863287B6872324E4FE2326F4FE59
:1012B000832704FD3E86032584FE8325C4FEF13981
:1012C000E5A2832784FA9D07E19B138787002324E7
:1012D000E4FA9843DC433A85BE85EF20D033AA87F1
:1012E000232CF4FC930704FB1946BE85032584FDDB
:1012F000EFF01F81232004FE25A0832704FE13079F
:1013000004FFBA9783C707FC3E85AD2C032704FE74
:10131000F54763C0E702832704FE85072320F4FE18
:10132000832704FE130704FFBA9783C707FCF1F76E
:10133000A5AA010095AAA9472328F4FC032744FE87
:10134000854763D1E702832784FA9D07E19B1387D2
:1013500087002324E4FA9843DC432324E4FE232675
:10136000F4FE1DA8832744FE89CF832784FA1387C0
:1013700047002324E4FA9C432324F4FE232604FE9E
:1013800021A8832784FA138747002324E4FA9C4387
:101390002324F4FE232604FE832704FD3E86032532
:1013A00084FE8325C4FED53E01A2A1472328F4FC78
:1013B000032744FE854763D1E702832784FA9D070C
:1013C000E19B138787002324E4FA9843DC4323241A
:1013D000E4FE2326F4FE1DA8832744FE89CF83273D
:1013E00084FA138747002324E4FA9C432324F4FE61
:1013F000232604FE21A8832784FA13874700232489
:10140000E4FA9C432324F4FE232604FE832704FDF0
:101410003E86032584FE8325C4FE413671A0C14764
:101420002328F4FC032744FE854763D1E702832782
:1014300084FA9D07E19B138787002324E4FA9843ED
:10144000DC432324E4FE2326F4FE1DA8832744FE68
:1014500089CF832784FA138747002324E4FA9C4327
:101460002324F4FE232604FE21A8832784FA13876D
:1014700047002324E4FA9C432324F4FE232604FE9D
:10148000832704FD3E86032584FE8325C4FE313672
:1014900021A82685C52809A813055002E520832721
:1014A00044FD2326F4FA01008327C4FD81C7232EBF
:1014B00004FC6DB10100ADB90100F6406644D644AC
:1014C0004649256182805D7106D622D40018232EFC
:1014D000A4FC4CC010C454C418C85CC8232C04011C
:1014E000232E140193070402232CF4FC832784FD8C
:1014F00091172326F4FE8327C4FEBE850325C4FD71
:10150000C53681473E85B250225461618280011107
:1015100022CE0010232604FE2DA08327C4FE93872D
:101520003711A207BE86174701001307A7B4832708
:10153000C4FE8A07BA9794C38327C4FE850723266F
:10154000F4FE0327C4FE8947E3D9E7FC010001004C
:10155000724405618280411122C60008010097474C
:101560000100938727B19C4383C7C700918BE5DBBC
:1015700097470100938707B09C439C473E853244C0
:1015800041018280011122CE00102326A4FE010019
:1015900097470100938707AE9C4383C7C700898B99
:1015A000E5FB974701009387E7AC9C430327C4FE04
:1015B000D8C381473E85724405618280797122D605
:1015C0000018232EA4FC232CB4FC232604FE83271E
:1015D00084FD920737F7FA0213070708B357F7029B
:1015E0002326F4FE8327C4FE139707014183832734
:1015F000C4FD2390E700010032544561828001114F
:1016000022CE00102326A4FEAE87A305F4FE832776
:10161000C4FE0347B4FE238CE70001007244056159
:101620008280011122CE00102326A4FEAE87A305DE
:10163000F4FE01008327C4FE83C7C700898BFDFB2E
:101640000347B4FE8327C4FED8C381473E85724456
:1016500005618280797106D622D40018232EA4FC5D
:10166000232CB4FC232604FE8327C4FE1387170013
:101670002326E4FE032784FDBA9783C70700A3054A
:10168000F4FE8347B4FEBE850325C4FD593F83475E
:10169000B4FEF9FB81473E85B250225445618280F9
:1016A000797122D60018232EA4FC232CB4FCA307A6
:1016B00004FE01008327C4FD83C7C700918BFDDBB7
:1016C0008327C4FD9C47A307F4FE832784FD0347BB
:1016D000F4FE2380E70085473E85325445618280D1
:1016E000797106D622D40018232EA4FC232CB4FC36
:1016F000232604FEA30504FE01008327C4FD83C73F
:10170000C700918BFDDB8327C4FD9C47A305F4FE36
:101710008327C4FE138717002326E4FE032784FDD6
:10172000BA970347B4FE2380E7008347B4FE3E85A3
:10173000913D0347B4FEB547E310F7FC8327C4FE91
:10174000138717002326E4FE032784FDBA97294751
:101750002380E7008327C4FE138717002326E4FEB7
:10176000032784FDBA97238007008327C4FE93F7DD
:10177000F70F3E85B250225445618280797122D69E
:101780000018232EA4FC31A08327C4FD9C47A30787
:10179000F4FE8327C4FD83C7C700918BF5F70100D2
:1017A0000100325445618280411122C600080100C7
:1017B000324441018280411106C622C40008173517
:1017C0000000130525A8EFF08FED974701009387E0
:1017D000678217F7FFFF1307675E98C397470100FB
:1017E0009387478117F7FFFF1307475DD8C39747D4
:1017F00001009387278017F7FFFF1307275C98C71F
:10180000973701009387077F17F7FFFF1307075BE1
:10181000D8C7973701009387E77D17F7FFFF1307B6
:10182000E75998CB973701009387C77C17F7FFFFDD
:101830001307C758D8CB973701009387A77B17F7B3
:10184000FFFF1307A75798CF973701009387877A31
:10185000170700001307672FD8CF9737010093872A
:10186000677917F7FFFF1307675598D3973701007C
:101870009387477817F7FFFF13074754D8D3973755
:1018800001009387277717F7FFFF1307275398D790
:10189000973701009387077617070000130707475C
:1018A000D8D7973701009387E77417F7FFFF13071F
:1018B000E75098DB973701009387C77317F7FFFF4F
:1018C0001307C74FD8DB973701009387A77217F725
:1018D000FFFF1307A74E98DF9737010093878771A3
:1018E00017F7FFFF1307874DD8DF9737010093875E
:1018F000677417F7FFFF1307674C98C3973701000A
:101900009387477317F7FFFF1307474BD8C39737E2
:1019100001009387277217F7FFFF1307274A98C71D
:10192000973701009387077117F7FFFF13070749E0
:10193000D8C7973701009387E76F17F7FFFF1307A3
:10194000E74798CB973701009387C76E17F7FFFFDC
:101950001307C746D8CB973701009387A76D17F7B2
:10196000FFFF1307A74598CF973701009387876C30
:1019700017F7FFFF13078744D8CF973701009387E6
:10198000676B17F7FFFF1307674398D3973701007B
:101990009387476A17F7FFFF13074742D8D3973754
:1019A00001009387276917F7FFFF1307274198D78F
:1019B000973701009387076817F7FFFF1307074062
:1019C000D8D7973701009387E76617F7FFFF13070C
:1019D000E73E98DB973701009387C76517F7FFFF4E
:1019E0001307C73DD8DB973701009387A76417F724
:1019F000FFFF1307A73C98DF9737010093878763A2
:101A000017F7FFFF1307873BD8DF173500001305D3
:101A1000E584EFF0CFC80100B2402244410182804A
:101A2000411106C622C40008DD3417350000130535
:101A30002584EFF0CFC64133EFE0AFFA1735000051
:101A400013050584EFF0AFC50100B2402244410107
:101A50008280411122C60008B7C70002E1179C43EB
:101A60003E85324441018280411122C60008B7C739
:101A70000002F1179C433E853244410182804111AE
:101A800006C622C44AC24EC00008E137AA873E8972
:101A900081494A87CE873A85BE85B24022441249A1
:101AA000824941018280011106CE22CC00102324FC
:101AB000A4FE2326B4FE172500001305657DEFF074
:101AC0000FBE9387C1839C439843DC439386018474
:101AD00003A80600032584FE8325C4FE3306A70061
:101AE000B288B3B8E800B386B700B387D800BE8623
:101AF0003287B6872320E8002322F80093870184E9
:101B00009C439843DC433A86BE86172500001305A4
:101B1000E579EFF00FBB9387C1839C439843DC4387
:101B20003A86BE86172500001305C579EFF06FB918
:101B3000172500001305457AEFF06FB60100F2405B
:101B4000624405618280011106CE22CC001023265A
:101B5000A4FE2324B4FE172500001305A579EFF099
:101B60000FB49387018494437D57FD5798C2DCC21C
:101B7000938701849C439843DC433A86BE861725AD
:101B8000000013052579EFF00FB6B7C70002E11783
:101B90009C43BE851725000013054579EFF0AFB4CF
:101BA000172500001305C579EFF06FAF0100F24073
:101BB000624405618280797106D622D40018232EF2
:101BC000A4FC1725000013056579EFF04FADB707AA
:101BD000010CC1072326F4FE8327C4FE0327C4FD9E
:101BE00098C3173701001307A7498327C4FD92073D
:101BF000BA97094798C71737010013076748832723
:101C0000C4FD9207BA97DC47138717009736010087
:101C1000938606478327C4FD9207B697D8C7173720
:101C200001001307E7458327C4FD9207BA979C4735
:101C30003E868325C4FD1725000013052574EFF0AB
:101C40008FAA173701001307A7438327C4FD920704
:101C5000BA978C4317370100130787428327C4FDC7
:101C60009207BA97904717370100130767418327F8
:101C7000C4FD9207BA97D4431737010013074740B2
:101C80008327C4FD9207BA97DC473E8717250000DB
:101C900013054571EFF02FA51725000013050576F4
:101CA000EFF0EF9F0100B250225445618280011194
:101CB00006CE22CC0010232604FE172500001305B3
:101CC000A575EFF0CF9DB707010CC1072326F4FEE1
:101CD0008327C4FE9C432324F4FE0326C4FE8325ED
:101CE00084FE1725000013056575EFF0CF9F1725BB
:101CF000000013056577EFF08F9A832784FE3E85F9
:101D0000F240624405618280797106D622D40018BF
:101D1000232EA4FC232CB4FC172500001305C57644
:101D2000EFF0EF9769372326A4FE8325C4FE17251D
:101D3000000013052577EFF00F9B8327C4FE91C7A2
:101D40000327C4FEF14763FAE7008325C4FE172585
:101D500000001305E576EFF0CF9F1737010013075A
:101D600027328327C4FE9207BA97054798C71737CB
:101D700001001307E7308327C4FE9207BA979C47F8
:101D80003E868325C4FE172500001305255FEFF06E
:101D90008F95173701001307A74A8327C4FE8A07C8
:101DA000BA979C430325C4FE82970325C4FE2135C0
:101DB0008325C4FE172500001305C573EFF0AF920D
:101DC000172500001305C574EFF06F8D0100B250A8
:101DD000225445618280011106CE22CC00102326B8
:101DE000A4FE1725000013056574EFF04F8B8327C1
:101DF000C4FE85CB0327C4FE994763E4E702194775
:101E00008327C4FEB307F7403E857125AA8791EB6F
:101E100019478327C4FEB307F740930500083E85A2
:101E200019258325C4FE172500001305A571EFF0C1
:101E30004F89172500001305A572EFF04F860100AA
:101E4000F240624405618280797106D622D400187E
:101E5000232EA4FCA30704FE172500001305C5715B
:101E6000EFF0EF838325C4FD17250000130585726D
:101E7000EFF06F870966B705000C17250000130502
:101E8000A572EFF04F868327C4FD13D73700B7271D
:101E9000000CBA972324F4FE832784FE83C707002F
:101EA000A307F4FE8347F4FE3E86832584FE1725B0
:101EB00000001305A572EFF00F838327C4FD9D8BEF
:101EC0000547B317F7001397870161878307F4FE6F
:101ED000D98FE207E187A303F4FE832784FE03473B
:101EE00074FE2380E700834774FEBE85172500003B
:101EF0001305C571EFE03FFF172500001305C572FC
:101F0000EFE0FFF90100B2502254456182807971FF
:101F100006D622D40018232EA4FC232604FEA305F3
:101F200004FE172500001305E571EFE05FF7832538
:101F3000C4FD172500001305E565EFE0DFFA8326F1
:101F4000C4FD0966B705000C17250000130585714F
:101F5000EFE07FF98327C4FD13D73700B727000CC4
:101F6000BA972326F4FE8327C4FE83C70700A30580
:101F7000F4FE8347B4FE3E868325C4FE1725000089
:101F800013058572EFE03FF68327C4FD9D8B05475F
:101F9000B317F700E207E18793C7F7FF13978701AD
:101FA00061878307B4FEF98FE207E1872305F4FE1A
:101FB0008327C4FE0347A4FE2380E70017370100F0
:101FC0001307070C8327C4FD9207BA9723A40700C1
:101FD000173701001307C70A8327C4FD9207BA9772
:101FE0009C473E868325C4FD17250000130505394F
:101FF000EFE07FEF172500001305456EEFE03FEAA5
:102000000100B250225445618280797106D622D4F3
:102010000018232EA4FC172500001305E56DEFE042
:102020001FE8232604FEB707010C2326F4FE8327AE
:10203000C4FE0327C4FD98C38327C4FE9C43BE850A
:10204000172500001305856DEFE0FFE91725000057
:102050001305856EEFE0BFE40100B25022544561E4
:102060008280797106D622D40018232EA4FC232C5A
:10207000B4FC8325C4FD172500001305E56DEFE0D2
:102080001FE2832784FD13972700B707000CBA9738
:102090002326F4FE8325C4FE172500001305456E94
:1020A000EFE07FE48327C4FE9C43BE851725000034
:1020B0001305456FEFE03FE38327C4FE0327C4FD0C
:1020C00098C38327C4FE9C43BE85172500001305D3
:1020D000A570EFE05FE1172500001305E572EFE062
:1020E0001FDC0100B250225445618280797106D60E
:1020F00022D40018232EA4FC172500001305C57256
:10210000EFE0FFD9B707040013850710EFE03FBFEA
:102110002326A4FE8325C4FE17250000130505739E
:10212000EFE07FDC8327C4FDE5170547B317F70011
:1021300093C7F7FF3E878327C4FEF98FBE85B70795
:10214000040013850710EFE0BFBEB7070400138536
:102150000710EFE0DFBAAA87BE8517250000130538
:102160002571EFE05FD81725000013056573EFE0D8
:102170001FD30100B250225445618280011106CE66
:1021800022CC0010232604FE1725000013054573FA
:10219000EFE0FFD0973701009387C7E517070000EE
:1021A0001307C7B6D8D7AD451725000013058572AC
:1021B000EFE07FD397370100938787EC23A40700D4
:1021C000973701009387C7EB23A0070097370100DB
:1021D000938707EB23A2070097370100938747EA0D
:1021E00023A6070085472326F4FEE5A01737010044
:1021F000130707E98327C4FE9207BA9723A40700B1
:10220000173701001307C7E78327C4FE9207BA9761
:102210000327C4FE98C317370100130767E6832717
:10222000C4FE9207BA970947D8C3173701001307AE
:1022300027E58327C4FE9207BA9723A60700172530
:1022400000001305E56BEFE01FCA0325C4FEC13192
:10225000173701001307C7FE8327C4FE8A07BA9702
:1022600017070000130767B798C38325C4FE094505
:10227000CD3B173701001307A7E08327C4FE920761
:10228000BA978C4317370100130787DF8327C4FEF3
:102290009207BA97904717370100130767DE832725
:1022A000C4FE9207BA97D44317370100130747DDDE
:1022B0008327C4FE9207BA97DC473E8717250000A4
:1022C00013054567EFE03FC28327C4FE8507232639
:1022D000F4FE0327C4FEED47E3FAE7F00545353386
:1022E000172500001305056EEFE07FBB0100F240EB
:1022F000624405618280011106CE22CC00102326A3
:10230000A4FE172500001305256DEFE05FB9032734
:10231000C4FE994763FAE7000327C4FED54763E587
:10232000E7000325C4FED9330325C4FE313E17253B
:1023300000001305656CEFE09FB60100F2406244B7
:1023400005618280797106D622D40018232EA4FC60
:10235000232CB4FC032784FDC167634DF700C167DC
:102360009385F7FF172500001305056BEFE03FBCD1
:10237000814725A88327C4FD93870730A20723261A
:10238000F4FE832784FD1397070141878327C4FE4A
:102390002390E700032684FD8325C4FD1725000054
:1023A0001305C56AEFE0FFB185473E85B250225460
:1023B00045618280797106D622D40018232EA4FCB0
:1023C000232CB4FC032784FDC167634DF700C1676C
:1023D0009385F7FF172500001305456AEFE03FB529
:1023E00081472DA88327C4FD93870730A207910753
:1023F0002326F4FE832784FD139707014187832753
:10240000C4FE2390E700032684FD8325C4FD172521
:1024100000001305A569EFE0DFAA85473E85B250AD
:10242000225445618280797106D622D40018232E69
:10243000A4FC232CB4FC032784FD9307F00F63DC7A
:10244000E7009305F00F1725000013052569EFE05D
:102450001FAE814725A88327C4FD93870730A207B5
:10246000A1072326F4FE832784FD13F7F70F8327A4
:10247000C4FE2380E700032684FD8325C4FD1725C1
:1024800000001305E568EFE0DFA385473E85B25005
:10249000225445618280797106D622D40018232EF9
:1024A000A4FC8327C4FD93870730A207A107232636
:1024B000F4FE8327C4FE83C7070093F7F70FA18BB1
:1024C0002324F4FE832784FE8D87BE851725000014
:1024D00013054567EFE0FF9E832784FE13D737403F
:1024E00085476314F700854711A081473E85B250A8
:1024F000225445618280797106D622D40018232E99
:10250000A4FC232CB4FC032784FDC167634DF700B2
:10251000C1679385F7FF1725000013052565EFE0D8
:102520001FA181471DA08327C4FD93870730A20701
:10253000B1072326F4FE832784FD13970701418703
:102540008327C4FE2390E70085473E85B25022547E
:1025500045618280011106CE22CC00102326A4FE04
:1025600081450325C4FEF93B81450325C4FE993509
:1025700081450325C4FE453D81450325C4FEA53F95
:102580008325C4FE1725000013058561EFE07F93C6
:102590000100F240624405618280011106CE22CC26
:1025A0000010232604FE09A80325C4FE65378327EF
:1025B000C4FE85072326F4FE0327C4FE9147E3D516
:1025C000E7FE1725000013056560EFE09F8F01000F
:1025D000F240624405618280797106D622D40018E7
:1025E000232EA4FC232604FE8327C4FD9DE7172584
:1025F00000001305A560EFE0DF8C8327C4FE890788
:102600002326F4FE8327C4FE91072326F4FE8327A6
:10261000C4FEC1072326F4FEB9A00327C4FD8547E5
:10262000631EF700172500001305855FEFE07F8923
:102630008327C4FE91072326F4FE35A00327C4FD9B
:1026400089476312F7021725000013056560EFE064
:102650005F878327C4FE91072326F4FE8327C4FEE9
:10266000A1072326F4FE8327C4FE3E85B2502254E0
:1026700045618280797106D622D40018232EA4FCED
:10268000232CB4FC032584FD813F2326A4FE83254F
:10269000C4FE0325C4FD413BAA8789CB8325C4FD25
:1026A000172500001305055EEFE0BF818325C4FEFA
:1026B0000325C4FD8D3BAA8789EB8325C4FD17251F
:1026C00000001305A55EEFE09F860100B250225482
:1026D00045618280797122D60018232EA4FCAE8732
:1026E000A30DF4FC8327C4FD93870730A207A1073D
:1026F0002326F4FE8347B4FD99C78327C4FE8507CC
:102700002326F4FE09A88327C4FE91C78327C4FEAD
:10271000FD172326F4FE0100325445618280011129
:1027200006CE22CC00102326A4FE2324B4FE83254B
:1027300084FE0325C4FEC133AA8799E7172500004C
:1027400013050559EFE0AFFE0100F2406244056158
:102750008280011106CE22CC00102326A4FE232461
:10276000B4FE832584FE0325C4FEA931AA8799E718
:102770001725000013050558EFE06FFB0100F2403C
:10278000624405618280011106CE22CC001023260E
:10279000A4FE2324B4FE832584FE0325C4FE5D36F7
:1027A000AA8799E71725000013050557EFE02FF8D2
:1027B0000100F240624405618280797106D622D41C
:1027C00000182326A4FE2324B4FE2322C4FE2320C3
:1027D000D4FEBA87A30FF4FC832544FE0325C4FE70
:1027E0005D37832504FE0325C4FEA537832584FEBB
:1027F0000325C4FE2D378347F4FDBE850325C4FEA3
:10280000D13D8325C4FE1725000013052553EFE0B5
:102810004FEB0100B250225445618280011106CE77
:1028200022CC00102326A4FE81450325C4FEE53EEC
:102830008325C4FE1725000013054552EFE06FE81D
:102840000100F240624405618280797106D622D48B
:102850000018232EA4FC8327C4FD93870730A2070A
:102860002326F4FE8327C4FD93870730A207910730
:102870002324F4FE8327C4FD93870730A207A10712
:102880002322F4FE8327C4FD93870730A207B107F4
:102890002320F4FE8327C4FE83D70700C207C18329
:1028A000BE85172500001305E54DEFE08FE1832776
:1028B00084FE83D70700C207C183BE8517250000A9
:1028C0001305854EEFE0EFDF832744FE83C7070043
:1028D00093F7F70FBE85172500001305254FEFE08E
:1028E0004FDE832704FE83D70700C207C183BE855E
:1028F0001725000013050550EFE0AFDC0100B250D2
:10290000225445618280AA88AE8732883685468304
:1029100063990620B7560080938606E563F0C50CE0
:1029200041676376E60A1307F00F3337C7000E07D7
:102930003355E600AA9683C60600130500023697B3
:10294000B306E540630CE500B397D70033D7E80042
:102950003318D600B365F7003393D80093580801B5
:10296000B3D7150313160801418213570301B3F6B9
:1029700015033E85B305F602C206558F637CB7008A
:1029800042971385F7FF636707016375B7001385E7
:10299000E7FF42970D8FB3771703420313530301E9
:1029A00033571703C20733E36700B306E6023A86DC
:1029B000637BD30042931306F7FF636603016374DE
:1029C000D3001306E7FF4205518D81455DA8370509
:1029D00000014147E36EA6F4614799BF01E6054750
:1029E0003358C7024167637FE8081307F00F63732A
:1029F000070121453357A800BA9603C706001306FE
:102A000000022A97B306E6406315E608B38707413C
:102A10008545935808011316080141821357030195
:102A2000B3F61703B3D71703C206558F330EF6025A
:102A30003E85637CC70142971385F7FF63670701F3
:102A40006375C7011385E7FF42973307C741B37723
:102A5000170342031353030133571703C20733E32A
:102A60006700B306E6023A86637BD30042931306FF
:102A7000F7FF636603016374D3001306E7FF4205A3
:102A8000518D8280370700014145E365E8F66145D5
:102A900095B73318D800B3D5E7003393D800B39770
:102AA000D70033D7E800935808013366F70033F7AF
:102AB000150393170801C18313550601B3D51503F8
:102AC0004207498FB386B7022E85637CD7004297B1
:102AD0001385F5FF636707016375D7001385E5FF6D
:102AE0004297B306D74033F7160342064182B3D666
:102AF00016034207B388D702B367C700368763FC63
:102B00001701C2971387F6FF63E7070163F5170103
:102B10001387E6FFC29793150501B3871741D98D37
:102B2000CDBD63E2D514416763FFE6021307F00FE2
:102B3000B335D7008E053757008033D5B60013075D
:102B400007E52A9703470700130500022E97B305F0
:102B5000E5406311E5020545E3E5F6F233B5C8004B
:102B60001345150039BF37070001C145E3E5E6FC11
:102B7000E145D1B73353E600B396B6003363D300D3
:102B800013550301B31EB60033D6E700B376A60291
:102B9000B397B70033D7E8003368F7009317030102
:102BA000C183135708013356A602C206558F338FCF
:102BB000C702328E637CE7011A97130EF6FF636734
:102BC00067006375E701130EE6FF1A973307E741C5
:102BD000B376A7023357A702C2063386E7029317DC
:102BE0000801C183D58FBA8663FCC7009A97930604
:102BF000F7FF63E7670063F5C7009306E7FF9A975F
:102C000013150E01416E558D9306FEFF3378D500E6
:102C1000918FB3F6DE001356050193DE0E013303E8
:102C2000D802B306D602135703013308D8033698E7
:102C300042973306D6036373D70072969356070103
:102C4000369663E0C702E392C7D8C167FD177D8F50
:102C500042073373F300B398B8001A978145E3F243
:102C6000E8E27D159DB38145014521BDB2883687D7
:102C7000AA872E886398061CB7560080938606E5BF
:102C800063F8C50A4163637E66081303F00F63733C
:102C9000C30021473353E6009A9603CE06003A9EBE
:102CA000130700023303C741630CC701B3956500E6
:102CB000335EC501B31866003368BE00B317650004
:102CC00013D608013377C80213950801418193D6C2
:102CD00007013358C8024207D98E3308050363F849
:102CE0000601C69663E5160163F30601C696B38630
:102CF000064133F7C602C207C183B3D6C602B30684
:102D0000D50213150701C98F63F8D700C69763E58D
:102D1000170163F3D700C697958F33D567008145B8
:102D20008280370300014147E36666F661479DB73D
:102D300001E60546B3581603416663F3C808130657
:102D4000F00F63731601214733D6E800B29603CE25
:102D500006003A9E130700023303C7416319C707F1
:102D6000B385154113D7080113950801418113D686
:102D70000701B3F6E502B3D5E502C206D18EB3056D
:102D8000B50263F8B600C69663E5160163F3B600B4
:102D9000C696B385B640B3F6E502C207C183B3D584
:102DA000E502B305B50213950601C98F63F8B700B4
:102DB000C69763E5170163F3B700C6978D8FB1BF60
:102DC000370600014147E3E1C8F86147B5BFB39852
:102DD000680033D7C501B3176500335EC50113D54D
:102DE0000801B376A702B3956500336EBE009395D4
:102DF0000801C18113560E013357A702C206D18EB6
:102E00003387E50263F8E600C69663E5160163F3CF
:102E1000E600C6963386E640B376A602420E135EFF
:102E20000E013356A602C2063386C502B3E5C601BB
:102E300063F8C500C69563E5150163F3C500C69543
:102E4000918D0DB7E3EED5EC416763F5E604130E03
:102E5000F00F3337DE000E07B758008033D3E6009B
:102E6000938808E59A9803CE08003A9E130700025B
:102E70003303C7416317C70363E4B6006369C50042
:102E8000B307C540958D3335F5003388A5403E85A1
:102E9000C28579B5B70800014147E3EF16FB6147EA
:102EA00065BF3357C601B3966600336FD700B3D7FB
:102EB000C50113570F01B3F8E702B3956500335806
:102EC000C5013368B80093150F01C18193560801FD
:102ED0003316660033156500B3D7E702C208B3E6C0
:102EE000D800B38EF502BE8863FCD601FA969388AB
:102EF000F7FF63E7E60163F5D6019388E7FFFA96EB
:102F0000B386D641B3FEE602420813580801B3D691
:102F1000E602C20EB3EE0E01B385D502B68763FC9E
:102F2000BE00FA9E9387F6FF63E7EE0163F5BE00ED
:102F30009387E6FFFA9EB385BE40C208C16EB3E830
:102F4000F8009387FEFF33F8F8009356060193D8F4
:102F50000801F18F3307F802B387F8023308D8026B
:102F6000B388D8023E9893560701C29663F3F600E1
:102F7000F698C167FD1713D80601FD8EC2067D8F36
:102F8000C298369763E61501639C1501637AE500E4
:102F90003306C7403337C7007A97B388E840328793
:102FA0003307E5403335E500B3851541898DB39787
:102FB000C5013357670033E5E700B3D565008DB32E
:102FC000370810007D180111B377B80013D74501F9
:102FD0003378D80093D8460122CC8E071374F77F3C
:102FE0001357D50126CAD98F93D4F5011357D601AB
:102FF00093F8F87F93D5F6010E0806CE4AC84EC660
:103000000E05336707010E06B30614416395B4221B
:103010006351D00E63980802B365C700638B052027
:103020009385F6FF89E92A963335A600BA97AA97C1
:1030300032850544B1A81308F07F639D060113048F
:10304000F07F71AA9305F07F630BB418B705800079
:103050004D8FB6859306800363C9B608FD4663C0ED
:10306000B606130800023308B840B3160701B35878
:10307000B60033160601B3E616013336C000558E8E
:103080003357B7002A963E97B337A600BA973285D2
:10309000139787006355071405041307F07F630532
:1030A000E448B70680FFFD16FD8E9355150005898F
:1030B0009397F6014D8D5D8D93D716000DA29386E3
:1030C00005FE93080002B356D70001486388150136
:1030D00013080004B305B8403318B7003366C800BE
:1030E0003336C000558E014771BF598E3336C0004C
:1030F000DDBFD5CAB38588400DE4B3E6A700638C75
:1031000006409386F5FF99E63295BA973336C500A7
:10311000B29705B71308F07F639D0501BA87328522
:1031200039BF9306F07FE38BD8FEB7068000D58FBA
:10313000AE869305800363C4D506FD4563CBD502F7
:10314000130800023308D8403353D500B395070164
:1031500033150501B3E565003335A0004D8DB3D6B9
:10316000D7003295B387E6003336C500B297468460
:1031700005B7938506FE13030002B3D5B7000148D7
:103180006388660013080004B306D8403398D7005C
:103190003365A8003335A0004D8D8146D9B75D8DCC
:1031A0003335A000DDBF9306140093F5E67FBDE143
:1031B000B3E6A70029E463840636B366C70085C278
:1031C0002A96BA973335A600AA97139787003285B7
:1031D00063570700370780FF7D17F98F0544137782
:1031E0007500630507341377F50091466300D73403
:1031F0009306450033B5A600AA97368505AE99DE3D
:10320000598EE30E06E28144B707400001451304DE
:10321000F07F29AE9305F07F6386B6302A963E97FD
:10322000B337A6003E971315F7010582518D9357CA
:10323000170036846DB76356D00C63910808B365E8
:10324000C700E5D99385F6FF91E93306C5403335CC
:10325000C500998F898F32850544B1A01308F07F8E
:10326000E38F06DD9306800363C9B608FD4663C09D
:10327000B606130800023308B840B3160701B35866
:10328000B60033160601B3E616013336C000558E7C
:103290003357B7003306C5403387E740B337C5001F
:1032A000B307F740328513978700E35A07F23709CF
:1032B00080007D1933F92701AA8975A29305F07F53
:1032C000E30FB4F0B70580004D8FB68561BF9386DC
:1032D00005FE93080002B356D70001486388150124
:1032E00013080004B305B8403318B7003366C800AC
:1032F0003336C000558E014771BF598E3336C0003A
:10330000DDBFF9C23388884015E8B3E6A700638FB4
:1033100006269306F8FF91EA3305A640B307F74067
:103320003336A600918FAE8405BF1303F07F631F71
:103330006800BA8732851304F07F7DA09306F07F82
:10334000E389D8FEB7068000D58FC28613088003B4
:103350006348D8067D48634ED80213030002330346
:10336000D340335ED500339867003315650033686A
:10337000C8013335A0003365A800B3D6D7003305A4
:10338000A640B307D7403336A600918F4684AE845B
:1033900019BF138806FE130E000233D8070101433C
:1033A0006388C60113030004B306D3403393D700E8
:1033B0003365A3003335A0003365A8008146C1B74B
:1033C0005D8D3335A000DDBF9306140093F6E67FD4
:1033D000B5E633E8A700B366C70031E46318080018
:1033E000638A061ABA873285AE84D5BBE38906DEC6
:1033F0003308C540B3380501B386E740B3861641AC
:103400009398860063DA08003305A640B307F740B7
:103410003336A600918FC9BF3365D8006300051805
:10342000B68742856DBB63180800638B0616BA87A2
:103430003285AE8429B1E38406C0F1B3B309C54037
:10344000B33635013389E7403309D94093168900F3
:1034500063D80606B309A640B307F74033363601F2
:103460003389C740AE84630309064A85EF00B02C58
:10347000130785FFFD4763C1E70693060002998E97
:10348000B317E900B3D6D900DD8E3395E900634E5A
:103490008706018F930717007D466345F6041307DF
:1034A00000021D8FB355F5003396E6003315E50095
:1034B0004D8E3335A000518DB3D7F600014405B3CE
:1034C00033E529014DF181470144F9A04E85EF0014
:1034D00090261305050269BF130585FDB396A90063
:1034E000014575B705179305000233D7E60001467D
:1034F0006387B700130600041D8E3396C600518DF6
:103500003335A000598D814755BFB70780FFFD17A0
:10351000198CF58FE9B1BA8732852E84C9B1BA8783
:10352000328575B91304F07F8147014513978700F1
:10353000635B070005041307F07F6308E4063707A1
:1035400080FF7D17F98F1397D7010D81598D1307D0
:10355000F07F8D836319E4005D8D814709C5B7074E
:1035600008000145814413174401B706F07FB207F4
:10357000F2406244758FB183FE04D98F33E7970020
:103580004249D244B249BA8505618280BA87328500
:10359000428499BD81470145814449BF8147EDBFC0
:1035A00001458144B70740009DB18147014561BF96
:1035B000370780007D17935675013378A70013D61F
:1035C00075019357F50193F6F60F1305F00F6D8F04
:1035D0001376F60FFD816395A60005456314080276
:1035E0001305F00F6314A600054509EF0545639B1D
:1035F000C6006319E8006386B70089E63335000129
:1036000082800145828093567501B7078000FD17BF
:1036100013D7750193F6F60F1308F00F33F6A700D2
:103620001377F70FED8F7D81FD816395060139C218
:103630000945828063130701E5FF9DEE11E38DCB01
:1036400001CA6314B5006359D7000DC17D5582804E
:103650007D5591C52E85828063D4E60065D9828030
:10366000E3E5C7FEE36CF6FE0145828005458280F6
:1036700065DEE1BFE302D7FC69F7E1DBD9B70111F1
:103680004AC81359750126CA4EC652C493149500F0
:1036900006CE22CC56C21379F90F2E8AA5809359F3
:1036A000F501630609069307F00F630FF9068E0410
:1036B000B7070004DD8C130919F8814A93577A0182
:1036C00013149A0093F7F70F2580135AFA01B5C720
:1036D0001307F00F638FE7060E0437070004598CB9
:1036E000938717F8014793962A00D98ECA97FD163B
:1036F000B94533C549011386170063E5D506B757A9
:103700000080938747E18A06BE969C4282879DC0CF
:103710002685EF0050029307B5FF1309A0F8B39474
:10372000F4003309A94051BF1309F00F894AD9D4D5
:103730008D4A69B70149854A51B715C02285EF0006
:10374000807F9307B5FF3314F4009307A0F8898FA7
:1037500051BF9307F00F094759D40D4769B7814707
:10376000054751B741679308F7FF93D60401935576
:103770000401B3F414013374140133089402338444
:103780008602B386B602B385950293540801A295CA
:10379000AE9463F38400BA9633F71401420733788A
:1037A0001801429713146700C18033348000698385
:1037B000B694418F9A0433E4E400139744006357AE
:1037C00007069357140005885D8C1307F6076351AD
:1037D000E0069377740099C79377F400914663836A
:1037E000D70011049317440063D80700B70700F807
:1037F000FD177D8C130706089307E00F0D8063DD2E
:10380000E70601441307F00F85A84E8526845687E6
:103810008947E308F7FE8D47630BF7048547E316F6
:10382000F7FA0144014789A85285DDB73E8671BF8A
:103830008547998F6D47E346F7FE1306E609B357B0
:10384000F4003314C400333480005D8C937774002B
:1038500099C79377F40011476383E7001104931726
:1038600054000D80E3D007FC0144054731A0370424
:1038700040001307F00F01455E07B707807F26045D
:103880007D8F2580598C7E05F240418D6244D24463
:103890004249B249224A924A05618280B7068000B5
:1038A0004111FD161356750193D87501B3F7A600A3
:1038B00026C2ED8E4AC01376F60F9354F50193F8A5
:1038C000F80F06C622C41305F00F32898E0746870B
:1038D000FD818E066393A80099E293C51500330815
:1038E000164163929512635D000763920804638E2C
:1038F00006267D1863160802B697328793965700FE
:1039000063DD060C05079306F00F6306D726B7069E
:10391000007E13F61700FD168583F58FD18F75A8ED
:103920001307F00F631CE6001307F00F7DA01307C9
:10393000F00FE30BE6FE37070004D98EED4505478F
:1039400063CE050113070002B3D506013308074112
:10395000B3960601B336D00033E7D500BA9771BFEE
:10396000630A0804B385C84009EE63820720FD1589
:1039700099E1B69761B71306F00F639BC800B6874D
:1039800065B71306F00FE38CC8FE37060004D18F2D
:103990006D450546634DB500130600020D8E33D507
:1039A000B700B397C700B337F0003366F500B3072D
:1039B000D600A9B79305160013F7E50F0DEF0DEA32
:1039C0006387071A99CAB6979396570063D706007C
:1039D000370700FC7D17F98F054793F67700638D55
:1039E000061893F6F70011466388C618910769A276
:1039F000D9D79DDA09AA1307F00F638CE516B6979D
:103A000085832E87D9BF63570007639B08043287DD
:103A1000E9D67D18631D0800958F93965700E3DE65
:103A200006FA370400047D147D8C3A89E5A89305D5
:103A3000F00F1307F00FE302B6FAED45054763CE2A
:103A4000050113070002B3D5060133080741B396F9
:103A50000601B336D00033E7D500998F328775BFA2
:103A60009305F00F1307F00FE309B6F637070004CC
:103A7000D98EE1B7630C08043385C84019EEB9CF7D
:103A80007D1509E5B387F640AE8441BF1306F00FFC
:103A9000639CC800B687AE8441BD1306F00FE38B6C
:103AA000C8FE37060004D18F6D480546634DA80057
:103AB00013060002098E33D8A700B397C700B337A7
:103AC000F0003366F800B387C6407DBF13071600C9
:103AD0001377E70F1DEF0DE681E785C2B68719A8BA
:103AE000E38D06EE3386D740131556006356050066
:103AF000B387F640AE84D5B571E681478144ADA861
:103B0000E39907EEC1FA8144B70700021307F00FEB
:103B1000A5A03384D74013175400635D0702338494
:103B2000F640AE84228501291307B5FF3314E40063
:103B30006346270333072741050793060002B3575F
:103B4000E4003387E6403314E40033348000C18F4F
:103B5000014761B561F8814701474DB7B70700FCE0
:103B6000FD173307E940E18F8DBD3287BDB5B687BC
:103B7000ADB51307F00F81479396570063DB06003E
:103B800005079306F00F6301D704B70600FCFD1686
:103B9000F58F9306F00F8D836316D70081C7B707A3
:103BA00040008144B24022443705807F5E07A6076B
:103BB000698FA5831395F401D98F924402495D8DD5
:103BC00041018280B28711BD8147E1B7370680008D
:103BD000135775019307F6FF1377F70F9305E00767
:103BE000E98F9356F50163F1E5049305D00963F875
:103BF000E500370500801345F5FF3695828033E5F3
:103C0000C7009307500963DAE7001307A7F63315D7
:103C1000E50081CE3305A040828093076009338799
:103C2000E7403355E500F5B701458280411106C6EE
:103C300022C426C255C59357F54133C4A7001D8C35
:103C40009354F5012285C52C9307E0092A87338513
:103C5000A7409307600963C4A702A14763D5E700A3
:103C600061173314E40026045E052580498C139502
:103C7000F401B240418D2244924441018280930775
:103C8000900963DDA7009547998F9306B701B35755
:103C9000F4003314D400333480005D8C954763D630
:103CA000E7009307B7FF3314F400B70700FCFD17D4
:103CB00093767400E18F91C63D8891466303D400EA
:103CC00091079396570063DA0600B70600FCFD16CD
:103CD0001304F009F58F3305E44013D4370061B7BE
:103CE0008144014449B7411122C406C62A84814750
:103CF00019CD91249307E009898F13076009634167
:103D0000F70221476355A70061153314A400260468
:103D1000258013957701B240418D22444101828074
:103D200013079009635DF7001307B5019546331734
:103D3000E400898E3337E0003354D400598C1547A2
:103D40006356A7001307B5FF3314E400370700FCE0
:103D50007D1793767400618F91C63D889146630309
:103D6000D40011079316570063D90600B70700FC6B
:103D7000FD177D8F9307F009898F1354370041BFDA
:103D800093577501411193F7F70F22C426C21314FC
:103D900095009354F5011385170006C61375E50FBA
:103DA00025800DC513850738935734007604B20774
:103DB0005205B183C98F1395F401B24033E7A700D0
:103DC000228522449244BA854101828095EB65D0D8
:103DD00022859522A94763CFA700AD47898F130796
:103DE0005501B357F4003314E4001307903833053A
:103DF000A74075BF930755FFB317F4000144F5B70B
:103E0000814719C493573400370708007604D98FC7
:103E10001305F07F69BF1396C50013D8450193576A
:103E2000D5011378F87F25825D8E9307180093F7EC
:103E3000E77FFD8113173500D1C3930608C89307A8
:103E4000E00F63CBD7086342D006A55763CAF60CD0
:103E5000B707800079455D8E158DFD4763C3A702C6
:103E6000130828C8B3170701B337F000331606014B
:103E70003355A700D18FC98F814613F7770025C32B
:103E800055A0F957B386D74093070002B356D60022
:103E900081486306F500130828CAB3180601B3E782
:103EA000E800B337F000D58FC1BF1A053335A00045
:103EB0000E069357D701498ED18FC1B7B367E6007D
:103EC00063150800B337F00045BF9306F00F81CBB0
:103ED0000E06B7070002CDB781479306F00F139780
:103EE0005700635B070085061307F00F6383E60442
:103EF000370700FC7D17F98F1307F00F8D8363964A
:103F0000E60081C7B707400081453705807FDE06A0
:103F1000A607E98EA583D58F1395F5015D8D828067
:103F20008547814613F7F7001146E30AC7FA910760
:103F30007DB78147D1B7C1676376F5029307F00F6C
:103F4000B3B7A7008E0737570080930600029D8EF7
:103F50003355F500930707E53E9503450500338586
:103F6000A640828037070001C147E36EE5FCE147C8
:103F7000D9BFB367B5008D8BB1EF9841B7867F7F0E
:103F80009386F6F7B377D700B697D98FD58F7D563E
:103F9000639BC7042A867D5818C2D8419105110633
:103FA000B377D700B697D98FD58FE38707FF83C73D
:103FB000050003C7150083C625002300F60099C736
:103FC000A300E60001C72301D60091E28280A3018D
:103FD00006008280AA8703C7050085078505A38F91
:0A3FE000E7FE75FB82802A86D9B740
:103FF0000A45726173696E672E2E2E0A000000005A
:104000000A457261736520636F6D706C6574652E0F
:104010000A0000000A57726974696E672E2E2E001E
:104020002E0000000A0A577269746520636F6D7074
:104030006C6574652E0A00000A506C65617365201A
:1040400072657365742E0A000A20636D643A202538
:10405000783B64313A2025783B2064323A20257839
:1040600000000000666C617368207374617475737E
:104070002072656769737465722076616C2025789B
:104080000A0000004465766963652049442025786C
:10409000200A000065787472616374656420646549
:1040A00076696365206964202578200A0000000095
:1040B00061646472203D2025782064617461203D34
:1040C0002025780A0000000048AFBC9AF2D77A3E5B
:1040D0000A657874726163745F69655F636F6465B4
:1040E00020656E74657265640A000000657863651A
:1040F0007074696F6E20636F6465203D2025780AB7
:1041000000000000657874726163745F69655F63C5
:104110006F6465206578697465640A000A64656681
:1041200061756C745F68616E646C657220656E7435
:10413000657265640A0000000A68616E646C655F00
:104140007472617020656E74657265640A000000A7
:104150000A547261703A206D6361757365203D2069
:1041600025782C20657063203D2025780A0000000A
:1041700073697A656F662875696E74707472292028
:10418000203D202564200A00536F75726365206FFF
:104190006620547261703A20496E7465727275704F
:1041A000740A0000536F75726365206F6620547245
:1041B00061703A20536F6674776172650A0000007F
:1041C00068616E646C655F74726170206578697493
:1041D00065640A000A2070616E6963200A000000AD
:1041E000286E756C6C290000DECFFFFF20D0FFFF2A
:1041F000B0D2FFFFDAD0FFFFB0D2FFFFB0D2FFFF97
:10420000B0D2FFFFB0D2FFFFB0D2FFFFCCCFFFFF95
:10421000B0D2FFFFB0D2FFFFC2D1FFFFB0D2FFFF8D
:10422000B0D2FFFFB0D2FFFFF2CFFFFFB0D2FFFF4F
:104230004ED1FFFFB0D2FFFFB0D2FFFF36D2FFFF5B
:10424000747261705F696E697420656E7465726501
:1042500064200A2000000000747261705F696E695A
:104260007420657869746564200A2000696E697439
:1042700020656E7465726564200A2000696E697439
:10428000206578697465640A000000000A636F6E37
:104290006669677572655F636F756E7465722065B8
:1042A0006E74657265640A006D74696D65636D7026
:1042B0002076616C7565203D2025640A00000000B1
:1042C0006D74696D652076616C7565203D2025648F
:1042D0000A0000000A636F6E6669677572655F6346
:1042E0006F756E746572206578697465640A000084
:1042F0000A6D6163685F636C696E745F68616E64A8
:104300006C657220656E74657265640A0000000059
:104310006D74696D65636D702076616C7565203DA7
:104320002025780A000000006D74696D65207661B3
:104330006C7565203D2025780A0000006D6163687A
:104340005F636C696E745F68616E646C6572206532
:1043500078697465640A00000A696E746572727522
:1043600070745F636F6D706C65746520656E7465E5
:104370007265640A00000000696E7465727275707F
:10438000742069642025642C207374617465206333
:1043900068616E67656420746F2025640A00000000
:1043A000696E74657272757074206964203D202591
:1043B00078200A20726573657420746F20646566C6
:1043C00061756C742076616C7565732073746174AB
:1043D00065203D20257820090920200A2070726977
:1043E0006F72697479203D2025780A20636F756E9D
:1043F00074203D2025780A00696E746572727570AC
:10440000745F636F6D706C65746520657869746541
:10441000640A00000A696E746572727570745F6375
:104420006C61696D5F7265717565737420656E741A
:10443000657265640A000000696E74657272757059
:1044400074206964205B25785D20636C61696D650B
:104450006420206174206164647265737320257820
:104460000A000000696E746572727570745F636C27
:1044700061696D5F726571756573742065786974C3
:1044800065640A000A6D6163685F706C69635F68E8
:10449000616E646C657220656E74657265640A0095
:1044A000696E7465727275707420696420636C61E2
:1044B000696D6564203D2025780A000046617461BD
:1044C0006C206572726F722C20696E7465727275E1
:1044D0007074206964205B25785D20636C61696D70
:1044E00065642069732077726F6E670A00000000B0
:1044F000696E746572727570742069642025642019
:10450000636F6D706C657465200A00000A6D6163ED
:10451000685F706C69635F68616E646C657220656A
:1045200078697465640A00000A6973725F6465667D
:1045300061756C7420656E74657265640A000000B4
:10454000696E74657272757074205B25645D20738A
:10455000657276696365640A000000000A69737217
:104560005F64656661756C74206578697465640A5A
:10457000000000000A696E746572727570745F6580
:104580006E61626C6520656E7465726564200A00F8
:10459000696E746572727570745F6964203D202560
:1045A000780A0000504C4943204241534520414481
:1045B0004452455353203D2025782C20504C4943EC
:1045C00020454E41424C45204F4646534554203DE0
:1045D0002025780A00000000696E7465727275709B
:1045E000745F656E61626C655F61646472203D201A
:1045F00025782063757272656E745F76616C75657F
:10460000203D202578200A0076616C756520726552
:1046100061643A206E65775F76616C7565203D2038
:1046200025780A000A696E746572727570745F6528
:104630006E61626C6520657869746564200A0000AB
:104640000A696E746572727570745F646973616211
:104650006C6520656E7465726564200A0000000058
:10466000504C494320424153452041444452455314
:1046700053203D2025782C20504C494320454E4165
:10468000424C45204F4646534554203D2025782036
:10469000696E746572727570745F6964203D20255F
:1046A000780A0000696E746572727570745F64696F
:1046B0007361626C655F61646472203D20257820BF
:1046C00063757272656E745F76616C7565203D20EE
:1046D0002578200A00000000696E7465727275709A
:1046E000745F64697361626C652065786974656480
:1046F0000A0000000A73657420696E746572727531
:1047000070745F7468726573686F6C6420656E7432
:10471000657265640A000000706C696320746872D9
:104720006573686F6C642073657420746F202564F2
:104730000A00000073657420696E7465727275708A
:10474000745F7468726573686F6C642065786974EF
:1047500065640A000A2073657420696E746572725C
:10476000757074207072696F7269747920656E74E7
:10477000657265642025780A00000000696E746522
:1047800072727570745F7072696F726974795F614B
:10479000646472657373203D2025780A0000000070
:1047A00063757272656E7420646174612061742037
:1047B000696E746572727570745F7072696F726918
:1047C00074795F61646472657373203D2025780A93
:1047D00000000000206E65772064617461206174C0
:1047E00020696E746572727570745F7072696F7231
:1047F0006974795F61646472657373203D20257804
:104800000A00000073657420696E746572727570B9
:1048100074207072696F7269747920657869746543
:10482000640A00000A636F6E6669677572652069C5
:104830006E746572727570742070696E20656E7426
:10484000657265640A0000004750494F2044495290
:10485000454354494F4E20524547495354455220F1
:1048600056414C5545203D2025780A00446174612D
:10487000207772697474656E20746F204750494FB9
:1048800020444952454354494F4E204354524C20F2
:10489000524547203D2025780A000000636F6E6670
:1048A000696775726520696E7465727275707420BF
:1048B00070696E206578697465640A000A706C69B5
:1048C000635F696E697420656E74657265640A0061
:1048D00041737369676E6564206D6163685F706CB6
:1048E00069635F68616E646C657220746F207472B6
:1048F0006170206964203A2025640A000A2A2A2A65
:104900002A2A2A2A2A2A2A2A2A2A2A2A2A2A2A2A07
:104910002A2A2A2A2A2A2A2A2A2A2A2A2A2A2A2AF7
:104920002A2A2A2A2A2A2A2A2A2A2A2A2A00000065
:104930000A696E74657272757074206964203D2016
:104940002578200A726573657420746F206465662B
:1049500061756C742076616C756573207374617415
:1049600065203D2025782009090920200A707269F8
:104970006F72697479203D2025780A636F756E74B3
:10498000203D2025780A2009090920200A2A2A2A00
:104990002A2A2A2A2A2A2A2A2A2A2A2A2A2A2A2A77
:1049A0002A2A2A2A2A2A2A2A2A2A2A2A2A2A2A2A67
:1049B0002A2A2A2A2A2A2A2A2A2A2A2A2A2A0000AB
:1049C000706C69635F696E69742065786974656489
:1049D000200A00000A636F6E6669677572655F6919
:1049E0006E7465727275707420656E74657265643C
:1049F000200A0000636F6E6669677572655F696E95
:104A00007465727275707420657869746564200AC3
:104A1000000000000A506572696F64205265676982
:104A2000737465722056616C756520686967686586
:104A300072207468616E206D61782076616C756596
:104A400020282578290000000A20506572696F64CB
:104A5000205265676973746572206F66206D6F649C
:104A6000756C65206E756D626572202564207365B6
:104A70007420746F202578000A447574792052657B
:104A80006769737465722056616C75652068696723
:104A9000686572207468616E206D61782076616C43
:104AA00075652028257829000A20447574792052DC
:104AB00065676973746572206F66206D6F64756CCD
:104AC00065206E756D6265722025642073657420A3
:104AD000746F2025780000000A436F6E74726F6C4B
:104AE0002052656769737465722056616C75652024
:104AF000686967686572207468616E206D617820EE
:104B000076616C7565202825782900000A20436F9E
:104B10006E74726F6C205265676973746572206F72
:104B200066206D6F64756C65206E756D62657220B0
:104B300025642073657420746F20257800000000C0
:104B40000A2052756E6E696E6720696E20636F6E03
:104B500074696E756F7573206D6F646528312F30C1
:104B6000293A2025640000000A436C6F636B2052D1
:104B7000656769737465722056616C756520686934
:104B800067686572207468616E206D617820766157
:104B90006C75652028257829000000000A20416CEA
:104BA0006C20726567697374657273206F66206D1F
:104BB0006F64756C65206E756D626572202564206A
:104BC000636C6561726564000A20416C6C205265FB
:104BD0006769737465722076616C756573206F66A2
:104BE00020616C6C206D6F64756C657320636C65FF
:104BF00061726564000000000A2043757272656E80
:104C000074204D6F64756C65206973207365742022
:104C1000746F2050574D206D6F6465000A204375F6
:104C20007272656E74204D6F64756C6520697320B7
:104C300073657420746F2074696D6572206F6E6384
:104C400065206F6E6C79206D6F6465000A20437576
:104C50007272656E74204D6F64756C652069732087
:104C600073657420746F2074696D657220636F6E54
:104C700074696E756F7573206D6F64650000000058
:104C80000A2050574D206D6F64756C65206E756DF0
:104C900062657220256420686173206265656E20FC
:104CA000656E7465726564000A2050574D206D6F03
:104CB00064756C65206E756D626572202564206E6A
:104CC0006F7420656E746572656400000A20457219
:104CD000726F7220696E2073657474696E672063E9
:104CE0006C6F636B20726567697374657200000096
:104CF0000A204572726F7220696E20736574746940
:104D00006E67206475747920726567697374657263
:104D1000000000000A204572726F7220696E2073D5
:104D2000657474696E6720706572696F642072655E
:104D300067697374657200000A50574D202564201E
:104D400073756363657366756C6C7920636F6E66EB
:104D500069677572656400000A2050574D206D6FB9
:104D600064756C65206E756D6265722025642068BF
:104D70006173206265656E2073746F707065640086
:104D80000A5468652076616C7565206F66207065D1
:104D900072696F64207265676973746572206973E4
:104DA000202578000A5468652076616C7565206F4F
:104DB0006620647574792072656769737465722002
:104DC00069732025780000000A5468652076616CBC
:104DD0007565206F6620636F6E74726F6C207265EC
:104DE000676973746572206973202578000000007C
:104DF0000A5468652076616C7565206F6620636C67
:104E00006F636B20726567697374657220697320C4
:104E10002578000010380080103800802838008085
:104E20000C3800800C3800806E38008028380080F4
:104E30000C3800806E3800800C38008028380080E4
:104E40000A3800800A3800800A3800806E380080F6
:104E50000001020203030303040404040404040421
:104E600005050505050505050505050505050505F2
:104E700006060606060606060606060606060606D2
:104E800006060606060606060606060606060606C2
:104E900007070707070707070707070707070707A2
:104EA0000707070707070707070707070707070792
:104EB0000707070707070707070707070707070782
:104EC0000707070707070707070707070707070772
:104ED0000808080808080808080808080808080852
:104EE0000808080808080808080808080808080842
:104EF0000808080808080808080808080808080832
:104F00000808080808080808080808080808080821
:104F10000808080808080808080808080808080811
:104F20000808080808080808080808080808080801
:104F300008080808080808080808080808080808F1
:104F400008080808080808080808080808080808E1
:104F50001000000000000000037A5200017C0101F3
:104F60001B0D020010000000180000009AD9FFFF7E
:104F70006603000000000000100000002C0000008C
:0C4F8000ECDCFFFF540300000000000008
:104F8C000000020004000200080002000C000200F5
:104F9C001000020014000200180002001C000200A5
:104FAC00200002002400020028000200E0FFFF8F16
:104FBC0046A90088AC52018046A90088F8BF0002BF
:044FCC00004000029F
:104FEC0000400000970200009382020E7390523032
:104FFC00AD4273B0023085629382828873B04230C6
:10500C00B72F000C137E0E00130E0E002380CF0161
:10501C00A380CF012381CF01A381CF01B70F000C57
:10502C00137E0E002380CF01A380CF012381CF01FB
:10503C00A381CF0181400141814101428142014361
:10504C008143014481440145814501468146014724
:10505C0081470148814801498149014A814A014BF4
:10506C00814B014C814C014D814D014E814E014FC4
:10507C00814F97E1000093812111138581E997F508
:10508C00000093852597014610C16374B500110586
:10509C00E5BF1385819D938541A1014610C16374C1
:1050AC00B5001105E5BF170100101301E1F117F26E
:1050BC00000013025298137202FC6F00304C01A0D6
:1050CC0000000000197101001300000006C20AC4A0
:1050DC000EC612C816CA1ACC1ECE22D026D22AD47C
:1050EC002ED632D836DA3ADC3EDEC2C0C6C2CAC4CC
:1050FC00CEC6D2C8D6CADACCDECEE2D0E6D2EAD45C
:10510C00EED6F2D8F6DAFADCFEDE73252034F3257F
:10511C0010340A86EF00800B731015349240224134
:10512C00B2414242D2426243F2430254925422555B
:10513C00B2554256D2566257F257064896482649FF
:10514C00B649464AD64A664BF64B065C965C265DDB
:10515C00B65D465ED65E665FF65F09617300203011
:10516C000000797106D622D40018232EA4FC17C592
:10517C000000130565A4212A0327C4FDB70700808E
:10518C0093C7F7FFF98F2326F4FE8325C4FE17C5BA
:10519C000000130525A4812217C50000130505A5E1
:1051AC00FD208327C4FE3E85B25022544561828087
:1051BC00011106CE22CC00102326A4FE2324B4FE1B
:1051CC0017C50000130505A4D92001A0797106D6D6
:1051DC0022D40018232EA4FC232CB4FC232604FE7A
:1051EC00232404FE17C50000130585A34D200326B8
:1051FC0084FD8325C4FD17C500001305E5A35528C0
:10520C00914517C50000130525A5F120FD47232462
:10521C00F4FE832784FE0547B317F7003E878327E8
:10522C00C4FDF98F85CB0325C4FD253F2326A4FEA1
:10523C0017C500001305C5A3AD28138781E9832783
:10524C00C4FE8A07BA979C43832584FD0325C4FDBD
:10525C00829715A017C50000130545A3992813873D
:10526C0081ED8327C4FD8A07BA979C43832584FD6F
:10527C000325C4FD829717C500001305E5A201287C
:10528C00832784FD3E85B2502254456182805D7136
:10529C0022D60018232EA4FC4CC010C454C418C829
:1052AC005CC8232C0401232E1401010032546161CB
:1052BC0082805D7122D60018232EA4FC4CC010C431
:1052CC0054C418C85CC8232C0401232E14010100FB
:1052DC003254616182805D7122D60018232EA4FCA9
:1052EC004CC010C454C418C85CC8232C0401232E11
:1052FC00140101003254616182805D7122D6001864
:10530C00232EA4FC4CC010C454C418C85CC8232C55
:10531C000401232E140101003254616182805D71FD
:10532C0022D60018232EA4FC4CC010C454C418C898
:10533C005CC8232C0401232E14010100325461613A
:10534C0082805D7106D622D40018232EA4FC4CC09A
:10535C0010C454C418C85CC8232C0401232E140197
:10536C0093070402232CF4FC832784FD9117232636
:10537C00F4FE8327C4FEBE850325C4FD912A17C500
:10538C0000001305A593353701A02971232E1112A6
:10539C00232C8112232A2113232831132326411372
:1053AC0023245113232261132320711380022324FD
:1053BC00A4EC2326B4EC2322C4EC232E04FC232CD3
:1053CC0004FC832744EC3E8B814B032784EC83271E
:1053DC00C4EC5A86DE863A85BE85EF80A0482A87C3
:1053EC00AE878327C4FD8A07930604FEB69723ACC9
:1053FC00E7EE832744EC3E8981498327C4EC4E8732
:10540C0063E4E7048327C4EC4E876397E7008327A4
:10541C0084EC4A8763EAE702832744EC3E8A814A9C
:10542C005286D686032584EC8325C4ECEF80200DB0
:10543C002A87AE872324E4EC2326F4EC8327C4FDCF
:10544C008507232EF4FCB5BF01008327C4FD850717
:10545C00232EF4FC91A08327C4FD8A07130704FEB6
:10546C00BA9703A787EFA54763F7E7009307700583
:10547C00232CF4FC29A093070003232CF4FC832792
:10548C00C4FD8A07130704FEBA9703A787EF832787
:10549C0084FDBA973E85C9298327C4FD1387F7FF7E
:1054AC00232EE4FCE349F0FA010001008320C11330
:1054BC00032481130329411383290113032AC112E5
:1054CC00832A8112032B4112832B011231618280BA
:1054DC001D7186CEA2CCA6CACAC880102326A4FAF7
:1054EC002324B4FA93070000232CF4FC232804FA99
:1054FC00232A04FA232C04FA232E04FA232004FC76
:10550C00232204FC232404FC231604FC11A8638D21
:10551C000438268591298327C4FA85072326F4FAB3
:10552C008327C4FA83C70700BE8493075002E39015
:10553C00F4FE8327C4FA85072326F4FA8327C4FADA
:10554C00232AF4FC232204FE232E04FC8327C4FA12
:10555C00138717002326E4FA83C70700BE8493073A
:10556C0050026380F4329307500263CFF4309307F8
:10557C00800763CB97309307300663C7F43093876B
:10558C00D4F955476362F7301397270097B700009B
:10559C0093870774BA97984397B70000938747731C
:1055AC00BA978287832744FE85072322F4FE85471A
:1055BC00232EF4FCD5A4832784FA138747002324D5
:1055CC00E4FA9C433E854D26C1AC832784FA1387AD
:1055DC0047002324E4FA03A90700631A090017B94A
:1055EC0000001309696E21A02685BD2E050983478D
:1055FC000900BE84F5F84DA4A9472328F4FC032721
:10560C0044FE854763D1E702832784FA9D07E19B1B
:10561C00138787002324E4FA9843DC432324E4FE15
:10562C002326F4FE3DA8032744FE8547631FF7009D
:10563C00832784FA138747002324E4FA9C4323240A
:10564C00F4FEFD872326F4FE29A8832784FA13870A
:10565C0047002324E4FA9C432324F4FEFD872326ED
:10566C00F4FE032784FE8327C4FE63DB07021305C5
:10567C00D002DD2C032584FE8325C4FE014781471F
:10568C003306A740328833380701B386B740B38757
:10569C000641BE863287B6872324E4FE2326F4FE19
:1056AC00832704FD3E86032584FE8325C4FEF13941
:1056BC00E5A2832784FA9D07E19B138787002324A7
:1056CC00E4FA9843DC433A85BE85EFA01030AA87F4
:1056DC00232CF4FC930704FB1946BE85032584FD9B
:1056EC00EF00100D232004FE25A0832704FE1307D2
:1056FC0004FFBA9783C707FC3E85BD24032704FE2D
:10570C00F54763C0E702832704FE85072320F4FED8
:10571C00832704FE130704FFBA9783C707FCF1F72E
:10572C00A5AA010095AAA9472328F4FC032744FE47
:10573C00854763D1E702832784FA9D07E19B138792
:10574C0087002324E4FA9843DC432324E4FE232635
:10575C00F4FE1DA8832744FE89CF832784FA138780
:10576C0047002324E4FA9C432324F4FE232604FE5E
:10577C0021A8832784FA138747002324E4FA9C4347
:10578C002324F4FE232604FE832704FD3E860325F2
:10579C0084FE8325C4FED53E01A2A1472328F4FC38
:1057AC00032744FE854763D1E702832784FA9D07CC
:1057BC00E19B138787002324E4FA9843DC432324DA
:1057CC00E4FE2326F4FE1DA8832744FE89CF8327FD
:1057DC0084FA138747002324E4FA9C432324F4FE21
:1057EC00232604FE21A8832784FA13874700232449
:1057FC00E4FA9C432324F4FE232604FE832704FDB1
:10580C003E86032584FE8325C4FE413671A0C14724
:10581C002328F4FC032744FE854763D1E702832742
:10582C0084FA9D07E19B138787002324E4FA9843AD
:10583C00DC432324E4FE2326F4FE1DA8832744FE28
:10584C0089CF832784FA138747002324E4FA9C43E7
:10585C002324F4FE232604FE21A8832784FA13872D
:10586C0047002324E4FA9C432324F4FE232604FE5D
:10587C00832704FD3E86032584FE8325C4FE313632
:10588C0021A82685D52009A813055002F1288327C5
:10589C0044FD2326F4FA01008327C4FD81C7232E7F
:1058AC0004FC6DB10100ADB90100F6406644D6446C
:1058BC004649256182805D7106D622D40018232EBC
:1058CC00A4FC4CC010C454C418C85CC8232C0401DC
:1058DC00232E140193070402232CF4FC832784FD4C
:1058EC0091172326F4FE8327C4FEBE850325C4FD31
:1058FC00C53681473E85B2502254616182800111C8
:10590C0022CE0010232604FE1DA08327C4FE9387FD
:10591C003711A207BE86138781F18327C4FE8A073D
:10592C00BA9794C38327C4FE85072326F4FE032766
:10593C00C4FE8947E3DBE7FC01000100724405610A
:10594C008280411122C600080100938781F19C439B
:10595C0083C7C700918BF5DB938781F19C439C47F0
:10596C003E85324441018280011122CE0010232653
:10597C00A4FE0100938781F19C4383C7C700898BE8
:10598C00F5FB938781F19C430327C4FED8C3814761
:10599C003E85724405618280797122D60018232ECF
:1059AC00A4FC232CB4FC232604FE832784FD92073D
:1059BC0037F7FA0213070708B357F7022326F4FE4A
:1059CC008327C4FE1397070141838327C4FD2390CB
:1059DC00E7000100325445618280011122CE001093
:1059EC002326A4FEAE87A305F4FE8327C4FE03473B
:1059FC00B4FE238CE7000100724405618280011122
:105A0C0022CE00102326A4FEAE87A305F4FE0100CF
:105A1C008327C4FE83C7C700898BFDFB0347B4FEF5
:105A2C008327C4FED8C381473E85724405618280BA
:105A3C00797106D622D40018232EA4FC232CB4FC96
:105A4C00232604FE8327C4FE138717002326E4FEB7
:105A5C00032784FDBA9783C70700A305F4FE834789
:105A6C00B4FEBE850325C4FD593F8347B4FEF9FB44
:105A7C0081473E85B250225445618280797122D68D
:105A8C000018232EA4FC232CB4FCA30704FE010055
:105A9C008327C4FD83C7C700918BFDDB8327C4FD1F
:105AAC009C47A307F4FE832784FD0347F4FE238061
:105ABC00E70085473E85325445618280797106D670
:105ACC0022D40018232EA4FC232CB4FC232604FE81
:105ADC00A30504FE01008327C4FD83C7C700918B77
:105AEC00FDDB8327C4FD9C47A305F4FE8327C4FE7E
:105AFC00138717002326E4FE032784FDBA97034778
:105B0C00B4FE2380E7008347B4FE3E85B13D0347D6
:105B1C00B4FEB547E310F7FC8327C4FE13871700C8
:105B2C002326E4FE032784FDBA9729472380E70048
:105B3C008327C4FE138717002326E4FE032784FD66
:105B4C00BA97238007008327C4FE93F7F70F3E858F
:105B5C00B250225445618280797122D60018232ECE
:105B6C00A4FC31A08327C4FD9C47A307F4FE832724
:105B7C00C4FD83C7C700918BF5F7010001003254B7
:105B8C0045618280411122C6000801003244410166
:105B9C008280411106C622C4000817B50000130507
:105BAC00A518EFF0CFEE938781E917F7FFFF1307E6
:105BBC00676098C3938781E917F7FFFF1307875F27
:105BCC00D8C3938781E917F7FFFF1307A75E98C720
:105BDC00938781E917F7FFFF1307C75DD8C7938732
:105BEC0081E917F7FFFF1307E75C98CB938781E9EF
:105BFC0017F7FFFF1307075CD8CB938781E917F7DB
:105C0C00FFFF1307275B98CF938781E917070000E5
:105C1C0013076770D8CF938781E917F7FFFF130736
:105C2C00675998D3938781E917F7FFFF13078758B4
:105C3C00D8D3938781E917F7FFFF1307A75798D796
:105C4C00938781E91717000013070787D8D7938725
:105C5C0081E917F7FFFF1307E75598DB938781E975
:105C6C0017F7FFFF13070755D8DB938781E917F761
:105C7C00FFFF1307275498DF938781E917F7FFFF7E
:105C8C0013074753D8DF938781ED17F7FFFF1307EF
:105C9C00675298C3938781ED17F7FFFF130787515E
:105CAC00D8C3938781ED17F7FFFF1307A75098C749
:105CBC00938781ED17F7FFFF1307C74FD8C793875B
:105CCC0081ED17F7FFFF1307E74E98CB938781ED14
:105CDC0017F7FFFF1307074ED8CB938781ED17F704
:105CEC00FFFF1307274D98CF938781ED17F7FFFF21
:105CFC001307474CD8CF938781ED17F7FFFF130796
:105D0C00674B98D3938781ED17F7FFFF1307874AEB
:105D1C00D8D3938781ED17F7FFFF1307A74998D7BF
:105D2C00938781ED17F7FFFF1307C748D8D79387E1
:105D3C0081ED17F7FFFF1307E74798DB938781ED9A
:105D4C0017F7FFFF13070747D8DB938781ED17F78A
:105D5C00FFFF1307274698DF938781ED17F7FFFFA7
:105D6C0013074745D8DF17B50000130565FDEFF0A5
:105D7C000FD20100B240224441018280411106C67B
:105D8C0022C40008AD3E17B500001305A5FCEFF0CA
:105D9C000FD00135EF50606917B50000130585FC75
:105DAC00EFF0EFCE0100B2402244410182807971C4
:105DBC0022D60018232EA4FC232604FE01008327E0
:105DCC00C4FE138717002326E4FE0327C4FDE3E873
:105DDC00E7FE01000100325445618280797122D6C0
:105DEC000018232EA4FC0327C4FD9307803EB307A1
:105DFC00F7022326F4FE29A89307803E2324F4FE01
:105E0C000100832784FE1387F7FF2324E4FEF5FBB0
:105E1C008327C4FE1387F7FF2326E4FEF1FF01005E
:105E2C000100325445618280797106D622D4001863
:105E3C00232EA4FC85472326F4FE232404FE31A83C
:105E4C000327C4FEBA878A07BA9786072326F4FE6F
:105E5C00832784FE85072324F4FE032784FE8327EF
:105E6C00C4FDE36FF7FC0325C4FEEFA00023AA8753
:105E7C003E85B250225445618280797122D6001839
:105E8C00232EA4FC232CB4FC232604FE832784FDA0
:105E9C00FD172324F4FE99A88327C4FE0327C4FD11
:105EAC00BA9783C70700A303F4FE832784FE032756
:105EBC00C4FD3E978327C4FE8326C4FDB6970347D3
:105ECC0007002380E700832784FE0327C4FDBA97CD
:105EDC00034774FE2380E7008327C4FE850723262F
:105EEC00F4FE832784FEFD172324F4FE0327C4FE4F
:105EFC00832784FEE342F7FA010001003254456126
:105F0C008280797106D622D40018232EA4FC232C6F
:105F1C00B4FC232AC4FC232604FE3DA80327C4FD9D
:105F2C00A947B367F70213F7F70F832684FD83277E
:105F3C00C4FEB697130707031377F70F2380E70008
:105F4C008327C4FE85072326F4FE0327C4FDA94737
:105F5C00B347F702232EF4FC8327C4FDE1F339A8E1
:105F6C00032784FD8327C4FEBA97130700032380FD
:105F7C00E7008327C4FE85072326F4FE0327C4FE0F
:105F8C00832744FDE36EF7FC8327C4FEBE850325FF
:105F9C0084FDE535032784FD8327C4FEBA9723804F
:105FAC0007008327C4FE3E85B2502254456182808F
:105FBC005D7186C6A2C48008232EA4FA232CB4FAE1
:105FCC00232AC4FA232604FE232004FC232204FCE7
:105FDC00232404FC232604FC232804FC232A04FC8D
:105FEC00232C04FC231E04FC0325C4FBEFA080140B
:105FFC002A87AE8797B60000938686D99042D44202
:10600C003A85BE85EF70503B2A87AE873A85BE85B0
:10601C00EFA0A01BAA87232EF4FA0325C4FBEF9054
:10602C003076AA872324F4FE032584FEEF90507B60
:10603C00AA87BE850325C4FBEF909041AA87232233
:10604C00F4FE232004FE930500000325C4FBEF900F
:10605C00D016AA8763DE0700832704FE032784FB80
:10606C00BA971307D0022380E70085472320F4FE5C
:10607C00832784FE85E3832704FE032784FBBA97DA
:10608C00130700032380E700832704FE85072320E2
:10609C00F4FE3DA8832784FE63D80700832784FE83
:1060AC00B307F0402324F4FE930704FC0146BE859D
:1060BC00032584FEB9352326A4FE832704FE03277B
:1060CC0084FBBA97130704FCBA853E85EFA02036F3
:1060DC000327C4FE832704FEBA972326F4FE8327E6
:1060EC0044FBADCF8327C4FE032784FBBA97130769
:1060FC00E0022380E70093050000032544FEEF90A7
:10610C00D00BAA8763DA0700032744FEB707008089
:10611C00B98F2322F4FE39A093050000032544FE19
:10612C00EF90C07C032544FB0133AA87BE85032571
:10613C0044FEEF901010AA872322F4FE032544FEA0
:10614C00EF901064AA868327C4FE8507032784FB7F
:10615C00BA97032644FBBE85368565330100B640ED
:10616C00264461618280797122D60018232EA4FC0A
:10617C00232CB4FC832784FD2326F4FE29A8832733
:10618C0084FD2326F4FE01008327C4FE1387F7FF4A
:10619C002326E4FEF5FB8327C4FD1387F7FF232E8C
:1061AC00E4FCF1FF010001003254456182800111D1
:1061BC0006CE22CC00102326A4FE8327C4FE9C43CB
:1061CC003E868325C4FE17B500001305E5BAEFF033
:1061DC008F908327C4FE9C433E85F2406244056148
:1061EC008280011106CE22CC00102326A4FE23248B
:1061FC00B4FE8327C4FE032784FE98C38327C4FE02
:10620C009C433E868325C4FE17B500001305C5B616
:10621C00EFF06F8C0100F240624405618280411105
:10622C0022C60008B7C70002E1179C433E853244E2
:10623C0041018280411122C60008B7C70002F11744
:10624C009C433E85324441018280411106C622C4E2
:10625C004AC24EC00008E137AA873E8981494A8765
:10626C00CE873A85BE85B24022441249824941010B
:10627C008280011106CE22CC00102324A4FE2326FA
:10628C00B4FE17B50000130525B1EFF04F809387CE
:10629C00C1959C439843DC439386019603A8060062
:1062AC00032584FE8325C4FE3306A700B288B3B849
:1062BC00E800B386B700B387D800BE863287B687AE
:1062CC002320E8002322F800938701969C439843EF
:1062DC00DC433A86BE8617B500001305A5ADEFE08A
:1062EC005FFD9387C1959C439843DC433A86BE86F9
:1062FC0017B50000130585ADEFE0BFFB17B5000027
:10630C00130505AEEFE0BFF80100F24062440561F1
:10631C008280011106CE22CC00102326A4FE232459
:10632C00B4FE17B50000130565ADEFE05FF693877B
:10633C00019694437D57FD5798C2DCC29387019612
:10634C009C439843DC433A86BE8617B50000130580
:10635C00E5ACEFE05FF8B7C70002E1179C43BE85E0
:10636C0017B50000130505ADEFE0FFF617B50000FB
:10637C00130585ADEFE0BFF10100F2406244056109
:10638C008280797106D622D40018232EA4FC17B56E
:10639C000000130525ADEFE09FEFB707010CC10717
:1063AC002326F4FE8327C4FE0327C4FD98C313875A
:1063BC0041F28327C4FD9207BA97094798C7138700
:1063CC0041F28327C4FD9207BA97DC471387170065
:1063DC00938641F28327C4FD9207B697D8C71387DB
:1063EC0041F28327C4FD9207BA979C473E868325CA
:1063FC00C4FD17B500001305E5A8EFE0DFED13872A
:10640C0041F28327C4FD9207BA978C43138741F25C
:10641C008327C4FD9207BA979047138741F28327CD
:10642C00C4FD9207BA97D443138741F28327C4FD66
:10643C009207BA97DC473E8717B50000130505A7EE
:10644C00EFE07FE917B500001305C5ABEFE03FE4C3
:10645C000100B250225445618280011106CE22CC3B
:10646C000010232604FE17B50000130565ABEFE002
:10647C001FE2B707010CC1072326F4FE8327C4FED5
:10648C009C432324F4FE0326C4FE832584FE17B507
:10649C000000130525ABEFE01FE417B50000130552
:1064AC0025ADEFE0DFDE832784FE3E85F2406244BB
:1064BC0005618280797106D622D40018232EA4FCA3
:1064CC00232CB4FC17B50000130585ACEFE03FDCC2
:1064DC0069372326A4FE8325C4FE17B500001305D7
:1064EC00E5ACEFE05FDF8327C4FE91C70327C4FE52
:1064FC00F14763FAE7008325C4FE17B500001305C6
:10650C00A5ACEFE01FE4138741F28327C4FE92078A
:10651C00BA97054798C7138741F28327C4FE9207A1
:10652C00BA979C473E868325C4FE17B50000130519
:10653C006595EFE05FDA1387410E8327C4FE8A0767
:10654C00BA979C430325C4FE82970325C4FE153DD0
:10655C008325C4FE17B50000130545AAEFE0BFD78D
:10656C0017B50000130545ABEFE07FD20100B25028
:10657C00225445618280011106CE22CC00102326C4
:10658C00A4FE17B500001305E5AAEFE05FD0832742
:10659C00C4FE85CB0327C4FE994763E4E702194781
:1065AC008327C4FEB307F7403E85B125AA8791EB3C
:1065BC0019478327C4FEB307F740930500083E85AF
:1065CC00D9238325C4FE17B50000130525A8EFE0D9
:1065DC005FCE17B50000130525A9EFE05FCB0100D6
:1065EC00F240624405618280797106D622D400188B
:1065FC00232EA4FCA30704FE17B50000130545A821
:10660C00EFE0FFC88325C4FD17B50000130505A9ED
:10661C00EFE07FCC0966B705000C17B50000130539
:10662C0025A9EFE05FCB8327C4FD13D73700B7272D
:10663C00000CBA972324F4FE832784FE83C707003B
:10664C00A307F4FE8347F4FE3E86832584FE17B52C
:10665C000000130525A9EFE01FC88327C4FD9D8BFF
:10666C000547B317F7001397870161878307F4FE7B
:10667C00D98FE207E187A303F4FE832784FE034747
:10668C0074FE2380E700834774FEBE8517B50000B7
:10669C00130545A8EFE03FC417B50000130545A945
:1066AC00EFE0FFBE0100B250225445618280797147
:1066BC0006D622D40018232EA4FC232604FEA30500
:1066CC0004FE17B50000130565A8EFE05FBC832539
:1066DC00C4FD17B500001305659CEFE0DFBF8326F2
:1066EC00C4FD0966B705000C17B50000130505A815
:1066FC00EFE07FBE8327C4FD13D73700B727000C0C
:10670C00BA972326F4FE8327C4FE83C70700A3058C
:10671C00F4FE8347B4FE3E868325C4FE17B5000005
:10672C00130505A9EFE03FBB8327C4FD9D8B0547EF
:10673C00B317F700E207E18793C7F7FF13978701B9
:10674C0061878307B4FEF98FE207E1872305F4FE26
:10675C008327C4FE0347A4FE2380E700138741F27E
:10676C008327C4FD9207BA9723A40700138741F22D
:10677C008327C4FD9207BA979C473E868325C4FDA8
:10678C0017A5000013050570EFE0FFB417B5000066
:10679C00130545A5EFE0BFAF0100B250225445618F
:1067AC008280797106D622D40018232EA4FC17B54A
:1067BC0000001305E5A4EFE09FAD232604FEB70708
:1067CC00010C2326F4FE8327C4FE0327C4FD98C3C3
:1067DC008327C4FE9C43BE8517B50000130585A412
:1067EC00EFE07FAF17B50000130585A5EFE03FAADA
:1067FC000100B250225445618280797106D622D4B0
:10680C000018232EA4FC232CB4FC8325C4FD17B53F
:10681C0000001305E5A4EFE09FA7832784FD1397E1
:10682C002700B707000CBA972326F4FE8325C4FE75
:10683C0017B50000130545A5EFE0FFA98327C4FE9B
:10684C009C43BE8517B50000130545A6EFE0BFA815
:10685C008327C4FE0327C4FD98C38327C4FE9C432F
:10686C00BE8517B500001305A5A7EFE0DFA617B589
:10687C0000001305E5A9EFE09FA10100B2502254DE
:10688C0045618280797106D622D40018232EA4FC8F
:10689C0017B500001305C5A9EFE07F9FB7070400EB
:1068AC0013850710EFF0BF902326A4FE8325C4FEAA
:1068BC0017B50000130505AAEFE0FFA18327C4FD5F
:1068CC00E5170547B317F70093C7F7FF3E878327F4
:1068DC00C4FEF98FBE85B707040013850710EFF0CF
:1068EC005F90B707040013850710EFF05F8CAA8741
:1068FC00BE8517B50000130525A8EFE0DF9D17B581
:10690C000000130565AAEFE09F980100B2502254D5
:10691C0045618280011106CE22CC0010232604FE94
:10692C0017B50000130545AAEFE07F96938781E920
:10693C0017070000130747B8D8D7AD4517B50000A7
:10694C001305C5A9EFE03F99938741F223A40700F3
:10695C00938741F223A00700938741F223A20700FB
:10696C00938741F223A6070085472326F4FED1A086
:10697C00138741F28327C4FE9207BA9723A407001A
:10698C00138741F28327C4FE9207BA970327C4FEEC
:10699C0098C3138741F28327C4FE9207BA9709471D
:1069AC00D8C3138741F28327C4FE9207BA9723A654
:1069BC00070017B50000130525A5EFE0DF910325AF
:1069CC00C4FEF5311387410E8327C4FE8A07BA979C
:1069DC0017070000130767BA98C38325C4FE09453F
:1069EC00293D138741F28327C4FE9207BA978C4343
:1069FC00138741F28327C4FE9207BA9790471387F7
:106A0C0041F28327C4FE9207BA97D443138741F20D
:106A1C008327C4FE9207BA97DC473E8717B5000060
:106A2C001305C5A1EFE03F8B8327C4FE8507232602
:106A3C00F4FE0327C4FEED47E3FCE7F2054595336E
:106A4C0017B50000130585A8EFE07F840100F24024
:106A5C00624405618280011106CE22CC00102326EF
:106A6C00A4FE17B500001305A5A7EFE05F8203276E
:106A7C00C4FE994763FAE7000327C4FED54763E5D4
:106A8C00E7000325C4FEFD3B0325C4FEB13E17B54C
:106A9C0000001305E5A6EFE08FFF0100F240624411
:106AAC0005618280797106D622D40018232EA4FCAD
:106ABC00232CB4FC032784FDC167634DF700C16729
:106ACC009385F7FF17B50000130585A5EFE03F850B
:106ADC00814725A88327C4FD93870730A207232667
:106AEC00F4FE832784FD1397070141878327C4FE97
:106AFC002390E700032684FD8325C4FD17B5000011
:106B0C00130545A5EFE0EFFA85473E85B2502254B8
:106B1C0045618280797106D622D40018232EA4FCFC
:106B2C00232CB4FC032784FDC167634DF700C167B8
:106B3C009385F7FF17B500001305C5A4EFE02FFEF2
:106B4C0081472DA88327C4FD93870730A20791079F
:106B5C002326F4FE832784FD13970701418783279F
:106B6C00C4FE2390E700032684FD8325C4FD17B5DE
:106B7C000000130525A4EFE0CFF385473E85B25006
:106B8C00225445618280797106D622D40018232EB6
:106B9C00A4FC232CB4FC032784FD9307F00F63DCC7
:106BAC00E7009305F00F17B500001305A5A3EFE060
:106BBC000FF7814725A88327C4FD93870730A207C9
:106BCC00A1072326F4FE832784FD13F7F70F8327F1
:106BDC00C4FE2380E700032684FD8325C4FD17B57E
:106BEC000000130565A3EFE0CFEC85473E85B2505E
:106BFC00225445618280797106D622D40018232E46
:106C0C00A4FC8327C4FD93870730A207A107232682
:106C1C00F4FE8327C4FE83C7070093F7F70FA18BFD
:106C2C002324F4FE832784FE8D87BE8517B50000D0
:106C3C001305C5A1EFE0EFE7832784FE13D7374098
:106C4C0085476314F700854711A081473E85B250F4
:106C5C00225445618280797106D622D40018232EE5
:106C6C00A4FC232CB4FC032784FDC167634DF700FF
:106C7C00C1679385F7FF17B500001305A59FEFE0DB
:106C8C000FEA81471DA08327C4FD93870730A20715
:106C9C00B1072326F4FE832784FD13970701418750
:106CAC008327C4FE2390E70085473E85B2502254CB
:106CBC0045618280011106CE22CC00102326A4FE51
:106CCC0081450325C4FEF93B81450325C4FE993556
:106CDC0081450325C4FE453D81450325C4FEA53FE2
:106CEC008325C4FE17B500001305059CEFE06FDC8F
:106CFC000100F240624405618280011106CE22CC73
:106D0C000010232604FE09A80325C4FE653783273B
:106D1C00C4FE85072326F4FE0327C4FE9147E3D562
:106D2C00E7FE17B500001305E59AEFE08FD80100D8
:106D3C00F240624405618280797106D622D4001833
:106D4C00232EA4FC232604FE8327C4FD9DE717B540
:106D5C0000001305259BEFE0CFD58327C4FE8907E0
:106D6C002326F4FE8327C4FE91072326F4FE8327F3
:106D7C00C4FEC1072326F4FEB9A00327C4FD854732
:106D8C00631EF70017B500001305059AEFE06FD2EC
:106D9C008327C4FE91072326F4FE35A00327C4FDE8
:106DAC0089476312F70217B500001305E59AEFE067
:106DBC004FD08327C4FE91072326F4FE8327C4FEFD
:106DCC00A1072326F4FE8327C4FE3E85B25022542D
:106DDC0045618280797106D622D40018232EA4FC3A
:106DEC00232CB4FC032584FD813F2326A4FE83259C
:106DFC00C4FE0325C4FD413BAA8789CB8325C4FD72
:106E0C0017B5000013058598EFE0AFCA8325C4FEC3
:106E1C000325C4FD8D3BAA8789EB8325C4FD17B5DB
:106E2C00000013052599EFE08FCF0100B2502254DA
:106E3C0045618280797122D60018232EA4FCAE877E
:106E4C00A30DF4FC8327C4FD93870730A207A10789
:106E5C002326F4FE8347B4FD99C78327C4FE850718
:106E6C002326F4FE09A88327C4FE91C78327C4FEFA
:106E7C00FD172326F4FE0100325445618280011176
:106E8C0006CE22CC00102326A4FE2324B4FE832598
:106E9C0084FE0325C4FEC133AA8799E717B5000009
:106EAC0013058593EFE0AFC70100F2406244056122
:106EBC008280011106CE22CC00102326A4FE2324AE
:106ECC00B4FE832584FE0325C4FEA931AA8799E765
:106EDC0017B5000013058592EFE06FC40100F24076
:106EEC00624405618280011106CE22CC001023265B
:106EFC00A4FE2324B4FE832584FE0325C4FE5D3644
:106F0C00AA8799E717B5000013058591EFE02FC10B
:106F1C000100F240624405618280797106D622D468
:106F2C0000182326A4FE2324B4FE2322C4FE23200F
:106F3C00D4FEBA87A30FF4FC832544FE0325C4FEBC
:106F4C005D37832504FE0325C4FEA537832584FE07
:106F5C000325C4FE2D378347F4FDBE850325C4FEEF
:106F6C00D13D8325C4FE17B500001305A58DEFE0B8
:106F7C004FB40100B250225445618280011106CEFB
:106F8C0022CC00102326A4FE81450325C4FEE53E39
:106F9C008325C4FE17B500001305C58CEFE06FB157
:106FAC000100F240624405618280797106D622D4D8
:106FBC000018232EA4FC8327C4FD93870730A20757
:106FCC002326F4FE8327C4FD93870730A20791077D
:106FDC002324F4FE8327C4FD93870730A207A1075F
:106FEC002322F4FE8327C4FD93870730A207B10741
:106FFC002320F4FE8327C4FE83D70700C207C18376
:10700C00BE8517B5000013056588EFE08FAA8327AE
:10701C0084FE83D70700C207C183BE8517B5000065
:10702C0013050589EFE0EFA8832744FE83C707000B
:10703C0093F7F70FBE8517B500001305A589EFE090
:10704C004FA7832704FE83D70700C207C183BE85E1
:10705C0017B500001305858AEFE0AFA50100B2500B
:10706C00225445618280011122CE00102326A4FEF9
:10707C002324B4FE8327C4FE9843832784FEF98F10
:10708C00B337F00093F7F70F3E85724405618280A9
:10709C00011106CE22CC00102326A4FE2324B4FE1C
:1070AC00B7070300138507AFBD200D220100F24086
:1070BC00624405618280011106CE22CC001023248B
:1070CC00A4FE2326B4FE938781E91707000013075B
:1070DC0067FCD8CF9D4517B5000013056584EFE01C
:1070EC008FFD9302000873A04230A14273A00230BE
:1070FC000100F240624405618280411122C6000801
:10710C009387019694437D57FD5798C2DCC20100CA
:10711C00324441018280011122CE00102326A4FEAC
:10712C009387C1959C439843DC438326C4FE3688E1
:10713C00FD86B688938601968C423306070132850C
:10714C003335E500B3861701B307D500BE86328709
:10715C00B68798C1DCC101007244056182807971E7
:10716C0022D60018AA87A30FF4FCA30704FE39A0AB
:10717C0001008347F4FE8507A307F4FE0347F4FEE2
:10718C008347F4FDE366F7FE0100325445618280CB
:10719C00011122CE00102326A4FE8327C4FE8D8B62
:1071AC0081EB0327C4FE93074006B377F70281EB0C
:1071BC000327C4FE93070019B377F70299E38547B9
:1071CC0011A081473E85724405618280411122C61F
:1071DC000008938781A183C70700850713F7F70F72
:1071EC00938781A12380E700010032444101828012
:1071FC00797122D60018232EA4FC0327C4FD930713
:10720C002003B307F7022326F4FE232404FE39A03F
:10721C000100832784FE85072324F4FE832784FE44
:10722C000327C4FEE3E6E7FE01000100325445618A
:10723C008280797122D60018232EA4FC0327C4FD6A
:10724C00B16793870735B307F7022326F4FE23248F
:10725C0004FE39A00100832784FE85072324F4FE55
:10726C00832784FE0327C4FEE3E6E7FE010001004A
:10727C00325445618280797122D60018232EA4FCE9
:10728C008327C4FD2326F4FE29A89307B0042324E6
:10729C00F4FE0100832784FE1387F7FF2324E4FE0A
:1072AC00F5FB8327C4FE1387F7FF2326E4FEF1FFCB
:1072BC0001000100325445618280011122CE001080
:1072CC002326A4FE2324B4FE8327C4FE98438327DD
:1072DC0084FE5D8F8327C4FE98C301007244056150
:1072EC008280011122CE00102326A4FE2324B4FE9A
:1072FC008327C4FE9843832784FE93C7F7FF7D8FB3
:10730C008327C4FE98C30100724405618280011179
:10731C0022CE00102326A4FE31A08327C4FEFD1725
:10732C002326F4FE8327C4FEEDFB0100010072440A
:10733C0005618280411106C622C40008B70500020F
:10734C00B7070400138587108D3F0545C937B7056E
:10735C000002B70704001385871061370545453FC8
:10736C000100B240224441018280411122C6000832
:10737C00B7070400938707109443B707040093875B
:10738C00071037070001558F98C3B7070400938780
:10739C0087109443B707040093878710370700FFC3
:1073AC007D17758F98C3B707040093870710944314
:1073BC00B70704009387071037070002558F98C34F
:1073CC00B7070400938787109443B707040093878B
:1073DC008710370700FE7D17758F98C3B707040019
:1073EC00938707109443B707040093870710370758
:1073FC000004558F98C3B7070400938787109443F4
:10740C00B70704009387871037070004558F98C37C
:10741C00B7070400938707109443B70704009387BA
:10742C00071037070008558F98C3B70704009387D8
:10743C0087109443B7070400938787103707000819
:10744C00558F98C3B7070400938707109443B70769
:10745C0004009387071037070010558F98C3B707A0
:10746C000400938787109443B70704009387871011
:10747C0037070010558F98C3B70704009387071080
:10748C009443B70704009387071037070020558FE4
:10749C0098C3B7070400938787109443B707040079
:1074AC009387871037070020558F98C3010032440B
:1074BC0041018280011106CE22CC0010AA87A307BD
:1074CC00F4FE8307F4FE63D00702B707040093872A
:1074DC0087109443B7070400938787103707002061
:1074EC00558F98C339A8B707040093878710944326
:1074FC00B707040093878710370700E07D17758F57
:10750C0098C38347F4FE93F7070499CFB707040099
:10751C00938787109443B707040093878710370726
:10752C000010558F98C339A8B707040093878710AC
:10753C009443B707040093878710370700F07D1733
:10754C00758F98C38347F4FE93F7070299CFB7075B
:10755C000400938787109443B70704009387871020
:10756C0037070008558F98C339A8B70704009387CD
:10757C0087109443B707040093878710370700F8E8
:10758C007D17758F98C38347F4FEC18B99CFB707CE
:10759C000400938787109443B707040093878710E0
:1075AC0037070004558F98C339A8B7070400938791
:1075BC0087109443B707040093878710370700FCA4
:1075CC007D17758F98C3BD330100F240624405618D
:1075DC008280011106CE22CC0010AA87A307F4FEEC
:1075EC008347F4FEA18B99CFB707040093878710CC
:1075FC009443B70704009387871037070020558FF3
:10760C0098C339A8B7070400938787109443B7072A
:10761C00040093878710370700E07D17758F98C398
:10762C008347F4FE918B99CFB7070400938787109B
:10763C009443B70704009387871037070010558FC2
:10764C0098C339A8B7070400938787109443B707EA
:10765C00040093878710370700F07D17758F98C348
:10766C008347F4FE898B99CFB70704009387871063
:10767C009443B70704009387871037070008558F8A
:10768C0098C339A8B7070400938787109443B707AA
:10769C00040093878710370700F87D17758F98C300
:1076AC008347F4FE858B99CFB70704009387871027
:1076BC009443B70704009387871037070004558F4E
:1076CC0098C339A8B7070400938787109443B7076A
:1076DC00040093878710370700FC7D17758F98C3BC
:1076EC0091390100F240624405618280011106CE9D
:1076FC0022CC0010AA87A307F4FE8347F4FE9183E3
:10770C0093F7F70F3E85F1358347F4FE3E85D1356F
:10771C007945F53E0100F240624405618280011119
:10772C0006CE22CC0010AA87A307F4FEB7050002F0
:10773C00B7070400138587106D36B7050001B7072E
:10774C00040013858710713E8347F4FE3E85793F14
:10775C000100F240624405618280011106CE22CC08
:10776C000010AA87A307F4FEB7050002B7070400B0
:10777C0013858710BD36B7050001B70704001385C4
:10778C008710253E8347F4FE3E858D370100F2407D
:10779C00624405618280011106CE22CC0010AA87BA
:1077AC00A307F4FE8347F4FE3E85453F0100F240FB
:1077BC00624405618280011106CE22CC0010232682
:1077CC00A4FE21A88327C4FE83C707003E85E137AA
:1077DC008327C4FE85072326F4FE8327C4FE83C7B4
:1077EC000700EDF301000100F24062440561828064
:1077FC00011106CE22CC00102326A4FE2324B4FEB5
:10780C001305800C8D3C0327C4FE8547631DF700D0
:10781C00832784FE93F7F70F938707F893F7F70FF7
:10782C003E85F53D05A00327C4FE8947631CF70080
:10783C00832784FE93F7F70F938707FC93F7F70FD3
:10784C003E85F13D0100F2406244056182804111A8
:10785C0006C622C400080545D9350945C935054574
:10786C00193C0100B240224441018280411106C6FC
:10787C0022C40008B7070400938787109443B70706
:10788C00040093878710370700E07D17758F98C326
:10789C00B7070400938787109443B70704009387B6
:1078AC008710370700F07D17758F98C3B707040052
:1078BC00938787109443B707040093878710370783
:1078CC000008558F98C3B70704009387871094431B
:1078DC00B70704009387871037070004558F98C3A8
:1078EC00913C79452D34B93479451534A134794519
:1078FC00393CB7070400938787109443B7070400FB
:10790C0093878710370700E07D17758F98C3B707EB
:10791C000400938787109443B7070400938787105C
:10792C00370700F07D17758F98C3B707040093874E
:10793C0087109443B7070400938787103707000814
:10794C00558F98C3B7070400938787109443B707E4
:10795C00040093878710370700FC7D17758F98C339
:10796C00D13A79456D320100B24022444101828006
:10797C00411106C622C40008B705003FB707040032
:10798C00138507101D3AD532D535D13513050003B3
:10799C007933130580026133394551330545413341
:1079AC001945B53B0545A53B1305803EE930010063
:1079BC00B240224441018280797106D622D400184B
:1079CC002326A4FE2324B4FE2322C4FE2320D4FEAB
:1079DC00BA87A30FF4FC8347F4FD91C38D3D832537
:1079EC0084FE0325C4FE2935032544FEE933032513
:1079FC0004FE51300100B2502254456182807971ED
:107A0C0006D622D400182326A4FE2324B4FE232257
:107A1C00C4FE2320D4FE232EE4FCA30DF4FC8347E8
:107A2C00B4FD91C32D35832584FE0325C4FEC933D3
:107A3C00832504FE032544FE31280325C4FD253887
:107A4C009387C1A01307000098C30100B2502254C1
:107A5C00456182805D7186C6A2C48008232EA4FA7B
:107A6C00232CB4FA232604FE930500000325C4FB43
:107A7C00EF70B074AA8763D607028327C4FE1387FE
:107A8C0017002326E4FE130704FFBA971307D0024E
:107A9C00238EE7FC0327C4FBB7070080B98F232E86
:107AAC00F4FA0325C4FBEF80A04DAA872322F4FE31
:107ABC00032544FEEF80C052AA87BE850325C4FB74
:107ACC00EF800019AA872324F4FE8327C4FE130732
:107ADC00C4FCBA97BE85032544FEC1202A878327A0
:107AEC00C4FEBA972326F4FE8327C4FE138717001F
:107AFC002326E4FE130704FFBA971307E002238E34
:107B0C00E7FCA5A097B70000938707B08C4303252B
:107B1C0084FEEF701072AA872324F4FE032584FEE2
:107B2C00EF800046AA872320F4FE832704FE13F778
:107B3C00F70F8327C4FE938617002326D4FE130762
:107B4C0007031377F70F930604FFB697238EE7FC12
:107B5C00032504FEEF80C048AA87BE85032584FE5A
:107B6C00EF80000FAA872324F4FE832784FB13875E
:107B7C00F7FF232CE4FAE347F0F88327C4FE13073E
:107B8C0004FFBA97238E07FC9307C4FC3E8525316E
:107B9C000100B640264461618280397122DE80008A
:107BAC002326A4FC2324B4FC232604FE232404FE55
:107BBC008327C4FCB9EF8327C4FE13871700232641
:107BCC00E4FE3E87832784FCBA97130700032380C7
:107BDC00E7008327C4FE49A00327C4FCA947B36769
:107BEC00F70213F7F70F832784FE938617002324DD
:107BFC00D4FE130707031377F70F930604FFB6970A
:107C0C002386E7FE0327C4FCA947B347F7022326C4
:107C1C00F4FC8327C4FCE341F0FC0DA8832784FE0D
:107C2C00FD172324F4FE8327C4FE13871700232695
:107C3C00E4FE3E87832784FCBA97032784FE9306D1
:107C4C0004FF36970347C7FE2380E700832784FE93
:107C5C00E346F0FC8327C4FE3E857254216182808A
:107C6C00411106C622C4000817A50000130545CE15
:107C7C00EFD07FC4B7070300138507AFEFF0AFC990
:107C8C009387C12C23A007008DA0938781A103C7E4
:107C9C0007009547631FF702938781A12380070094
:107CAC009387C12C054798C397C70000938747D487
:107CBC00054798C39387014F23A007009387411C66
:107CCC00094798C317A50000130585CAEFD0BFBE9E
:107CDC0029A89387014F054798C39387411C23A07C
:107CEC0007009387C12C23A007009387015D9C4359
:107CFC0099C79387C12C98438547E318F7F8EFF0A1
:107D0C00CFBF9387C12C23A007000100B2402244AF
:107D1C0041018280797106D622D40018232EA4FC4E
:107D2C00232CB4FCA30704FEB7070300138507AF8D
:107D3C00EFF06FBE9387C12C23A007001DA893877B
:107D4C0081A103C7070095476311F702938781A1AF
:107D5C00238007009387C12C054798C317A5000003
:107D6C00130545C2EFD03FB529A09387C12C23A0A2
:107D7C0007008327C4FD83C7C700918B99E79387BE
:107D8C00C12C98438547E31CF7FAEFF00FB79387A4
:107D9C00C12C23A007008327C4FD9C47A307F4FE36
:107DAC00832784FD0347F4FE2380E70085473E8547
:107DBC00B250225445618280411106C622C400088B
:107DCC009305000FB707040013850710EFF06FD170
:107DDC00B7050080B707040013850710EFF0EFCD4F
:107DEC00B7050040B707040013850710EFF0EFCC80
:107DFC00B7050040B707040013858710EFF06FCE6E
:107E0C0017A50000130505BAEFD0FFAA0100B24078
:107E1C00224441018280797122D60018232EA4FCC1
:107E2C00AE87231DF4FCFD572317F4FE231604FE26
:107E3C0085A88357C4FE0327C4FDBA9783C70700E0
:107E4C001397070141838357E4FEB98F2317F4FE80
:107E5C00231504FE25A88357E4FE858B91CF835709
:107E6C00E4FE85832317F4FE0357E4FEE9778507C8
:107E7C00B98F2317F4FE31A08357E4FE85832317B3
:107E8C00F4FE8357A4FE85072315F4FE0357A4FEC6
:107E9C009D47E3F2E7FC8357C4FE85072316F4FEE7
:107EAC000357C4FE8357A4FDE365F7F88357E4FE3C
:107EBC003E85325445618280797106D622D44AD2ED
:107ECC004ED00018232EA4FC8327C4FDFD8323244D
:107EDC00F4FE8327C4FDDD8793F7F70F2322F4FE0E
:107EEC000327C4FDB7078000FD17F98F2320F4FE8C
:107EFC00032744FE9307F00F631EF702832704FE4B
:107F0C0095E3832784FE99C797A700009387077092
:107F1C009C4331A097A700009387876F9C4323262F
:107F2C00F4FECDA897A700009387C76E9C43232629
:107F3C00F4FECDA0832744FEA9EF832704FE99EF1E
:107F4C00832784FE99C797A700009387E76C9C430F
:107F5C0019A0930700002326F4FE6DA8032504FE48
:107F6C00EF8000082A8797A700009387276B8C4324
:107F7C003A85EF702073AA873E8797A700009387F6
:107F8C00276A8C433A85EF70D02AAA872326F4FE01
:107F9C0051A0032504FEEF80A0042A8797A70000B8
:107FAC009387C7678C433A85EF70C06FAA873E876B
:107FBC0097A70000938707678C433A85EF70403D85
:107FCC00AA873E85EF8000172A89AE89832744FE55
:107FDC00938717F83E85EF7020352A86AE8697A7D3
:107FEC000000938767649843DC433A85BE85EF4075
:107FFC0020452A87AE873A86BE864A85CE85EF60B5
:10800C00700A2A87AE873A85BE85EF80001CAA8746
:10801C002326F4FE832784FE81CB0327C4FEB707F7
:10802C000080B98F2326F4FE8327C4FE3E85B25010
:10803C0022541259825945618280797106D622D414
:10804C0026D20018232EA4FC930500000325C4FDA2
:10805C00EF70D009AA8799E3814719A2854493054B
:10806C0000000325C4FDEF705015AA8763C30700F9
:10807C00814493F7F40F2324F4FE930500000325A9
:10808C00C4FDEF709013AA8763D807000327C4FDC3
:10809C00B7070080B98F19A08327C4FD232EF4FCE9
:1080AC00232604FE15A08327C4FE85072326F4FE91
:1080BC0097A700009387C7578C430325C4FDEF7027
:1080CC00605EAA87232EF4FC97A70000938747567F
:1080DC008C430325C4FDEF70D006AA87E3D507FCBB
:1080EC0039A88327C4FEFD172326F4FE8327C4FD7D
:1080FC00BE853E85EF70C029AA87232EF4FC97A776
:10810C000000938727528C430325C4FDEF70F00ABF
:10811C00AA87E3C807FC97A70000938727508C43D6
:10812C000325C4FDEF70F010AA873E85EF705065F3
:10813C002A87B7078000FD17F98F2322F4FE8327C7
:10814C0084FE1397F7018327C4FE9387F707DE0796
:10815C005D8F832744FED98F2320F4FE832704FEF2
:10816C003E85B2502254925445618280011106CE54
:10817C0022CC0010AA87A307F4FE8347F4FEBE8529
:10818C0017A5000013050584EFD0EFF297A70000A8
:10819C009387474A98438347F4FE85461306E002CB
:1081AC00C1453E85EF0020711305800CEF30A023F4
:1081BC0097A700009387474898438347F4FE85466A
:1081CC0013060003C1453E85EF00E06E1305800CDD
:1081DC00EF30602197A700009387074398438347AC
:1081EC00F4FE854613062003C1453E85EF00A06CC6
:1081FC001305800CEF30201F97A700009387874250
:10820C0098438347F4FE854613064003C1453E85DB
:10821C005D251305800CEF30001D97A70000938798
:10822C00674098438347F4FE854613066003C145B7
:10823C003E8551251305800CEF30E01A97A70000FE
:10824C009387473E98438347F4FE85461306800385
:10825C00C1453E858D251305800CEF30C01897A7BE
:10826C0000009387273C98438347F4FE854613060A
:10827C008004C1453E8581251305007DEF30A01695
:10828C000100F240624405618280011106CE22CCCD
:10829C000010AA872E87A307F4FEBA872307F4FEE3
:1082AC0001009387813E03C707008547E30BF7FE68
:1082BC000347E4FE85476318F7028347F4FEBE8547
:1082CC001795000013054572EFD0EFDE97A700005D
:1082DC009387C73698438347F4FE854613062003DD
:1082EC00C1453E85C92B8347E4FE9DE78347F4FED9
:1082FC00BE85179500001305A571EFD0CFDB97A7AE
:10830C0000009387673098438347F4FE8546130635
:10831C002003C1453E8545230347E4FE8547630E94
:10832C00F7008347E4FE91CB8347F4FEBE85179597
:10833C0000001305A570EFD00FD81305007DEF30AA
:10834C00800A0100F2406244056182801D7186CE74
:10835C00A2CCA6CA80109387015D98438547631011
:10836C00F71A179500001305E56FEFD0CFD4A307CC
:10837C0004FE9387013E83D7070093F7F70F860718
:10838C0093F7F70F950713F7F70F9387213E238089
:10839C00E700230704FE232404FE8D47A301F4FE0B
:1083AC00A30004FE232404FE35A0938781F1D4435B
:1083BC008347E4FE138717002307E4FE3E879307E9
:1083CC0044FABA97BE853685B132832784FE850779
:1083DC002324F4FE9387213E83C707003E8783271F
:1083EC0084FEE3C4E7FC230704FE85472301F4FE67
:1083FC00232404FE45A88347E4FE130704FFBA9721
:10840C00838747FB2300F4FE8347E4FE850723079D
:10841C00F4FE032784FE894763D1E7089387213E46
:10842C0083C70700F917032784FE6358F706034731
:10843C0004FE834734FE8E07B317F7003E8783276D
:10844C0044FED98F2322F4FE834734FE1387F7FFB3
:10845C00A301E4FEB9E3832644FE8347F4FE1387AD
:10846C001700A307E4FEBE843685B934AA861387A9
:10847C00415D93972400BA9794C39387415D9843C9
:10848C009387C1A098C3232204FE8D47A301F4FE59
:10849C00834724FE85072301F4FE832784FE85078A
:1084AC002324F4FE9387213E83C707003E8783274E
:1084BC0084FEE3C2E7F49387512D83C7070013971B
:1084CC00070141839387115083C70700BE853A8506
:1084DC00EF00500B938781F1DC433E85EFD0CFE763
:1084EC00B7050040B707040013858710EFE0FFDCE9
:1084FC0097B700009387C74F23A007000DA8938759
:10850C00015D984389476314F70293052003130513
:10851C002003EFD05FC5938781F1DC433E85EFD01C
:10852C00AFE397B700009387A74C23A0070093876E
:10853C0081F1DC433E85EFD02FE29387015D23A0D0
:10854C00070097B700009387A74A23A007000100F4
:10855C00F6406644D644256182801D7186CEA2CC3D
:10856C008010AA873687A307F4FAAE872307F4FA9C
:10857C00B2872316F4FABA872315F4FA9387411CB1
:10858C009C4363950732010097B7000093874746D9
:10859C0098438547E30AF7FE8347F4FABE8517959F
:1085AC0000001305E54CEFD00FB19387A12C0347C6
:1085BC00F4FA2380E7009387013F0347E4FA238012
:1085CC00E7008357C4FA13F7F70F9387512D2380D5
:1085DC00E700231704FEA30604FE8357A4FA13F73F
:1085EC00F70F938711502380E7008357A4FA86076F
:1085FC002315F4FA9387013E0357A4FA2390E7005E
:10860C008347D4FE13871700A306E4FE0307F4FA8E
:10861C00930604FFB6972380E7FC8347D4FE1387A9
:10862C001700A306E4FE0307E4FA930604FFB697CB
:10863C002380E7FC8357C4FAA18393960701C18278
:10864C008347D4FE13871700A306E4FE1397860115
:10865C006187930604FFB6972380E7FC8347D4FE1B
:10866C0013871700A306E4FE0357C4FA6207618759
:10867C00930604FFB6972380E7FC8357A4FAA183E3
:10868C0093960701C1828347D4FE13871700A30674
:10869C00E4FE139786016187930604FFB697238047
:1086AC00E7FC8347D4FE13871700A306E4FE0357A9
:1086BC00A4FA62076187930604FFB6972380E7FC50
:1086CC00930704FB99453E85EFF0EFF4AA87231737
:1086DC00F4FE8347D4FE13871700A306E4FE03576A
:1086EC00E4FE62076187930604FFB6972380E7FCDC
:1086FC008357E4FEA18393960701C1828347D4FE7E
:10870C0013871700A306E4FE13978601618793066F
:10871C0004FFB6972380E7FCA30604FEB7050040D0
:10872C00B707040013858710EFE03FB9938781F1F9
:10873C00D4438347D4FE13871700A306E4FE130724
:10874C0004FFBA97838707FC93F7F70FBE8536852E
:10875C00EFD0EFAA938781F1D4438347D4FE1387DC
:10876C001700A306E4FE130704FFBA97838707FCE0
:10877C0093F7F70FBE853685EFD06FA8938781F1FD
:10878C00D4438347D4FE13871700A306E4FE1307D4
:10879C0004FFBA97838707FC93F7F70FBE853685DE
:1087AC00EFD0EFA5938781F1D4438347D4FE138791
:1087BC001700A306E4FE130704FFBA97838707FC90
:1087CC0093F7F70FBE853685EFD06FA3938781F1B2
:1087DC00D4438347D4FE13871700A306E4FE130784
:1087EC0004FFBA97838707FC93F7F70FBE8536858E
:1087FC00EFD0EFA0938781F1D4438347D4FE138746
:10880C001700A306E4FE130704FFBA97838707FC3F
:10881C0093F7F70FBE853685EFD06F9E938781F166
:10882C00D4438347D4FE13871700A306E4FE130733
:10883C0004FFBA97838707FC93F7F70FBE8536853D
:10884C00EFD0EF9B938781F1D4438347D4FE1387FA
:10885C001700A306E4FE130704FFBA97838707FCEF
:10886C0093F7F70FBE853685EFD06F99A30604FEFC
:10887C000100938781F1DC4383C7C700858BF5DB4F
:10888C00B7050040B707040013858710EFE07FA5FC
:10889C0097B700009387C715054798C39387015D69
:1088AC00054798C3EFF0CFBBEF1090360100F640B0
:1088BC00664425618280597186D6A2D48018AA8715
:1088CC00232AE4F8A30FF4F8AE87230FF4F8B28749
:1088DC00231EF4F8B687231DF4F89387411C9C43A0
:1088EC00639D0748010097B7000093876710984372
:1088FC008547E30AF7FE9387A12C0347F4F92380FD
:10890C00E7009387013F0347E4F92380E70083578F
:10891C00C4F913F7F70F9387512D2380E700231722
:10892C0004FEA30604FE8357A4F913F7F70F9387ED
:10893C0011502380E7008357A4F98607231DF4F810
:10894C009387013E0357A4F92390E700230604FE06
:10895C00032544F9EFF06FEE2324A4FE8347D4FEE5
:10896C0013871700A306E4FE0307F4F9930604FF2C
:10897C00B697238EE7FA8347D4FE13871700A30616
:10898C00E4FE0307E4F9930604FFB697238EE7FA97
:10899C008357C4F9A18393960701C1828347D4FE00
:1089AC0013871700A306E4FE1397860161879306CD
:1089BC0004FFB697238EE7FA8347D4FE138717007C
:1089CC00A306E4FE0357C4F962076187930604FF0C
:1089DC00B697238EE7FA8357A4F9A18393960701E0
:1089EC00C1828347D4FE13871700A306E4FE1397B6
:1089FC0086016187930604FFB697238EE7FA8347B7
:108A0C00D4FE13871700A306E4FE0357A4F96207EC
:108A1C006187930604FFB697238EE7FA8347D4FE4B
:108A2C0013871700A306E4FE130704FFBA97114738
:108A3C00238EE7FA832784FE93D687018347D4FEDF
:108A4C0013871700A306E4FE13978601618793062C
:108A5C0004FFB697238EE7FA832784FE93D607018B
:108A6C008347D4FE13871700A306E4FE13978601F1
:108A7C006187930604FFB697238EE7FA832784FE5B
:108A8C0093D687008347D4FE13871700A306E4FE12
:108A9C00139786016187930604FFB697238EE7FA36
:108AAC008347D4FE13871700A306E4FE032784FE36
:108ABC0062076187930604FFB697238EE7FA930744
:108ACC00C4FAAD453E85EFF00FB5AA872317F4FE27
:108ADC008347D4FE13871700A306E4FE0357E4FE76
:108AEC0062076187930604FFB697238EE7FA8357D4
:108AFC00E4FEA18393960701C1828347D4FE1387BA
:108B0C001700A306E4FE139786016187930604FF02
:108B1C00B697238EE7FAA30604FEB7050040B70705
:108B2C00040013858710EFE04FF9938781F1D4434C
:108B3C008347D4FE13871700A306E4FE130704FF34
:108B4C00BA978387C7FB93F7F70FBE853685EFC0BF
:108B5C001FEB938781F1D4438347D4FE138717000F
:108B6C00A306E4FE130704FFBA978387C7FB93F7AA
:108B7C00F70FBE853685EFC09FE8938781F1D4430C
:108B8C008347D4FE13871700A306E4FE130704FFE4
:108B9C00BA978387C7FB93F7F70FBE853685EFC06F
:108BAC001FE6938781F1D4438347D4FE13871700C4
:108BBC00A306E4FE130704FFBA978387C7FB93F75A
:108BCC00F70FBE853685EFC09FE3938781F1D443C1
:108BDC008347D4FE13871700A306E4FE130704FF94
:108BEC00BA978387C7FB93F7F70FBE853685EFC01F
:108BFC001FE1938781F1D4438347D4FE1387170079
:108C0C00A306E4FE130704FFBA978387C7FB93F709
:108C1C00F70FBE853685EFC09FDE938781F1D44375
:108C2C008347D4FE13871700A306E4FE130704FF43
:108C3C00BA978387C7FB93F7F70FBE853685EFC0CE
:108C4C001FDC938781F1D4438347D4FE138717002D
:108C5C00A306E4FE130704FFBA978387C7FB93F7B9
:108C6C00F70FBE853685EFC09FD9938781F1D4432A
:108C7C008347D4FE13871700A306E4FE130704FFF3
:108C8C00BA978387C7FB93F7F70FBE853685EFC07E
:108C9C001FD7938781F1D4438347D4FE13871700E2
:108CAC00A306E4FE130704FFBA978387C7FB93F769
:108CBC00F70FBE853685EFC09FD4938781F1D443DF
:108CCC008347D4FE13871700A306E4FE130704FFA3
:108CDC00BA978387C7FB93F7F70FBE853685EFC02E
:108CEC001FD2938781F1D4438347D4FE1387170097
:108CFC00A306E4FE130704FFBA978387C7FB93F719
:108D0C00F70FBE853685EFC09FCF938781F1D44393
:108D1C008347D4FE13871700A306E4FE130704FF52
:108D2C00BA978387C7FB93F7F70FBE853685EFC0DD
:108D3C001FCDA30604FE0100938781F1DC4383C79A
:108D4C00C700858BF5DBB7050040B707040013851A
:108D5C008710EFE00FD9938781F1DC433E85EFC09C
:108D6C00BFDF97B700009387A7C8054798C39387C1
:108D7C00015D094798C3EFE0BFEE0100B6502654E1
:108D8C0065618280011106CE22CC0010AA872E8745
:108D9C002317F4FEBA87A306F4FE9387C11C238025
:108DAC0007006F00807B8357E4FE1307C00C638FB2
:108DBC00E7721307C00C6347F7781307A00C638B9B
:108DCC00E76C1307A00C634FF7761307A0046346F8
:108DDC00F70263C907761307A0046365F776139748
:108DEC00270097970000938727CEBA9798439797B9
:108DFC000000938767CDBA9782871307800C638F27
:108E0C00E7626F0020749385819617950000130517
:108E1C0025C8EFC05FAA9387C11C83C707001387BF
:108E2C0017009376F70F1387C11C2300D700138705
:108E3C00415D8A07BA979C433E85EF70A02F2A8725
:108E4C00AE873A86BE86179500001305E5C4EFC0C1
:108E5C009FA68357E4FE89072317F4FE6F00406F2B
:108E6C009385019717950000130585C2EFC0BFA429
:108E7C009387C11C83C70700138717009376F70FDE
:108E8C001387C11C2300D7001387415D8A07BA974B
:108E9C009C433E85EF70002A2A87AE873A86BE86B1
:108EAC00179500001305C5BFEFC0FFA08357E4FE64
:108EBC0089072317F4FE6F00A06993858197179596
:108ECC0000001305E5BCEFC01F9F9387C11C83C72F
:108EDC000700138717009376F70F1387C11C230025
:108EEC00D7001387415D8A07BA979C433E85EF7084
:108EFC0060242A87AE873A86BE8617950000130534
:108F0C0025BAEFC05F9B8357E4FE89072317F4FE55
:108F1C006F000064938541A217950000130545B7B7
:108F2C00EFC07F999387C11C83C707001387170075
:108F3C009376F70F1387C11C2300D7001387415D6D
:108F4C008A07BA979C433E85EF70C01E2A87AE876E
:108F5C003A86BE8617950000130585B4EFC0BF9501
:108F6C008357E4FE89072317F4FEDDA3938501A341
:108F7C00179500001305C5B1EFC0FF939387C11C73
:108F8C0083C70700138717009376F70F1387C11C4D
:108F9C002300D7001387415D8A07BA979C433E850F
:108FAC00EF7040192A87AE873A86BE861795000067
:108FBC00130505AFEFC03F908357E4FE89072317D5
:108FCC00F4FE79A39385C1A317950000130545AC56
:108FDC00EFC07F8E9387C11C83C7070013871700D0
:108FEC009376F70F1387C11C2300D7001387415DBD
:108FFC008A07BA979C433E85EF70C0132A87AE87C9
:10900C003A86BE8617950000130585A9EFC0BF8A66
:10901C008357E4FE89072317F4FE1DAB9385019853
:10902C00179500001305C5A6EFC0FF889387C11CD8
:10903C0083C70700138717009376F70F1387C11C9C
:10904C002300D7001387415D8A07BA979C433E855E
:10905C00EF70400E2A87AE873A86BE8617950000C1
:10906C00130505A4EFC03F858357E4FE890723173A
:10907C00F4FEF9A99385819817950000130545A175
:10908C00EFC07F839387C11C83C70700138717002A
:10909C009376F70F1387C11C2300D7001387415D0C
:1090AC008A07BA979C433E85EF70C0082A87AE8723
:1090BC003A86BE86179500001305859EEFC0AFFF5C
:1090CC008357E4FE89072317F4FE59A19385019970
:1090DC00179500001305C59BEFC0EFFD9387C11CCE
:1090EC0083C70700138717009376F70F1387C11CEC
:1090FC002300D7001387415D8A07BA979C433E85AE
:10910C00EF7040032A87AE873A86BE86179500001B
:10911C0013050599EFC02FFA8357E4FE890723172F
:10912C00F4FE3DA193858199179500001305459692
:10913C00EFC06FF89387C11C83C707001387170014
:10914C009376F70F1387C11C2300D7001387415D5B
:10915C008A07BA979C433E85EF60D07D2A87AE87FD
:10916C003A86BE861795000013058593EFC0AFF4C1
:10917C008357E4FE89072317F4FED9AE9385019A31
:10918C00179500001305C590EFC0EFF29387C11C33
:10919C0083C70700138717009376F70F1387C11C3B
:1091AC002300D7001387415D8A07BA979C433E85FD
:1091BC00EF6050782A87AE873A86BE8617950000F6
:1091CC001305058EEFC02FEF8357E4FE8907231795
:1091DC00F4FEBDAE9385819A179500001305458B5F
:1091EC00EFC06FED9387C11C83C70700138717006F
:1091FC009376F70F1387C11C2300D7001387415DAB
:10920C008A07BA979C433E85EF60D0722A87AE8757
:10921C003A86BE861795000013058588EFC0AFE926
:10922C008357E4FE89072317F4FE1DA6938581A4BA
:10923C00179500001305C585EFC0EFE79387C11C98
:10924C0083C70700138717009376F70F1387C11C8A
:10925C002300D7001387415D8A07BA979C433E854C
:10926C00EF60506D2A87AE873A86BE861795000050
:10927C0013050583EFC02FE48357E4FE89072317FA
:10928C00F4FEF9A49385019B179500001305458006
:10929C00EFC06FE29387C11C83C7070013871700C9
:1092AC009376F70F1387C11C2300D7001387415DFA
:1092BC008A07BA979C433E85EF60D0672A87AE87B2
:1092CC003A86BE86178500001305857DEFC0AFDE9C
:1092DC008357E4FE89072317F4FE9DAC9385419BCD
:1092EC00178500001305C57AEFC0EFDC9387C11C0E
:1092FC0083C70700138717009376F70F1387C11CDA
:10930C002300D7001387415D8A07BA979C433E859B
:10931C00EF6050622A87AE873A86BE8617850000BA
:10932C0013050578EFC02FD98357E4FE890723175F
:10933C00F4FE39AC9385819B1785000013054575A8
:10934C00EFC06FD79387C11C83C707001387170023
:10935C009376F70F1387C11C2300D7001387415D49
:10936C008A07BA979C433E85EF60D05C2A87AE870C
:10937C003A86BE861785000013058572EFC0AFD301
:10938C008357E4FE89072317F4FED9A2938541A5E0
:10939C00178500001305C56FEFC0EFD19387C11C73
:1093AC0083C70700138717009376F70F1387C11C29
:1093BC002300D7001387415D8A07BA979C433E85EB
:1093CC00EF6050572A87AE873A86BE861785000015
:1093DC001305056DEFC02FCE8357E4FE89072317C5
:1093EC00F4FEBDA2938501A6178500001305456AFE
:1093FC00EFC06FCC9387C11C83C70700138717007E
:10940C009376F70F1387C11C2300D7001387415D98
:10941C008A07BA979C433E85EF60D0512A87AE8766
:10942C003A86BE861785000013058567EFC0AFC866
:10943C008357E4FE89072317F4FE19AA9385C19B71
:10944C00178500001305C564EFC0EFC69387C11CD8
:10945C0083C70700138717009376F70F1387C11C78
:10946C002300D7001387415D8A07BA979C433E853A
:10947C00EF60504C2A87AE873A86BE86178500006F
:10948C0013050562EFC02FC38357E4FE890723172A
:10949C00F4FE7DA89385419C178500001305455F5C
:1094AC00EFC06FC19387C11C83C7070013871700D8
:1094BC009376F70F1387C11C2300D7001387415DE8
:1094CC008A07BA979C433E85EF60D0462A87AE87C1
:1094DC003A86BE86178500001305855CEFC0AFBDCC
:1094EC008357E4FE89072317F4FE9DA09385C19C46
:1094FC00178500001305C559EFC0EFBB9387C11C3E
:10950C0083C70700138717009376F70F1387C11CC7
:10951C002300D7001387415D8A07BA979C433E8589
:10952C00EF6050412A87AE873A86BE8617850000C9
:10953C0013050557EFC02FB88357E4FE890723178F
:10954C00F4FE39A01785000013050556EFC0AFB621
:10955C008347D4FEFD17A306F4FE8347D4FEE394A1
:10956C00078401000100F240624405618280011110
:10957C0022CE0010232604FE31A08327C4FE8507CB
:10958C002326F4FE0327C4FEB7170300938707D4E2
:10959C00E3D5E7FE010001007244056182800111F0
:1095AC0022CE0010232604FE31A08327C4FE85079B
:1095BC002326F4FE0327C4FEB7B70A00938707E6F9
:1095CC00E3D5E7FE01000100724405618280411180
:1095DC0006C622C40008178500001305A561EFC05C
:1095EC008FAD17850000130565628D289305401F0C
:1095FC001305401FEFC03FB713854150412217851B
:10960C0000001305256199289305200313052003F9
:10961C00EFC07FB5138541509522178500001305C7
:10962C00A55F2D289305200313052003EFC0BFB3BE
:10963C0013854150A122178500001305655E39285A
:10964C009305200313052003EFC0FFB11385415090
:10965C0035220100B240224441018280011106CE24
:10966C0022CC00102326A4FE0DA0938781F19847ED
:10967C008327C4FE83C70700BE853A85EFC02FB889
:10968C008327C4FE85072326F4FE8327C4FE83C7E5
:10969C000700E1FF938781F19C47B5453E85EFC0FC
:1096AC000FB6938781F19C47A9453E85EFC02FB536
:1096BC0081473E85F240624405618280011106CEED
:1096CC0022CC00102326A4FE0DA0938781F198478D
:1096DC008327C4FE83C70700BE853A85EFC02FB22F
:1096EC008327C4FE85072326F4FE8327C4FE83C785
:1096FC000700E1FF938781F19C47B5453E85EFC09C
:10970C000FB0938781F19C47A9453E85EFC02FAFE1
:10971C0081473E85F240624405618280011106CE8C
:10972C0022CC00102326A4FE0DA0938781F1D843F0
:10973C008327C4FE83C70700BE853A85EFC02FACD4
:10974C008327C4FE85072326F4FE8327C4FE83C724
:10975C000700E1FF938781F1DC43B5453E85EFC0FF
:10976C000FAA938781F1DC43A9453E85EFC02FA951
:10977C0081473E85F240624405618280797106D64C
:10978C0022D40018232EA4FC8327C4FD2326F4FE28
:10979C008327C4FD2322F4FE232404FE41A89387CF
:1097AC0081F19C47130704FEBA853E85EFC00FADCF
:1097BC00832704FE13F7F70F8327C4FE2380E700EB
:1097CC008327C4FE85072326F4FE8327C4FE23804B
:1097DC0007009785000093852545032544FEEF700F
:1097EC00C00CAA8799CB832544FE1785000013056E
:1097FC00E543EFC04F8C814799A89785000093856E
:10980C006544032544FEEF70400AAA8799CB832553
:10981C0044FE1785000013056541EFC0CF898147D1
:10982C003DA0832784FE85072324F4FE032784FEB2
:10983C009307500CE3D5E7F68327C4FE238007007B
:10984C001785000013058540EFC0EF8685473E85E0
:10985C00B250225445618280011106CE22CC0010F8
:10986C00014793064006178600001306263F8145E4
:10987C000945EFE06F9417850000130525393D3D30
:10988C00178500001305C53EEFC0EF828567138571
:10989C008738EF1050351306A00F81451385C1682A
:1098AC00EF60D0288529BD21B521AD211785000099
:1098BC00130585362135178500001305E53BEFB000
:1098CC009FFF1305007DEF101032A921014793066D
:1098DC004006178600001306E63A81450945EFE07D
:1098EC00AF8D178500001305253BC93B1305007D83
:1098FC00EF10702F178500001305C53AC13385672B
:10990C00138587BBEF10302E31211785000013050E
:10991C00653B6D33178500001305853BEFB0BFF930
:10992C001305007DEF10302CF526ED26014793062C
:10993C004006178600001306263B81450945EFE0DB
:10994C00AF879387811B23A007001306A00F8145C7
:10995C001385413FEF60901D1306A00F81451385C1
:10996C00011DEF60B01C01479306400617860000EE
:10997C001306C63881450945EFE00F84232604FE03
:10998C00D9A80327C4FE914763DDE700014793067E
:10999C004006178600001306A63781450945EFE0FF
:1099AC00AF81178500001305A537093B1305007D12
:1099BC00EF1070230D239387413E9843854763171F
:1099CC00F7069385413F178500001305A537EFB0C7
:1099DC009FEE97850000938525371385413FEF60F7
:1099EC00D06CAA8791C79387811B094798C325A080
:1099FC00978500009385C5351385413FEF60F06A6C
:109A0C00AA8791C79387811B094798C329A093877D
:109A1C00811B0D4798C31306A00F81451385413F49
:109A2C00EF60D0109387413E094798C3C145B707F3
:109A3C00040013858710EFD00FE3AA8781EB293D33
:109A4C009305800C1305800CEFC0EFF18327C4FE47
:109A5C0085072326F4FE9387811B98438947E312DD
:109A6C00F7F201478567938687381786000013063F
:109A7C00A62E81450945EFD03FF4014793064006D9
:109A8C00178600001306862E81450945EFD0DFF2BC
:109A9C000100F240624405618280011106CE22CCA5
:109AAC0000102326A4FE978500009385652D0325C1
:109ABC00C4FEEF60905FAA8791CB8325C4FE178507
:109ACC0000001305652CEFB01FDF25A8978500005B
:109ADC009385052D0325C4FEEF60305DAA8791CBDD
:109AEC008325C4FE178500001305052CEFB0BFDCE1
:109AFC0009A88325C4FE178500001305652CEFB05B
:109B0C009FDB0100F240624405618280411122C654
:109B1C000008EDA2938701A083C707003E879387B7
:109B2C00012EBA9703C70700B5476317F718938739
:109B3C0001A083C70700850713F7F70F938701A0D0
:109B4C002380E700938701A003C707009307A00FAA
:109B5C0063F6E700938701A023800700938711A089
:109B6C0083C70700FD1713F7F70F938711A0238006
:109B7C00E700938701A083C707003E879387012ED8
:109B8C00BA9703C70700A9476315F70E938701A07F
:109B9C0083C70700850713F7F70F938701A023806E
:109BAC00E700938701A003C707009307A00F63F694
:109BBC00E700938701A023800700938711A083C738
:109BCC000700FD1713F7F70F938711A02380E70009
:109BDC00A5A09387D19F83C707003E869387E19FFB
:109BEC0083C70700138717009376F70F1387E19F3E
:109BFC002300D700BE869387012EB29703C70700B8
:109C0C009387C168B6972380E7009387D19F83C75A
:109C1C000700850713F7F70F9387D19F2380E70081
:109C2C009387D19F03C707009307A00F63F6E70044
:109C3C009387D19F238007009387D19F03C7070089
:109C4C00938701A083C70700E315F7F89387E19F7B
:109C5C0083C707003E879387C168BA9723800700A4
:109C6C009387E19F238007009387C15C054798C3C6
:109C7C0071A8938701A083C70700850713F7F70F17
:109C8C00938701A02380E700938701A003C70700F7
:109C9C009307A00F63F6E700938701A023800700CA
:109CAC00938711A083C70700FD1713F7F70F93874E
:109CBC0011A02380E70099A0938701A083C7070018
:109CCC00850713F7F70F938701A02380E70093878D
:109CDC0001A003C707009307A00F63F6E700938763
:109CEC0001A023800700938711A083C70700FD17ED
:109CFC0013F7F70F938711A02380E700938711A028
:109D0C0003C707008547E3E7E7E0010001003244A1
:109D1C0041018280411106C622C400086D2A938736
:109D2C00413E984385476315F7029385413F17855C
:109D3C00000013052501EFB01FB81306A00F8145D5
:109D4C001385413FEF60805E9387413E094798C37E
:109D5C000100B240224441018280411106C622C456
:109D6C00000801479306400617860000130606EF0D
:109D7C0081450945EFD05FC417850000130585E9BF
:109D8C00E5280545EFC08F85178500001305C5E84C
:109D9C00E5200545EFC08F841785000013050504E9
:109DAC00E1280545EFC08F83178500001305C50317
:109DBC00E1200545EFC08F821785000013050504CF
:109DCC0065280545EFC08F8101479306400617862D
:109DDC000000130626EB81450945EFD0FFBD014776
:109DEC0093064006178600001306060281450945B6
:109DFC00EFD09FBC938781F19C47E9453E85EFB03E
:109E0C001FC00545EFB09FFD01478567938607FA94
:109E1C0017860000130646F481450945EFD0DFB9DB
:109E2C000100B240224441018280411106C622C485
:109E3C0000089387F19F23800700938701A023805C
:109E4C000700938711A023800700938721A023800C
:109E5C0007001306A00F81451385C168EF60004D04
:109E6C001306A00F81451385012EEF60204C0100D5
:109E7C00B240224441018280011106CE22CC001056
:109E8C002326A4FE0DA0938781F198478327C4FE57
:109E9C0083C70700BE853A85EFB07FB68327C4FE23
:109EAC0085072326F4FE8327C4FE83C70700E1FF42
:109EBC00938781F19C47B5453E85EFB05FB493879E
:109ECC0081F19C47A9453E85EFB07FB30100F2407C
:109EDC00624405618280411122C60008EDA293877D
:109EEC0071A083C707003E879387011DBA9703C7EC
:109EFC000700B5476317F718938771A083C707004E
:109F0C00850713F7F70F938771A02380E7009387DA
:109F1C0071A003C707009307A00F63F6E7009387B0
:109F2C0071A023800700938781A083C70700FD17CA
:109F3C0013F7F70F938781A02380E700938771A015
:109F4C0083C707003E879387011DBA9703C7070095
:109F5C00A9476315F70E938771A083C70700850780
:109F6C0013F7F70F938771A02380E700938771A0F5
:109F7C0003C707009307A00F63F6E700938771A050
:109F8C0023800700938781A083C70700FD1713F771
:109F9C00F70F938781A02380E700A5A0938741A0AA
:109FAC0083C707003E86938751A083C7070013879A
:109FBC0017009376F70F138751A02300D700BE86A6
:109FCC009387011DB29703C707009387413FB6974C
:109FDC002380E700938741A083C70700850713F709
:109FEC00F70F938741A02380E700938741A003C715
:109FFC0007009307A00F63F6E700938741A0238027
:10A00C000700938741A003C70700938771A083C7FC
:10A01C000700E315F7F8938751A083C707003E8725
:10A02C009387413FBA9723800700938751A02380E1
:10A03C0007009387413E054798C371A8938771A089
:10A04C0083C70700850713F7F70F938771A0238049
:10A05C00E700938771A003C707009307A00F63F66F
:10A06C00E700938771A023800700938781A083C7A3
:10A07C000700FD1713F7F70F938781A02380E700E4
:10A08C0099A0938771A083C70700850713F7F70F73
:10A09C00938771A02380E700938771A003C7070003
:10A0AC009307A00F63F6E700938771A02380070046
:10A0BC00938781A083C70700FD1713F7F70F9387CA
:10A0CC0081A02380E700938781A003C70700854701
:10A0DC00E3E7E7E0010001003244410182804111D5
:10A0EC0006C622C400086945EFC0FF969387410E4F
:10A0FC0017E7FFFF1307C725B8D71785000013050F
:10A10C00E5D1EFB04FFBA14273A002308562938280
:10A11C00028073A04230F3270030F3274030F3273E
:10A12C004034EFF0CFC4938781F1DC4391453E85F9
:10A13C00EFB0BF8A0100B24022444101828041113C
:10A14C0006C622C400086D45EFC0FF909387410EF0
:10A15C00170700001307E704F8D71785000013054D
:10A16C00E5CCEFB04FF5A14273A00230856293822B
:10A17C00028073A04230F3270030F3274030F327DE
:10A18C004034EFF0CFBE938781F19C4791453E85DB
:10A19C00EFB0BF840100B2402244410182804111E2
:10A1AC0022C600086DA0938781F19C479C4713F74A
:10A1BC00F70F938721502380E700938761A083C713
:10A1CC000700BE869387215003C707009387011DA4
:10A1DC00B6972380E700938761A083C707008507A4
:10A1EC0013F7F70F938761A02380E700938761A093
:10A1FC0003C707009307A00F63F6E700938761A0DE
:10A20C0023800700938781A083C70700850713F776
:10A21C00F70F938781A02380E700938781A003C762
:10A22C0007009307A00F63FCE700938781A0695791
:10A23C002380E7009387015005472380E70093872D
:10A24C0081A003C70700938791A02380E700938721
:10A25C0081F19C4783C7C700918BB1F701000100C6
:10A26C00324441018280597186D6A2D48018232EA3
:10A27C00A4F8A30704FE8347F4FE13871700A30773
:10A28C00E4FE3E878327C4F9BA9783C707002307E8
:10A29C00F4FE9387C1789C430347E4FE2380E700D8
:10A2AC009387C1789C43138717009387C17898C311
:10A2BC008347E4FEE9F39387C1789C43238007002E
:10A2CC009387C1789C43138717009387C17898C3F1
:10A2DC009387014F9C4363980712938781789C4323
:10A2EC00A1E3178500001305A5B5EFF02FBD1305ED
:10A2FC00401FEF10400F1795000013052562EFF07B
:10A30C00EFBB1305401FEF10000E9387411C23A0D9
:10A31C000700979700009387A76D23A00700E5A07F
:10A32C009387817898438547631FF70C232604FA9B
:10A33C00232804FA232A04FA232C04FA232E04FAE1
:10A34C00232004FC232204FC232404FC232604FCE9
:10A35C00232804FC232A04FC232C04FC231E04FCC9
:10A36C00B7572B43938717442322F4FEB747533D2B
:10A37C009387D7742324F4FE930720022316F4FE4C
:10A38C00930720022310F4FE130744FE9307C4FA2C
:10A39C00BA853E85EF6000049307C4FA97950000D8
:10A3AC00938545643E85EF60E002130704FE930736
:10A3BC00C4FABA853E85EF60E0019307C4FA3E8586
:10A3CC00653C13054006EF100002179500001305BD
:10A3DC00E5545D3413054006EF10E000938781F1DE
:10A3EC009C47E9453E85EFB08FE113054006EF0031
:10A3FC00907F9387411C23A00700979700009387B9
:10A40C00275F23A007000100B650265465618280A7
:10A41C00411106C622C400089387415D9843938777
:10A42C00C1789C439D463E8689453A851128130583
:10A43C00800CEF00507B0100B2402244410182802D
:10A44C00797106D622D40018232EA4FC232CB4FC3C
:10A45C00232AC4FC2328D4FC832744FD1307A00320
:10A46C002380E700832744FD8507232AF4FC93050A
:10A47C0000000325C4FDEF504054AA8763D50702A2
:10A48C00832744FD1307D0022380E700832744FD74
:10A49C008507232AF4FC0327C4FDB7070080B98F76
:10A4AC00232EF4FC21A8832744FD1307B00223803C
:10A4BC00E700832744FD8507232AF4FC0325C4FD0C
:10A4CC00EF50102CAA872322F4FE032704FD8327C8
:10A4DC0084FDB307F740F9173E86832544FD032519
:10A4EC0044FEF128032704FD832784FDB307F740BE
:10A4FC00F917032744FDBA97232AF4FC832744FD5C
:10A50C001307E0022380E700832744FD8507232AF5
:10A51C00F4FC032544FEEF50B02CAA87BE8503251E
:10A52C00C4FDEF50E072AA872326F4FE232404FE18
:10A53C00BDA0978700009387270D8C430325C4FE8D
:10A54C00EF50204FAA872326F4FE0325C4FEEF50BC
:10A55C003023AA8793F7F70F9387070313F7F70FA7
:10A56C00832744FD2380E7000325C4FEEF505021D0
:10A57C00AA873E85EF50D026AA87BE850325C4FE48
:10A58C00EF50006DAA872326F4FE832744FD850730
:10A59C00232AF4FC832784FE85072324F4FE032757
:10A5AC0084FE832784FDE346F7F89387C17803275D
:10A5BC0044FD98C30100B2502254456182807971E8
:10A5CC0022D60018232EA4FC232CB4FC232AC4FC72
:10A5DC00832744FDFD172326F4FE3DA80327C4FD65
:10A5EC00A947B367F70213F7F70F8327C4FE832637
:10A5FC0084FDB697130707031377F70F2380E70043
:10A60C000327C4FDA947B347F702232EF4FC832785
:10A61C00C4FEFD172326F4FE8327C4FEE3D007FCFB
:10A62C0001000100325445618280757106C722C554
:10A63C0000099387811C23A00700930704FD514652
:10A64C0081453E85EF50904E9307C4FB51468145A2
:10A65C003E85EF50B04D9387C178179700001307D4
:10A66C00E72B98C39387C1789C431307B0022380D0
:10A67C00E7009387C1789C43138717009387C178B1
:10A68C0098C39387C1789C43130720052380E70068
:10A69C009387C1789C43138717009387C17898C31D
:10A6AC009387C1789C43130730052380E700938779
:10A6BC00C1789C43138717009387C17898C39387FD
:10A6CC00C1789C43130700052380E7009387C1786A
:10A6DC009C43138717009387C17898C39387C178DD
:10A6EC009C431307A0032380E7009387C1789C4306
:10A6FC00138717009387C17898C31775000013054B
:10A70C002575EFB04F9B232604FE232404FE010085
:10A71C00832784FE138717002324E4FE1387413F0D
:10A72C00BA9703C7070093074002E313F7FE3DA057
:10A73C00032784FE930717002324F4FE8327C4FE0B
:10A74C00938617002326D4FE9386413F3697034702
:10A75C000700930604FFB6972380E7FE1387413F5B
:10A76C00832784FEBA9703C707009307A003E3115E
:10A77C00F7FC832784FE85072324F4FE8327C4FE7D
:10A78C0085072326F4FE8327C4FE130704FFBA971C
:10A79C00238007FE232604FE3DA0032784FE930797
:10A7AC0017002324F4FE8327C4FE93861700232668
:10A7BC00D4FE9386413F369703470700930604FF68
:10A7CC00B6972386E7FC1387413F832784FEBA970D
:10A7DC0083C70700F9F3832784FE85072324F4FE3F
:10A7EC008327C4FE85072326F4FE8327C4FE1307A4
:10A7FC0004FFBA97238607FC232604FE8347D4FB69
:10A80C00138707FDBA878A07BA9786073E8783475F
:10A81C00E4FB938707FDBA972322F4FE8347C4FB1E
:10A82C0013074003638CE76E13074003E345F710EF
:10A83C00130730036387E74C13073003E34DF70E20
:10A84C00130710036388E700130720036380E726D0
:10A85C006F00700E9387C13D054798C3032744FED4
:10A86C0093077004630DF71C032744FE93077004D1
:10A87C0063CBE722032744FECD476309F700032788
:10A88C0044FE930760046308F71431AC177500009D
:10A89C001305855DEFB02F829387012D1307700789
:10A8AC0098C39387012D9C433E879387C1789C4323
:10A8BC000D46BE853A8521339387C1789C43138717
:10A8CC0037009387C17898C30147930640061776E3
:10A8DC0000001306A65A81450945EFD0EF8D854639
:10A8EC00014691450545EFD05FC785460946914520
:10A8FC000545EFD09FC68546114691450545EFD0DD
:10A90C00DFC58546194691450545EFD01FC58546DF
:10A91C00214691450545EFD05FC4854629469145B2
:10A92C000545EFD09FC38546314691450545EFD08F
:10A93C00DFC28546394691450545EFD01FC2854695
:10A94C00414691450545EFD05FC18546614691452D
:10A95C000545EFD09FC08546694691450545EFD02A
:10A96C00DFBF8546714691450545EFD01FBF854633
:10A97C00794691450545EFD05FBE8546130600022A
:10A98C0091450545EFD07FBD8546130620029145C4
:10A99C000545EFD09FBC85461306600491450545DF
:10A9AC00EFD0BFBB85461306800491450545EFD01B
:10A9BC00DFBA85461306A00491450545EFD0FFB9D3
:10A9CC0097950000938585F5177500001305454C88
:10A9DC00EFA07FEED1A8177500001305A54CEFA0D2
:10A9EC009FED9387012D1307A00A98C39387012D20
:10A9FC009C433E879387C1789C430D46BE853A8520
:10AA0C007D3E9387C1789C43138737009387C17829
:10AA1C0098C3177500001305A54AEFA0DFE901479D
:10AA2C0093064006177600001306C64A8145094571
:10AA3C00EFC09FF881450545EFD03F85B5A0177550
:10AA4C0000001305654AEFA01FE79387012D13073C
:10AA5C00B00A98C39387012D9C433E879387C17896
:10AA6C009C430D46BE853A85993E9387C1789C439D
:10AA7C00138737009387C17898C3177500001305A7
:10AA8C002548EFA05FE301479306400617760000C8
:10AA9C001306464881450945EFC01FF2854505451B
:10AAAC00EFD0AFFE11A001006F0000699387C13D8C
:10AABC00094798C3032744FE93077004630DF71CE2
:10AACC00032744FE9307700463CBE722032744FE5D
:10AADC00CD476309F700032744FE9307600463081E
:10AAEC00F71431AC1775000013050544EFA0BFDC5B
:10AAFC009387012D1307B00D98C39387012D9C43A9
:10AB0C003E879387C1789C430D46BE853A85453C6C
:10AB1C009387C1789C43138737009387C17898C378
:10AB2C00014793064006177600001306264181451F
:10AB3C000945EFC07FE88546014691450945EFD0B0
:10AB4C00DFA18546094691450945EFD01FA18546F1
:10AB5C00114691450945EFD05FA0854619469145B0
:10AB6C000945EFD09F9F8546214691450945EFD079
:10AB7C00DF9E8546294691450945EFD01F9E8546A7
:10AB8C00314691450945EFD05F9D85463946914543
:10AB9C000945EFD09F9C8546414691450945EFD02C
:10ABAC00DF9B8546614691450945EFD01F9B854645
:10ABBC00694691450945EFD05F9A854671469145A6
:10ABCC000945EFD09F998546794691450945EFD0C7
:10ABDC00DF9885461306000291450945EFD0FF9793
:10ABEC0085461306200291450945EFD01F978546EF
:10ABFC001306600491450945EFD03F968546130630
:10AC0C00800491450945EFD05F9585461306A00455
:10AC1C0091450945EFD07F9497950000938505D019
:10AC2C00177500001305C526EFA0FFC8D1A817752E
:10AC3C0000001305E531EFA01FC89387012D130702
:10AC4C00E01098C39387012D9C433E879387C1786E
:10AC5C009C430D46BE853A859D329387C1789C43B3
:10AC6C00138737009387C17898C3177500001305B5
:10AC7C00E52FEFA05FC4014793064006177600004E
:10AC8C001306063081450945EFC01FD381450945A0
:10AC9C00EFD0AFDFB5A0177500001305A52FEFA0FF
:10ACAC009FC19387012D1307F01098C39387012D33
:10ACBC009C433E879387C1789C430D46BE853A855D
:10ACCC00FD389387C1789C43138737009387C178ED
:10ACDC0098C3177500001305652DEFA0DFBD014764
:10ACEC0093064006177600001306862D814509450C
:10ACFC00EFC09FCC85450945EFD02FD911A001009D
:10AD0C0025A99387C13D0D4798C3032744FE93079C
:10AD1C0070046309F71A032744FE9307700463CD8C
:10AD2C00E71E032744FECD476309F700032744FEC3
:10AD3C0093076004630EF712C5A217750000130584
:10AD4C006529EFA05FB79387012D1307F01398C304
:10AD5C009387012D9C433E879387C1789C430D4676
:10AD6C00BE853A85EFF0BF859387C1789C431387E6
:10AD7C0037009387C17898C38546014691450D45A8
:10AD8C00EFD0AFFD8546094691450D45EFD0EFFC60
:10AD9C008546114691450D45EFD02FFC8546194649
:10ADAC0091450D45EFD06FFB8546214691450D45EC
:10ADBC00EFD0AFFA8546294691450D45EFD0EFF916
:10ADCC008546314691450D45EFD02FF985463946DC
:10ADDC0091450D45EFD06FF88546414691450D459F
:10ADEC00EFD0AFF78546614691450D45EFD0EFF6B4
:10ADFC008546694691450D45EFD02FF6854671463F
:10AE0C0091450D45EFD06FF58546794691450D4539
:10AE1C00EFD0AFF485461306000291450D45EFD0F7
:10AE2C00CFF385461306200291450D45EFD0EFF286
:10AE3C0085461306600491450D45EFD00FF285460B
:10AE4C001306800491450D45EFD02FF1854613066E
:10AE5C00A00491450D45EFD04FF0979500009385D8
:10AE6C00E5AB177500001305A502EFA0DFA475A0D4
:10AE7C001775000013054517EFA0FFA39387012D4D
:10AE8C001307201798C39387012D9C433E87938704
:10AE9C00C1789C430D46BE853A85EFF04FF29387FF
:10AEAC00C1789C43138737009387C17898C3177573
:10AEBC00000013052515EFA01FA081450D45EFD00F
:10AECC00CFBCA1A81775000013050515EFA0BF9EF8
:10AEDC009387012D1307301798C39387012D9C433B
:10AEEC003E879387C1789C430D46BE853A85EFF02B
:10AEFC000FED9387C1789C43138737009387C178F4
:10AF0C0098C3177500001305A512EFA0DF9A8545AD
:10AF1C000D45EFD08FB711A0010039AC9387C13D1F
:10AF2C00114798C3032744FE930770046309F71A6B
:10AF3C00032744FE9307700463CDE71E032744FEEA
:10AF4C00CD476309F700032744FE93076004630EA3
:10AF5C00F712C5A2177500001305C50EEFA0BF951B
:10AF6C009387012D1307301A98C39387012D9C43A7
:10AF7C003E879387C1789C430D46BE853A85EFF09A
:10AF8C000FE49387C1789C43138737009387C1786C
:10AF9C0098C38546014691451145EFD00FDC854697
:10AFAC00094691451145EFD04FDB85461146914539
:10AFBC001145EFD08FDA8546194691451145EFD0F2
:10AFCC00CFD98546214691451145EFD00FD98546FD
:10AFDC00294691451145EFD04FD8854631469145CC
:10AFEC001145EFD08FD78546394691451145EFD0A5
:10AFFC00CFD68546414691451145EFD00FD68546B3
:10B00C00614691451145EFD04FD58546694691452E
:10B01C001145EFD08FD48546714691451145EFD03F
:10B02C00CFD38546794691451145EFD00FD3854650
:10B03C001306000291451145EFD02FD28546130619
:10B04C00200291451145EFD04FD18546130660047F
:10B05C0091451145EFD06FD085461306800491457C
:10B06C001145EFD08FCF85461306A00491451145AD
:10B07C00EFD0AFCE979500009385458A17750000E9
:10B08C00130505E1EFA03F8375A0177500001305AC
:10B09C00A5FCEFA05F829387012D1307601D98C359
:10B0AC009387012D9C433E879387C1789C430D4623
:10B0BC00BE853A85EFF0AFD09387C1789C43138758
:10B0CC0037009387C17898C317750000130585FA6C
:10B0DC00EFA06FFE81451145EFD02F9BA1A81775EE
:10B0EC000000130565FAEFA00FFD9387012D1307E0
:10B0FC00701D98C39387012D9C433E879387C1781D
:10B10C009C430D46BE853A85EFF06FCB9387C17893
:10B11C009C43138737009387C17898C31775000039
:10B12C00130505F8EFA02FF985451145EFD0EF95E4
:10B13C0011A0010011A001009387014F984385478E
:10B14C00631AF7149387012D9843930770076307CD
:10B15C00F7029387012D98439307B00D6300F70214
:10B16C009387012D98439307F0136309F700938796
:10B17C00012D98439307301A631EF710938781783B
:10B18C009C4385E7177500001305C5F2EFE00FD35C
:10B19C001305401F892C1785000013052578EFE057
:10B1AC00EFD11305401F8124C9A893878178984358
:10B1BC0085476314F70C232C04F6232E04F6232066
:10B1CC0004F8232204F8232404F8232604F8232863
:10B1DC0004F8232A04F8232C04F8232E04F8232043
:10B1EC0004FA232204FA231404FAB7572B43938747
:10B1FC0017442328F4FAB747533D9387D774232A6F
:10B20C00F4FA93072002231CF4FA93072002231666
:10B21C00F4FA130704FB930784F7BA853E85EF50C5
:10B22C00601B930784F7978500009385A57B3E856B
:10B23C00EF50401A1307C4FA930784F7BA853E857A
:10B24C00EF504019930784F73E85EFE0FFC21305DA
:10B25C004006512A178500001305456CEFE0DFC14D
:10B26C00130540064922938781F19C47E9453E85A9
:10B27C00EFA0EFF813054006BD22014785679386C2
:10B28C0087BB177600001306E6E381450945EFC03E
:10B29C00AFF2ADA09387014F9C43ADE39387C17888
:10B2AC00178700001307876798C39387C1789C435F
:10B2BC00138757009387C17898C39387C1789C43B1
:10B2CC000347C4FB2380E7009387C1789C43138713
:10B2DC0017009387C17898C3177500001305C5DF55
:10B2EC00EFE07FF8014789679386077117760000B6
:10B2FC001306C6DE81450945EFC00FEC1306800C22
:10B30C0081451785000013056561EF502002938776
:10B31C00C178178700001307676098C30100BA4013
:10B32C002A4449618280797122D60018232EA4FC0C
:10B33C00232604FE15A88327C4FE0327C4FDBA9751
:10B34C0083C7070013871700977700009387474F31
:10B35C00BA9783C70700918B99E3814721A883276C
:10B36C00C4FE85072326F4FE0327C4FEA947E3D4B5
:10B37C00E7FC85473E85325445618280011106CE3B
:10B38C0022CC0010232604FEA1A00327C4FEBD4737
:10B39C0063CEE7000547854617760000130646D5B1
:10B3AC008325C4FE0545EFC02FE131A88327C4FED9
:10B3BC00C1170547854617760000130666D3BE8570
:10B3CC000945EFC06FDF8327C4FE85072326F4FEF3
:10B3DC000327C4FEF947E3DAE7FA01000100F24063
:10B3EC00624405618280797122D60018232EA4FC58
:10B3FC008327C4FD2326F4FE29A89307C012232417
:10B40C00F4FE0100832784FE1387F7FF2324E4FE58
:10B41C00F5FB8327C4FE1387F7FF2326E4FEF1FF19
:10B42C0001000100325445618280757106C722C546
:10B43C000009938741969C431307500598C3EFC0AE
:10B44C00BF97EFC0EFD21D3F05478967938607F47E
:10B45C0017760000130606CA81450545EFC0CFD507
:10B46C0093050002B707040013858710EFB0BFBF28
:10B47C00AA876390071405479306400617760000C9
:10B48C00130686C881450545EFC00FD301479306C7
:10B49C00400617760000130666C881450945EFC0C3
:10B4AC00AFD10545EFA09F9305479306400617764D
:10B4BC0000001306E6C781450545EFC0EFCF0147F5
:10B4CC0093064006177600001306C6C7814509454A
:10B4DC00EFC08FCE93050002B707040013858710C9
:10B4EC00EFB07FB8AA879DE3177500001305C5C69A
:10B4FC00EFA06FBC014793064006177600001306B9
:10B50C0066C681450545EFC02FCBE9B7C145B707E6
:10B51C00040013858710EFB01FB5AA879DE317753C
:10B52C000000130565C5EFA00FB90147930640064F
:10B53C0017760000130606C581450545EFC0CFC739
:10B54C0051BF93050004B707040013858710EFB0B3
:10B55C009FB1AA879DE3177500001305E5C3EFA003
:10B56C008FB501479306400617760000130686C375
:10B57C0081450545EFC04FC4B1BF93050008B7071F
:10B58C00040013858710EFB01FAEAA87A1F71775BB
:10B59C000000130565C2EFA00FB2014793064006E9
:10B5AC0017760000130606C281450545EFC0CFC0D3
:10B5BC0015B7054793064006176600001306067B71
:10B5CC0081450545EFC04FBF37050300130505AF97
:10B5DC008145EFB05FAE177500001305E5BFEFA016
:10B5EC008FAD1306A00F81451385C168EF40105431
:10B5FC001306A00F81451385012EEF403053EFA0A9
:10B60C000FB0938781F1D8438967938507583A85A2
:10B61C00EFA08FB8938781F1984789679385075876
:10B62C003A85EFA06FB7938781F1DC433E85EFA09D
:10B63C00AFD2938781F19C473E85EFA0EFD1EFB05D
:10B64C006FAD9387813E238007001306A00F8145C1
:10B65C001385C168EF40904D1306A00F81451385EB
:10B66C00012EEF40B04C1306A00F81451385011D30
:10B67C00EF40D04B1306A00F81451385413FEF409F
:10B68C00F04A1306800C8145178500001305052927
:10B69C00EF40D0499387C17817870000130707281C
:10B6AC0098C3054793064006177600001306C6B4E8
:10B6BC0081450545EFC04FB00545EFA02FF29387AC
:10B6CC00411C23A00700978700009387673223A0B3
:10B6DC00070093050002B707040013858710EFB02D
:10B6EC009F98AA87639D07420547930640061776E5
:10B6FC0000001306A6B181450545EFC0EFAB01472D
:10B70C009306400617760000130606B181450945DD
:10B71C00EFC08FAA177500001305C5B0EFA0AF9945
:10B72C00177500001305C5B2EFA0EF98EFE03F9B33
:10B73C000545EFC0BFA30945EFC05FA3854505458F
:10B74C00EFC0BFB4232604FE8DA885463146914533
:10B75C000545EFC09FE005479306400617760000AD
:10B76C00130646B181450545EFC00FA50147930669
:10B77C004006177600001306E6B081450945EFC078
:10B78C00AFA39387C1A09043814705671307873800
:10B79C00894695450945EFC08FA693050004B70768
:10B7AC00040013858710EFB01F8CAA8791E3F9363C
:10B7BC008327C4FE85072326F4FE0327C4FEA54772
:10B7CC00E3D5E7F881450545EFC03FAC232404FEE3
:10B7DC008DA88546314691450545EFC01FD80547D4
:10B7EC009306400617760000130646AA81450545C8
:10B7FC00EFC08F9C01479306400617760000130696
:10B80C0066A881450945EFC02F9B9387C1A0904343
:10B81C008147056713078738894695450945EFC069
:10B82C000F9E93050004B707040013858710EFB033
:10B83C009F83AA8791E39936832784FE8507232467
:10B84C00F4FE032784FEA547E3D5E7F89387014F61
:10B85C009C43A1E7054793064006177600001306A4
:10B86C0026A481450545EFC02F9501479306007D21
:10B87C00177600001306C6A381450945EFC0CF9388
:10B88C00177500001305C5A3EFA0EF821775000014
:10B89C00130545A5EFA02F8299A0054793064006F6
:10B8AC00177600001306C69F81450545EFC0CF9063
:10B8BC0001479306007D177600001306E6A3814529
:10B8CC000945EFC06F8F177500001305659FEF904A
:10B8DC009FFE17750000130525A3EF90DFFD9387DE
:10B8EC00411C23A00700978700009387671023A0B3
:10B8FC0007009387014F054798C30545EFA00FCE6E
:10B90C0005479306400617760000130626A18145CD
:10B91C000545EFC06F8A0147930640061776000075
:10B92C001306469681450945EFC00F8985450945A3
:10B93C00EFC0BF95232204FE8DA885463146914564
:10B94C000945EFC09FC105479306400617760000D6
:10B95C001306C69C81450545EFC00F86014793062B
:10B96C004006177600001306E69181450945EFC0A5
:10B97C00AF849387C1A0904381470567130787382D
:10B98C00894695450945EFC08F8793050004B70795
:10B99C00040013858710EFB00FEDAA8791E3F93AF5
:10B9AC00832744FE85072322F4FE032744FEA54784
:10B9BC00E3D5E7F805479306400617760000130613
:10B9CC00E69681450545EFB03FFF014793064006DB
:10B9DC00177600001306068B81450945EFB0DFFD95
:10B9EC0081450945EFC07F8A232004FE8DA885463A
:10B9FC00314691450945EFC05FB6054793064006B1
:10BA0C00177600001306869281450545EFB0DFFAE4
:10BA1C00014793064006177600001306A68681455B
:10BA2C000945EFB07FF99387C1A090438147056723
:10BA3C0013078738894695450945EFB05FFC930598
:10BA4C000004B707040013858710EFB0CFE1AA8775
:10BA5C0091E32D32832704FE85072320F4FE032770
:10BA6C0004FEA547E3D5E7F89387014F9C43A1E774
:10BA7C00054793064006177600001306668C814531
:10BA8C000545EFB07FF3014793064006177600009B
:10BA9C001306068281450945EFB01FF217750000A9
:10BAAC001305058BEF903FE1177500001305858397
:10BABC00EF907FE099A005479306400617760000AB
:10BACC001306068881450545EFB01FEF0147930625
:10BADC004006177600001306268281450945EFB013
:10BAEC00BFED177500001305A586EF90DFDC177509
:10BAFC00000013056581EF901FDC9387411C23A088
:10BB0C000700978700009387A7EE23A00700938771
:10BB1C00014F054798C30545EFA04FAC05B1EFE0C9
:10BB2C000FDC054793064006177600001306868443
:10BB3C0081450545EFB05FE801479306400617764F
:10BB4C0000001306268481450945EFB0FFE6054544
:10BB5C00EFA0CFA893050008B70704001385871042
:10BB6C00EFB06FD0AA8795CF05479306400617769E
:10BB7C0000001306E68181450545EFB0FFE317751C
:10BB8C00000013052582EF901FD3A165B7070400B1
:10BB9C0013858710EFB02FCD93878178054798C315
:10BBAC0085A0054793064006177600001306C6804D
:10BBBC0081450545EFB05FE0177500001305058161
:10BBCC00EF907FCFA165B707040013858710EFB006
:10BBDC008FC99387817823A00700B7050080B7072A
:10BBEC00040013858710EFB0CFEF0545EFA00F9F32
:10BBFC00B7050080B707040013858710EFB0EFEB93
:10BC0C00014793064006176600001306260581457A
:10BC1C000945EFB07FDAEFE08FD20545EFC00FD5C5
:10BC2C000945EFC0AFD4938781789C4391EBEFD05B
:10BC3C00BFC29305800C1305800CEFA0CFD229A8AE
:10BC4C0093878178984385476318F700EFE0EF906E
:10BC5C001305800CEFF02FF91765000013054578DC
:10BC6C00EF907FC51305800CEFF0EFF71306A00FD4
:10BC7C0081451385C168EF40606B1306A00F8145A9
:10BC8C001385012EEF40806A1306A00F81451385A2
:10BC9C00011DEF40A0691306A00F81451385413F9C
:10BCAC00EF40C0681306800C814517850000130512
:10BCBC00E5C6EF40A0679387C1781787000013078C
:10BCCC00E7C598C3014793064006176600001306A4
:10BCDC00E60981450945EFB03FCE232E04FC232C09
:10BCEC0004FC232804FC938781789C43639B0724E2
:10BCFC001765000013054570EF90FFBB0545EFA0DD
:10BD0C00EF8DEFE04F9D9387413E9843854763113C
:10BD1C00F7141765000013052570EF90DFB99385B4
:10BD2C00413F176500001305E501EF90DFB89765FB
:10BD3C0000009385E56E1385413FEF401037AA87CD
:10BD4C0091CBEFE09F8EB76710009387E724232EEB
:10BD5C00F4FCC1A8976500009385056D1385413FE0
:10BD6C00EF40B034AA87B9CBB73789019387A77452
:10BD7C00232EF4FC8547232CF4FC176500001305D7
:10BD8C00256BEF905FB385472328F4FC0547856747
:10BD9C00938687BB176600001306866A81450545A6
:10BDAC00EFB09FC1054793064006176600001306C7
:10BDBC00A66081450545EFB03FC0A5A09765000082
:10BDCC00938505691385413FEF40302EAA87B1CB8F
:10BDDC00B76710009387E724232EF4FC8547232CA8
:10BDEC00F4FC1765000013052567EF90DFAC89475D
:10BDFC002328F4FC05478567938687BB17660000EC
:10BE0C001306C66681450545EFB01FBB0547930673
:10BE1C004006176600001306265A81450545EFB00B
:10BE2C00BFB91306A00F81451385413FEF40005069
:10BE3C009387413E094798C301479306400617660E
:10BE4C0000001306A6F281450945EFB0FFB68DA0A0
:10BE5C00C145B707040013858710EFB0CFA0AA87A0
:10BE6C0099EBEFD07F9F0545EF905FF7232E04FCF5
:10BE7C00232C04FC35A893050004B7070400138594
:10BE8C008710EFB04F9EAA8785E717650000130552
:10BE9C00E55EEF905FA2EFF06FCE0547930640068C
:10BEAC00176600001306465181450545EFB0DFB01B
:10BEBC008327C4FDA9E3032784FD8547631DF7028F
:10BECC00176500001305455DEFD04FFF1305401FAC
:10BEDC00EFF06FD11765000013050555EFD00FFE7D
:10BEEC001305401FEFF02FD0B76710009387E7249E
:10BEFC00232EF4FCB1A08327C4FD95EF832784FD8A
:10BF0C009DEB1765000013052559EFD02FFB13058A
:10BF1C00401FEFF04FCD176500001305E550EFD033
:10BF2C00EFF91305401FEFF00FCC95679387273E71
:10BF3C00232EF4FC31A08327C4FDFD17232EF4FC23
:10BF4C00C9B393878178984385476315F74E176576
:10BF5C00000013056555EF901F96EFD0DFF7938720
:10BF6C00413E984385476317F73817650000130562
:10BF7C00A54AEF905F949385413F17650000130528
:10BF8C0065DCEF905F93976500009385E5C9138599
:10BF9C00413FEF409011AA87ADEF97650000938564
:10BFAC0065CA1385413FEF405010AA87BDE39765E2
:10BFBC000000938525511385413FEF40100FAA8750
:10BFCC00A9CB232A04FC29A81387413F832744FDCE
:10BFDC00BA9783C70700138707FD9387416298C3FD
:10BFEC00832744FD13871700232AE4FC1387413F62
:10BFFC00BA9703C707009307C002E317F7FC17654E
:10C00C0000001305A54CEFD03FE713052003EFF01C
:10C01C008FBD976500009385A5401385413FEF4088
:10C02C00D008AA8785CF176500001305A54AEF90A5
:10C03C009F889385413F176500001305654AEF9073
:10C04C009F87EFE08FDE176500001305E5D9EFD071
:10C05C00BFE213052003EFF00FB9B5A497650000FC
:10C06C00938545481385413FEF403004AA8785CF1F
:10C07C001765000013058547EF90FF839385413FBB
:10C08C00176500001305C545EF90FF82EFE0EFD96F
:10C09C0017650000130545D5EFD01FDE13052003EF
:10C0AC00EFF06FB40DA4976500009385E5441385FC
:10C0BC00413FEF40807FAA87639707209765000078
:10C0CC00938545441385413FEF40207EAA8785CB5D
:10C0DC0001479306007D17660000130666438145F1
:10C0EC000945EFB07F8D01479306400617660000A7
:10C0FC001306C6C781450945EFB01F8CE9A29765A9
:10C10C000000938525421385413FEF40007AAA87B2
:10C11C00639B071A97650000938585411385413F02
:10C12C00EF40A078AA8781CB17650000130505CDD9
:10C13C00EFD09FD449AA97650000938525401385BD
:10C14C00413FEF408076AA87638F0716232E04FAAF
:10C15C00232004FC232204FC232404FC230604FCDB
:10C16C009307C4FB45469385413F3E85EF40C0395C
:10C17C00176500001305053DEF90EFF39307C4FB23
:10C18C002D46BE85178500001305C585EF40C037C9
:10C19C009787000093870785A38507001785000004
:10C1AC0013054584EFF02F98AA87638807109785AD
:10C1BC000000938525831765000013056539EF9002
:10C1CC008FEF232C04F6232E04F6232004F82322CD
:10C1DC0004F8232404F8232604F8232804F8232A3B
:10C1EC0004F8232C04F8232E04F8232004FA232229
:10C1FC0004FA231404FAB7572B43938717442328C4
:10C20C00F4FAB747533D9387D774232AF4FA93076C
:10C21C002002231CF4FA930720022316F4FA1307C6
:10C22C0004FB930784F7BA853E85EF40A01A930769
:10C23C0084F7977500009385E57A3E85EF40801969
:10C24C001307C4FA930784F7BA853E85EF4080182C
:10C25C00930784F73E85EFD03FC213054006EFF0FD
:10C26C008F98176500001305E52FEFD0FFC013055D
:10C27C004006EFF04F97938781F19C47E9453E8547
:10C28C00EF90EFF713054006EFF0EF95014793069B
:10C29C00007D176600001306A62D81450545EFB0FD
:10C2AC00AFF101479306400617760000130686731C
:10C2BC0095450545EFB04FF039A017650000130503
:10C2CC00A52BEF904FDF1306A00F81451385413F3F
:10C2DC00EF40C0059387413E094798C30147930639
:10C2EC00400617660000130666A881450945EFB0A5
:10C2FC00AFECA5B193050004B707040013858710B4
:10C30C00EFA07FD6AA87B5E71765000013050517C0
:10C31C00EF906FDAEFF08F86177500001305856CC0
:10C32C00EF4060182A87A54763F9E7020147930697
:10C33C004006176600001306A62381450545EFB09D
:10C34C00AFE701479306400617760000130686698F
:10C35C0095450545EFB04FE609B1054793064006F4
:10C36C00176600001306C62181450545EFB0CFE4E2
:10C37C00EDB6C145B707040013858710EFA0BFCEFB
:10C38C00AA87E39C07BC1765000013056520EF9096
:10C39C008FD217650000130565A6EFD0FFAD0147DE
:10C3AC009306803E176600001306468B81450945AF
:10C3BC00EFB08FE017650000130545A2EFD0DFAB9F
:10C3CC0001479306803E176600001306A68B814535
:10C3DC000945EFB06FDE176500001305E51CEFD0C3
:10C3EC00BFA9176500001305A51DEF90CFCC014721
:10C3FC009306803E176600001306068F814509459B
:10C40C00EFB08FDB176500001305051DEFD0DFA61D
:10C41C00176500001305C51DEF90EFC90147930682
:10C42C00803E176600001306669481450945EFB0FF
:10C43C00AFD825B681473E85BA402A4449618280EF
:10C44C00011122CC26CA4AC84EC652C456C206CEC8
:10C45C00AA892E89B28436848D2203A741A1FD5767
:10C46C00AA8A2E8A630BF70426862685A286A285C5
:10C47C00EF20F06739E14E864E85CA86CA85EF20DB
:10C48C00106749E54E85CA8501468146EF20202676
:10C49C0021E12685A28501468146EF20402535CD38
:10C4AC002685A285EF00F05609C92685A28501468E
:10C4BC008146EF20C034634C050AF2406244D244FA
:10C4CC004249B2495685D285924A224A05618280F8
:10C4DC005685D285EF00F05321C95685D285014689
:10C4EC008146EF20C02071F94E85CA85EF0070524D
:10C4FC0069D52685A285EF00D05161D1EF30B062AD
:10C50C00930720021CC1814A014A45BF2685A2859A
:10C51C0001468146EF20A01D4DF1B7E7008083AAAC
:10C52C00079A03AA479A51BF4E85CA85EF00704EF1
:10C53C004DD52685A285EF00D04D45D15686568522
:10C54C00D286D285EF20B05A39E9EF30D05D930610
:10C55C00200214C1014681464E85CA85EF20202A4F
:10C56C006341050283AA018103AA4181B9B7EF3067
:10C57C00905B83AA818003AAC180930710021CC11F
:10C58C002DBF2685A285EF00704A2686A286EF2055
:10C59C00001669D983AA818003AAC18039BFEF3004
:10C5AC00905893071002014681461CC1B68532850E
:10C5BC00EF10903FAA8A2E8A09B7B70700805971ED
:10C5CC0093C7F7FFDEC6B3FBF60086D6A2D4A6D27D
:10C5DC00CAD0CECED2CCD6CADAC8E2C4E6C2EAC041
:10C5EC006EDE33E7CB0055C7B3F9B700B707F07F62
:10C5FC002A8B2E8A2E8CAA8C63DB3703B70710C0CC
:10C60C00CE97B3E76701814AB705F03FD1EBB6503F
:10C61C00265496540659F649664A464BB64B264C58
:10C62C00964C064DF25D5685D64A656182803684FD
:10C63C00B2846384F906E3C377FDB707F07F6381A7
:10C64C00FB1C014963420C08D5ECB707F07F6387EC
:10C65C00FB14B707F03F6385FB16B7070040E303F5
:10C66C00F414B707E03F631FF408634D0C0826541D
:10C67C00B65096540659F649D64AB64B264C964CAB
:10C68C00064DF25D5A85D285464B664A65616F0050
:10C69C00B01B814AB705F03F9DBF19E1E3DF79F983
:10C6AC002654B65096540659F649664AD64A464B15
:10C6BC00B64B264C964C064DF25D37E500801305C3
:10C6CC00C59565616F00F035B707404363DDFB121C
:10C6DC00B707F03F63C7FB0293D74B41938717C053
:10C6EC005147E35AF70C13074003B307F74033D70E
:10C6FC00F400B317F70063969700058B09493309CB
:10C70C00E940A1D85A85D285EF005030AA8A6388B7
:10C71C000C049357FA01FD173367F9006307070EF2
:10C72C003707E0416358770F3707F0436354777945
:10C73C00B707F03F63D6F90A6351040803A6818357
:10C74C0083A6C1833285B685EF20C015AA8AC1B5F0
:10C75C005A85D285EF00902BAA8A63980C0A6389BC
:10C76C00090093172A0089833707F03FE393E7FA10
:10C77C00634B0406E35D0CE8B70710C0CE97B3E734
:10C78C002701E39407085686AE865685EF2000569F
:10C79C002A86AE86EF105021AA8A95BDB70710C025
:10C7AC00CE97B3E76701E38607EEB707F03F63C3A5
:10C7BC00F96EA285814AE35C04E4814A814581BD1E
:10C7CC00DA8AD285E35504E4B7E7008003A5079A1B
:10C7DC0083A5479A5A86D286EF10101DAA8A05BDEA
:10C7EC00E34E80F4D9BF37E70080AE870325079A64
:10C7FC008325479A5686BE86EF10101BAA8A9DBFCA
:10C80C00E38104E4E5BB094981B55A865A85D28691
:10C81C00D285ADBF3707F07F337A47010145631FDF
:10C82C000A0003A6018783A6418756853EC0EF20E8
:10C83C0060078247AA8AAE891305B0FCB7051000C1
:10C84C0013D649411387F5FFB7A60300B3F9E900E6
:10C85C00130616C0370AF03F9386E6883307A60006
:10C86C0033EA490163D03665B7B60B0093869667F9
:10C87C0063D5367BB7EC008003A80C9A83A84C9A3E
:10C88C000507330ABA40014B814B5A83DE83014CB6
:10C89C004286C6865685D2851AD41ED63AD23ED04A
:10C8AC0042C046C2EF208044024892482E8E4286F7
:10C8BC00C686AA8DD2855685F28942C846CAEF1023
:10C8CC00A02F2A86AE8603A50C9A83A54C9A014DFF
:10C8DC00EF10900D2A86AE862ACC2EC66E85CE859C
:10C8EC004EC0EF10307C93561A4037060020D18E84
:10C8FC00370E0800F296338E86012A8FF286014697
:10C90C006A85AE897A8C72C4EF10D079AE86824576
:10C91C002A866E85EF20803D224E4248D2482E8FCB
:10C92C004286F285C686AA8D01457AC0EF20003C6E
:10C93C002A86AE865685D285EF20403B6A86CE8607
:10C94C00EF105076024F2A86AE866E85FA85EF2060
:10C95C00E039E24EB242814D76869686EF109074A5
:10C96C00AA882E886286CE866285CE8546C042C451
:10C97C00EF10507303A6818783A6C187AA8A2E8ADB
:10C98C00EF10507203A6018883A64188EF10C022D5
:10C99C005686D286EF10107103A6818883A6C188B3
:10C9AC00EF1080215686D286EF10D06F03A6018936
:10C9BC0083A64189EF1040205686D286EF10906EE8
:10C9CC0003A6818983A6C189EF10001F5686D286E3
:10C9DC00EF10506D03A6018A83A6418AEF10C01D8B
:10C9EC00AA882E885686D2865685D285C68A428AD1
:10C9FC00EF10506B2A86AE865685D285EF10906A62
:10CA0C00AA8A2E8A6A86CE866285CE85EF10C01AD7
:10CA1C000246A246EF1010695686D286EF10C01956
:10CA2C002E88AA8A6A86CE866A85CE85428AEF10BF
:10CA3C00706703A6818A83A6C18A2ACE2EC8EF10FE
:10CA4C00A0175686D28652C6EF1000172E8A6E8615
:10CA5C00AE866A85CE85EF10F06403A6818A83A624
:10CA6C00C18A2E882A8DD2856E8542CCEF20002873
:10CA7C00F248424E4686F286EF204027AE86B245FB
:10CA8C002A865685EF2080266286CE86EF1090612E
:10CA9C002A88AE890245A2456E86D286428AEF105C
:10CAAC0070602A86AE865285CE85EF10E010E24D7E
:10CABC002A8AAE892A86AE866A85EE85EF10C00F6B
:10CACC0003A6018B83A6418B0145AE8AEF10905DC6
:10CADC002E882A8C6A86EE86D6850145428DEF20FB
:10CAEC00E0202A86AE865285CE85EF20202003A634
:10CAFC00818B83A6C18BEF10F05A03A6018C83A601
:10CB0C00418C2A8AAE890145D685EF10B0592A8608
:10CB1C00AE865285CE85EF10200A2253B2531A8668
:10CB2C009E86EF1060091257AA8DAE8A3A85EF20C7
:10CB3C00A07F2A8AAE89D6866E86EA85628556C023
:10CB4C00EF108007DE865A86EF1000075286CE86DD
:10CB5C00EF108006014842855286CE86428AAE8A04
:10CB6C00EF20C018DE865A86EF204018EA866286CF
:10CB7C00EF20C017AE8682452A866E85EF200017FF
:10CB8C0082572A8DAE8B7D19B367F900639F072EF0
:10CB9C0003A9018383A94183014C6286A286268561
:10CBAC00A285EF20A0145286D686EF10B04FAE8728
:10CBBC002A8B2686A286DE856A85BE84EF10904E6F
:10CBCC002A86AE865A85A685EF00107FAA876286D4
:10CBDC00A2862E8B5285D685BE8AEF10B04C2A8643
:10CBEC00AE86AA842E8A5685DA85EF00F07CB707CC
:10CBFC0090402E84AA8B2E8C63CEF522B387F54001
:10CC0C00C98F6393073E03A6818C83A6C18C56857E
:10CC1C00DA85EF00707A2A87AE8726865E85D28603
:10CC2C00A285BA8B3E84EF20600C2A86AE865E8588
:10CC3C00A285EF1070326349A03A93574C4193F799
:10CC4C00F77F37051000938727C0B357F540E2975D
:10CC5C0013D747411377F77F9306F5FF130717C0D8
:10CC6C00B3D5E64093C5F5FFFD8DD14BF58FC98F3C
:10CC7C003387EB400146AE86B3DBE74063540C00D0
:10CC8C00B30B70412685D285EF2040062A86AE86EE
:10CC9C00AA842E8A5685DA85EF001072139D4B01FB
:10CCAC002E8403A6818D83A6C18D814DA2856E85B0
:10CCBC00EF10503FAE872A8C2686D286A2856E85D1
:10CCCC00BE84EF20A0022A86AE865685DA85EF2038
:10CCDC00E00103A6018E83A6418EEF10B03C03A6A3
:10CCEC00818E83A6C18EAE872A8AA2856E853E84EC
:10CCFC00EF10503B2A86AE865285A285EF00D06B92
:10CD0C002A8B2E842A86AE866285A685EF00D06A91
:10CD1C006286A686AA8A2E8AEF10507D2A86AE8657
:10CD2C005A85A285EF10907C2A8C2E8B5686D28643
:10CD3C005685D285EF10103703A6018F83A6418F3D
:10CD4C00AA842E84EF10103603A6818F83A6C18F80
:10CD5C00EF10D0792686A286EF10D03403A601906E
:10CD6C0083A64190EF0050652686A286EF10903383
:10CD7C0003A6819083A6C190EF1050772686A286D9
:10CD8C00EF10503203A6019183A64191EF00D062BF
:10CD9C002686A286EF1010312A86AE865685D2855D
:10CDAC00EF10D074AA842E842A86AE865685D2853E
:10CDBC00EF10502F03A6819183A6C1912A87AE87CD
:10CDCC002685A285BA843E84EF1050722A86AE86E0
:10CDDC002685A285EF10403DAA842E846286DA86D1
:10CDEC005685D285EF10102C6286DA86EF00D05C67
:10CDFC002A86AE862685A285EF10506F5686D2867F
:10CE0C00EF10D06EAE862A8683A54C9A03A50C9A99
:10CE1C00EF10D06DB307BD0093D647412A876350FE
:10CE2C00D0223A85BE854A86CE86EF10B027AA8AD4
:10CE3C006FF0EFFD93971500B7D6904085839386DE
:10CE4C00F6BF63DBF618B7376F3F93870740AE9793
:10CE5C00C98F99EB2686D286EF1050695686DA86F2
:10CE6C00EF10900FE34B05DC03A6018D83A6418DDB
:10CE7C004A85CE85EF10102303A6018D83A6418D24
:10CE8C00EF105022AA8A6FF08FF803A90C9A83A98D
:10CE9C004C9A19B3E3530492B7050080814AA18DD3
:10CEAC006FF0EFF6B7EC008003A80C9A83A84C9AAD
:10CEBC006FF07F9D3707F03F9306E7FFE3DE368781
:10CECC00E3403793B7EC008003A60C9A83A64C9AE8
:10CEDC0056853EC0EF10906103A6018483A6418461
:10CEEC002A8AAE89EF10101C03A6818483A6C18404
:10CEFC00AA8BAE8A5285CE85EF10D01A03A6018577
:10CF0C0083A641852E8B2A8CCE855285EF109019E5
:10CF1C002A86AE8603A5818583A5C185EF10105D99
:10CF2C005286CE86EF1010182A86AE8603A501868F
:10CF3C0083A54186EF10905B2A882E875286CE8679
:10CF4C005285CE85428ABA89EF10D0152A86AE86D4
:10CF5C005285CE85EF10101503A6818683A6C18657
:10CF6C00EF1050142A86AE866285DA85EF101058C1
:10CF7C002A86AE862A8BAE895E85D685EF00D04395
:10CF8C0001485E86D6864285428AAE8AEF101056DC
:10CF9C002A86AE865A85CE85EF10505582472A8D4B
:10CFAC00AE8BD5B65A865A85D286D285EF10900FA5
:10CFBC00AA8A6FF0CFE5639D04F8B307F74033D727
:10CFCC00FB40B317F7002689639577E9058B094970
:10CFDC003309E9406FF0EFE73707E03F014D814B34
:10CFEC00E351F7CCD187B1B903A6818383A6C18362
:10CFFC004A85CE85EF10100B03A6818383A6C183CF
:10D00C00EF10500AAA8A6FF08FE085476311F9E0A0
:10D01C00B7070080BD8D6FF08FDF03AB818183ABD1
:10D02C00C18103A3018283A3418203A8818283A8C7
:10D03C00C182370C0400B7EC00806FF07F855E86F0
:10D04C00AD2E2A87AE87F1BB41113707F07F22C482
:10D05C0026C206C63376B700AE842A846305E6166C
:10D06C00AA866357B00E13D64541AE8763020610ED
:10D07C00370710009305F7FFED8FD98F930416C077
:10D08C001397170013F6140093D7F601BA9713975A
:10D09C00160011C67D838607BA97139726008584E0
:10D0AC00D945014E8146370620003385C6001358FA
:10D0BC00F701FD1563C6A700898FB306C500329E24
:10D0CC008607C29706070582EDF10143130500029E
:10D0DC003706008019A86388D70C1358F701860708
:10D0EC007D15C2970607058215C93308B600E3D42F
:10D0FC00F6FEB305C800B6886341080A958FB336AF
:10D10C000701958F330707411358F70186077D15E3
:10D11C003293C686C2970607058261F9D98FC9EF8B
:10D12C001355130093571E403707E03F137E1E0024
:10D13C00BA9763050E0037070080598DD2042A84F4
:10D14C00BE94B24022852244A6859244410182803D
:10D15C00939715008583C98FEDD70146D1E513D779
:10D16C00B6002D16BA87D6067DDB93554701D1E95B
:10D17C00814586071397B7002E858505E35B07FE6F
:10D18C00930800023688B388B8403E87B396B60041
:10D19C00B3571801098ED98FE1BD93C8F5FF93D809
:10D1AC00F801B698A1BFE36A07F3B305C800E346DC
:10D1BC0008FEBE888147B9B7FD576302F304130517
:10D1CC001300058185B72A86AE86EF10A06D2286E6
:10D1DC00A686EF00701E2A84B24022852244AE84BB
:10D1EC00A6859244410182802A86AE86EF101030CB
:10D1FC002A86AE86EF00507B2A84AE8499B7050E42
:10D20C0015B73688930800027D5559B78605858178
:10D21C008280139515000581B70510802E957D81B0
:10D22C00828003A5019283A54192828093D64541C9
:10D23C00797193F6F67F22D406D626D24AD04ECEFA
:10D24C00138816C04D46AE872A87AE8E13D4F501CF
:10D25C00634D06096346080E370610007D163356DB
:10D26C000641F18DC98D2A833E8EBDC5135516001E
:10D27C00337FF500336FEF0063050F021386E6BEB4
:10D28C00B70E0400133616001345F5FF370F008058
:10D29C003306C040E98F33D80E41337FCF00B3EE55
:10D2AC00070137D600809318340013068665B298B0
:10D2BC0003A4080083A448007A86F6862285A685F6
:10D2CC00EF00900F2AC42EC62245B2452286A686B0
:10D2DC00EF10D0212A832E8EB25022549254025930
:10D2EC00F2491A85F285456182809308300363DF29
:10D2FC000801930600402A832E8EE31FD8FC2A8651
:10D30C00F686EF00700B2A832E8EF9B79386D6BE65
:10D31C007D563356D600B375A6002A833E8ECDDDDE
:10D32C000582B377A6002A8FADDF370F0040134676
:10D33C00F6FF3377A600B356DF40336FD70095B7AF
:10D34C00370E00809344FEFFB3F6B400C98E2A83D7
:10D35C002E8ED9D29397C500B18333E7A700B307BC
:10D36C00E040D98F37D700809316340013078765B8
:10D37C0036970329070083294700B1838175370E3F
:10D38C000800B3F5D50133FEC701336EBE00F2863B
:10D39C002A86CE854A85EF0030022AC42EC6224545
:10D3AC00B2454A86CE86EF10701433FEB400931843
:10D3BC00F401336E1E012A8305B7411193D6454102
:10D3CC0022C406C632841396560125EA939715009B
:10D3DC008583C98FDDC783A6C19203A68192EF1006
:10D3EC00604CD176938606CB2E876349D40E93D7A7
:10D3FC00454193F7F77F9387A7FCA2979306E07FAD
:10D40C0063CDF604634FF00A9306B0FC63D6D708DD
:10D41C00B1679387073563C2870403A8018D83A87E
:10D42C00418D63C9050C03A6018D83A6418D4285F0
:10D43C00C685EF102047AA8781A093F7F67F930645
:10D44C00F07F2E87E39BD7FA2A86AE86B527B240AB
:10D45C002244AA873E854101828003A8818383A848
:10D46C00C18363C6050203A6818383A6C18342855B
:10D47C00C685EF102043AA87B24022443E85410165
:10D48C008280B2402244AA873E854101828003A853
:10D49C00019383A84193C1BFB7051080FD159387F5
:10D4AC0067036D8FD207D98F03A6019483A641948D
:10D4BC00BE85EF10203FB2402244AA873E85410131
:10D4CC008280B2402244B7051080FD156D8F939574
:10D4DC004701AA87D98D3E854101828003A6018D23
:10D4EC0083A6418DEF10003CB2402244AA873E85B2
:10D4FC004101828003A8819383A8C1932DB7AA8888
:10D50C00AE8732883685468363990620B7D600806D
:10D51C009386867563F0C50C41676376E60A13073C
:10D52C00F00F3337C7000E073355E600AA9683C6B3
:10D53C000600130500023697B306E540630CE500C0
:10D54C00B397D70033D7E8003318D600B365F7008C
:10D55C003393D80093580801B3D715031316080159
:10D56C00418213570301B3F615033E85B305F6024A
:10D57C00C206558F637CB70042971385F7FF63672C
:10D58C0007016375B7001385E7FF42970D8FB377DB
:10D59C00170342031353030133571703C20733E333
:10D5AC006700B306E6023A86637BD3004293130608
:10D5BC00F7FF636603016374D3001306E7FF4205AC
:10D5CC00518D81455DA8370500014147E36EA6F4F6
:10D5DC00614799BF01E605473358C7024167637F2E
:10D5EC00E8081307F00F6373070121453357A800B0
:10D5FC00BA9603C70600130600022A97B306E64044
:10D60C006315E608B387074185459358080113163F
:10D61C000801418213570301B3F61703B3D717035D
:10D62C00C206558F330EF6023E85637CC7014297C6
:10D63C001385F7FF636707016375C7011385E7FF60
:10D64C0042973307C741B3771703420313530301C0
:10D65C0033571703C20733E36700B306E6023A8673
:10D66C00637BD30042931306F7FF63660301637475
:10D67C00D3001306E7FF4205518D82803707000166
:10D68C004145E365E8F6614595B73318D800B3D545
:10D69C00E7003393D800B397D70033D7E8009358FB
:10D6AC0008013366F70033F7150393170801C1839C
:10D6BC0013550601B3D515034207498FB386B7023C
:10D6CC002E85637CD70042971385F5FF63670701AE
:10D6DC006375D7001385E5FF4297B306D74033F740
:10D6EC00160342064182B3D616034207B388D7020B
:10D6FC00B367C700368763FC1701C2971387F6FF21
:10D70C0063E7070163F517011387E6FFC2979315CB
:10D71C000501B3871741D98DCDBD63E2D51441679F
:10D72C0063FFE6021307F00FB335D7008E0537D72A
:10D73C00008033D5B600130787752A970347070077
:10D74C00130500022E97B305E5406311E50205456C
:10D75C00E3E5F6F233B5C8001345150039BF3707BA
:10D76C000001C145E3E5E6FCE145D1B73353E600E2
:10D77C00B396B6003363D30013550301B31EB60042
:10D78C0033D6E700B376A602B397B70033D7E800D9
:10D79C003368F70093170301C183135708013356FD
:10D7AC00A602C206558F338FC702328E637CE70107
:10D7BC001A97130EF6FF636767006375E701130E84
:10D7CC00E6FF1A973307E741B376A7023357A70250
:10D7DC00C2063386E70293170801C183D58FBA8638
:10D7EC0063FCC7009A979306F7FF63E7670063F53E
:10D7FC00C7009306E7FF9A9713150E01416E558DDE
:10D80C009306FEFF3378D500918FB3F6DE001356E6
:10D81C00050193DE0E013303D802B306D60213576B
:10D82C0003013308D803369842973306D603637343
:10D83C00D700729693560701369663E0C702E392BF
:10D84C00C7D8C167FD177D8F42073373F300B398B8
:10D85C00B8001A978145E3F2E8E27D159DB3814546
:10D86C00014521BDB2883687AA872E886398061C8D
:10D87C00B7D600809386867563F8C50A4163637ECC
:10D88C0066081303F00F6373C30021473353E6009C
:10D89C009A9603CE06003A9E130700023303C74143
:10D8AC00630CC701B3956500335EC501B318660000
:10D8BC003368BE00B317650013D608013377C8026E
:10D8CC0013950801418193D607013358C8024207CA
:10D8DC00D98E3308050363F80601C69663E5160175
:10D8EC0063F30601C696B386064133F7C602C20738
:10D8FC00C183B3D6C602B306D50213150701C98F6F
:10D90C0063F8D700C69763E5170163F3D700C69792
:10D91C00958F33D5670081458280370300014147DD
:10D92C00E36666F661479DB701E60546B3581603F4
:10D93C00416663F3C8081306F00F637316012147A1
:10D94C0033D6E800B29603CE06003A9E13070002C7
:10D95C003303C7416319C707B385154113D70801B2
:10D96C0013950801418113D60701B3F6E502B3D52F
:10D97C00E502C206D18EB305B50263F8B600C696B1
:10D98C0063E5160163F3B600C696B385B640B3F6ED
:10D99C00E502C207C183B3D5E502B305B502139501
:10D9AC000601C98F63F8B700C69763E5170163F3E7
:10D9BC00B700C6978D8FB1BF370600014147E3E131
:10D9CC00C8F86147B5BFB398680033D7C501B31722
:10D9DC006500335EC50113D50801B376A702B39574
:10D9EC006500336EBE0093950801C18113560E017C
:10D9FC003357A702C206D18E3387E50263F8E600DF
:10DA0C00C69663E5160163F3E600C6963386E640D8
:10DA1C00B376A602420E135E0E013356A602C20660
:10DA2C003386C502B3E5C60163F8C500C69563E548
:10DA3C00150163F3C500C695918D0DB7E3EED5ECDA
:10DA4C00416763F5E604130EF00F3337DE000E0763
:10DA5C00B7D8008033D3E600938888759A9803CEA4
:10DA6C0008003A9E130700023303C7416317C7032C
:10DA7C0063E4B6006369C500B307C540958D3335C3
:10DA8C00F5003388A5403E85C28579B5B7080001FD
:10DA9C004147E3EF16FB614765BF3357C601B396A9
:10DAAC006600336FD700B3D7C50113570F01B3F816
:10DABC00E702B39565003358C5013368B800931578
:10DACC000F01C181935608013316660033156500AA
:10DADC00B3D7E702C208B3E6D800B38EF502BE880E
:10DAEC0063FCD601FA969388F7FF63E7E60163F5CA
:10DAFC00D6019388E7FFFA96B386D641B3FEE602C9
:10DB0C00420813580801B3D6E602C20EB3EE0E015A
:10DB1C00B385D502B68763FCBE00FA9E9387F6FFE9
:10DB2C0063E7EE0163F5BE009387E6FFFA9EB385CB
:10DB3C00BE40C208C16EB3E8F8009387FEFF33F80D
:10DB4C00F8009356060193D80801F18F3307F802B9
:10DB5C00B387F8023308D802B388D8023E9893569C
:10DB6C000701C29663F3F600F698C167FD1713D848
:10DB7C000601FD8EC2067D8FC298369763E61501AD
:10DB8C00639C1501637AE5003306C7403337C70041
:10DB9C007A97B388E84032873307E5403335E500A0
:10DBAC00B3851541898DB397C5013357670033E5AC
:10DBBC00E700B3D565008DB3370810007D1801114F
:10DBCC00B377B80013D745013378D80093D8460102
:10DBDC0022CC8E071374F77F1357D50126CAD98F21
:10DBEC0093D4F5011357D60193F8F87F93D5F6012A
:10DBFC000E0806CE4AC84EC60E05336707010E0640
:10DC0C00B30614416395B4226351D00E6398080295
:10DC1C00B365C700638B05209385F6FF89E92A96C7
:10DC2C003335A600BA97AA9732850544B1A81308D4
:10DC3C00F07F639D06011304F07F71AA9305F07FBA
:10DC4C00630BB418B70580004D8FB685930680031F
:10DC5C0063C9B608FD4663C0B60613080002330854
:10DC6C00B840B3160701B358B60033160601B3E635
:10DC7C0016013336C000558E3357B7002A963E979F
:10DC8C00B337A600BA9732851397870063550714EC
:10DC9C0005041307F07F6305E448B70680FFFD1603
:10DCAC00FD8E9355150005899397F6014D8D5D8D6D
:10DCBC0093D716000DA2938605FE93080002B35667
:10DCCC00D70001486388150113080004B305B84058
:10DCDC003318B7003366C8003336C000558E014781
:10DCEC0071BF598E3336C000DDBFD5CAB3858840AD
:10DCFC000DE4B3E6A700638C06409386F5FF99E626
:10DD0C003295BA973336C500B29705B71308F07F32
:10DD1C00639D0501BA87328539BF9306F07FE38B8B
:10DD2C00D8FEB7068000D58FAE869305800363C4FA
:10DD3C00D506FD4563CBD502130800023308D84045
:10DD4C003353D500B395070133150501B3E56500D1
:10DD5C003335A0004D8DB3D6D7003295B387E6008E
:10DD6C003336C500B297468405B7938506FE130378
:10DD7C000002B3D5B700014863886600130800049D
:10DD8C00B306D8403398D7003365A8003335A000CC
:10DD9C004D8D8146D9B75D8D3335A000DDBF93061F
:10DDAC00140093F5E67FBDE1B3E6A70029E4638494
:10DDBC000636B366C70085C22A96BA973335A600D5
:10DDCC00AA9713978700328563570700370780FFA0
:10DDDC007D17F98F054413777500630507341377A6
:10DDEC00F50091466300D7349306450033B5A60081
:10DDFC00AA97368505AE99DE598EE30E06E281446C
:10DE0C00B707400001451304F07F29AE9305F07F5E
:10DE1C006386B6302A963E97B337A6003E97131505
:10DE2C00F7010582518D9357170036846DB76356F1
:10DE3C00D00C63910808B365C700E5D99385F6FF4C
:10DE4C0091E93306C5403335C500998F898F3285EA
:10DE5C000544B1A01308F07FE38F06DD9306800321
:10DE6C0063C9B608FD4663C0B60613080002330842
:10DE7C00B840B3160701B358B60033160601B3E623
:10DE8C0016013336C000558E3357B7003306C540E4
:10DE9C003387E740B337C500B307F7403285139794
:10DEAC008700E35A07F2370980007D1933F92701FF
:10DEBC00AA8975A29305F07FE30FB4F0B705800033
:10DECC004D8FB68561BF938605FE93080002B3564D
:10DEDC00D70001486388150113080004B305B84046
:10DEEC003318B7003366C8003336C000558E01476F
:10DEFC0071BF598E3336C000DDBFF9C233888840FC
:10DF0C0015E8B3E6A700638F06269306F8FF91EA9F
:10DF1C003305A640B307F7403336A600918FAE8485
:10DF2C0005BF1303F07F631F6800BA8732851304A3
:10DF3C00F07F7DA09306F07FE389D8FEB7068000C2
:10DF4C00D58FC286130880036348D8067D48634E7C
:10DF5C00D802130300023303D340335ED500339849
:10DF6C006700331565003368C8013335A00033658D
:10DF7C00A800B3D6D7003305A640B307D740333635
:10DF8C00A600918F4684AE8419BF138806FE130E2B
:10DF9C00000233D8070101436388C6011303000450
:10DFAC00B306D3403393D7003365A3003335A000B9
:10DFBC003365A8008146C1B75D8D3335A000DDBF48
:10DFCC009306140093F6E67FB5E633E8A700B36634
:10DFDC00C70031E463180800638A061ABA873285D1
:10DFEC00AE84D5BBE38906DE3308C540B3380501E2
:10DFFC00B386E740B38616419398860063DA08002F
:10E00C003305A640B307F7403336A600918FC9BF3E
:10E01C003365D80063000518B68742856DBB63185D
:10E02C000800638B0616BA873285AE8429B1E38467
:10E03C0006C0F1B3B309C540B33635013389E740A7
:10E04C003309D9409316890063D80606B309A64054
:10E05C00B307F740333636013389C740AE846303C8
:10E06C0009064A85EF206028130785FFFD4763C129
:10E07C00E70693060002998EB317E900B3D6D900D0
:10E08C00DD8E3395E900634E8706018F93071700E9
:10E09C007D466345F604130700021D8FB355F5004A
:10E0AC003396E6003315E5004D8E3335A000518DC7
:10E0BC00B3D7F600014405B333E529014DF181478F
:10E0CC000144F9A04E85EF2040221305050269BFDB
:10E0DC00130585FDB396A900014575B70517930582
:10E0EC00000233D7E60001466387B700130600042D
:10E0FC001D8E3396C600518D3335A000598D814746
:10E10C0055BFB70780FFFD17198CF58FE9B1BA879A
:10E11C0032852E84C9B1BA87328575B91304F07F64
:10E12C008147014513978700635B070005041307BC
:10E13C00F07F6308E406370780FF7D17F98F13978C
:10E14C00D7010D81598D1307F07F8D836319E4007E
:10E15C005D8D814709C5B707080001458144131738
:10E16C004401B706F07FB207F2406244758FB18369
:10E17C00FE04D98F33E797004249D244B249BA859D
:10E18C0005618280BA873285428499BD81470145F9
:10E19C00814449BF8147EDBF01458144B707400029
:10E1AC009DB18147014561BF797193D7450126D255
:10E1BC004AD052CC5AC862C49394C50006D622D415
:10E1CC004ECE56CA5EC6139757012A89328B368CAF
:10E1DC00B18013DAF50151C793FAF77F9307F07FFB
:10E1EC00638BFA0C9359D5018E04B3E49900B709EB
:10E1FC008000B3E9340113143500938A1AC0814BA3
:10E20C0093574C011315CC00139757019354C50029
:10E21C0093F5F77F135CFC0171C39307F07F638A5E
:10E22C00F510139534009357DB015D8DB704800016
:10E23C00C98C931F3B00138515C0014693972B0087
:10E24C00D18FFD173947B3468A01B385AA40636461
:10E25C00F71037D700808A0713078766BA979C4355
:10E26C008287B3E9A400638209069DC82685EF2046
:10E27C00C007930755FF71476349F702F54913042B
:10E28C0085FFB389F940B3948400B3593901B3E9DC
:10E29C009900331489009305D0C0B38AA54085B783
:10E2AC00EF20A00413050502E9B7930485FDB3190B
:10E2BC0099000144CDB7B3E9A400638C09002A840A
:10E2CC00A689930AF07F8D4B25BF0144814A854B6B
:10E2DC0005BF0144930AF07F894B1DB7B3EF64016E
:10E2EC0063820F069DC82685EF202000AA859387A0
:10E2FC0055FF71476349F702F546938F85FF9D8E55
:10E30C003395F401B356DB00B3E4A600B31FFB0155
:10E31C001307D0C03305B7400DB75A85EF10F07C0A
:10E32C0093050502E9B7138585FDB314AB00814F46
:10E33C00C5B7B3EF6401638B0F00DA8F1305F07F61
:10E34C000D46EDBD814401450546CDBD8144130507
:10E35C00F07F0946E5B563E634016396992A636458
:10E36C00F42B1396F901135714009317F40193D956
:10E37C0019003364E6001395840093D88F01B3E839
:10E38C00A800418133D8A902939E080193DE0E01A7
:10E39C001357040113938F00B3F4A902C28F338671
:10E3AC000E039399040133673701637CC7004697CA
:10E3BC00930FF8FF636717016375C700930FE8FFAE
:10E3CC004697118F335EA702420441803377A70230
:10E3DC0072863388CE034207418F637C07014697D0
:10E3EC001306FEFF63671701637507011306EEFF43
:10E3FC00469733040741C20F4168B3EFCF00130EA9
:10E40C00F8FF13D60F0133F7CF01135F0301337EEF
:10E41C00C301B303EE02B304C6033307EF02B30226
:10E42C00E6033306970013D7030132976373970003
:10E43C00C292135607011696C162FD12337857002B
:10E44C004208B3F353001E986367C400FE84631E36
:10E45C00C40263FC07039A9733B7670046973A9454
:10E46C009384FFFF63E688006391880263EF670083
:10E47C006366C400631B860063F907019A9733B780
:10E48C00670046979384EFFF3A9433880741118CC9
:10E49C00B3B707011D8CFD5F6387880EB35FA402C1
:10E4AC00135708013374A4027E86B387FE0342041B
:10E4BC00598C637CF40046941386FFFF6367140148
:10E4CC006375F4001386EFFF46941D8C3357A4023A
:10E4DC004208135808013374A402BA87B38EEE02B3
:10E4EC00420433648800637CD40146949307F7FF9D
:10E4FC00636714016375D4019307E7FF46944206E2
:10E50C005D8E93170601C183135706013308EF0282
:10E51C003304D441330FFF02B38EC703330EC7034A
:10E52C0093D70E01729FFA9763F4C70141673A982B
:10E53C0013D70701429741687D1833F5070142054F
:10E54C00B3FE0E0176956366E4006310E41AB28F95
:10E55C001DC94694930FF6FF636114036366E400D0
:10E56C006314E418637DA3009317130033B367009F
:10E57C009A98930FE6FF46943E836314E400630479
:10E58C00650093EF1F009387F53F635BF00A13F769
:10E59C007F0001CF13F7FF0011466308C7001386F5
:10E5AC004F00B33FF601FE94B28F1397740063587B
:10E5BC000700B70700FFFD17FD8C93870540130775
:10E5CC00E07F6342F70693DF3F001397D401336774
:10E5DC00F70113D53400D2073706F07F3205B2505D
:10E5EC002254F18F31815D8DFE06B367D5009254B4
:10E5FC000259F249624AD24A424BB24B224C3A85FA
:10E60C00BE8545618280FD158147B5B3D286CE8427
:10E61C00A28F5E868D47630BF60A8547630FF60A59
:10E62C008947E312F6F6014501479307F07F65B77A
:10E63C00E286CDB7B7040800814F81460D46D9BF9D
:10E64C0005451D8D130780036349A7087D47634962
:10E65C00A7049385E541B397B40033D7AF00B395C6
:10E66C00BF00D98FB335B000CD8F33D5A40013F7CD
:10E67C00770001CF13F7F70011466308C700138723
:10E68C004700B337F7003E95BA87131785006349E7
:10E69C0007041317D5018D835D8F0D81814725BF2D
:10E6AC000557B307F74013060002B3D7F400014730
:10E6BC006306C5009385E5433397B400B36FF70148
:10E6CC00B33FF001B3E7F701014555B73705080033
:10E6DC0001479307F07F8146FDBD014501477DBF92
:10E6EC00014501478547C5BD7E86B28F59BD13D7FD
:10E6FC004501B7071000FD1713D846012A83AA8ECF
:10E70C001377F77F1305F07FB3F8B700328FF58FCF
:10E71C00FD811378F87FFD82631AA70033EE680041
:10E72C00054563140E006305E80082806315A8009C
:10E73C005D8E05457DFA0545E31907FFE397F8FE65
:10E74C00E395EEFF6388D5006DF333E56800333550
:10E75C00A000828001458280370710007D1713D8F6
:10E76C004501B378B700AA872A831378F87F13D5AD
:10E77C00F501930EF07F93D54601758F328E93F58C
:10E78C00F57FFD826318D801B3EEF80063840E06A2
:10E79C00795582806396D501B36EC700E39A0EFE5D
:10E7AC00631C0804B3E7F80093B7170099E1598E7E
:10E7BC000DCE81EB6314D50063D905010DC57D55D4
:10E7CC0082807D5591C6368582806354B80065D9A8
:10E7DC008280E36517FF639CE800E3616EFEE368EB
:10E7EC00C3FF0145828005458280E5FFC1BFE3E0A0
:10E7FC00E8FEC5BFE38205FBD5FD81474DBF37075A
:10E80C0010007D1713D84501B378B700AA872A8367
:10E81C001378F87F13D5F501930EF07F93D546014D
:10E82C00758F328E93F5F57FFD826318D801B3EEA8
:10E83C00F80063840E06094582806396D501B36E99
:10E84C00C700E39A0EFE631C0804B3E7F80093B705
:10E85C00170099E1598E0DCE81EB6314D50063D965
:10E86C0005010DC57D5582807D5591C6368582800A
:10E87C006354B80065D98280E36517FF639CE80098
:10E88C00E3616EFEE368C3FF01458280054582802B
:10E89C00E5FFC1BFE3E0E8FEC5BFE38205FBD5FDA4
:10E8AC0081474DBF797193D7450122D426D24ECEE4
:10E8BC0052CC56CA9394C50006D64AD05AC85EC6E6
:10E8CC00139757012A84B289B68AB18013DAF501FD
:10E8DC0059C313FBF77F9307F07F6306FB0C935729
:10E8EC00D5018E04DD8CB7078000DD8C1319350043
:10E8FC00130B1BC0814B93D74A011394CA00139777
:10E90C005701318013F5F77F93DAFA015DCF930746
:10E91C00F07F6304F51093D7D9010E045D8CB70713
:10E92C0080005D8C130515C09397390001479396B1
:10E93C002B00D98E5A95FD16394833465A0193054A
:10E94C001500636DD80E37D500808A061305456A0D
:10E95C00AA969442828633E9A400630F09048DC8F9
:10E96C002685EF109018130755FFF14763C7E70290
:10E97C00F547130985FF998FB3942401B357F4001D
:10E98C00DD8C33192401130BD0C0330BAB409DB776
:10E99C00EF10B01513050502F9B7930485FDB314F8
:10E9AC0094000149CDB733E9A400630B09002A890F
:10E9BC00130BF07F8D4B81B78144014B854B25BFE9
:10E9CC008144130BF07F894B3DB7B3673401B1CF52
:10E9DC000DC82285EF107011930655FFF14763C8DF
:10E9EC00D7027547930785FF158F3314F40033D77F
:10E9FC00E900598CB397F9001307D0C03305A74031
:10EA0C0035B74E85EF10700E13050502F1B71304E0
:10EA1C0085FD339489008147C5B7B367340191CB29
:10EA2C00CE871305F07F0D4719B701440145054703
:10EA3C00FDBD01441305F07F0947D5BD416F130798
:10EA4C00FFFF9356090113D307013379E900F98FBE
:10EA5C00B30823033308F902B38FF602B38EF8011F
:10EA6C0093580801F698338E660263F3F8017A9E88
:10EA7C0093D20801B3F8E8003378E800135F04017F
:10EA8C00C208798CC298338786023308890233090D
:10EA9C002F03B30EE900135908017699B386E603E8
:10EAAC006374E9004167BA96935E0901B69EC1662C
:10EABC00938FF6FF3379F9013378F80113D70401FA
:10EACC004209B3F4F401B38397024299CA92330812
:10EADC009302B307F702B30FE3023303F80013D822
:10EAEC0003011A986373F800B69F93570801C16627
:10EAFC00BE9F9387F6FF3378F800B3F7F300B303A8
:10EB0C00940242083E9833048702B3049F023303F5
:10EB1C00EF02A29413D70301BA9463F384003693E3
:10EB2C00C167FD17B3F6F400C206B3F7F300169EE7
:10EB3C00BE9633392E01F69633872601429E333822
:10EB4C000E01330FF701B3020F01B3B6D601333701
:10EB5C002701558F33B80201C180B33FFF012697BF
:10EB6C0033E80F0193179E0042971A97B3E71701EA
:10EB7C002607B337F000135E7E0113D47201B3E79E
:10EB8C00C701A60293167700598CB3E7570063DAD6
:10EB9C00060A13D71700858BD98F1317F401D98F59
:10EBAC0005809386F53F6350D00A13F7770001CFA9
:10EBBC0013F7F70011456308A70013874700B33715
:10EBCC00F7003E94BA871317740063580700370791
:10EBDC0000FF7D17798C938605401307E07F634E09
:10EBEC00D70E13D737009317D401D98F0D801397F5
:10EBFC0046013204B706F07F758F3180598C7E0642
:10EC0C00B2503367C400225492540259F249624AFA
:10EC1C00D24A424BB24B3E85BA85456182805286C0
:10EC2C002684CA875E8789466309D70A8D46630F97
:10EC3C00D7088546E317D7F6014481479DA0568631
:10EC4C00DDB7AA85B9BF0545158D13078003E345CC
:10EC5C00A7FE7D476349A7049385E5413317B400AC
:10EC6C00B3D6A700B397B700558FB337F000D98F41
:10EC7C003354A40013F7770001CF13F7F700914634
:10EC8C006308D70013874700B337F7003E94BA8761
:10EC9C0013178400634807041317D4018D83D98F8D
:10ECAC000D808146A9B70557158F130800023357FD
:10ECBC00E4008146630605019385E543B316B40071
:10ECCC00D58FB337F000D98F01446DB737040800E6
:10ECDC0081479306F07F014619BF01448147930693
:10ECEC00F07F31B701448147854611B737081000D2
:10ECFC007D180111B377B80013D745013378D800CC
:10ED0C0093D8460122CC8E071374F77F1357D50185
:10ED1C0026CAD98F93D4F5011357D60193D5F60192
:10ED2C000E0806CE4AC84EC693F8F87F9306F07FBD
:10ED3C000E05336707010E066395D800B366C7004E
:10ED4C0099E293C515003308144163939522635CD3
:10ED5C00000F63950804B366C7008DC21308F4FF57
:10ED6C00631A08002A963335A600BA97AA973285FB
:10ED7C00054495A89306F07F6319D40213777500A8
:10ED8C006305074E1377F50091466300D74E930643
:10ED9C00450033B5A600AA973685C1A99306F07F26
:10EDAC00E30ED4FCB7068000558F9306800363C82E
:10EDBC000609FD4663C0060793050002B3850541AD
:10EDCC00B316B700B35806013316B600B3E61601F6
:10EDDC003336C000558E335707012A963E97B3370A
:10EDEC00A600BA97328513978700E35907F80504F4
:10EDFC001307F07F6309E446B70680FFFD16FD8E0E
:10EE0C009355150005899397F6014D8D5D8D93D71C
:10EE1C001600ADB7930608FE93080002B356D70050
:10EE2C008145630818019305000433880541B31527
:10EE3C0007014D8E3336C000558E014779BF598E70
:10EE4C003336C000DDBF630B080AB38588400DE480
:10EE5C00B3E6A700638006409386F5FF99E63295EA
:10EE6C00BA973336C500B29721B71308F07F639D6C
:10EE7C000501BA873285EDAC9306F07FE38BD8FEA3
:10EE8C00B7068000D58FAE869305800363C4D50684
:10EE9C00FD4563CBD502130800023308D840335329
:10EEAC00D500B395070133150501B3E5650033357E
:10EEBC00A0004D8DB3D6D7003295B387E60033361C
:10EECC00C500B297468405B7938506FE130300026E
:10EEDC00B3D5B70001486388660013080004B30675
:10EEEC00D8403398D7003365A8003335A0004D8D3A
:10EEFC008146D9B75D8D3335A000DDBF9306140074
:10EF0C0093F5E67FA9E5B3E6A7001DE46388063414
:10EF1C00B366C700E38406E62A96BA973335A60093
:10EF2C00AA97139787003285E35A07E4370780FFC7
:10EF3C007D17F98F054499B58DDE598E630A06222B
:10EF4C008144B707400001451304F07F39AE9305A7
:10EF5C00F07F6388B6302A963E97B337A6003E976B
:10EF6C001315F7010582518D93571700368439B567
:10EF7C006356000D63930808B366C700E38006E090
:10EF8C001308F4FF631B08003306C5403335C50076
:10EF9C00998F898F32850544B1A09306F07FE30FDA
:10EFAC00D4DC9306800363C70609FD4663CF0605D0
:10EFBC0093050002B3850541B316B700B35806019B
:10EFCC003316B600B3E616013336C000558E3357F0
:10EFDC0007013306C5403387E740B337C500B30795
:10EFEC00F740328513978700E35A07D8370980001A
:10EFFC007D1933F92701AA8975A29306F07FE30FD7
:10F00C00D4D6B7068000558F69BF930608FE9308C7
:10F01C000002B356D700814563081801930500041C
:10F02C0033880541B31507014D8E3336C000558E1C
:10F03C00014745B7598E3336C000DDBF6304080C59
:10F04C003388884015E8B3E6A7006380062893064A
:10F05C00F8FF91EA3305A640B307F7403336A60014
:10F06C00918FAE840DBF1303F07F631F6800BA87C6
:10F07C0032851304F07F7DA09306F07FE389D8FEE0
:10F08C00B7068000D58FC286130880036348D80664
:10F09C007D48634ED802130300023303D340335E22
:10F0AC00D50033986700331565003368C8013335D4
:10F0BC00A0003365A800B3D6D7003305A640B3072C
:10F0CC00D7403336A600918F4684AE8421BF138877
:10F0DC0006FE130E000233D8070101436388C601F4
:10F0EC0013030004B306D3403393D7003365A30056
:10F0FC003335A0003365A8008146C1B75D8D33352B
:10F10C00A000DDBF9306140093F6E67FBDE633E85E
:10F11C00A700B366C70031E463180800638B061AB6
:10F12C00BA873285AE8499B9E38A06C43308C540E0
:10F13C00B3380501B386E740B38616419398860031
:10F14C0063DA08003305A640B307F7403336A60050
:10F15C00918FC9BF3365D80063010518B687428506
:10F16C0031B9631A0800638C0616BA873285AE84EF
:10F17C001304F07F21B1EDDEE1B3B309C540B33622
:10F18C0035013389E7403309D9409316890063D898
:10F19C000606B309A640B307F74033363601338968
:10F1AC00C740AE84630309064A85EF1000141307A9
:10F1BC0085FFFD4763C1E70693060002998EB317DE
:10F1CC00E900B3D6D900DD8E3395E900634E87068E
:10F1DC00018F930717007D466345F6041307000261
:10F1EC001D8FB355F5003396E6003315E5004D8EB3
:10F1FC003335A000518DB3D7F600014441B633E549
:10F20C0029014DF181470144F9A04E85EF10E00D25
:10F21C001305050269BF130585FDB396A9000145C9
:10F22C0075B705179305000233D7E60001466387CF
:10F23C00B700130600041D8E3396C600518D33356E
:10F24C00A000598D814755BFB70780FFFD17198C5A
:10F25C00F58F2DB6BA8732852E840DB6BA873285D6
:10F26C0031BE1304F07F8147014513978700635B20
:10F27C00070005041307F07F6308E406370780FFD7
:10F28C007D17F98F1397D7010D81598D1307F07FD7
:10F29C008D836319E4005D8D814709C5B7070800AC
:10F2AC000145814413174401B706F07FB207F240C1
:10F2BC006244758FB183FE04D98F33E797004249BE
:10F2CC00D244B249BA8505618280BA8732854284BC
:10F2DC0091BD81470145814449BF8147EDBF01453F
:10F2EC008144B70740008DB18147014561BF3707A5
:10F2FC0010009307F7FF33F7B700D18193C5F5FFE3
:10F30C00F58F13985501D18293F6F67F631508009B
:10F31C00498F054509EB1307F07F01456395E6001E
:10F32C00D18F3335F0008280411106C622C426C22B
:10F33C0029CD9357F54133C4A7001D8C9354F50187
:10F34C002285EF00907A1307E041A947098F63C823
:10F35C00A702AD47898F5505B357F4003314A400A9
:10F36C002685B2075207B1837E05D98FB24033E7A9
:10F37C00A700228522449244BA854101828055150A
:10F38C00B317A40026850144E9BF01478147E5BFB7
:10F39C00411113577501370680007D164AC0137949
:10F3AC00F70F13D77501B377A60026C26D8E1377AE
:10F3BC00F70F06C622C49354F501FD818E070E0685
:10F3CC00B306E9406394B412635AD00621E3630C8C
:10F3DC000626FD168DE6B2974A879396570063DB97
:10F3EC00060C05079306F00F6305D726B706007EBB
:10F3FC0013F61700FD168583F58FD18F65A81307BB
:10F40C00F00F631CE9001307F00F6DA01307F00F4A
:10F41C00E30BE9FE37070004598EED45054763CD34
:10F42C00D500930500023357D600B386D54033166A
:10F43C00D6003336C000518FBA9779BFA9CAB3052D
:10F44C002741631D090089CBFD1599E1B29771B76E
:10F45C009306F00F631BD700B287A9A89306F00F91
:10F46C00E30CD7FEB7060004D58F6D458546634D7A
:10F47C00B500930600028D8E33D5B700B397D70035
:10F48C00B337F000B366F500B387C600B9B7930580
:10F49C00190013F7E50F39E363190902D5DF19CA0F
:10F4AC00B2979396570063D70600370700FC7D1779
:10F4BC00F98F054793F67700638E061893F6F700DD
:10F4CC0011466389C618910771A26380071805DE7F
:10F4DC008144B70700021307F00FADAA1307F00F12
:10F4EC006387E516B29785832E87E9B76354D006F8
:10F4FC0021EB4A8761D2FD1681EE918F93965700CE
:10F50C00E3DA06FA370400047D147D8C3A89C5A829
:10F51C009305F00F1307F00FE30EB9F8ED4505470F
:10F52C0063CDD500930500023357D600B386D54082
:10F53C003316D6003336C000518F998F4A877DBF62
:10F54C009305F00F1307F00FE306B9F63707000425
:10F55C00598EE9B7A1CE330527416310090299CB27
:10F56C007D1509E5B307F640AE8449BF9306F00F4D
:10F57C00631CD700B287AE8435BF9306F00FE30B44
:10F58C00D7FEB7060004D58F6D488546634DA8009D
:10F59C0093060002898E33D8A700B397D700B337F0
:10F5AC00F000B366F800B307D6407DBF130719000F
:10F5BC001377E70F05EF6314090289E745FE8147CE
:10F5CC00814449A8E30806EEB386C740139556005C
:10F5DC00B307F640E34105FAFDD2B687E1BDE398E7
:10F5EC0007EEE30706EEB287AE8431BD3384C74025
:10F5FC0013175400635E07023304F640AE84228571
:10F60C00EF00B04E1307B5FF3314E4006346270335
:10F61C0033072741050793060002B357E4003387ED
:10F62C00E6403314E40033348000C18F014759B5F0
:10F63C0079F48147014769B7B70700FCFD17330719
:10F64C00E940E18F85BD4A87B5B5B2876DBB13071D
:10F65C00F00F81479396570063DB0600050793066E
:10F66C00F00F630FD702B70600FCFD16F58F93065B
:10F67C00F00F8D836316D70081C7B7074000814414
:10F68C00B24022443705807F5E07A607698FA583A9
:10F69C001395F401D98F924402495D8D410182800A
:10F6AC008147F1B7011126CA935475014AC84EC659
:10F6BC0052C49319950006CE22CC56C293F4F40F83
:10F6CC002E8A93D999001359F501A5C49307F00F0D
:10F6DC00638EF4068E09B7070004B3E9F90093842E
:10F6EC0014F8814A93577A0113149A0093F7F70F81
:10F6FC002580135AFA01ADC71307F00F638EE70686
:10F70C000E0437070004598C938717F8814613961B
:10F71C002A00558E9D8C7D16B9473345490163E609
:10F72C00C706B7D700809387076E0A063E961C4221
:10F73C008287638409024E85EF00303B9307B5FF47
:10F74C009304A0F8B399F900898C61BF9304F00F6E
:10F75C00894AE38909F88D4A71B78144854A59B7BA
:10F76C0015C02285EF0070389307B5FF3314F400F1
:10F77C009307A0F8898F59BF9307F00F894641D89A
:10F78C008D4671B78147854659B79315540063FB75
:10F79C00890CFD14814613D40501B3D88902C167C5
:10F7AC00FD17ED8FC18233F7890246863388170324
:10F7BC004207558F637C07012E971386F8FF63670A
:10F7CC00B700637507011386E8FF2E9733070741CF
:10F7DC003358870233778702B386070393170701E1
:10F7EC00428763FCD700AE971307F8FF63E7B700B7
:10F7FC0063F5D7001307E8FFAE9713140601958F36
:10F80C00598CB337F0005D8C1387F4076358E0080C
:10F81C009377740099C79377F40091466383D7006C
:10F82C0011049317440063D80700B70700F8FD17BD
:10F83C007D8C138704089307E00F0D8063C5E704E4
:10F84C005E07B707807F26047D8F2580598C7E0547
:10F85C00F240418D6244D2444249B249224A924A12
:10F86C00056182809396F90193D919002DB74A85C9
:10F87C004E84D6868D476382F60685476385F606E9
:10F88C008947E393F6F801441307F00F55BF5285EF
:10F89C00D5B73704400001458D46E9BF8547998FA0
:10F8AC006D476342F7049384E409B357F4003314AF
:10F8BC009400333480005D8C9377740099C79377F0
:10F8CC00F40011476383E7001104931754000D8073
:10F8DC0063DC070001440547A5B737044000130754
:10F8EC00F00F0145B1BF0144014799BF37078000B4
:10F8FC007D17935675013378A70013D6750193576E
:10F90C00F50193F6F60F1305F00F6D8F1376F60FC6
:10F91C00FD816395A6000545631408021305F00FDD
:10F92C006314A600054509EF0545639BC6006319E2
:10F93C00E8006386B70089E6333500018280014513
:10F94C00828093567501B7078000FD1713D7750198
:10F95C0093F6F60F1308F00F33F6A7001377F70F93
:10F96C00ED8F7D81FD816395060139C279558280C9
:10F97C0063130701E5FF9DEE11E38DCB01CA631400
:10F98C00B5006359D7000DC17D5582807D5591C559
:10F99C002E85828063D4E60065D98280E3E5C7FEBC
:10F9AC00E36CF6FE014582800545828065DEE1BF91
:10F9BC00E302D7FC69F7E1DBD9B793567501B707BA
:10F9CC008000FD1713D7750193F6F60F1308F00F8F
:10F9DC0033F6A7001377F70FED8F7D81FD816395CB
:10F9EC00060139C20945828063130701E5FF9DEECC
:10F9FC0011E38DCB01CA6314B5006359D7000DC157
:10FA0C007D5582807D5591C52E85828063D4E6001C
:10FA1C0065D98280E3E5C7FEE36CF6FE0145828082
:10FA2C000545828065DEE1BFE302D7FC69F7E1DBC7
:10FA3C00D9B701114AC81359750126CA4EC652C40A
:10FA4C009314950006CE22CC56C21379F90F2E8A48
:10FA5C00A5809359F501630609069307F00F630F10
:10FA6C00F9068E04B7070004DD8C130919F8814AD6
:10FA7C0093577A0113149A0093F7F70F2580135AB2
:10FA8C00FA01B5C71307F00F638FE7060E043707AB
:10FA9C000004598C938717F8014793962A00D98E46
:10FAAC00CA97FD16B94533C549011386170063E59E
:10FABC00D506B7D700809387C7718A06BE969C423D
:10FACC0082879DC02685EF0050029307B5FF13096E
:10FADC00A0F8B394F4003309A94051BF1309F00FF7
:10FAEC00894AD9D48D4A69B70149854A51B715C09D
:10FAFC002285EF00807F9307B5FF3314F400930742
:10FB0C00A0F8898F51BF9307F00F094759D40D47BF
:10FB1C0069B78147054751B741679308F7FF93D6FB
:10FB2C00040193550401B3F4140133741401330824
:10FB3C00940233848602B386B602B385950293543D
:10FB4C000801A295AE9463F38400BA9633F71401BE
:10FB5C00420733781801429713146700C18033347D
:10FB6C0080006983B694418F9A0433E4E4001397C0
:10FB7C004400635707069357140005885D8C1307E0
:10FB8C00F6076351E0069377740099C79377F400F6
:10FB9C0091466383D70011049317440063D8070080
:10FBAC00B70700F8FD177D8C130706089307E00FC5
:10FBBC000D8063DDE70601441307F00F85A84E8521
:10FBCC00268456878947E308F7FE8D47630BF704B5
:10FBDC008547E316F7FA0144014789A85285DDB73A
:10FBEC003E8671BF8547998F6D47E346F7FE130636
:10FBFC00E609B357F4003314C400333480005D8C31
:10FC0C009377740099C79377F40011476383E700E7
:10FC1C001104931754000D80E3D007FC01440547F1
:10FC2C0031A0370440001307F00F01455E07B707FA
:10FC3C00807F26047D8F2580598C7E05F240418D76
:10FC4C006244D2444249B249224A924A05618280B6
:10FC5C00B70680004111FD161356750193D8750136
:10FC6C00B3F7A60026C2ED8E4AC01376F60F935456
:10FC7C00F50193F8F80F06C622C41305F00F32896C
:10FC8C008E074687FD818E066393A80099E293C583
:10FC9C0015003308164163929512635D0007639259
:10FCAC000804638E06267D1863160802B697328701
:10FCBC009396570063DD060C05079306F00F630659
:10FCCC00D726B706007E13F61700FD168583F58F31
:10FCDC00D18F75A81307F00F631CE6001307F00F04
:10FCEC007DA01307F00FE30BE6FE37070004D98E57
:10FCFC00ED45054763CE050113070002B3D5060198
:10FD0C0033080741B3960601B336D00033E7D5006C
:10FD1C00BA9771BF630A0804B385C84009EE6382C1
:10FD2C000720FD1599E1B69761B71306F00F639B99
:10FD3C00C800B68765B71306F00FE38CC8FE37060C
:10FD4C000004D18F6D450546634DB50013060002C6
:10FD5C000D8E33D5B700B397C700B337F0003366B9
:10FD6C00F500B307D600A9B79305160013F7E50FF6
:10FD7C000DEF0DEA6387071A99CAB6979396570049
:10FD8C0063D70600370700FC7D17F98F054793F6FC
:10FD9C007700638D061893F6F70011466388C61832
:10FDAC00910769A2D9D79DDA09AA1307F00F638CC2
:10FDBC00E516B69785832E87D9BF63570007639BDB
:10FDCC0008043287E9D67D18631D0800958F939639
:10FDDC005700E3DE06FA370400047D147D8C3A8963
:10FDEC00E5A89305F00F1307F00FE302B6FAED4503
:10FDFC00054763CE050113070002B3D5060133088E
:10FE0C000741B3960601B336D00033E7D500998F7E
:10FE1C00328775BF9305F00F1307F00FE309B6F6A1
:10FE2C0037070004D98EE1B7630C08043385C8404A
:10FE3C0019EEB9CF7D1509E5B387F640AE8441BF05
:10FE4C001306F00F639CC800B687AE8441BD130641
:10FE5C00F00FE38BC8FE37060004D18F6D480546C2
:10FE6C00634DA80013060002098E33D8A700B39780
:10FE7C00C700B337F0003366F800B387C6407DBFC8
:10FE8C00130716001377E70F1DEF0DE681E785C208
:10FE9C00B68719A8E38D06EE3386D74013155600A6
:10FEAC0063560500B387F640AE84D5B571E681473D
:10FEBC008144ADA8E39907EEC1FA8144B70700026B
:10FECC001307F00FA5A03384D74013175400635DBC
:10FEDC0007023384F640AE84228501291307B5FF4F
:10FEEC003314E400634627033307274105079306C1
:10FEFC000002B357E4003387E6403314E400333494
:10FF0C008000C18F014761B561F8814701474DB74A
:10FF1C00B70700FCFD173307E940E18F8DBD328731
:10FF2C00BDB5B687ADB51307F00F81479396570053
:10FF3C0063DB060005079306F00F6301D704B706D1
:10FF4C0000FCFD16F58F9306F00F8D836316D7001A
:10FF5C0081C7B70740008144B24022443705807FF7
:10FF6C005E07A607698FA5831395F401D98F924478
:10FF7C0002495D8D41018280B28711BD8147E1B795
:10FF8C0037068000135775019307F6FF1377F70FA9
:10FF9C009305E007E98F9356F50163F1E5049305AA
:10FFAC00D00963F8E500370500801345F5FF369559
:10FFBC00828033E5C7009307500963DAE700130723
:10FFCC00A7F63315E50081CE3305A0408280930758
:10FFDC0060093387E7403355E500F5B7014582806A
:10FFEC00411106C622C426C255C59357F54133C4E8
:04FFFC00A7001D8CB1
:02000004800179
:100000009354F5012285C52C9307E0092A8733858F
:10001000A7409307600963C4A702A14763D5E7001F
:1000200061173314E40026045E052580498C13957E
:10003000F401B240418D22449244410182809307F1
:10004000900963DDA7009547998F9306B701B357D1
:10005000F4003314D400333480005D8C954763D6AC
:10006000E7009307B7FF3314F400B70700FCFD1750
:1000700093767400E18F91C63D8891466303D40066
:1000800091079396570063DA0600B70600FCFD1649
:100090001304F009F58F3305E44013D4370061B73A
:1000A0008144014449B7411122C406C62A848147CC
:1000B00019CD91249307E009898F130760096341E3
:1000C000F70221476355A70061153314A4002604E5
:1000D000258013957701B240418D224441018280F1
:1000E00013079009635DF7001307B50195463317B1
:1000F000E400898E3337E0003354D400598C15471F
:100100006356A7001307B5FF3314E400370700FC5C
:100110007D1793767400618F91C63D889146630385
:10012000D40011079316570063D90600B70700FCE7
:10013000FD177D8F9307F009898F1354370041BF56
:1001400093577501411193F7F70F22C426C2131478
:1001500095009354F5011385170006C61375E50F36
:1001600025800DC513850738935734007604B207F0
:100170005205B183C98F1395F401B24033E7A7004C
:10018000228522449244BA854101828095EB65D054
:1001900022859522A94763CFA700AD47898F130712
:1001A0005501B357F4003314E400130790383305B6
:1001B000A74075BF930755FFB317F4000144F5B787
:1001C000814719C493573400370708007604D98F44
:1001D0001305F07F69BF1396C50013D845019357E7
:1001E000D5011378F87F25825D8E9307180093F769
:1001F000E77FFD8113173500D1C3930608C8930725
:10020000E00F63CBD7086342D006A55763CAF60C4C
:10021000B707800079455D8E158DFD4763C3A70242
:10022000130828C8B3170701B337F00033160601C7
:100230003355A700D18FC98F814613F7770025C3A7
:1002400055A0F957B386D74093070002B356D6009E
:1002500081486306F500130828CAB3180601B3E7FE
:10026000E800B337F000D58FC1BF1A053335A000C1
:100270000E069357D701498ED18FC1B7B367E600F9
:1002800063150800B337F00045BF9306F00F81CB2C
:100290000E06B7070002CDB781479306F00F1397FC
:1002A0005700635B070085061307F00F6383E604BE
:1002B000370700FC7D17F98F1307F00F8D836396C6
:1002C000E60081C7B707400081453705807FDE061D
:1002D000A607E98EA583D58F1395F5015D8D8280E4
:1002E0008547814613F7F7001146E30AC7FA9107DD
:1002F0007DB78147D1B7C1676376F5029307F00FE9
:10030000B3B7A7008E0737D70080930600029D8EF3
:100310003355F500930787753E95034505003385F2
:10032000A640828037070001C147E36EE5FCE14744
:10033000D9BF03A5419D82803D432A876373C302D1
:100340009377F700BDEFADE5937606FF3D8ABA9649
:100350000CC34CC30CC74CC74107E36BD7FE11E27B
:100360008280B306C3408A06970200009696678093
:10037000A6002307B700A306B7002306B700A3050E
:10038000B7002305B700A304B7002304B700A303F5
:10039000B7002303B700A302B7002302B700A301ED
:1003A000B7002301B700A300B7002300B700828085
:1003B00093F5F50F93968500D58D93960501D58D10
:1003C00061B7939627009702000096968682E78091
:1003D00086FA9680C1171D8F3E96E374C3F8A5B7C1
:1003E000411122C406C6937735002A8495EB184143
:1003F0003706FFFE1306F6EFB307C700B786808007
:100400001347F7FF93860608F98FF58F91EB584154
:100410001105B307C7001347F7FFF98FF58FE5DB29
:100420008347050089C7834715000505EDFF312087
:10043000B2402285224441018280B367B5008D8B92
:10044000B1EF9841B7867F7F9386F6F7B377D700F1
:10045000B697D98FD58F7D56639BC7042A867D5862
:1004600018C2D84191051106B377D700B697D98F36
:10047000D58FE38707FF83C7050003C7150083C631
:1004800025002300F60099C7A300E60001C7230159
:10049000D60091E28280A30106008280AA8703C76A
:1004A000050085078505A38FE7FE75FB82802A86F8
:1004B000D9B7937735002A8795EFB7867F7F9386E4
:1004C000F6F7FD5510431107B377D600B697D18FD5
:1004D000D58FE389B7FE8346C7FF0346D7FF83471F
:1004E000E7FF098F8DC60DC23335F0003A957915B7
:1004F0008280E1D683470700050793763700F5FB36
:10050000098F1305F7FF82801305D7FF828013053B
:10051000C7FF8280B3E7A5008D8B2A87B1EB8D479B
:1005200063F8C7043703FFFEB78880801303F3EF37
:10053000938808080D4E9441B387660013C8F6FFF0
:10054000B3F70701B3F7170185E714C37116110755
:100550009105E362CEFE85059307170011CE83C691
:10056000F5FF1308F6FFA38FD7FE81CA3E874286A8
:1005700085059307170065F682803A9663080800A0
:100580008507A38F07FEE39DC7FE8280828013014B
:1005900001BB2324814423229144232E314323246D
:1005A00081432326114423202145232C4143232A20
:1005B000514323286143232671432322914323205F
:1005C000A143232EB1418547B6892A842E8CB2845B
:1005D00063F0D72E0146854D8546FD5C09A8B38D95
:1005E00097413E868546B307D60063F737033387C6
:1005F00094013697B385F40083C5050003470700CF
:10060000E3EFE5FC6386E514B28C85460506B30787
:10061000D600854DE3ED37FD8145054805467D55FE
:10062000054709A83308A740BA8505463387C500A2
:1006300063773703B387C400B386E400AA9783C601
:10064000060083C70700E3EFD7FC6387F6102E850B
:10065000054685053387C5000548E36D37FD05056B
:10066000850C63649501C28DAA8C1C081307014197
:1006700023A037019107E31DF7FE1389F9FFB38526
:100680009900268733862401638F0900834707007A
:1006900013050141B306E6408A07AA97050723A080
:1006A000D7C0E395E5FE6686B385B40126856D2641
:1006B00063150512856B054A9387FCFF938B0B80AE
:1006C000014B014D330A9A413EC6B38AB941B3EB9F
:1006D0007901B305A401B387250183C70700130778
:1006E00001418A07BA9783A707C0BDCB63050B00FA
:1006F00063F3B701D6873E9D014BB3073C41E3FA54
:10070000A7FD33058401DE8549292A9CB3073C41B6
:10071000E3F1A7FD01458320C144032481448324E0
:100720004144032901448329C143032A8143832A85
:100730004143032B0143832BC142032C8142832C71
:100740004142032D0142832DC141130101458280A5
:10075000638BDD14850641BD630406150506F9B5F6
:10076000668763F36C015A8763702703B307A70199
:100770003388E400A2978346080083C70700639389
:10078000F6040507E36427FF3247668863669B012A
:100790001DA0630D67032A87B307A701B386E40092
:1007A000A29783C6060083C7070013081700130526
:1007B000F7FFE380F6FE13061B00636EC8006E9D14
:1007C000568B25BF529D3A9D014B05BF5A88130693
:1007D0001B00E376C8FE2E853DBFB38A994163EFC7
:1007E0009A0B056B054A130B0B80850A814B330A64
:1007F0009A417D5D33EB690133067401B30726012D
:1008000083C70700130701418A07BA9783A707C068
:1008100085CFBE9BB3073C41E3F077FF33058401EE
:10082000DA85A52E2A9CB3073C41E3E577EF330632
:100830007401B307260183C70700130701418A0724
:10084000BA9783A707C0F1F7668763E62C0115A066
:10085000050763702703B30777013388E400A29785
:100860008346080083C70700E384F6FED29BBA9B49
:1008700055B79387FCFF6395A7010DA86388A7036D
:1008800033877701B386F400229783C606000347B7
:100890000700FD17E384E6FED69BADBFE68A91B75D
:1008A000B295054661B36E96854635BB3285A5B5D2
:1008B000854D814C5DBB1D71A2CCA6CA86CECAC82F
:1008C000CEC6D2C4D6C2AE8483C505002A84E1C197
:1008D00083C614006382061203C7240079C303C6CB
:1008E0003400630E061083C74400F1CF2685EFF075
:1008F0005FBC2A899365052022854524636C250FFA
:100900009307E00F63E32715B3092541130600049D
:10091000930519000A85A299EFF01FA26305090249
:100920001376F90F2687B3059900269683470700AB
:100930008800B306E64093F7F703AA9705072380DC
:10094000D7FCE395E5FE856A938A0A807D14B30798
:10095000240183C70700980093F7F703BA9703C5EC
:1009600007FC2A9463F68900D1A0529463E0890CB5
:10097000B307240183C707009800228593F7F70384
:10098000BA974A86A68503CA07FCF92079FDF64086
:1009900022856644D6444649B649264A964A256188
:1009A0008280C20503470500D58D814711A036849A
:1009B000C207D98F21C30347140093061400E3989C
:1009C000F5FE7D14E9B793970601E205834605001D
:1009D000CD8FD18F2207D98F91CE014719A0638384
:1009E000E706228522070504558F83460400E5FAB1
:1009F000638AE704014461BF4D282A8449BF939765
:100A00008501939506012207CD8FD98F8346050076
:100A1000014711A03284558F2207E9DE8346140076
:100A200013061400E398E7FE791495B7338529017E
:100A300083470500E1D3D6858D22AA99E3F889F092
:100A40000144B1B71304D5FF99B7AA85CA86228598
:100A50002686353E2A8425BF8D4763F0C702B367DB
:100A6000B5008D8B8D469DEF18419C41631CF702AC
:100A7000711611059105E3E9C6FE9306F6FF0DC256
:100A80008506AE9619A0638DD5008347050003C780
:100A9000050005058505E388E7FE3385E74082808C
:100AA000014582809306F6FFE1BF93F6F50F937739
:100AB0003500D1CA91CB83470500C1C76384D708ED
:100AC000050593773500E5FB93F5F50F93978500C2
:100AD000DD8D1841139305013363B3003708FFFE22
:100AE0003346E3001308F8EFB3070601B305070127
:100AF0001346F6FF1347F7FFF18F6D8FB78880809D
:100B0000D98F93880808B3F717019DE35841110561
:100B100033466700B3070701B30506011347F7FF24
:100B20001346F6FFF98F6D8ED18FB3F71701F9DFFA
:100B30008347050099C76381F606834715000505BD
:100B4000FDFB0145828081CB83470500E5DF05057C
:100B500093773500F5FB18413706FFFE1306F6EFD5
:100B6000B307C700B78680801347F7FFF98F9386D6
:100B70000608F58F91EB58411105B307C7001347DD
:100B8000F7FFF98FF58FE5DB83470500C5DF834766
:100B900015000505EDFF828082802A86B306B60027
:100BA0002E85B28789E511A885076387F60003C7FC
:100BB00007007DFB3385C7408280828000000000F3
:100BC0000A657874726163745F69655F636F6465F9
:100BD00020656E74657265640A000000657863655F
:100BE0007074696F6E20636F6465203D2025780AFC
:100BF00000000000657874726163745F69655F630B
:100C00006F6465206578697465640A000A646566C6
:100C100061756C745F68616E646C657220656E747A
:100C2000657265640A0000000A68616E646C655F45
:100C30007472617020656E74657265640A000000EC
:100C40000A547261703A206D6361757365203D20AE
:100C500025782C20657063203D2025780A0000004F
:100C600073697A656F662875696E7470747229206D
:100C7000203D202564200A00536F75726365206F44
:100C80006620547261703A20496E74657272757094
:100C9000740A0000536F75726365206F662054728A
:100CA00061703A20536F6674776172650A000000C4
:100CB00068616E646C655F747261702065786974D8
:100CC00065640A000A2070616E6963200A000000F2
:100CD000286E756C6C290000EA48FFFF2C49FFFF65
:100CE000BC4BFFFFE649FFFFBC4BFFFFBC4BFFFFC8
:100CF000BC4BFFFFBC4BFFFFBC4BFFFFD848FFFFC7
:100D0000BC4BFFFFBC4BFFFFCE4AFFFFBC4BFFFFBE
:100D1000BC4BFFFFBC4BFFFFFE48FFFFBC4BFFFF80
:100D20005A4AFFFFBC4BFFFFBC4BFFFF424BFFFF8C
:100D3000747261705F696E697420656E7465726546
:100D400064200A2000000000747261705F696E699F
:100D50007420657869746564200A2000696E69747E
:100D600020656E7465726564200A2000696E69747E
:100D7000206578697465640A0000000000000000C6
:100D800061646472203D2025782064617461203D97
:100D90002025780A0000000048AFBC9AF2D77A3EBE
:100DA0000A636F6E6669677572655F636F756E74EF
:100DB000657220656E74657265640A006D74696D94
:100DC00065636D702076616C7565203D2025640A31
:100DD000000000006D74696D652076616C7565209A
:100DE0003D2025640A0000000A636F6E666967751E
:100DF00072655F636F756E7465722065786974657E
:100E0000640A00000A6D6163685F636C696E745FF9
:100E100068616E646C657220656E74657265640AE3
:100E2000000000006D74696D65636D702076616C03
:100E30007565203D2025780A000000006D74696DFD
:100E4000652076616C7565203D2025780A000000DC
:100E50006D6163685F636C696E745F68616E646C1A
:100E60006572206578697465640A00000A696E74A9
:100E70006572727570745F636F6D706C65746520F8
:100E8000656E74657265640A00000000696E7465C1
:100E900072727570742069642025642C20737461EB
:100EA0007465206368616E67656420746F202564D3
:100EB0000A000000696E746572727570742069644E
:100EC000203D202578200A20726573657420746F98
:100ED0002064656661756C742076616C756573203D
:100EE0007374617465203D20257820090920200A4B
:100EF000207072696F72697479203D2025780A200C
:100F0000636F756E74203D2025780A00696E7465E4
:100F100072727570745F636F6D706C657465206557
:100F200078697465640A00000A696E746572727586
:100F300070745F636C61696D5F7265717565737400
:100F400020656E74657265640A000000696E7465E0
:100F50007272757074206964205B25785D20636C03
:100F600061696D65642020617420616464726573D9
:100F7000732025780A000000696E746572727570BE
:100F8000745F636C61696D5F726571756573742000
:100F90006578697465640A000A6D6163685F706CE6
:100FA00069635F68616E646C657220656E746572FA
:100FB00065640A00696E7465727275707420696484
:100FC00020636C61696D6564203D2025780A00000E
:100FD000466174616C206572726F722C20696E7448
:100FE000657272757074206964205B25785D20637A
:100FF0006C61696D65642069732077726F6E670A32
:1010000000000000696E7465727275707420696406
:1010100020256420636F6D706C657465200A000084
:101020000A6D6163685F706C69635F68616E646CB0
:101030006572206578697465640A00000A697372D4
:101040005F64656661756C7420656E746572656455
:101050000A000000696E74657272757074205B25F9
:10106000645D2073657276696365640A0000000040
:101070000A6973725F64656661756C74206578696E
:101080007465640A000000000A696E746572727506
:1010900070745F656E61626C6520656E7465726503
:1010A00064200A00696E746572727570745F696499
:1010B000203D2025780A0000504C494320424153EE
:1010C000452041444452455353203D2025782C204F
:1010D000504C494320454E41424C45204F464653D3
:1010E0004554203D2025780A00000000696E746593
:1010F00072727570745F656E61626C655F61646465
:1011000072203D2025782063757272656E745F765B
:10111000616C7565203D202578200A0076616C752C
:101120006520726561643A206E65775F76616C75E3
:1011300065203D2025780A000A696E746572727513
:1011400070745F656E61626C652065786974656452
:10115000200A00000A696E746572727570745F64AB
:10116000697361626C6520656E7465726564200ADE
:1011700000000000504C4943204241534520414467
:101180004452455353203D2025782C20504C494350
:1011900020454E41424C45204F4646534554203D44
:1011A00020257820696E746572727570745F696449
:1011B000203D2025780A0000696E74657272757092
:1011C000745F64697361626C655F61646472203D21
:1011D0002025782063757272656E745F76616C7518
:1011E00065203D202578200A00000000696E7465A6
:1011F00072727570745F64697361626C6520657882
:10120000697465640A0000000A73657420696E746D
:101210006572727570745F7468726573686F6C6400
:1012200020656E74657265640A000000706C696305
:10123000207468726573686F6C64207365742074C1
:101240006F2025640A00000073657420696E746560
:1012500072727570745F7468726573686F6C642005
:101260006578697465640A000A2073657420696E84
:1012700074657272757074207072696F72697479B6
:1012800020656E74657265642025780A0000000090
:10129000696E746572727570745F7072696F72696D
:1012A00074795F61646472657373203D2025780AE8
:1012B0000000000063757272656E74206461746171
:1012C00020617420696E746572727570745F7072DB
:1012D000696F726974795F61646472657373203DCC
:1012E0002025780A00000000206E65772064617474
:1012F0006120617420696E746572727570745F70BC
:1013000072696F726974795F616464726573732066
:101310003D2025780A00000073657420696E7465AD
:101320007272757074207072696F72697479206559
:1013300078697465640A00000A636F6E6669677590
:10134000726520696E746572727570742070696E52
:1013500020656E74657265640A0000004750494F4D
:1013600020444952454354494F4E20524547495322
:101370005445522056414C5545203D2025780A00C1
:1013800044617461207772697474656E20746F2093
:101390004750494F20444952454354494F4E2043FA
:1013A00054524C20524547203D2025780A00000029
:1013B000636F6E66696775726520696E74657272B7
:1013C0007570742070696E206578697465640A00B0
:1013D0000A706C69635F696E697420656E7465720A
:1013E00065640A0041737369676E6564206D6163AB
:1013F000685F706C69635F68616E646C65722074AD
:101400006F2074726170206964203A2025640A009C
:101410000A2A2A2A2A2A2A2A2A2A2A2A2A2A2A2A4C
:101420002A2A2A2A2A2A2A2A2A2A2A2A2A2A2A2A1C
:101430002A2A2A2A2A2A2A2A2A2A2A2A2A2A2A2A0C
:101440002A0000000A696E746572727570742069F2
:1014500064203D202578200A726573657420746FBE
:101460002064656661756C742076616C75657320A7
:101470007374617465203D202578200909092020B6
:101480000A7072696F72697479203D2025780A6349
:101490006F756E74203D2025780A200909092020E7
:1014A0000A2A2A2A2A2A2A2A2A2A2A2A2A2A2A2ABC
:1014B0002A2A2A2A2A2A2A2A2A2A2A2A2A2A2A2A8C
:1014C0002A2A2A2A2A2A2A2A2A2A2A2A2A2A2A2A7C
:1014D0002A2A0000706C69635F696E697420657800
:1014E00069746564200A00000A636F6E6669677537
:1014F00072655F696E7465727275707420656E7462
:1015000065726564200A0000636F6E6669677572B4
:10151000655F696E74657272757074206578697440
:101520006564200A000000000A506572696F64203B
:1015300052656769737465722056616C75652068C1
:101540006967686572207468616E206D61782076C5
:10155000616C756520282578290000000A205065F7
:1015600072696F64205265676973746572206F6673
:10157000206D6F64756C65206E756D6265722025D7
:10158000642073657420746F202578000A44757494
:10159000792052656769737465722056616C756550
:1015A00020686967686572207468616E206D617873
:1015B0002076616C75652028257829000A204475FD
:1015C0007479205265676973746572206F66206D47
:1015D0006F64756C65206E756D6265722025642080
:1015E00073657420746F2025780000000A436F6EC5
:1015F00074726F6C205265676973746572205661EE
:101600006C756520686967686572207468616E2012
:101610006D61782076616C75652028257829000039
:101620000A20436F6E74726F6C2052656769737421
:101630006572206F66206D6F64756C65206E756DC8
:101640006265722025642073657420746F2025788C
:10165000000000000A2052756E6E696E6720696E88
:1016600020636F6E74696E756F7573206D6F64653E
:1016700028312F30293A2025640000000A436C6F7E
:10168000636B2052656769737465722056616C756F
:101690006520686967686572207468616E206D6195
:1016A000782076616C756520282578290000000077
:1016B0000A20416C6C2072656769737465727320CF
:1016C0006F66206D6F64756C65206E756D626572F6
:1016D00020256420636C6561726564000A20416C9A
:1016E0006C2052656769737465722076616C7565EC
:1016F00073206F6620616C6C206D6F64756C657310
:1017000020636C6561726564000000000A20437507
:101710007272656E74204D6F64756C6520697320FC
:1017200073657420746F2050574D206D6F64650091
:101730000A2043757272656E74204D6F64756C6516
:101740002069732073657420746F2074696D6572ED
:10175000206F6E6365206F6E6C79206D6F6465001D
:101760000A2043757272656E74204D6F64756C65E6
:101770002069732073657420746F2074696D6572BD
:1017800020636F6E74696E756F7573206D6F64651D
:10179000000000000A2050574D206D6F64756C6585
:1017A000206E756D62657220256420686173206209
:1017B00065656E20656E7465726564000A20505719
:1017C0004D206D6F64756C65206E756D626572205D
:1017D0002564206E6F7420656E7465726564000008
:1017E0000A204572726F7220696E20736574746985
:1017F0006E6720636C6F636B2072656769737465D5
:10180000720000000A204572726F7220696E2073A8
:10181000657474696E672064757479207265676990
:1018200073746572000000000A204572726F7220A6
:10183000696E2073657474696E6720706572696F74
:101840006420726567697374657200000A50574DB1
:101850002025642073756363657366756C6C7920ED
:10186000636F6E6669677572656400000A20505781
:101870004D206D6F64756C65206E756D62657220AC
:10188000256420686173206265656E2073746F70D3
:10189000706564000A5468652076616C7565206F18
:1018A0006620706572696F6420726567697374651C
:1018B00072206973202578000A5468652076616C6F
:1018C0007565206F66206475747920726567697329
:1018D0007465722069732025780000000A546865D9
:1018E0002076616C7565206F6620636F6E74726F11
:1018F0006C2072656769737465722069732025783E
:10190000000000000A5468652076616C7565206FE0
:101910006620636C6F636B207265676973746572B0
:10192000206973202578000041737369676E6564D0
:1019300020637573746F6D5F636C696E745F68614B
:101940006E646C657220746F2074726170206964BB
:10195000203A2025640A0000436865636B696E675E
:101960002069662072733438352074696D65646F40
:1019700075743F0A000000000A5253343835207451
:10198000696D6564206F75740A00000054696D65A7
:101990006F75742066726F6D2072656164696E6721
:1019A0002066756E6374696F6E0A00005253343896
:1019B00035206170706C69636174696F6E206D6F42
:1019C00064756C6520696E69740A00002D2D2D2DDB
:1019D0002D4D657465722049642025643A494E494D
:1019E000542026204F46462D2D2D2D2D0A00000077
:1019F0002D2D2D2D2D2D2D2D2D4D657465722049EC
:101A0000642025643A52454C4159204F4E2D2D2DCE
:101A10002D2D2D2D2D2D0A002D2D2D2D2D2D2D2D46
:101A20002D4D657465722049642025643A52454CF9
:101A30004159204F46462D2D2D2D2D2D2D2D2D0A72
:101A4000000000002D2D2D2D2D2D2D2D4D657465A3
:101A5000722049642025643A52454C415920457210
:101A6000726F722D2D2D2D2D2D2D0A0049535220D0
:101A700063616C6C65640A002D2D2D2D52656164C7
:101A8000696E67204D657465722049643A2564204B
:101A90002D2D2D2D0A0000002573203D2000000073
:101AA000256C66200A000000256C660A0000000014
:101AB0004E616D65206F6620706172616D65746541
:101AC00072206E6F7420666F756E64200A000000CD
:101AD0004273FFFF807AFFFF9C73FFFF807AFFFF56
:101AE000F673FFFF807AFFFF5074FFFF807AFFFFDD
:101AF000A874FFFF807AFFFF0075FFFF807AFFFF69
:101B00005875FFFF807AFFFFB075FFFF807AFFFFF7
:101B10000876FFFF807AFFFF807AFFFF807AFFFF61
:101B2000807AFFFF807AFFFF807AFFFF807AFFFFD5
:101B30006076FFFF807AFFFFB876FFFF807AFFFFB5
:101B40001077FFFF807AFFFFC077FFFF807AFFFFEB
:101B50001878FFFF807AFFFF7078FFFF807AFFFF21
:101B6000807AFFFF807AFFFF807AFFFF807AFFFF95
:101B7000807AFFFF807AFFFF807AFFFF807AFFFF85
:101B8000807AFFFF807AFFFF807AFFFF807AFFFF75
:101B9000807AFFFF807AFFFF807AFFFF807AFFFF65
:101BA000807AFFFF807AFFFF807AFFFF807AFFFF55
:101BB000807AFFFF807AFFFF807AFFFF807AFFFF45
:101BC000807AFFFF807AFFFF807AFFFF807AFFFF35
:101BD000807AFFFF807AFFFF807AFFFF807AFFFF25
:101BE000807AFFFF807AFFFF6877FFFF807AFFFF30
:101BF000C878FFFF807AFFFF2079FFFF43686563A5
:101C00006B206D6F64756C652070726573656E74A2
:101C10000A00000041542B5253540000415400006C
:101C2000415445300000000041542B474D52000004
:101C30004F4B0000726561642066726F6D206573A2
:101C400070383236362025730A0000004552524F54
:101C50005200000072656164206578656375746583
:101C600064200A00436F6E6E656374696E672E2090
:101C7000202020200000000052455345540A000057
:101C80004543484F204F46460A000000436F6E6EA2
:101C9000656374696E672E2E2020202000000000EE
:101CA00041542B43574D4F44453D310041542B4344
:101CB000574A41505F4355523D2253454D222C22F5
:101CC00031323334313233342200000041542B534B
:101CD0004C4545503D300000534C454550204D4F3C
:101CE00044452044495341424C45440A0000000009
:101CF000436F6E6E656374696E672E2E2E202020F2
:101D000000000000436F6E6E656374696E672E2E6F
:101D10002E2E202000000000527365742057694663
:101D2000692E2E2E2020200041542B43495053541D
:101D30004152543D22544350222C223139322E310B
:101D400036382E342E31222C383000002573000016
:101D5000434F4E4E00000000414C52454144590053
:101D6000436F6E6E656374656421202020202020FF
:101D700000000000202020202020202020202020E3
:101D800020202020000000002B4950442C3000006F
:101D9000446174612066726F6D20636C69656E7456
:101DA00020303A2025730A002B4950442C31000082
:101DB000446174612066726F6D20636C69656E7436
:101DC00020313A2025730A00556E6B6E6F776E20B6
:101DD0006461746120736F757263653A2025730ABC
:101DE0000000000041542B434D47463D31000000A8
:101DF00041542B434D4744413D44454C20414C4CBC
:101E00000000000041542B435245473D3100000083
:101E1000436F6E6E656374696E672E2E2E202020D0
:101E20002000000055415254312049535220696E20
:101E300069740A000A5541525432204953522069AC
:101E40006E69740A0000000041542B434950534509
:101E50004E443D31300000004953522064617461AA
:101E600020636F6E7461696E7320434D440A0000F5
:101E7000524541444D303120414C4C20504152415B
:101E80000A00000052656164696E67204D312020B0
:101E900020202020000000000A46696E616C204668
:101EA00072616D653D25730A000000004D45544583
:101EB000522030312052454C4159204F4646204354
:101EC0004153450A000000005475726E204F66664B
:101ED000204D3120747269670A0000004469736301
:101EE0006F6E6E656374204D31202020000000006D
:101EF0004D455445522030312052454C4159204FD8
:101F00004E20434153450A005475726E204F6E2097
:101F10004D3120747269670A00000000436F6E6ED5
:101F2000656374204D312020202020200000000017
:101F3000524541444D303220414C4C205041524199
:101F40000A00000052656164696E67204D322020EE
:101F500020202020000000004D4554455220303202
:101F60002052454C4159204F464620434153450A93
:101F7000000000005475726E204F6666204D3220BE
:101F8000747269670A000000446973636F6E6E655E
:101F90006374204D32202020000000004D45544540
:101FA000522030322052454C4159204F4E2043415F
:101FB00053450A005475726E204F6E204D322074C6
:101FC0007269670A00000000436F6E6E65637420DB
:101FD0004D322020202020200000000052454144A6
:101FE0004D303320414C4C20504152410A000000FA
:101FF0004D455445522030332052454C4159204FD5
:10200000464620434153450A000000005475726E55
:10201000204F6666204D3320747269670A00000005
:102020004D455445522030332052454C4159204FA4
:102030004E20434153450A005475726E204F6E2066
:102040004D3320747269670A000000005245414414
:102050004D303420414C4C20504152410A00000088
:102060004D455445522030342052454C4159204F63
:10207000464620434153450A000000005475726EE5
:10208000204F6666204D3420747269670A00000094
:102090004D455445522030342052454C4159204F33
:1020A0004E20434153450A005475726E204F6E20F6
:1020B0004D3420747269670A0000000041542B43BC
:1020C000495053454E443D313534000044617461FC
:1020D0002073656E74212020202020200000000045
:1020E0003031000054696D656F7574206572726FD0
:1020F000722120200000000020200000202020204D
:10210000414E5348554D414E2020202000000000F4
:102110004553542D5368616B746920746573742042
:10212000000000006D6F646520696E6974696174F8
:1021300065642120000000002050726573732073D5
:1021400077697463686573200000000020533420B1
:102150002053332020533220205331200000000030
:10216000533120707265737365640A00202020204B
:102170002020202020202020204F4B200000000085
:10218000533220707265737365640A00202020202A
:1021900020202020204F4B20202020200000000065
:1021A000533320707265737365640A002020202009
:1021B000204F4B2020202020202020200000000045
:1021C000533420707265737365640A00204F4B208E
:1021D000202020202020202020202020000000007F
:1021E0000A3D3D3D3D3D3D4461746120434F4C4CB3
:1021F0004543544F523D3D3D3D3D3D0A00000000EA
:10220000576169742E2E2E2020202020202020208F
:10221000000000004D6574657220746573740000E1
:10222000696E697469617465642100000A0A0A0AAA
:102230003D3D3D3E20456E65726779206D65746554
:10224000722074657374206D6F64652073656C65AE
:102250006374210A0000000054657374696E67207E
:102260006D6574657220666F722049443A30312082
:102270006F6E6C79210A0A0A0000000054657374BD
:10228000204D6574657220312F4F4E0057415454D4
:102290003D00000054657374204D657465722031F3
:1022A0002F4F46460000000020202020204D65745E
:1022B0006572203100000000204D4F4442555320EC
:1022C0004641494C454421000A0A0A54657374206A
:1022D000656E646564206F66206D65746572207735
:1022E0006974682049443A30310A000052657375B8
:1022F0006C743A204641494C4544210A00000000D4
:10230000202054455354205041535345442100004C
:10231000526573756C743A20504153534544210AF9
:102320000000000054657374204D6574657220329E
:102330002F4F4E0054657374204D657465722032C2
:102340002F4F46460000000020202020204D6574BD
:1023500065722032000000000A0A0A546573742076
:10236000656E646564206F66206D657465722077A4
:102370006974682049443A30320A000020205072C3
:102380006573732F52656C656173650053343D57F7
:102390006966692F47534D0020202044432D422079
:1023A0002847534D292020200000000047534D208E
:1023B0006D6F64652073656C65637465640A000005
:1023C00020202044432D4120285769466929202098
:1023D0000000000057694669206D6F6465207365D1
:1023E0006C65637465640A000A4461746120636FFC
:1023F0006C6C6563746F72207265616479210A0088
:102400002D2D2D2D2D2D2D2D44432D412028576967
:102410004669292D2D2D2D2D2D2D2D0A0000000072
:1024200055415254320A000024434D44000000003C
:10243000436F6E6300000000436F6E6E65637465EA
:102440006420576946690A00576946693D20434F31
:102450004E4E454354454400434C4F5345440000C1
:10246000446973636F6E6E65637465642057694673
:10247000690A0000576946693D20202020434C4FDF
:102480005345440053332070726573736564207242
:1024900065736574696E67206C6364200A000000D0
:1024A00041542B43495053454E443D3600000000F3
:1024B0002D2D2D2D2D2D2D2D44432D4220284753DC
:1024C0004D292D2D2D2D2D2D2D2D0A002B434D5415
:1024D000493A000041542B434D474C00436F6D6D0A
:1024E000616E642D3E00000025730A002452535093
:1024F00000000000526573706F6E73652D3E000022
:102500002B435245473A2030000000002B435245F0
:10251000473A203100000000436F6E6E65637465BA
:102520006420202020202020000000002B43524562
:10253000473A2032000000002B435245473A2033EF
:10254000000000002B244E554D0000003020646533
:102550007465637465640A0056616C6964206E7505
:102560006D6265723A2025730A00000024434F4EC5
:102570004649524D4544000044432D423D00000071
:10258000496E56616C69640020202044432D42202E
:102590002847534D2920200047534D204E6574771E
:1025A0006F726B20736561726368200A000000001F
:1025B00041542B434D474C3D2252454320554E52EA
:1025C0004541442200000000526561642075726537
:1025D0006164206D657373616765730A00000000B4
:1025E00041542B434D474C3D2253544F20554E539D
:1025F000454E5422000000005265616420756E73E0
:10260000656E74206D657373616765730A00000001
:1026100000002041000080FF0000807F0000C07F9C
:10262000000000800000004B000080000000803FA0
:1026300000000000000000400000004000000043D7
:10264000000010420000AA420000000000003043D9
:1026500000000000000030C342960080F696008023
:102660004C960080F6960080E8960080F6960080F2
:102670004C9600804296008042960080E89600804A
:102680004C9600802896008028960080289600802E
:1026900050960080429C0080429C00805A9C0080A2
:1026A0003C9C00803C9C0080E89C00805A9C008000
:1026B0003C9C0080E89C00803C9C00805A9C0080F0
:1026C0003A9C00803A9C00803A9C0080E89C008004
:1026D000A2A8008002A90080AAA8008002A9008008
:1026E000F6A8008002A90080AAA80080A2A8008005
:1026F000A2A80080F6A80080AAA800808AA800806E
:102700008AA800808AA80080AEA80080E0AB008084
:10271000E0AB0080F8AB0080DCAB0080DCAB00807D
:102720003EAC0080F8AB0080DCAB00803EAC0080AB
:10273000DCAB0080F8AB0080DAAB0080DAAB008065
:10274000DAAB00803EAC0080000102020303030309
:102750000404040404040404050505050505050531
:102760000505050505050505060606060606060611
:1027700006060606060606060606060606060606F9
:1027800006060606060606060707070707070707E1
:1027900007070707070707070707070707070707C9
:1027A00007070707070707070707070707070707B9
:1027B00007070707070707070707070707070707A9
:1027C0000707070707070707080808080808080891
:1027D0000808080808080808080808080808080879
:1027E0000808080808080808080808080808080869
:1027F0000808080808080808080808080808080859
:102800000808080808080808080808080808080848
:102810000808080808080808080808080808080838
:102820000808080808080808080808080808080828
:102830000808080808080808080808080808080818
:102840000808080808080808002020202020202068
:102850002020282828282820202020202020202050
:102860002020202020202020208810101010101060
:1028700010101010101010101004040404040404AC
:102880000404041010101010101041414141414146
:102890000101010101010101010101010101010128
:1028A0000101010110101010101042424242424238
:1028B00002020202020202020202020202020202F8
:1028C00002020202101010102000000000000000A0
:1028D00000000000000000000000000000000000F8
:1028E00000000000000000000000000000000000E8
:1028F00000000000000000000000000000000000D8
:1029000000000000000000000000000000000000C7
:1029100000000000000000000000000000000000B7
:1029200000000000000000000000000000000000A7
:102930000000000000000000000000000000000097
:102940000000000000000000000000000000000087
:102950001000000000000000037A5200017C010119
:102960001B0D020010000000180000009EABFFFFCE
:102970006603000000000000100000002C000000B2
:10298000F0AEFFFF54030000000000000000000054
:10299000000000000000F03F000000000000F0FF19
:1029A000000000000000F07F0000004003B8E23F9C
:1029B00006D0CF43EBFD4C3E000000000000F83F86
:1029C000000000000000F0BF9C7500883CE4377EEA
:1029D000000000604715F73F44DF5DF80BAE543E42
:1029E000000000000000D03F555555555555D53FC6
:1029F000000000000000E03FFE822B654715F73F16
:102A00000000000000004043EF4E454A287ECA3FC8
:102A100065DBC9934A86CD3F01411DA96074D13F52
:102A20004D268F515555D53FFFAB6FDBB66DDB3F64
:102A3000033333333333E33F00000000000008402A
:102A4000000000E009C7EE3FFD033ADC09C7EE3F96
:102A5000F5015B14E02F3EBEFE822B654715973CC7
:102A600059F3F8C21F6EA50100000000432EE63F97
:102A7000EF39FAFE422EE63F396CA80C615C20BEAD
:102A8000D0A4BE726937663EF16BD2C541BDBB3E74
:102A90002CDE25AF6A56113F93BDBE166CC1663F52
:102AA0003E5555555555C53F0000000000000040FB
:102AB000000000000000F87F00000000000050430C
:102AC0009C7500883CE437FE59F3F8C21F6EA5815F
:102AD000000000000000903C10DC0080E0FFFF8F51
:102AE000F874008810EA0080F8740088F8BF0002CB
:102AF0000040000210150400564F4C5431000000F5
:102B0000564F4C5432000000564F4C5433000000D6
:102B100057415454310000005741545432000000D2
:102B20005741545433000000564152310000000018
:102B3000564152320000000056415233000000005E
:102B4000504631005046320050463300564C20313A
:102B50002D320000564C20322D330000564C2033CD
:102B60002D31000010DC008000000000000000009B
:102B70000000000000000000000000000000000055
:102B80000000000000000000000000000000000045
:102B90000000000000000000000000000000000035
:102BA0000000000000000000000000010100000023
:102BB000E807000043555252454E543100000000D2
:102BC00043555252454E5432000000004355525274
:102BD000454E5433000000004672657175656E63A2
:102BE00079000000576820496D706F727400000012
:102BF0005768204578706F72740000000000000074
:102C000000000000FCDE008064DF0080CCDF00807C
:102C100000000000000000000000000000000000B4
:102C200000000000000000000000000000000000A4
:102C30000000000000000000000000000000000094
:102C40000000000000000000000000000000000084
:102C50000000000000000000000000000000000074
:102C60000000000000000000000000000000000064
:102C70000000000000000000000000000000000054
:102C80000000000000000000000000000000000044
:102C90000000000000000000000000000000000034
:102CA0000000000000000000010000000000000023
:102CB0000E33CDAB34126DE6ECDE05000B000000E8
:102CC0000000000000000000000000000000000004
:102CD00000000000000000000000000000000000F4
:102CE00000000000000000000000000000000000E4
:102CF00000000000000000000000000000000000D4
:102D000000000000000000000000000000000000C3
:102D100000000000000000000000000000000000B3
:102D200000000000000000000000000000000000A3
:102D30000000000000000000000000000000000093
:102D40000000000000000000000000000000000083
:102D50000000000000000000000000000000000073
:102D60000000000000000000000000000000000063
:102D70000000000000000000000000000000000053
:102D80000000000000000000000000000000000043
:102D90000000000000000000000000000000000033
:102DA0000000000000000000000000000000000023
:102DB0000000000000000000000000000000000013
:102DC0000000000000000000000000000000000003
:102DD00000000000000000000000000000000000F3
:102DE00000000000000000000000000000000000E3
:102DF00000000000000000000000000000000000D3
:102E000000000000000000000000000000000000C2
:102E100000000000000000000000000000000000B2
:102E200000000000000000000000000000000000A2
:102E30000000000000000000000000000000000092
:102E40000000000000000000000000000000000082
:102E50000000000000000000000000000000000072
:102E60000000000000000000000000000000000062
:102E70000000000000000000000000000000000052
:102E80000000000000000000000000000000000042
:102E90000000000000000000000000000000000032
:102EA0000000000000000000000000000000000022
:102EB0000000000000000000000000000000000012
:102EC0000000000000000000000000000000000002
:102ED00000000000000000000000000000000000F2
:102EE00000000000000000000000000000000000E2
:102EF00000000000000000000000000000000000D2
:102F000000000000000000000000000000000000C1
:102F100000000000000000000000000000000000B1
:102F200000000000000000000000000000000000A1
:102F30000000000000000000000000000000000091
:102F40000000000000000000000000000000000081
:102F50000000000000000000000000000000000071
:102F60000000000000000000000000000000000061
:102F70000000000000000000000000000000000051
:102F80000000000000000000000000000000000041
:102F90000000000000000000000000000000000031
:102FA0000000000000000000000000000000000021
:102FB0000000000000000000000000000000000011
:102FC0000000000000000000000000000000000001
:102FD00000000000000000000000000000000000F1
:102FE00000000000000000000000000000000000E1
:102FF00000000000000000000000000000000000D1
:1030000000000000000000000000000000000000C0
:1030100000000000000000000000000000000000B0
:1030200000000000000000000000000000000000A0
:103030000000000000000000000000000000000090
:103040000000000000000000000000000000000080
:103050000000000000000000000000000000000070
:103060000000000000000000000000000000000060
:103070000000000000000000000000000000000050
:103080000000000000000000000000000000000040
:103090000000000000000000000000000000000030
:1030A0000000000000000000000000000000000020
:1030B0000000000000000000000000000000000010
:1030C0000000000000000000000000000000000000
:1030D00000000000000000000000000000000000F0
:1030E00000000000000000000000000000000000E0
:1030F00000000000000000000000000000000000D0
:1031000000000000000000000000000000000000BF
:1031100000000000000000000000000000000000AF
:10312000000000000000000000000000000000009F
:10313000000000000000000000000000000000008F
:10314000000000000000000000000000000000007F
:10315000000000000000000000000000000000006F
:10316000000000000000000000000000000000005F
:10317000000000000000000000000000000000004F
:10318000000000000000000000000000000000003F
:10319000000000000000000000000000000000002F
:1031A000000000000000000000000000000000001F
:1031B000000000000000000000000000000000000F
:1031C00000000000000000000000000000000000FF
:1031D00000000000000000000000000000000000EF
:1031E00000000000000000000000000000000000DF
:1031F00000000000000000000000000000000000CF
:1032000000000000000000000000000000000000BE
:1032100000000000000000000000000000000000AE
:10322000000000000000000000000000000000009E
:10323000000000000000000000000000000000008E
:10324000000000000000000000000000000000007E
:10325000000000000000000000000000000000006E
:10326000000000000000000000000000000000005E
:10327000000000000000000000000000000000004E
:10328000000000000000000000000000000000003E
:10329000000000000000000000000000000000002E
:1032A000000000000000000000000000000000001E
:1032B000000000000000000000000000000000000E
:1032C00000000000000000000000000000000000FE
:1032D00000000000000000000000000000000000EE
:1032E00000000000000000000000000000000000DE
:1032F00000000000000000000000000000000000CE
:1033000000000000000000000000000000000000BD
:1033100000000000000000000000000000000000AD
:10332000000000000000000000000000000000009D
:10333000000000000000000000000000000000008D
:10334000000000000000000000000000000000007D
:10335000000000000000000000000000000000006D
:10336000000000000000000000000000000000005D
:10337000000000000000000000000000000000004D
:10338000000000000000000000000000000000003D
:10339000000000000000000000000000000000002D
:1033A000000000000000000000000000000000001D
:1033B000000000000000000000000000000000000D
:1033C00000000000000000000000000000000000FD
:1033D00000000000000000000000000000000000ED
:1033E00000000000000000000000000000000000DD
:1033F00000000000000000000000000000000000CD
:1034000000000000000000000000000000000000BC
:1034100000000000000000000000000000000000AC
:10342000000000000000000000000000000000009C
:10343000000000000000000000000000000000008C
:10344000000000000000000000000000000000007C
:10345000000000000000000000000000000000006C
:10346000000000000000000000000000000000005C
:10347000000000000000000000000000000000004C
:10348000000000000000000000000000000000003C
:10349000000000000000000000000000000000002C
:1034A000000000000000000000000000000000001C
:1034B000000000000000000000000000000000000C
:1034C00000000000000000000000000000000000FC
:1034D00000000000000000000000000000000000EC
:1034E00000000000000000000000000000000000DC
:1034F00000000000000000000000000000000000CC
:1035000000000000000000000000000000000000BB
:1035100000000000000000000000000000000000AB
:10352000000000000000000000000000000000009B
:10353000000000000000000000000000000000008B
:10354000000000000000000000000000000000007B
:10355000000000000000000000000000000000006B
:10356000000000000000000000000000000000005B
:10357000000000000000000000000000000000004B
:10358000000000000000000000000000000000003B
:10359000000000000000000000000000000000002B
:1035A000000000000000000000000000000000001B
:1035B000000000000000000000000000000000000B
:1035C00000000000000000000000000000000000FB
:1035D00000000000000000000000000000000000EB
:1035E00000000000000000000000000000000000DB
:1035F00000000000000000000000000000000000CB
:1036000000000000000000000000000000000000BA
:1036100000000000000000000000000000000000AA
:10362000000000000000000000000000000000009A
:10363000000000000000000000000000000000008A
:10364000000000000000000000000000000000007A
:10365000000000000000000000000000000000006A
:10366000000000000000000000000000000000005A
:10367000000000000000000000000000000000004A
:10368000000000000000000000000000000000003A
:10369000000000000000000000000000000000002A
:1036A000000000000000000000000000000000001A
:1036B000000000000000000000000000000000000A
:1036C00000000000000000000000000000000000FA
:1036D00000000000000000000000000000000000EA
:1036E00000000000000000000000000000000000DA
:1036F00000000000000000000000000000000000CA
:1037000000000000000000000000000000000000B9
:1037100000000000000000000000000000000000A9
:103720000000000000000000000000000000000099
:103730000000000000000000000000000000000089
:103740000000000000000000000000000000000079
:103750000000000000000000000000000000000069
:103760000000000000000000000000000000000059
:103770000000000000000000000000000000000049
:103780000000000000000000000000000000000039
:103790000000000000000000000000000000000029
:1037A0000000000000000000000000000000000019
:1037B0000000000000000000000000000000000009
:1037C00000000000000000000000000000000000F9
:1037D00000000000000000000000000000000000E9
:1037E00000000000000000000000000000000000D9
:1037F00000000000000000000000000000000000C9
:1038000000000000000000000000000000000000B8
:1038100000000000000000000000000000000000A8
:103820000000000000000000000000000000000098
:103830000000000000000000000000000000000088
:103840000000000000000000000000000000000078
:103850000000000000000000000000000000000068
:103860000000000000000000000000000000000058
:103870000000000000000000000000000000000048
:103880000000000000000000000000000000000038
:103890000000000000000000000000000000000028
:1038A0000000000000000000000000000000000018
:1038B0000000000000000000000000000000000008
:1038C00000000000000000000000000000000000F8
:1038D00000000000000000000000000000000000E8
:1038E00000000000000000000000000000000000D8
:1038F00000000000000000000000000000000000C8
:1039000000000000000000000000000000000000B7
:1039100000000000000000000000000000000000A7
:103920000000000000000000000000000000000097
:103930000000000000000000000000000000000087
:103940000000000000000000000000000000000077
:103950000000000000000000000000000000000067
:103960000000000000000000000000000000000057
:103970000000000000000000000000000000000047
:103980000000000000000000000000000000000037
:103990000000000000000000000000000000000027
:1039A0000000000000000000000000000000000017
:1039B0000000000000000000000000000000000007
:1039C00000000000000000000000000000000000F7
:1039D00000000000000000000000000000000000E7
:1039E00000000000000000000000000000000000D7
:1039F00000000000000000000000000000000000C7
:103A000000000000000000000000000000000000B6
:103A100000000000000000000000000000000000A6
:103A20000000000000000000000000000000000096
:103A30000000000000000000000000000000000086
:103A40000000000000000000000000000000000076
:103A50000000000000000000000000000000000066
:103A60000000000000000000000000000000000056
:103A70000000000000000000000000000000000046
:103A80000000000000000000000000000000000036
:103A90000000000000000000000000000000000026
:103AA0000000000000000000000000000000000016
:103AB0000000000000000000000000000000000006
:103AC00000000000000000000000000000000000F6
:103AD00000000000000000000000000000000000E6
:103AE00000000000000000000000000000000000D6
:103AF00000000000000000000000000000000000C6
:103B000000000000000000000000000000000000B5
:103B100000000000000000000000000000000000A5
:103B20000000000000000000000000000000000095
:103B30000000000000000000000000000000000085
:103B40000000000000000000000000000000000075
:103B50000000000000000000000000000000000065
:103B60000000000000000000000000000000000055
:103B70000000000000000000000000000000000045
:103B80000000000000000000000000000000000035
:103B90000000000000000000000000000000000025
:103BA0000000000000000000000000000000000015
:103BB0000000000000000000000000000000000005
:103BC00000000000000000000000000000000000F5
:103BD00000000000000000000000000000000000E5
:103BE00000000000000000000000000000000000D5
:103BF00000000000000000000000000000000000C5
:103C000000000000000000000000000000000000B4
:103C100000000000000000000000000000000000A4
:103C20000000000000000000000000000000000094
:103C30000000000000000000000000000000000084
:103C40000000000000000000000000000000000074
:103C50000000000000000000000000000000000064
:103C60000000000000000000000000000000000054
:103C70000000000000000000000000000000000044
:103C80000000000000000000000000000000000034
:103C90000000000000000000000000000000000024
:103CA0000000000000000000000000000000000014
:103CB0000000000000000000000000000000000004
:103CC00000000000000000000000000000000000F4
:103CD00000000000000000000000000000000000E4
:103CE00000000000000000000000000000000000D4
:103CF00000000000000000000000000000000000C4
:103D000000000000000000000000000000000000B3
:103D100000000000000000000000000000000000A3
:103D20000000000000000000000000000000000093
:103D30000000000000000000000000000000000083
:103D40000000000000000000000000000000000073
:103D50000000000000000000000000000000000063
:103D60000000000000000000000000000000000053
:103D70000000000000000000000000000000000043
:103D80000000000000000000000000000000000033
:103D90000000000000000000000000000000000023
:103DA0000000000000000000000000000000000013
:103DB0000000000000000000000000000000000003
:103DC00000000000000000000000000000000000F3
:103DD00000000000000000000000000000000000E3
:103DE00000000000000000000000000000000000D3
:103DF00000000000000000000000000000000000C3
:103E000000000000000000000000000000000000B2
:103E100000000000000000000000000000000000A2
:103E20000000000000000000000000000000000092
:103E30000000000000000000000000000000000082
:103E40000000000000000000000000000000000072
:103E50000000000000000000000000000000000062
:103E60000000000000000000000000000000000052
:103E70000000000000000000000000000000000042
:103E80000000000000000000000000000000000032
:103E90000000000000000000000000000000000022
:103EA0000000000000000000000000000000000012
:103EB0000000000000000000000000000000000002
:103EC00000000000000000000000000000000000F2
:103ED00000000000000000000000000000000000E2
:103EE00000000000000000000000000000000000D2
:103EF00000000000000000000000000000000000C2
:103F000000000000000000000000000000000000B1
:103F100000000000000000000000000000000000A1
:103F20000000000000000000000000000000000091
:103F30000000000000000000000000000000000081
:103F40000000000000000000000000000000000071
:103F50000000000000000000000000000000000061
:103F60000000000000000000000000000000000051
:103F70000000000000000000000000000000000041
:103F80000000000000000000000000000000000031
:103F90000000000000000000000000000000000021
:103FA0000000000000000000000000000000000011
:103FB0000000000000000000000000000000000001
:103FC00000000000000000000000000000000000F1
:103FD00000000000000000000000000000000000E1
:103FE00000000000000000000000000000000000D1
:103FF00000000000000000000000000000000000C1
:1040000000000000000000000000000000000000B0
:1040100000000000000000000000000000000000A0
:104020000000000000000000000000000000000090
:104030000000000000000000000000000000000080
:104040000000000000000000000000000000000070
:104050000000000000000000000000000000000060
:104060000000000000000000000000000000000050
:104070000000000000000000000000000000000040
:104080000000000000000000000000000000000030
:104090000000000000000000000000000000000020
:1040A0000000000000000000000000000000000010
:1040B0000000000000000000000000000000000000
:1040C00000000000000000000000000000000000F0
:1040D00000000000000000000000000000000000E0
:1040E00000000000000000000000000000000000D0
:1040F00000000000000000000000000000000000C0
:1041000000000000000000000000000000000000AF
:10411000000000000000000000000000000000009F
:10412000000000000000000000000000000000008F
:10413000000000000000000000000000000000007F
:10414000000000000000000000000000000000006F
:10415000000000000000000000000000000000005F
:10416000000000000000000000000000000000004F
:10417000000000000000000000000000000000003F
:10418000000000000000000000000000000000002F
:10419000000000000000000000000000000000001F
:1041A000000000000000000000000000000000000F
:1041B00000000000000000000000000000000000FF
:1041C00000000000000000000000000000000000EF
:1041D00000000000000000000000000000000000DF
:1041E00000000000000000000000000000000000CF
:1041F00000000000000000000000000000000000BF
:1042000000000000000000000000000000000000AE
:10421000000000000000000000000000000000009E
:10422000000000000000000000000000000000008E
:10423000000000000000000000000000000000007E
:10424000000000000000000000000000000000006E
:10425000000000000000000000000000000000005E
:10426000000000000000000000000000000000004E
:10427000000000000000000000000000000000003E
:10428000000000000000000000000000000000002E
:10429000000000000000000000000000000000001E
:1042A000000000000000000000000000000000000E
:1042B00000000000000000000000000000000000FE
:1042C00000000000000000000000000000000000EE
:1042D00000000000000000000000000000000000DE
:1042E00000000000000000000000000000000000CE
:1042F00000000000000000000000000000000000BE
:1043000000000000000000000000000000000000AD
:10431000000000000000000000000000000000009D
:10432000000000000000000000000000000000008D
:10433000000000000000000000000000000000007D
:10434000000000000000000000000000000000006D
:10435000000000000000000000000000000000005D
:10436000000000000000000000000000000000004D
:10437000000000000000000000000000000000003D
:10438000000000000000000000000000000000002D
:10439000000000000000000000000000000000001D
:1043A000000000000000000000000000000000000D
:1043B00000000000000000000000000000000000FD
:1043C00000000000000000000000000000000000ED
:1043D00000000000000000000000000000000000DD
:1043E00000000000000000000000000000000000CD
:1043F00000000000000000000000000000000000BD
:1044000000000000000000000000000000000000AC
:10441000000000000000000000000000000000009C
:10442000000000000000000000000000000000008C
:10443000000000000000000000000000000000007C
:10444000000000000000000000000000000000006C
:10445000000000000000000000000000000000005C
:10446000000000000000000000000000000000004C
:10447000000000000000000000000000000000003C
:10448000000000000000000000000000000000002C
:10449000000000000000000000000000000000001C
:1044A000000000000000000000000000000000000C
:1044B00000000000000000000000000000000000FC
:1044C00000000000000000000000000000000000EC
:1044D00000000000000000000000000000000000DC
:1044E00000000000000000000000000000000000CC
:1044F00000000000000000000000000000000000BC
:1045000000000000000000000000000000000000AB
:10451000000000000000000000000000000000009B
:10452000000000000000000000000000000000008B
:10453000000000000000000000000000000000007B
:10454000000000000000000000000000000000006B
:10455000000000000000000000000000000000005B
:10456000000000000000000000000000000000004B
:10457000000000000000000000000000000000003B
:10458000000000000000000000000000000000002B
:10459000000000000000000000000000000000001B
:1045A000000000000000000000000000000000000B
:1045B00000000000000000000000000000000000FB
:1045C00000000000000000000000000000000000EB
:1045D00000000000000000000000000000000000DB
:1045E00000000000000000000000000000000000CB
:1045F00000000000000000000000000000000000BB
:1046000000000000000000000000000000000000AA
:10461000000000000000000000000000000000009A
:10462000000000000000000000000000000000008A
:10463000000000000000000000000000000000007A
:10464000000000000000000000000000000000006A
:10465000000000000000000000000000000000005A
:10466000000000000000000000000000000000004A
:10467000000000000000000000000000000000003A
:10468000000000000000000000000000000000002A
:10469000000000000000000000000000000000001A
:1046A000000000000000000000000000000000000A
:1046B00000000000000000000000000000000000FA
:1046C00000000000000000000000000000000000EA
:1046D00000000000000000000000000000000000DA
:1046E00000000000000000000000000000000000CA
:1046F00000000000000000000000000000000000BA
:1047000000000000000000000000000000000000A9
:104710000000000000000000000000000000000099
:104720000000000000000000000000000000000089
:104730000000000000000000000000000000000079
:104740000000000000000000000000000000000069
:104750000000000000000000000000000000000059
:104760000000000000000000000000000000000049
:104770000000000000000000000000000000000039
:104780000000000000000000000000000000000029
:104790000000000000000000000000000000000019
:1047A0000000000000000000000000000000000009
:1047B00000000000000000000000000000000000F9
:1047C00000000000000000000000000000000000E9
:1047D00000000000000000000000000000000000D9
:1047E00000000000000000000000000000000000C9
:1047F00000000000000000000000000000000000B9
:1048000000000000000000000000000000000000A8
:104810000000000000000000000000000000000098
:104820000000000000000000000000000000000088
:104830000000000000000000000000000000000078
:104840000000000000000000000000000000000068
:104850000000000000000000000000000000000058
:104860000000000000000000000000000000000048
:104870000000000000000000000000000000000038
:104880000000000000000000000000000000000028
:104890000000000000000000000000000000000018
:1048A0000000000000000000000000000000000008
:1048B00000000000000000000000000000000000F8
:1048C00000000000000000000000000000000000E8
:1048D00000000000000000000000000000000000D8
:1048E00000000000000000000000000000000000C8
:1048F00000000000000000000000000000000000B8
:1049000000000000000000000000000000000000A7
:104910000000000000000000000000000000000097
:104920000000000000000000000000000000000087
:104930000000000000000000000000000000000077
:104940000000000000000000000000000000000067
:104950000000000000000000000000000000000057
:104960000000000000000000000000000000000047
:104970000000000000000000000000000000000037
:104980000000000000000000000000000000000027
:104990000000000000000000000000000000000017
:1049A0000000000000000000000000000000000007
:1049B00000000000000000000000000000000000F7
:1049C00000000000000000000000000000000000E7
:1049D00000000000000000000000000000000000D7
:1049E00000000000000000000000000000000000C7
:1049F00000000000000000000000000000000000B7
:104A000000000000000000000000000000000000A6
:104A10000000000000000000000000000000000096
:104A20000000000000000000000000000000000086
:104A30000000000000000000000000000000000076
:104A40000000000000000000000000000000000066
:104A50000000000000000000000000000000000056
:104A60000000000000000000000000000000000046
:104A70000000000000000000000000000000000036
:104A80000000000000000000000000000000000026
:104A90000000000000000000000000000000000016
:104AA0000000000000000000000000000000000006
:104AB00000000000000000000000000000000000F6
:104AC00000000000000000000000000000000000E6
:104AD00000000000000000000000000000000000D6
:104AE00000000000000000000000000000000000C6
:104AF00000000000000000000000000000000000B6
:104B000000000000000000000000000000000000A5
:104B10000000000000000000000000000000000095
:104B20000000000000000000000000000000000085
:104B30000000000000000000000000000000000075
:104B40000000000000000000000000000000000065
:104B50000000000000000000000000000000000055
:104B60000000000000000000000000000000000045
:104B70000000000000000000000000000000000035
:104B80000000000000000000000000000000000025
:104B90000000000000000000000000000000000015
:104BA0000000000000000000000000000000000005
:104BB00000000000000000000000000000000000F5
:104BC00000000000000000000000000000000000E5
:104BD00000000000000000000000000000000000D5
:104BE00000000000000000000000000000000000C5
:104BF00000000000000000000000000000000000B5
:104C000000000000000000000000000000000000A4
:104C10000000000000000000000000000000000094
:104C20000000000000000000000000000000000084
:104C30000000000000000000000000000000000074
:104C40000000000000000000000000000000000064
:104C50000000000000000000000000000000000054
:104C60000000000000000000000000000000000044
:104C70000000000000000000000000000000000034
:104C80000000000000000000000000000000000024
:104C90000000000000000000000000000000000014
:104CA0000000000000000000000000000000000004
:104CB00000000000000000000000000000000000F4
:104CC00000000000000000000000000000000000E4
:104CD00000000000000000000000000000000000D4
:104CE00000000000000000000000000000000000C4
:104CF00000000000000000000000000000000000B4
:104D000000000000000000000000000000000000A3
:104D10000000000000000000000000000000000093
:104D20000000000000000000000000000000000083
:104D30000000000000000000000000000000000073
:104D40000000000000000000000000000000000063
:104D50000000000000000000000000000000000053
:104D60000000000000000000000000000000000043
:104D70000000000000000000000000000000000033
:104D80000000000000000000000000000000000023
:104D90000000000000000000000000000000000013
:104DA0000000000000000000000000000000000003
:104DB00000000000000000000000000000000000F3
:104DC00000000000000000000000000000000000E3
:104DD00000000000000000000000000000000000D3
:104DE00000000000000000000000000000000000C3
:104DF00000000000000000000000000000000000B3
:104E000000000000000000000000000000000000A2
:104E10000000000000000000000000000000000092
:104E20000000000000000000000000000000000082
:104E30000000000000000000000000000000000072
:104E40000000000000000000000000000000000062
:104E50000000000000000000000000000000000052
:104E60000000000000000000000000000000000042
:104E70000000000000000000000000000000000032
:104E80000000000000000000000000000000000022
:104E90000000000000000000000000000000000012
:104EA0000000000000000000000000000000000002
:104EB00000000000000000000000000000000000F2
:104EC00000000000000000000000000000000000E2
:104ED00000000000000000000000000000000000D2
:104EE00000000000000000000000000000000000C2
:104EF00000000000000000000000000000000000B2
:104F000000000000000000000000000000000000A1
:104F10000000000000000000000000000000000091
:104F20000000000000000000000000000000000081
:104F30000000000000000000000000000000000071
:104F40000000000000000000000000000000000061
:104F50000000000000000000000000000000000051
:104F60000000000000000000000000000000000041
:104F70000000000000000000000000000000000031
:104F80000000000000000000000000000000000021
:104F90000000000000000000000000000000000011
:104FA0000000000000000000000000000000000001
:104FB00000000000000000000000000000000000F1
:104FC00000000000000000000000000000000000E1
:104FD00000000000000000000000000000000000D1
:104FE00000000000000000000000000000000000C1
:040000058000000077
:00000001FF
